-- Catapult Ultra Synthesis: Report                                              
-- ------------------------- ---------------------------------------------------
-- Version:                  2023.1_2/1049935 Production Release                 
-- Build Date:               Sat Jun 10 10:53:51 PDT 2023                        
                                                                                 
-- Generated by:             ajh9498@hansolo.poly.edu                            
-- Generated date:           Thu Oct 02 19:37:57 EDT 2025                        

Solution Settings: matrix_multiply.v1
  Current state: extract
  Project: mat_mul_1024x4_4x16_float

Design Input Files Specified
  $PROJECT_HOME/src/mat_mul.cpp
    $PROJECT_HOME/src/mat_mul.h
      $PROJECT_HOME/src/types.h
        $MGC_HOME/shared/include/ac_int.h
        $MGC_HOME/shared/include/ac_float.h
          $MGC_HOME/shared/include/ac_fixed.h
        $MGC_HOME/shared/include/ac_std_float.h
        $MGC_HOME/shared/include/ac_complex.h
      $MGC_HOME/shared/include/mc_scverify.h
  $PROJECT_HOME/src/mat_mul.h
  $PROJECT_HOME/src/types.h
  $PROJECT_HOME/src/main.cpp

Processes/Blocks in Design
  Process               Real Operation(s) count Latency Throughput Reset Length II Comments 
  --------------------- ----------------------- ------- ---------- ------------ -- --------
  /matrix_multiply/core                     847   16406      16411            0  0          
  Design Total:                             847   16406      16411            0  0          
  
Bill Of Materials (Datapath)
  Component Name                                               Area Score Area(Combinational) Area(Net_Interconnect)   AreaSeq Delay Post Alloc Post Assign 
  ------------------------------------------------------------ ---------- ------------------- ---------------------- --------- ----- ---------- -----------
  [Lib: VIRTUAL]                                                                                                                                            
  MUL-2:return.add_generic<AC_RND_CONV,false>:aif:equal            46.953               0.000                  0.000     0.000 0.277          1           0 
  MUL-3:return.add_generic<AC_RND_CONV,false>:aif:equal            46.953               0.000                  0.000     0.000 0.277          1           0 
  MUL-4:return.add_generic<AC_RND_CONV,false>:aif:equal            46.953               0.000                  0.000     0.000 0.277          1           0 
  [Lib: ccs_sample_mem]                                                                                                                                     
  ccs_ram_sync_1R1W_rport(10,16,4,16,16,16,5)                       0.000               0.000                  0.000     0.000 0.500          1           0 
  ccs_ram_sync_1R1W_rport(11,16,4,16,16,16,5)                       0.000               0.000                  0.000     0.000 0.500          1           0 
  ccs_ram_sync_1R1W_rport(4,16,10,1024,1024,16,5)                   0.000               0.000                  0.000     0.000 0.500          1           0 
  ccs_ram_sync_1R1W_rport(5,16,10,1024,1024,16,5)                   0.000               0.000                  0.000     0.000 0.500          1           0 
  ccs_ram_sync_1R1W_rport(6,16,10,1024,1024,16,5)                   0.000               0.000                  0.000     0.000 0.500          1           0 
  ccs_ram_sync_1R1W_rport(7,16,10,1024,1024,16,5)                   0.000               0.000                  0.000     0.000 0.500          1           0 
  ccs_ram_sync_1R1W_rport(8,16,4,16,16,16,5)                        0.000               0.000                  0.000     0.000 0.500          1           0 
  ccs_ram_sync_1R1W_rport(9,16,4,16,16,16,5)                        0.000               0.000                  0.000     0.000 0.500          1           0 
  ccs_ram_sync_1R1W_rwport(10,16,4,16,16,16,5)                      0.000               0.000                  0.000     0.000 0.500          1           0 
  ccs_ram_sync_1R1W_rwport(11,16,4,16,16,16,5)                      0.000               0.000                  0.000     0.000 0.500          1           0 
  ccs_ram_sync_1R1W_rwport(3,16,14,16384,16384,16,5)                0.000               0.000                  0.000     0.000 0.500          1           0 
  ccs_ram_sync_1R1W_rwport(4,16,10,1024,1024,16,5)                  0.000               0.000                  0.000     0.000 0.500          1           0 
  ccs_ram_sync_1R1W_rwport(5,16,10,1024,1024,16,5)                  0.000               0.000                  0.000     0.000 0.500          1           0 
  ccs_ram_sync_1R1W_rwport(6,16,10,1024,1024,16,5)                  0.000               0.000                  0.000     0.000 0.500          1           0 
  ccs_ram_sync_1R1W_rwport(7,16,10,1024,1024,16,5)                  0.000               0.000                  0.000     0.000 0.500          1           0 
  ccs_ram_sync_1R1W_rwport(8,16,4,16,16,16,5)                       0.000               0.000                  0.000     0.000 0.500          1           0 
  ccs_ram_sync_1R1W_rwport(9,16,4,16,16,16,5)                       0.000               0.000                  0.000     0.000 0.500          1           0 
  ccs_ram_sync_1R1W_wport(3,16,14,16384,16384,16,5)                 0.000               0.000                  0.000     0.000 0.100          1           0 
  [Lib: cluster]                                                                                                                                            
  leading_sign_11_0_4d0bb2ecabbe24067f655d7d939c3fe25abc()         67.033               0.000                  0.000     0.000 0.488          4           4 
  leading_sign_15_0_1_0_57210b0ad95c4fe954280875fe8f495c6134()     93.180               0.000                  0.000     0.000 0.578          4           4 
  [Lib: mgc_ioport]                                                                                                                                         
  mgc_io_sync(0)                                                    0.000               0.000                  0.000     0.000 0.000          9           9 
  [Lib: saed32lvt_tt0p78v125c_beh]                                                                                                                          
  mgc_add(10,0,1,0,10,2)                                           92.040             143.145                  0.000     0.000 0.234          0           1 
  mgc_add(10,0,1,0,10,4)                                           87.933             116.538                  0.000     0.000 0.302          4           0 
  mgc_add(10,0,1,0,10,6)                                           51.614               5.827                  0.000     0.000 0.448          0           3 
  mgc_add(10,0,2,1,11,3)                                          216.983             194.649                  0.000     0.000 0.371          1           0 
  mgc_add(11,0,1,0,12,1)                                          113.291             194.030                  0.000     0.000 0.236          0           4 
  mgc_add(11,0,1,0,12,2)                                          101.663             178.974                  0.000     0.000 0.240          4           0 
  mgc_add(15,0,14,0,15,1)                                         358.820             282.951                  0.000     0.000 0.362          0           4 
  mgc_add(15,0,14,0,15,2)                                         340.344             267.895                  0.000     0.000 0.369          4           0 
  mgc_add(4,0,1,0,4,1)                                              0.381              11.011                  0.000     0.000 0.175          0           4 
  mgc_add(4,0,1,0,5,1)                                              0.381             113.059                  0.000     0.000 0.175          0           1 
  mgc_add(5,0,4,0,5,3)                                             72.239              58.294                  0.000     0.000 0.257          4           0 
  mgc_add(5,0,5,1,6,3)                                             61.682             137.936                  0.000     0.000 0.283          4           0 
  mgc_add(5,0,5,1,6,5)                                             52.862              56.278                  0.000     0.000 0.287          4           0 
  mgc_add(5,0,5,1,6,7)                                             28.524               0.000                  0.000     0.000 0.362          0           8 
  mgc_add(5,0,5,1,7,2)                                             62.918             195.555                  0.000     0.000 0.280          4           2 
  mgc_add(5,0,5,1,7,3)                                             61.682             199.063                  0.000     0.000 0.283          0           2 
  mgc_add(5,1,1,0,6,6)                                             24.728               0.000                  0.000     0.000 0.224          0           4 
  mgc_add(5,1,2,1,6,2)                                             90.731             134.527                  0.000     0.000 0.243          1           0 
  mgc_add(5,1,2,1,6,7)                                             27.921               0.000                  0.000     0.000 0.371          4           0 
  mgc_add(6,0,2,1,6,7)                                             33.299               0.000                  0.000     0.000 0.476          4           0 
  mgc_add(6,0,5,0,6,2)                                            111.515              89.413                  0.000     0.000 0.273          3           0 
  mgc_add(6,0,5,0,6,7)                                             29.400               0.000                  0.000     0.000 0.379          0           6 
  mgc_add(6,1,5,0,7,2)                                            124.889             151.379                  0.000     0.000 0.281          4           0 
  mgc_add(6,1,5,0,7,4)                                            104.260             124.773                  0.000     0.000 0.313          0           4 
  mgc_add(7,0,5,1,7,1)                                            128.188             132.576                  0.000     0.000 0.296          0           4 
  mgc_add(7,0,5,1,7,2)                                            125.974             117.519                  0.000     0.000 0.303          4           0 
  mgc_add_msb(11,0,1,0,11,3)                                       25.169              33.620                  0.000     0.000 0.140          0           1 
  mgc_add_msb(11,0,10,0,11,4)                                      95.635              77.091                  0.000     0.000 0.308          3           0 
  mgc_add_msb(11,0,10,0,11,5)                                      92.862              66.053                  0.000     0.000 0.373          0           3 
  mgc_add_msb(11,0,11,0,11,4)                                     103.429              80.317                  0.000     0.000 0.321          1           0 
  mgc_add_msb(6,0,1,0,6,3)                                         12.716              16.399                  0.000     0.000 0.122          0           4 
  mgc_add_msb(6,0,1,0,6,5)                                         11.702               0.000                  0.000     0.000 0.164          0           1 
  mgc_add_msb(6,0,2,1,6,4)                                         27.757              19.818                  0.000     0.000 0.200          4           0 
  mgc_add_msb(6,0,5,0,6,1)                                         46.290              30.687                  0.000     0.000 0.192          6           0 
  mgc_add_msb(6,0,6,0,6,5)                                         47.400              29.021                  0.000     0.000 0.274          2           0 
  mgc_add_msb(7,0,1,0,7,3)                                         16.238              20.373                  0.000     0.000 0.127          0           4 
  mgc_add_msb(7,0,2,1,7,6)                                         30.334               3.140                  0.000     0.000 0.266          4           0 
  mgc_and(1,12,1)                                                   8.895              10.225                  0.000     0.000 0.113          0           4 
  mgc_and(1,2,2)                                                    2.287               1.717                  0.000     0.000 0.071          0         136 
  mgc_and(1,2,4)                                                    2.033               2.349                  0.000     0.000 0.074          0         128 
  mgc_and(1,3,2)                                                    2.796               2.315                  0.000     0.000 0.075          0           8 
  mgc_and(1,3,4)                                                    2.287               3.345                  0.000     0.000 0.079          0          11 
  mgc_and(1,4,2)                                                    3.304               3.014                  0.000     0.000 0.079          0           6 
  mgc_and(1,5,2)                                                    4.575               3.768                  0.000     0.000 0.084          0           7 
  mgc_and(1,5,4)                                                    3.558               5.596                  0.000     0.000 0.089          0          28 
  mgc_and(1,6,2)                                                    5.845               4.558                  0.000     0.000 0.088          0           4 
  mgc_and(1,7,1)                                                    7.180               6.954                  0.000     0.000 0.092          0           7 
  mgc_and(1,8,1)                                                    8.387               7.586                  0.000     0.000 0.096          0           5 
  mgc_and(10,2,4)                                                  20.331              22.986                  0.000     0.000 0.074          0           2 
  mgc_and(4,2,2)                                                    9.149               6.746                  0.000     0.000 0.071          3           0 
  mgc_and(4,2,4)                                                    8.133               9.228                  0.000     0.000 0.074          5           9 
  mgc_and(5,2,2)                                                   11.436               8.423                  0.000     0.000 0.071          0           4 
  mgc_and(5,2,4)                                                   10.166              11.521                  0.000     0.000 0.074          3           0 
  mgc_and(6,2,4)                                                   12.199              13.814                  0.000     0.000 0.074         12           8 
  mgc_and(8,2,4)                                                   16.265              18.400                  0.000     0.000 0.074          2           2 
  mgc_and(9,2,2)                                                   20.586              15.128                  0.000     0.000 0.071          0           1 
  mgc_and(9,2,4)                                                   18.298              20.693                  0.000     0.000 0.074          8           7 
  mgc_equal(12,1)                                                  63.282              63.229                  0.000     0.000 0.217          0           2 
  mgc_equal(12,2)                                                  52.862              54.967                  0.000     0.000 0.234          0           1 
  mgc_equal(6,3)                                                   28.083              26.568                  0.000     0.000 0.211          3           0 
  mgc_equal(6,4)                                                   26.431              26.220                  0.000     0.000 0.266          0           3 
  mgc_mul(11,0,11,0,22,1)                                        1190.286            1044.272                  0.000     0.000 0.768          0           4 
  mgc_mul(11,0,11,0,22,2)                                        1158.879            1027.892                  0.000     0.000 0.775          4           0 
  mgc_mux(10,1,2,4)                                                26.685              31.645                  0.000     0.000 0.145          4           4 
  mgc_mux(11,1,2,4)                                                29.226              33.977                  0.000     0.000 0.151          1           0 
  mgc_mux(12,1,2,2)                                                41.678              44.138                  0.000     0.000 0.131          3           0 
  mgc_mux(12,1,2,4)                                                31.768              36.126                  0.000     0.000 0.156          1           0 
  mgc_mux(13,1,2,1)                                                48.287              57.529                  0.000     0.000 0.130          0           1 
  mgc_mux(13,1,2,3)                                                35.071              40.873                  0.000     0.000 0.149          4           0 
  mgc_mux(13,1,2,4)                                                34.308              38.123                  0.000     0.000 0.171          0           3 
  mgc_mux(2,1,2,1)                                                  7.116              19.581                  0.000     0.000 0.083          0           3 
  mgc_mux(3,1,2,4)                                                  8.810               5.677                  0.000     0.000 0.101          0           3 
  mgc_mux(4,1,2,1)                                                 14.232              30.314                  0.000     0.000 0.107          0           4 
  mgc_mux(4,1,2,4)                                                 11.436              10.909                  0.000     0.000 0.113         15           8 
  mgc_mux(5,1,2,2)                                                 17.218              23.538                  0.000     0.000 0.105          0           4 
  mgc_mux(5,1,2,4)                                                 13.978              15.526                  0.000     0.000 0.110          1           0 
  mgc_mux(6,1,2,2)                                                 21.475              27.577                  0.000     0.000 0.110          3           0 
  mgc_mux(6,1,2,3)                                                 16.773              22.316                  0.000     0.000 0.114          0           3 
  mgc_mux(6,1,2,4)                                                 16.519              19.565                  0.000     0.000 0.120          8           0 
  mgc_mux(8,1,2,1)                                                 30.497              45.673                  0.000     0.000 0.119          0           2 
  mgc_mux(8,1,2,3)                                                 21.856              29.018                  0.000     0.000 0.128          9           1 
  mgc_mux(8,1,2,4)                                                 21.602              26.267                  0.000     0.000 0.139          4          10 
  mgc_mux1hot(11,3,4)                                              53.779              51.873                  0.000     0.000 0.162          4           4 
  mgc_nand(1,2,2)                                                   2.796               2.693                  0.000     0.000 0.072          0          12 
  mgc_nand(1,2,4)                                                   1.525               2.320                  0.000     0.000 0.086          0          19 
  mgc_nand(1,3,2)                                                   3.431               2.564                  0.000     0.000 0.076          0           6 
  mgc_nand(1,3,4)                                                   1.779               2.192                  0.000     0.000 0.090          0           5 
  mgc_nand(1,5,3)                                                   3.050               1.754                  0.000     0.000 0.088          0           2 
  mgc_nand(1,6,2)                                                   5.083               3.937                  0.000     0.000 0.088          0           2 
  mgc_nand(1,6,3)                                                   4.066               2.376                  0.000     0.000 0.092          0           4 
  mgc_nor(1,10,4)                                                   9.785               9.558                  0.000     0.000 0.126          0          15 
  mgc_nor(1,2,1)                                                    4.290               8.978                  0.000     0.000 0.083          0          12 
  mgc_nor(1,2,2)                                                    3.784               5.077                  0.000     0.000 0.083          0           4 
  mgc_nor(1,2,3)                                                    2.788               2.285                  0.000     0.000 0.086          0           4 
  mgc_nor(1,2,4)                                                    2.541               0.000                  0.000     0.000 0.090          0          77 
  mgc_nor(1,25,4)                                                  23.953              26.507                  0.000     0.000 0.195          0           1 
  mgc_nor(1,3,1)                                                    5.984              10.283                  0.000     0.000 0.087          0           2 
  mgc_nor(1,3,4)                                                    2.796               1.252                  0.000     0.000 0.094          0          13 
  mgc_nor(1,5,1)                                                   10.113              12.742                  0.000     0.000 0.095          0           1 
  mgc_nor(1,5,4)                                                    4.320               3.711                  0.000     0.000 0.103          0           9 
  mgc_nor(1,6,1)                                                   12.541              13.934                  0.000     0.000 0.100          0           2 
  mgc_nor(1,7,1)                                                   14.970              15.111                  0.000     0.000 0.104          0           4 
  mgc_nor(1,7,4)                                                    6.862               6.080                  0.000     0.000 0.113          0           4 
  mgc_not(1,1)                                                      1.525               1.633                  0.000     0.000 0.034          0         125 
  mgc_not(1,3)                                                      1.271               1.181                  0.000     0.000 0.041          0         134 
  mgc_not(13,1)                                                    19.823              27.509                  0.000     0.000 0.034          0           1 
  mgc_not(13,3)                                                    16.519              27.057                  0.000     0.000 0.041          0           3 
  mgc_not(3,1)                                                      4.575               2.865                  0.000     0.000 0.034          0           4 
  mgc_not(4,1)                                                      6.099               3.943                  0.000     0.000 0.034          0           4 
  mgc_not(4,3)                                                      5.083               3.491                  0.000     0.000 0.041          0          15 
  mgc_not(5,3)                                                      6.354               4.878                  0.000     0.000 0.041          0           4 
  mgc_not(6,3)                                                      7.624               6.572                  0.000     0.000 0.041          0           4 
  mgc_not(7,1)                                                     10.674               9.026                  0.000     0.000 0.034          0           4 
  mgc_not(9,1)                                                     13.724              13.955                  0.000     0.000 0.034          0           1 
  mgc_not(9,3)                                                     11.436              13.503                  0.000     0.000 0.041          0           3 
  mgc_or(1,10,4)                                                    9.276              10.341                  0.000     0.000 0.126          0           4 
  mgc_or(1,11,1)                                                   16.964              17.756                  0.000     0.000 0.112          0           4 
  mgc_or(1,11,4)                                                   10.102              11.763                  0.000     0.000 0.131          0           1 
  mgc_or(1,2,1)                                                     2.287               5.362                  0.000     0.000 0.076          0          38 
  mgc_or(1,2,4)                                                     2.033               0.000                  0.000     0.000 0.089          0          42 
  mgc_or(1,22,1)                                                   35.425              30.208                  0.000     0.000 0.157          0           4 
  mgc_or(1,3,1)                                                     3.050               5.279                  0.000     0.000 0.080          0          14 
  mgc_or(1,3,4)                                                     2.796               0.000                  0.000     0.000 0.094          0           7 
  mgc_or(1,4,1)                                                     3.812               6.546                  0.000     0.000 0.084          0          12 
  mgc_or(1,4,4)                                                     3.558               0.553                  0.000     0.000 0.098          0           4 
  mgc_or(1,5,1)                                                     6.290               8.193                  0.000     0.000 0.088          0           3 
  mgc_or(1,5,3)                                                     5.528               4.287                  0.000     0.000 0.092          0           2 
  mgc_or(1,5,4)                                                     4.575               2.200                  0.000     0.000 0.103          0          14 
  mgc_or(1,6,1)                                                     8.768               9.922                  0.000     0.000 0.092          0           5 
  mgc_or(1,7,1)                                                    11.246              11.628                  0.000     0.000 0.096          0           4 
  mgc_or(1,7,4)                                                     6.608               5.635                  0.000     0.000 0.112          0           1 
  mgc_or(1,8,4)                                                     7.624               7.279                  0.000     0.000 0.117          0           3 
  mgc_or(4,2,1)                                                     9.149              11.377                  0.000     0.000 0.077          6           3 
  mgc_or(4,2,4)                                                     8.133               5.384                  0.000     0.000 0.089          2           5 
  mgc_or(5,2,4)                                                    10.166               7.389                  0.000     0.000 0.089          0           4 
  mgc_reg_pos(1,0,0,1,1,0,0,4)                                      9.255               0.000                  0.000     0.000 0.113          0          26 
  mgc_reg_pos(1,0,0,1,1,1,1,4)                                      9.255               0.000                  0.000     0.000 0.113          0         487 
  mgc_reg_pos(10,0,0,1,1,1,1,4)                                    92.549              49.481                  0.000    66.125 0.113          0          34 
  mgc_reg_pos(11,0,0,1,1,1,1,4)                                   101.804              55.456                  0.000    72.962 0.113          0           4 
  mgc_reg_pos(15,0,0,1,1,1,1,4)                                   138.824              62.423                  0.000    99.752 0.113          0          13 
  mgc_reg_pos(16,0,0,1,1,1,1,4)                                   148.079              61.067                  0.000   106.347 0.113          0           3 
  mgc_reg_pos(22,0,0,1,1,1,1,4)                                   203.608              36.551                  0.000   145.378 0.113          0           4 
  mgc_reg_pos(3,0,0,1,1,1,1,4)                                     27.765               0.000                  0.000    14.048 0.113          0           3 
  mgc_reg_pos(4,0,0,1,1,0,0,4)                                     37.020               0.000                  0.000    22.397 0.113          0           1 
  mgc_reg_pos(4,0,0,1,1,1,1,4)                                     37.020               0.000                  0.000    22.397 0.113          0          50 
  mgc_reg_pos(5,0,0,1,1,1,1,4)                                     46.275               0.000                  0.000    30.238 0.113          0          37 
  mgc_reg_pos(6,0,0,1,1,1,1,4)                                     55.530               0.000                  0.000    37.759 0.113          0           8 
  mgc_reg_pos(7,0,0,1,1,1,1,4)                                     64.785              14.703                  0.000    45.058 0.113          0           8 
  mgc_reg_pos(8,0,0,1,1,1,1,4)                                     74.039              29.783                  0.000    52.196 0.113          0           8 
  mgc_reg_pos(9,0,0,1,1,1,1,4)                                     83.294              41.112                  0.000    59.209 0.113          0          33 
  mgc_shift_l(11,0,4,11,1)                                        206.996             154.844                  0.000     0.000 0.230          0           4 
  mgc_shift_l(11,0,4,11,2)                                        106.903             114.922                  0.000     0.000 0.301          4           0 
  mgc_shift_l(13,0,4,13,1)                                        251.135             183.237                  0.000     0.000 0.239          0           4 
  mgc_shift_l(13,0,4,13,2)                                        130.125             143.314                  0.000     0.000 0.321          4           0 
  mgc_shift_l(15,0,4,15,1)                                        295.275             212.116                  0.000     0.000 0.247          3           4 
  mgc_shift_l(15,0,4,15,2)                                        153.348             172.193                  0.000     0.000 0.338          1           0 
  mgc_shift_l(22,0,4,22,1)                                        449.762             316.063                  0.000     0.000 0.267          0           4 
  mgc_shift_l(22,0,4,22,2)                                        234.625             276.140                  0.000     0.000 0.382          4           0 
  mgc_shift_r(12,0,4,12,2)                                        128.068             139.334                  0.000     0.000 0.356          4           4 
  mgc_shift_r(14,0,4,14,1)                                        278.564             201.184                  0.000     0.000 0.263          4           4 
  mgc_xor(1,2,1)                                                    4.575               8.945                  0.000     0.000 0.113          0           3 
  mgc_xor(1,2,4)                                                    3.304               0.000                  0.000     0.000 0.146          0           4 
  [Lib: saed32lvt_tt0p78v125c_dw_beh]                                                                                                                       
  mgc_add(10,0,1,0,11,5)                                           47.916              56.876                  4.483     0.000 0.625          0           1 
  mgc_add(6,0,1,0,6,2)                                             21.798               0.000                 49.602     0.000 0.423          0           4 
  mgc_mux(1,1,2,1)                                                  3.558              16.949                  1.610     0.000 0.065         65          81 
                                                                                                                                                            
  TOTAL AREA (After Assignment):                                40947.049           24837.000                333.000 10075.000                              
  
Area Scores
                     Post-Scheduling    Post-DP & FSM  Post-Assignment 
  ----------------- ---------------- ---------------- ----------------
  Total Area Score:   37246.4          40085.7          40972.0        
  Total Reg:          19148.5  (51%)   19002.9  (47%)   19373.1  (47%) 
                                                                       
  DataPath:           37246.4 (100%)   40060.7 (100%)   40947.0 (100%) 
    MUX:               1544.7   (4%)    2720.6   (7%)    1375.5   (3%) 
    FUNC:             16058.2  (43%)   15034.0  (38%)   16486.0  (40%) 
    LOGIC:              495.1   (1%)    3324.2   (8%)    3733.4   (9%) 
    BUFFER:               0.0              0.0              0.0        
    MEM:                  0.0              0.0              0.0        
    ROM:                  0.0              0.0              0.0        
    REG:              19148.5  (51%)   18981.9  (47%)   19352.1  (47%) 
                                                                       
  
  FSM:                    0.0             25.0   (0%)      25.0   (0%) 
    FSM-REG:              0.0             21.0  (84%)      21.0  (84%) 
    FSM-COMB:             0.0              4.0  (16%)       4.0  (16%) 
                                                                       
  
  
  (MUX = multiplexers; FUNC = datapath logic (e.g. add/mult); LOGIC = control logic)

Register-to-Variable Mappings
  Register                                                                                                                                                                                  Size(bits) Gated Register CG Opt Done Variables                                                                                                                                                                                 
  ----------------------------------------------------------------------------------------------------------------------------------------------------------------------------------------- ---------- -------------- ----------- -----------------------------------------------------------------------------------------------------------------------------------------------------------------------------------------
  return.mult_generic<AC_RND_CONV,false>:p#1.sva.1                                                                                                                                                  22         Y           Y      return.mult_generic<AC_RND_CONV,false>:p#1.sva.1                                                                                                                                          
  return.mult_generic<AC_RND_CONV,false>:p#5.sva.1                                                                                                                                                  22         Y           Y      return.mult_generic<AC_RND_CONV,false>:p#5.sva.1                                                                                                                                          
  return.mult_generic<AC_RND_CONV,false>:p#6.sva.1                                                                                                                                                  22         Y           Y      return.mult_generic<AC_RND_CONV,false>:p#6.sva.1                                                                                                                                          
  return.mult_generic<AC_RND_CONV,false>:p#7.sva.1                                                                                                                                                  22         Y           Y      return.mult_generic<AC_RND_CONV,false>:p#7.sva.1                                                                                                                                          
  tmp#1.sva.1                                                                                                                                                                                       16         Y           Y      tmp#1.sva.1                                                                                                                                                                               
  tmp#2.sva.1                                                                                                                                                                                       16         Y           Y      tmp#2.sva.1                                                                                                                                                                               
  tmp#3.sva.1                                                                                                                                                                                       16         Y           Y      tmp#3.sva.1                                                                                                                                                                               
  return.add_generic<AC_RND_CONV,false>:res_mant#4.sva.1                                                                                                                                            15         Y           Y      return.add_generic<AC_RND_CONV,false>:res_mant#4.sva.1                                                                                                                                    
  return.add_generic<AC_RND_CONV,false>:res_mant#4.sva.2                                                                                                                                            15         Y           Y      return.add_generic<AC_RND_CONV,false>:res_mant#4.sva.2                                                                                                                                    
  return.add_generic<AC_RND_CONV,false>:res_mant#4.sva.3                                                                                                                                            15         Y           Y      return.add_generic<AC_RND_CONV,false>:res_mant#4.sva.3                                                                                                                                    
  return.add_generic<AC_RND_CONV,false>:res_mant#5.sva.1                                                                                                                                            15         Y           Y      return.add_generic<AC_RND_CONV,false>:res_mant#5.sva.1                                                                                                                                    
  return.add_generic<AC_RND_CONV,false>:res_mant#5.sva.2                                                                                                                                            15         Y           Y      return.add_generic<AC_RND_CONV,false>:res_mant#5.sva.2                                                                                                                                    
  return.add_generic<AC_RND_CONV,false>:res_mant#5.sva.3                                                                                                                                            15         Y           Y      return.add_generic<AC_RND_CONV,false>:res_mant#5.sva.3                                                                                                                                    
  return.add_generic<AC_RND_CONV,false>:res_mant#6.sva.1                                                                                                                                            15         Y           Y      return.add_generic<AC_RND_CONV,false>:res_mant#6.sva.1                                                                                                                                    
  return.add_generic<AC_RND_CONV,false>:res_mant#6.sva.2                                                                                                                                            15         Y           Y      return.add_generic<AC_RND_CONV,false>:res_mant#6.sva.2                                                                                                                                    
  return.add_generic<AC_RND_CONV,false>:res_mant#6.sva.3                                                                                                                                            15         Y           Y      return.add_generic<AC_RND_CONV,false>:res_mant#6.sva.3                                                                                                                                    
  return.add_generic<AC_RND_CONV,false>:res_mant#7.sva.1                                                                                                                                            15         Y           Y      return.add_generic<AC_RND_CONV,false>:res_mant#7.sva.1                                                                                                                                    
  return.add_generic<AC_RND_CONV,false>:res_mant#7.sva.2                                                                                                                                            15         Y           Y      return.add_generic<AC_RND_CONV,false>:res_mant#7.sva.2                                                                                                                                    
  return.add_generic<AC_RND_CONV,false>:res_mant#7.sva.3                                                                                                                                            15         Y           Y      return.add_generic<AC_RND_CONV,false>:res_mant#7.sva.3                                                                                                                                    
  tmp.sva.1(14:0)                                                                                                                                                                                   15         Y           Y      tmp.sva.1(14:0)                                                                                                                                                                           
  return.mult_generic<AC_RND_CONV,false>:res_bef_rnd#3(11:1)#1.lpi#2.dfm.1                                                                                                                          11         Y           Y      return.mult_generic<AC_RND_CONV,false>:res_bef_rnd#3(11:1)#1.lpi#2.dfm.1                                                                                                                  
  return.mult_generic<AC_RND_CONV,false>:res_bef_rnd#3(11:1)#2.lpi#2.dfm.1                                                                                                                          11         Y           Y      return.mult_generic<AC_RND_CONV,false>:res_bef_rnd#3(11:1)#2.lpi#2.dfm.1                                                                                                                  
  return.mult_generic<AC_RND_CONV,false>:res_bef_rnd#3(11:1)#3.lpi#2.dfm.1                                                                                                                          11         Y           Y      return.mult_generic<AC_RND_CONV,false>:res_bef_rnd#3(11:1)#3.lpi#2.dfm.1                                                                                                                  
  return.mult_generic<AC_RND_CONV,false>:res_bef_rnd#3(11:1).lpi#2.dfm.1                                                                                                                            11         Y           Y      return.mult_generic<AC_RND_CONV,false>:res_bef_rnd#3(11:1).lpi#2.dfm.1                                                                                                                    
  ROW:i(10:0).sva(9:0)                                                                                                                                                                              10         Y           Y      ROW:i(10:0).sva(9:0)                                                                                                                                                                      
  ROW:i:slc(ROW:i(10:0))(9-0)#1.itm.1                                                                                                                                                               10         Y           Y      ROW:i:slc(ROW:i(10:0))(9-0)#1.itm.1                                                                                                                                                       
  ROW:i:slc(ROW:i(10:0))(9-0)#1.itm.10                                                                                                                                                              10         Y           Y      ROW:i:slc(ROW:i(10:0))(9-0)#1.itm.10                                                                                                                                                      
  ROW:i:slc(ROW:i(10:0))(9-0)#1.itm.11                                                                                                                                                              10         Y           Y      ROW:i:slc(ROW:i(10:0))(9-0)#1.itm.11                                                                                                                                                      
  ROW:i:slc(ROW:i(10:0))(9-0)#1.itm.12                                                                                                                                                              10         Y           Y      ROW:i:slc(ROW:i(10:0))(9-0)#1.itm.12                                                                                                                                                      
  ROW:i:slc(ROW:i(10:0))(9-0)#1.itm.13                                                                                                                                                              10         Y           Y      ROW:i:slc(ROW:i(10:0))(9-0)#1.itm.13                                                                                                                                                      
  ROW:i:slc(ROW:i(10:0))(9-0)#1.itm.14                                                                                                                                                              10         Y           Y      ROW:i:slc(ROW:i(10:0))(9-0)#1.itm.14                                                                                                                                                      
  ROW:i:slc(ROW:i(10:0))(9-0)#1.itm.15                                                                                                                                                              10         Y           Y      ROW:i:slc(ROW:i(10:0))(9-0)#1.itm.15                                                                                                                                                      
  ROW:i:slc(ROW:i(10:0))(9-0)#1.itm.16                                                                                                                                                              10         Y           Y      ROW:i:slc(ROW:i(10:0))(9-0)#1.itm.16                                                                                                                                                      
  ROW:i:slc(ROW:i(10:0))(9-0)#1.itm.17                                                                                                                                                              10         Y           Y      ROW:i:slc(ROW:i(10:0))(9-0)#1.itm.17                                                                                                                                                      
  ROW:i:slc(ROW:i(10:0))(9-0)#1.itm.18                                                                                                                                                              10         Y           Y      ROW:i:slc(ROW:i(10:0))(9-0)#1.itm.18                                                                                                                                                      
  ROW:i:slc(ROW:i(10:0))(9-0)#1.itm.19                                                                                                                                                              10         Y           Y      ROW:i:slc(ROW:i(10:0))(9-0)#1.itm.19                                                                                                                                                      
  ROW:i:slc(ROW:i(10:0))(9-0)#1.itm.2                                                                                                                                                               10         Y           Y      ROW:i:slc(ROW:i(10:0))(9-0)#1.itm.2                                                                                                                                                       
  ROW:i:slc(ROW:i(10:0))(9-0)#1.itm.20                                                                                                                                                              10         Y           Y      ROW:i:slc(ROW:i(10:0))(9-0)#1.itm.20                                                                                                                                                      
  ROW:i:slc(ROW:i(10:0))(9-0)#1.itm.21                                                                                                                                                              10         Y           Y      ROW:i:slc(ROW:i(10:0))(9-0)#1.itm.21                                                                                                                                                      
  ROW:i:slc(ROW:i(10:0))(9-0)#1.itm.22                                                                                                                                                              10         Y           Y      ROW:i:slc(ROW:i(10:0))(9-0)#1.itm.22                                                                                                                                                      
  ROW:i:slc(ROW:i(10:0))(9-0)#1.itm.23                                                                                                                                                              10         Y           Y      ROW:i:slc(ROW:i(10:0))(9-0)#1.itm.23                                                                                                                                                      
  ROW:i:slc(ROW:i(10:0))(9-0)#1.itm.24#1                                                                                                                                                            10         Y           Y      ROW:i:slc(ROW:i(10:0))(9-0)#1.itm.24#1                                                                                                                                                    
  ROW:i:slc(ROW:i(10:0))(9-0)#1.itm.3                                                                                                                                                               10         Y           Y      ROW:i:slc(ROW:i(10:0))(9-0)#1.itm.3                                                                                                                                                       
  ROW:i:slc(ROW:i(10:0))(9-0)#1.itm.4                                                                                                                                                               10         Y           Y      ROW:i:slc(ROW:i(10:0))(9-0)#1.itm.4                                                                                                                                                       
  ROW:i:slc(ROW:i(10:0))(9-0)#1.itm.5                                                                                                                                                               10         Y           Y      ROW:i:slc(ROW:i(10:0))(9-0)#1.itm.5                                                                                                                                                       
  ROW:i:slc(ROW:i(10:0))(9-0)#1.itm.6                                                                                                                                                               10         Y           Y      ROW:i:slc(ROW:i(10:0))(9-0)#1.itm.6                                                                                                                                                       
  ROW:i:slc(ROW:i(10:0))(9-0)#1.itm.7                                                                                                                                                               10         Y           Y      ROW:i:slc(ROW:i(10:0))(9-0)#1.itm.7                                                                                                                                                       
  ROW:i:slc(ROW:i(10:0))(9-0)#1.itm.8                                                                                                                                                               10         Y           Y      ROW:i:slc(ROW:i(10:0))(9-0)#1.itm.8                                                                                                                                                       
  ROW:i:slc(ROW:i(10:0))(9-0)#1.itm.9                                                                                                                                                               10         Y           Y      ROW:i:slc(ROW:i(10:0))(9-0)#1.itm.9                                                                                                                                                       
  return.add_generic<AC_RND_CONV,false>:res_rounded.sva.1(9:0)                                                                                                                                      10         Y           Y      return.add_generic<AC_RND_CONV,false>:res_rounded.sva.1(9:0)                                                                                                                              
  return.mult_generic<AC_RND_CONV,false>:if:mux#1.itm.1                                                                                                                                             10         Y           Y      return.mult_generic<AC_RND_CONV,false>:if:mux#1.itm.1                                                                                                                                     
  return.mult_generic<AC_RND_CONV,false>:if:mux#13.itm.1                                                                                                                                            10         Y           Y      return.mult_generic<AC_RND_CONV,false>:if:mux#13.itm.1                                                                                                                                    
  return.mult_generic<AC_RND_CONV,false>:if:mux#5.itm.1                                                                                                                                             10         Y           Y      return.mult_generic<AC_RND_CONV,false>:if:mux#5.itm.1                                                                                                                                     
  return.mult_generic<AC_RND_CONV,false>:if:mux#9.itm.1                                                                                                                                             10         Y           Y      return.mult_generic<AC_RND_CONV,false>:if:mux#9.itm.1                                                                                                                                     
  tmp#4.sva.1(9:0)                                                                                                                                                                                  10         Y           Y      tmp#4.sva.1(9:0)                                                                                                                                                                          
  tmp#5.sva.1(9:0)                                                                                                                                                                                  10         Y           Y      tmp#5.sva.1(9:0)                                                                                                                                                                          
  tmp#6.sva.1(9:0)                                                                                                                                                                                  10         Y           Y      tmp#6.sva.1(9:0)                                                                                                                                                                          
  tmp#7.sva.1(9:0)                                                                                                                                                                                  10         Y           Y      tmp#7.sva.1(9:0)                                                                                                                                                                          
  MUL-1:return.add_generic<AC_RND_CONV,false>:slc(return.add_generic<AC_RND_CONV,false>:res_rounded)(9-0)#1.itm.1                                                                                    9         Y           Y      MUL-1:return.add_generic<AC_RND_CONV,false>:slc(return.add_generic<AC_RND_CONV,false>:res_rounded)(9-0)#1.itm.1                                                                           
  MUL-2:return.add_generic<AC_RND_CONV,false>:slc(return.add_generic<AC_RND_CONV,false>:res_rounded)(9-0)#1.itm.1                                                                                    9         Y           Y      MUL-2:return.add_generic<AC_RND_CONV,false>:slc(return.add_generic<AC_RND_CONV,false>:res_rounded)(9-0)#1.itm.1                                                                           
  MUL-3:return.add_generic<AC_RND_CONV,false>:slc(return.add_generic<AC_RND_CONV,false>:res_rounded)(9-0)#1.itm.1                                                                                    9         Y           Y      MUL-3:return.add_generic<AC_RND_CONV,false>:slc(return.add_generic<AC_RND_CONV,false>:res_rounded)(9-0)#1.itm.1                                                                           
  return.mult_generic<AC_RND_CONV,false>:m_r(8:0)#2.lpi#2.dfm.1                                                                                                                                      9         Y           Y      return.mult_generic<AC_RND_CONV,false>:m_r(8:0)#2.lpi#2.dfm.1                                                                                                                             
  return.mult_generic<AC_RND_CONV,false>:m_r(8:0)#2.lpi#2.dfm.2                                                                                                                                      9         Y           Y      return.mult_generic<AC_RND_CONV,false>:m_r(8:0)#2.lpi#2.dfm.2                                                                                                                             
  return.mult_generic<AC_RND_CONV,false>:m_r(8:0)#2.lpi#2.dfm.3                                                                                                                                      9         Y           Y      return.mult_generic<AC_RND_CONV,false>:m_r(8:0)#2.lpi#2.dfm.3                                                                                                                             
  return.mult_generic<AC_RND_CONV,false>:m_r(8:0)#2.lpi#2.dfm.4                                                                                                                                      9         Y           Y      return.mult_generic<AC_RND_CONV,false>:m_r(8:0)#2.lpi#2.dfm.4                                                                                                                             
  return.mult_generic<AC_RND_CONV,false>:m_r(8:0)#2.lpi#2.dfm.5                                                                                                                                      9         Y           Y      return.mult_generic<AC_RND_CONV,false>:m_r(8:0)#2.lpi#2.dfm.5                                                                                                                             
  return.mult_generic<AC_RND_CONV,false>:m_r(8:0)#3.lpi#2.dfm.1                                                                                                                                      9         Y           Y      return.mult_generic<AC_RND_CONV,false>:m_r(8:0)#3.lpi#2.dfm.1                                                                                                                             
  return.mult_generic<AC_RND_CONV,false>:m_r(8:0)#3.lpi#2.dfm.10                                                                                                                                     9         Y           Y      return.mult_generic<AC_RND_CONV,false>:m_r(8:0)#3.lpi#2.dfm.10                                                                                                                            
  return.mult_generic<AC_RND_CONV,false>:m_r(8:0)#3.lpi#2.dfm.2                                                                                                                                      9         Y           Y      return.mult_generic<AC_RND_CONV,false>:m_r(8:0)#3.lpi#2.dfm.2                                                                                                                             
  return.mult_generic<AC_RND_CONV,false>:m_r(8:0)#3.lpi#2.dfm.3                                                                                                                                      9         Y           Y      return.mult_generic<AC_RND_CONV,false>:m_r(8:0)#3.lpi#2.dfm.3                                                                                                                             
  return.mult_generic<AC_RND_CONV,false>:m_r(8:0)#3.lpi#2.dfm.4                                                                                                                                      9         Y           Y      return.mult_generic<AC_RND_CONV,false>:m_r(8:0)#3.lpi#2.dfm.4                                                                                                                             
  return.mult_generic<AC_RND_CONV,false>:m_r(8:0)#3.lpi#2.dfm.5                                                                                                                                      9         Y           Y      return.mult_generic<AC_RND_CONV,false>:m_r(8:0)#3.lpi#2.dfm.5                                                                                                                             
  return.mult_generic<AC_RND_CONV,false>:m_r(8:0)#3.lpi#2.dfm.6                                                                                                                                      9         Y           Y      return.mult_generic<AC_RND_CONV,false>:m_r(8:0)#3.lpi#2.dfm.6                                                                                                                             
  return.mult_generic<AC_RND_CONV,false>:m_r(8:0)#3.lpi#2.dfm.7                                                                                                                                      9         Y           Y      return.mult_generic<AC_RND_CONV,false>:m_r(8:0)#3.lpi#2.dfm.7                                                                                                                             
  return.mult_generic<AC_RND_CONV,false>:m_r(8:0)#3.lpi#2.dfm.8                                                                                                                                      9         Y           Y      return.mult_generic<AC_RND_CONV,false>:m_r(8:0)#3.lpi#2.dfm.8                                                                                                                             
  return.mult_generic<AC_RND_CONV,false>:m_r(8:0)#3.lpi#2.dfm.9                                                                                                                                      9         Y           Y      return.mult_generic<AC_RND_CONV,false>:m_r(8:0)#3.lpi#2.dfm.9                                                                                                                             
  return.mult_generic<AC_RND_CONV,false>:m_r(8:0).lpi#2.dfm.1                                                                                                                                        9         Y           Y      return.mult_generic<AC_RND_CONV,false>:m_r(8:0).lpi#2.dfm.1                                                                                                                               
  return.mult_generic<AC_RND_CONV,false>:m_r(8:0).lpi#2.dfm.10                                                                                                                                       9         Y           Y      return.mult_generic<AC_RND_CONV,false>:m_r(8:0).lpi#2.dfm.10                                                                                                                              
  return.mult_generic<AC_RND_CONV,false>:m_r(8:0).lpi#2.dfm.11                                                                                                                                       9         Y           Y      return.mult_generic<AC_RND_CONV,false>:m_r(8:0).lpi#2.dfm.11                                                                                                                              
  return.mult_generic<AC_RND_CONV,false>:m_r(8:0).lpi#2.dfm.12                                                                                                                                       9         Y           Y      return.mult_generic<AC_RND_CONV,false>:m_r(8:0).lpi#2.dfm.12                                                                                                                              
  return.mult_generic<AC_RND_CONV,false>:m_r(8:0).lpi#2.dfm.13                                                                                                                                       9         Y           Y      return.mult_generic<AC_RND_CONV,false>:m_r(8:0).lpi#2.dfm.13                                                                                                                              
  return.mult_generic<AC_RND_CONV,false>:m_r(8:0).lpi#2.dfm.14                                                                                                                                       9         Y           Y      return.mult_generic<AC_RND_CONV,false>:m_r(8:0).lpi#2.dfm.14                                                                                                                              
  return.mult_generic<AC_RND_CONV,false>:m_r(8:0).lpi#2.dfm.15                                                                                                                                       9         Y           Y      return.mult_generic<AC_RND_CONV,false>:m_r(8:0).lpi#2.dfm.15                                                                                                                              
  return.mult_generic<AC_RND_CONV,false>:m_r(8:0).lpi#2.dfm.2                                                                                                                                        9         Y           Y      return.mult_generic<AC_RND_CONV,false>:m_r(8:0).lpi#2.dfm.2                                                                                                                               
  return.mult_generic<AC_RND_CONV,false>:m_r(8:0).lpi#2.dfm.3                                                                                                                                        9         Y           Y      return.mult_generic<AC_RND_CONV,false>:m_r(8:0).lpi#2.dfm.3                                                                                                                               
  return.mult_generic<AC_RND_CONV,false>:m_r(8:0).lpi#2.dfm.4                                                                                                                                        9         Y           Y      return.mult_generic<AC_RND_CONV,false>:m_r(8:0).lpi#2.dfm.4                                                                                                                               
  return.mult_generic<AC_RND_CONV,false>:m_r(8:0).lpi#2.dfm.5                                                                                                                                        9         Y           Y      return.mult_generic<AC_RND_CONV,false>:m_r(8:0).lpi#2.dfm.5                                                                                                                               
  return.mult_generic<AC_RND_CONV,false>:m_r(8:0).lpi#2.dfm.6                                                                                                                                        9         Y           Y      return.mult_generic<AC_RND_CONV,false>:m_r(8:0).lpi#2.dfm.6                                                                                                                               
  return.mult_generic<AC_RND_CONV,false>:m_r(8:0).lpi#2.dfm.7                                                                                                                                        9         Y           Y      return.mult_generic<AC_RND_CONV,false>:m_r(8:0).lpi#2.dfm.7                                                                                                                               
  return.mult_generic<AC_RND_CONV,false>:m_r(8:0).lpi#2.dfm.8                                                                                                                                        9         Y           Y      return.mult_generic<AC_RND_CONV,false>:m_r(8:0).lpi#2.dfm.8                                                                                                                               
  return.mult_generic<AC_RND_CONV,false>:m_r(8:0).lpi#2.dfm.9                                                                                                                                        9         Y           Y      return.mult_generic<AC_RND_CONV,false>:m_r(8:0).lpi#2.dfm.9                                                                                                                               
  return.add_generic<AC_RND_CONV,false>:op_bigger:mux#11.itm.1                                                                                                                                       8         Y           Y      return.add_generic<AC_RND_CONV,false>:op_bigger:mux#11.itm.1                                                                                                                              
  return.add_generic<AC_RND_CONV,false>:op_bigger:mux#21.itm.1                                                                                                                                       8         Y           Y      return.add_generic<AC_RND_CONV,false>:op_bigger:mux#21.itm.1                                                                                                                              
  return.add_generic<AC_RND_CONV,false>:op_bigger:mux#31.itm.1                                                                                                                                       8         Y           Y      return.add_generic<AC_RND_CONV,false>:op_bigger:mux#31.itm.1                                                                                                                              
  return.add_generic<AC_RND_CONV,false>:op_bigger:return.add_generic<AC_RND_CONV,false>:op_bigger:and#3.itm.1                                                                                        8         Y           Y      return.add_generic<AC_RND_CONV,false>:op_bigger:return.add_generic<AC_RND_CONV,false>:op_bigger:and#3.itm.1                                                                               
  return.add_generic<AC_RND_CONV,false>:op_smaller:_qr(8:1)#1.lpi#2.dfm.1                                                                                                                            8         Y           Y      return.add_generic<AC_RND_CONV,false>:op_smaller:_qr(8:1)#1.lpi#2.dfm.1                                                                                                                   
  return.add_generic<AC_RND_CONV,false>:op_smaller:_qr(8:1)#2.lpi#2.dfm.1                                                                                                                            8         Y           Y      return.add_generic<AC_RND_CONV,false>:op_smaller:_qr(8:1)#2.lpi#2.dfm.1                                                                                                                   
  return.add_generic<AC_RND_CONV,false>:op_smaller:_qr(8:1)#3.lpi#2.dfm.1                                                                                                                            8         Y           Y      return.add_generic<AC_RND_CONV,false>:op_smaller:_qr(8:1)#3.lpi#2.dfm.1                                                                                                                   
  return.add_generic<AC_RND_CONV,false>:op_smaller:_qr(8:1).lpi#2.dfm.1                                                                                                                              8         Y           Y      return.add_generic<AC_RND_CONV,false>:op_smaller:_qr(8:1).lpi#2.dfm.1                                                                                                                     
  operator+<33,true>:acc.psp#1.sva.1                                                                                                                                                                 7         Y           Y      operator+<33,true>:acc.psp#1.sva.1                                                                                                                                                        
  operator+<33,true>:acc.psp#2.sva.1                                                                                                                                                                 7         Y           Y      operator+<33,true>:acc.psp#2.sva.1                                                                                                                                                        
  operator+<33,true>:acc.psp#3.sva.1                                                                                                                                                                 7         Y           Y      operator+<33,true>:acc.psp#3.sva.1                                                                                                                                                        
  operator+<33,true>:acc.psp.sva.1                                                                                                                                                                   7         Y           Y      operator+<33,true>:acc.psp.sva.1                                                                                                                                                          
  operator-<4,false>:acc.psp#1.sva.1                                                                                                                                                                 7         Y           Y      operator-<4,false>:acc.psp#1.sva.1                                                                                                                                                        
  operator-<4,false>:acc.psp#2.sva.1                                                                                                                                                                 7         Y           Y      operator-<4,false>:acc.psp#2.sva.1                                                                                                                                                        
  operator-<4,false>:acc.psp#3.sva.1                                                                                                                                                                 7         Y           Y      operator-<4,false>:acc.psp#3.sva.1                                                                                                                                                        
  operator-<4,false>:acc.psp.sva.1                                                                                                                                                                   7         Y           Y      operator-<4,false>:acc.psp.sva.1                                                                                                                                                          
  operator-<4,false>#2:acc.psp#1.sva.1                                                                                                                                                               6         Y           Y      operator-<4,false>#2:acc.psp#1.sva.1                                                                                                                                                      
  operator-<4,false>#2:acc.psp#2.sva.1                                                                                                                                                               6         Y           Y      operator-<4,false>#2:acc.psp#2.sva.1                                                                                                                                                      
  operator-<4,false>#2:acc.psp#3.sva.1                                                                                                                                                               6         Y           Y      operator-<4,false>#2:acc.psp#3.sva.1                                                                                                                                                      
  operator-<4,false>#2:acc.psp.sva.1                                                                                                                                                                 6         Y           Y      operator-<4,false>#2:acc.psp.sva.1                                                                                                                                                        
  return.mult_generic<AC_RND_CONV,false>:exp:acc#1.itm.1                                                                                                                                             6         Y           Y      return.mult_generic<AC_RND_CONV,false>:exp:acc#1.itm.1                                                                                                                                    
  return.mult_generic<AC_RND_CONV,false>:exp:acc#2.itm.1                                                                                                                                             6         Y           Y      return.mult_generic<AC_RND_CONV,false>:exp:acc#2.itm.1                                                                                                                                    
  return.mult_generic<AC_RND_CONV,false>:exp:acc#4.itm.1                                                                                                                                             6         Y           Y      return.mult_generic<AC_RND_CONV,false>:exp:acc#4.itm.1                                                                                                                                    
  return.mult_generic<AC_RND_CONV,false>:exp:acc#6.itm.1                                                                                                                                             6         Y           Y      return.mult_generic<AC_RND_CONV,false>:exp:acc#6.itm.1                                                                                                                                    
  drf(_qr.lval)#1.smx#1.lpi#2.dfm.1                                                                                                                                                                  5         Y           Y      drf(_qr.lval)#1.smx#1.lpi#2.dfm.1                                                                                                                                                         
  drf(_qr.lval)#1.smx#1.lpi#2.dfm.2                                                                                                                                                                  5         Y           Y      drf(_qr.lval)#1.smx#1.lpi#2.dfm.2                                                                                                                                                         
  drf(_qr.lval)#1.smx#1.lpi#2.dfm.3                                                                                                                                                                  5         Y           Y      drf(_qr.lval)#1.smx#1.lpi#2.dfm.3                                                                                                                                                         
  return.mult_generic<AC_RND_CONV,false>:exp#1(5:0)#1.lpi#2.dfm#2.1(4:0)                                                                                                                             5         Y           Y      return.mult_generic<AC_RND_CONV,false>:exp#1(5:0)#1.lpi#2.dfm#2.1(4:0)                                                                                                                    
  return.mult_generic<AC_RND_CONV,false>:exp#1(5:0)#2.lpi#2.dfm#2.1(4:0)                                                                                                                             5         Y           Y      return.mult_generic<AC_RND_CONV,false>:exp#1(5:0)#2.lpi#2.dfm#2.1(4:0)                                                                                                                    
  return.mult_generic<AC_RND_CONV,false>:exp#1(5:0)#2.lpi#2.dfm#3.1(4:0)                                                                                                                             5         Y           Y      return.mult_generic<AC_RND_CONV,false>:exp#1(5:0)#2.lpi#2.dfm#3.1(4:0)                                                                                                                    
  return.mult_generic<AC_RND_CONV,false>:exp#1(5:0)#2.lpi#2.dfm#3.2(4:0)                                                                                                                             5         Y           Y      return.mult_generic<AC_RND_CONV,false>:exp#1(5:0)#2.lpi#2.dfm#3.2(4:0)                                                                                                                    
  return.mult_generic<AC_RND_CONV,false>:exp#1(5:0)#2.lpi#2.dfm#3.3(4:0)                                                                                                                             5         Y           Y      return.mult_generic<AC_RND_CONV,false>:exp#1(5:0)#2.lpi#2.dfm#3.3(4:0)                                                                                                                    
  return.mult_generic<AC_RND_CONV,false>:exp#1(5:0)#2.lpi#2.dfm#3.4(4:0)                                                                                                                             5         Y           Y      return.mult_generic<AC_RND_CONV,false>:exp#1(5:0)#2.lpi#2.dfm#3.4(4:0)                                                                                                                    
  return.mult_generic<AC_RND_CONV,false>:exp#1(5:0)#2.lpi#2.dfm#3.5(4:0)                                                                                                                             5         Y           Y      return.mult_generic<AC_RND_CONV,false>:exp#1(5:0)#2.lpi#2.dfm#3.5(4:0)                                                                                                                    
  return.mult_generic<AC_RND_CONV,false>:exp#1(5:0)#3.lpi#2.dfm#2.1(4:0)                                                                                                                             5         Y           Y      return.mult_generic<AC_RND_CONV,false>:exp#1(5:0)#3.lpi#2.dfm#2.1(4:0)                                                                                                                    
  return.mult_generic<AC_RND_CONV,false>:exp#1(5:0)#3.lpi#2.dfm#3.1(4:0)                                                                                                                             5         Y           Y      return.mult_generic<AC_RND_CONV,false>:exp#1(5:0)#3.lpi#2.dfm#3.1(4:0)                                                                                                                    
  return.mult_generic<AC_RND_CONV,false>:exp#1(5:0)#3.lpi#2.dfm#3.10(4:0)                                                                                                                            5         Y           Y      return.mult_generic<AC_RND_CONV,false>:exp#1(5:0)#3.lpi#2.dfm#3.10(4:0)                                                                                                                   
  return.mult_generic<AC_RND_CONV,false>:exp#1(5:0)#3.lpi#2.dfm#3.2(4:0)                                                                                                                             5         Y           Y      return.mult_generic<AC_RND_CONV,false>:exp#1(5:0)#3.lpi#2.dfm#3.2(4:0)                                                                                                                    
  return.mult_generic<AC_RND_CONV,false>:exp#1(5:0)#3.lpi#2.dfm#3.3(4:0)                                                                                                                             5         Y           Y      return.mult_generic<AC_RND_CONV,false>:exp#1(5:0)#3.lpi#2.dfm#3.3(4:0)                                                                                                                    
  return.mult_generic<AC_RND_CONV,false>:exp#1(5:0)#3.lpi#2.dfm#3.4(4:0)                                                                                                                             5         Y           Y      return.mult_generic<AC_RND_CONV,false>:exp#1(5:0)#3.lpi#2.dfm#3.4(4:0)                                                                                                                    
  return.mult_generic<AC_RND_CONV,false>:exp#1(5:0)#3.lpi#2.dfm#3.5(4:0)                                                                                                                             5         Y           Y      return.mult_generic<AC_RND_CONV,false>:exp#1(5:0)#3.lpi#2.dfm#3.5(4:0)                                                                                                                    
  return.mult_generic<AC_RND_CONV,false>:exp#1(5:0)#3.lpi#2.dfm#3.6(4:0)                                                                                                                             5         Y           Y      return.mult_generic<AC_RND_CONV,false>:exp#1(5:0)#3.lpi#2.dfm#3.6(4:0)                                                                                                                    
  return.mult_generic<AC_RND_CONV,false>:exp#1(5:0)#3.lpi#2.dfm#3.7(4:0)                                                                                                                             5         Y           Y      return.mult_generic<AC_RND_CONV,false>:exp#1(5:0)#3.lpi#2.dfm#3.7(4:0)                                                                                                                    
  return.mult_generic<AC_RND_CONV,false>:exp#1(5:0)#3.lpi#2.dfm#3.8(4:0)                                                                                                                             5         Y           Y      return.mult_generic<AC_RND_CONV,false>:exp#1(5:0)#3.lpi#2.dfm#3.8(4:0)                                                                                                                    
  return.mult_generic<AC_RND_CONV,false>:exp#1(5:0)#3.lpi#2.dfm#3.9(4:0)                                                                                                                             5         Y           Y      return.mult_generic<AC_RND_CONV,false>:exp#1(5:0)#3.lpi#2.dfm#3.9(4:0)                                                                                                                    
  return.mult_generic<AC_RND_CONV,false>:exp#1(5:0).lpi#2.dfm#2.1(4:0)                                                                                                                               5         Y           Y      return.mult_generic<AC_RND_CONV,false>:exp#1(5:0).lpi#2.dfm#2.1(4:0)                                                                                                                      
  return.mult_generic<AC_RND_CONV,false>:exp#1(5:0).lpi#2.dfm#3.1(4:0)                                                                                                                               5         Y           Y      return.mult_generic<AC_RND_CONV,false>:exp#1(5:0).lpi#2.dfm#3.1(4:0)                                                                                                                      
  return.mult_generic<AC_RND_CONV,false>:exp#1(5:0).lpi#2.dfm#3.10(4:0)                                                                                                                              5         Y           Y      return.mult_generic<AC_RND_CONV,false>:exp#1(5:0).lpi#2.dfm#3.10(4:0)                                                                                                                     
  return.mult_generic<AC_RND_CONV,false>:exp#1(5:0).lpi#2.dfm#3.11(4:0)                                                                                                                              5         Y           Y      return.mult_generic<AC_RND_CONV,false>:exp#1(5:0).lpi#2.dfm#3.11(4:0)                                                                                                                     
  return.mult_generic<AC_RND_CONV,false>:exp#1(5:0).lpi#2.dfm#3.12(4:0)                                                                                                                              5         Y           Y      return.mult_generic<AC_RND_CONV,false>:exp#1(5:0).lpi#2.dfm#3.12(4:0)                                                                                                                     
  return.mult_generic<AC_RND_CONV,false>:exp#1(5:0).lpi#2.dfm#3.13(4:0)                                                                                                                              5         Y           Y      return.mult_generic<AC_RND_CONV,false>:exp#1(5:0).lpi#2.dfm#3.13(4:0)                                                                                                                     
  return.mult_generic<AC_RND_CONV,false>:exp#1(5:0).lpi#2.dfm#3.14(4:0)                                                                                                                              5         Y           Y      return.mult_generic<AC_RND_CONV,false>:exp#1(5:0).lpi#2.dfm#3.14(4:0)                                                                                                                     
  return.mult_generic<AC_RND_CONV,false>:exp#1(5:0).lpi#2.dfm#3.15(4:0)                                                                                                                              5         Y           Y      return.mult_generic<AC_RND_CONV,false>:exp#1(5:0).lpi#2.dfm#3.15(4:0)                                                                                                                     
  return.mult_generic<AC_RND_CONV,false>:exp#1(5:0).lpi#2.dfm#3.2(4:0)                                                                                                                               5         Y           Y      return.mult_generic<AC_RND_CONV,false>:exp#1(5:0).lpi#2.dfm#3.2(4:0)                                                                                                                      
  return.mult_generic<AC_RND_CONV,false>:exp#1(5:0).lpi#2.dfm#3.3(4:0)                                                                                                                               5         Y           Y      return.mult_generic<AC_RND_CONV,false>:exp#1(5:0).lpi#2.dfm#3.3(4:0)                                                                                                                      
  return.mult_generic<AC_RND_CONV,false>:exp#1(5:0).lpi#2.dfm#3.4(4:0)                                                                                                                               5         Y           Y      return.mult_generic<AC_RND_CONV,false>:exp#1(5:0).lpi#2.dfm#3.4(4:0)                                                                                                                      
  return.mult_generic<AC_RND_CONV,false>:exp#1(5:0).lpi#2.dfm#3.5(4:0)                                                                                                                               5         Y           Y      return.mult_generic<AC_RND_CONV,false>:exp#1(5:0).lpi#2.dfm#3.5(4:0)                                                                                                                      
  return.mult_generic<AC_RND_CONV,false>:exp#1(5:0).lpi#2.dfm#3.6(4:0)                                                                                                                               5         Y           Y      return.mult_generic<AC_RND_CONV,false>:exp#1(5:0).lpi#2.dfm#3.6(4:0)                                                                                                                      
  return.mult_generic<AC_RND_CONV,false>:exp#1(5:0).lpi#2.dfm#3.7(4:0)                                                                                                                               5         Y           Y      return.mult_generic<AC_RND_CONV,false>:exp#1(5:0).lpi#2.dfm#3.7(4:0)                                                                                                                      
  return.mult_generic<AC_RND_CONV,false>:exp#1(5:0).lpi#2.dfm#3.8(4:0)                                                                                                                               5         Y           Y      return.mult_generic<AC_RND_CONV,false>:exp#1(5:0).lpi#2.dfm#3.8(4:0)                                                                                                                      
  return.mult_generic<AC_RND_CONV,false>:exp#1(5:0).lpi#2.dfm#3.9(4:0)                                                                                                                               5         Y           Y      return.mult_generic<AC_RND_CONV,false>:exp#1(5:0).lpi#2.dfm#3.9(4:0)                                                                                                                      
  COL:j(4:0).sva(3:0)                                                                                                                                                                                4                            COL:j(4:0).sva(3:0)                                                                                                                                                                       
  COL:j:slc(COL:j(4:0))(3-0)#1.itm.1                                                                                                                                                                 4         Y           Y      COL:j:slc(COL:j(4:0))(3-0)#1.itm.1                                                                                                                                                        
  COL:j:slc(COL:j(4:0))(3-0)#1.itm.10                                                                                                                                                                4         Y           Y      COL:j:slc(COL:j(4:0))(3-0)#1.itm.10                                                                                                                                                       
  COL:j:slc(COL:j(4:0))(3-0)#1.itm.11                                                                                                                                                                4         Y           Y      COL:j:slc(COL:j(4:0))(3-0)#1.itm.11                                                                                                                                                       
  COL:j:slc(COL:j(4:0))(3-0)#1.itm.12                                                                                                                                                                4         Y           Y      COL:j:slc(COL:j(4:0))(3-0)#1.itm.12                                                                                                                                                       
  COL:j:slc(COL:j(4:0))(3-0)#1.itm.13                                                                                                                                                                4         Y           Y      COL:j:slc(COL:j(4:0))(3-0)#1.itm.13                                                                                                                                                       
  COL:j:slc(COL:j(4:0))(3-0)#1.itm.14                                                                                                                                                                4         Y           Y      COL:j:slc(COL:j(4:0))(3-0)#1.itm.14                                                                                                                                                       
  COL:j:slc(COL:j(4:0))(3-0)#1.itm.15                                                                                                                                                                4         Y           Y      COL:j:slc(COL:j(4:0))(3-0)#1.itm.15                                                                                                                                                       
  COL:j:slc(COL:j(4:0))(3-0)#1.itm.16                                                                                                                                                                4         Y           Y      COL:j:slc(COL:j(4:0))(3-0)#1.itm.16                                                                                                                                                       
  COL:j:slc(COL:j(4:0))(3-0)#1.itm.17                                                                                                                                                                4         Y           Y      COL:j:slc(COL:j(4:0))(3-0)#1.itm.17                                                                                                                                                       
  COL:j:slc(COL:j(4:0))(3-0)#1.itm.18                                                                                                                                                                4         Y           Y      COL:j:slc(COL:j(4:0))(3-0)#1.itm.18                                                                                                                                                       
  COL:j:slc(COL:j(4:0))(3-0)#1.itm.19                                                                                                                                                                4         Y           Y      COL:j:slc(COL:j(4:0))(3-0)#1.itm.19                                                                                                                                                       
  COL:j:slc(COL:j(4:0))(3-0)#1.itm.2                                                                                                                                                                 4         Y           Y      COL:j:slc(COL:j(4:0))(3-0)#1.itm.2                                                                                                                                                        
  COL:j:slc(COL:j(4:0))(3-0)#1.itm.20                                                                                                                                                                4         Y           Y      COL:j:slc(COL:j(4:0))(3-0)#1.itm.20                                                                                                                                                       
  COL:j:slc(COL:j(4:0))(3-0)#1.itm.21                                                                                                                                                                4         Y           Y      COL:j:slc(COL:j(4:0))(3-0)#1.itm.21                                                                                                                                                       
  COL:j:slc(COL:j(4:0))(3-0)#1.itm.22                                                                                                                                                                4         Y           Y      COL:j:slc(COL:j(4:0))(3-0)#1.itm.22                                                                                                                                                       
  COL:j:slc(COL:j(4:0))(3-0)#1.itm.23                                                                                                                                                                4         Y           Y      COL:j:slc(COL:j(4:0))(3-0)#1.itm.23                                                                                                                                                       
  COL:j:slc(COL:j(4:0))(3-0)#1.itm.24#1                                                                                                                                                              4         Y           Y      COL:j:slc(COL:j(4:0))(3-0)#1.itm.24#1                                                                                                                                                     
  COL:j:slc(COL:j(4:0))(3-0)#1.itm.3                                                                                                                                                                 4         Y           Y      COL:j:slc(COL:j(4:0))(3-0)#1.itm.3                                                                                                                                                        
  COL:j:slc(COL:j(4:0))(3-0)#1.itm.4                                                                                                                                                                 4         Y           Y      COL:j:slc(COL:j(4:0))(3-0)#1.itm.4                                                                                                                                                        
  COL:j:slc(COL:j(4:0))(3-0)#1.itm.5                                                                                                                                                                 4         Y           Y      COL:j:slc(COL:j(4:0))(3-0)#1.itm.5                                                                                                                                                        
  COL:j:slc(COL:j(4:0))(3-0)#1.itm.6                                                                                                                                                                 4         Y           Y      COL:j:slc(COL:j(4:0))(3-0)#1.itm.6                                                                                                                                                        
  COL:j:slc(COL:j(4:0))(3-0)#1.itm.7                                                                                                                                                                 4         Y           Y      COL:j:slc(COL:j(4:0))(3-0)#1.itm.7                                                                                                                                                        
  COL:j:slc(COL:j(4:0))(3-0)#1.itm.8                                                                                                                                                                 4         Y           Y      COL:j:slc(COL:j(4:0))(3-0)#1.itm.8                                                                                                                                                        
  COL:j:slc(COL:j(4:0))(3-0)#1.itm.9                                                                                                                                                                 4         Y           Y      COL:j:slc(COL:j(4:0))(3-0)#1.itm.9                                                                                                                                                        
  MUL-1:return.add_generic<AC_RND_CONV,false>:exp:slc(drf(_qr.lval)#1.smx)(3-0).itm.1                                                                                                                4         Y           Y      MUL-1:return.add_generic<AC_RND_CONV,false>:exp:slc(drf(_qr.lval)#1.smx)(3-0).itm.1                                                                                                       
                                                                                                                                                                                                                                  return.add_generic<AC_RND_CONV,false>:ls#1.sva.2                                                                                                                                          
  MUL-4:return.add_generic<AC_RND_CONV,false>:exp_plus_1:slc(return.add_generic<AC_RND_CONV,false>:exp_plus_1(6:1))(3-0).itm.1                                                                       4         Y           Y      MUL-4:return.add_generic<AC_RND_CONV,false>:exp_plus_1:slc(return.add_generic<AC_RND_CONV,false>:exp_plus_1(6:1))(3-0).itm.1                                                              
                                                                                                                                                                                                                                  return.add_generic<AC_RND_CONV,false>:return.add_generic<AC_RND_CONV,false>:and#24.itm.1                                                                                                  
  drf(_qr.lval)#1.smx#2(4:1).lpi#2.dfm.1                                                                                                                                                             4         Y           Y      drf(_qr.lval)#1.smx#2(4:1).lpi#2.dfm.1                                                                                                                                                    
  drf(_qr.lval)#1.smx#2(4:1).lpi#2.dfm.2                                                                                                                                                             4         Y           Y      drf(_qr.lval)#1.smx#2(4:1).lpi#2.dfm.2                                                                                                                                                    
  drf(_qr.lval)#1.smx#2(4:1).lpi#2.dfm.3                                                                                                                                                             4         Y           Y      drf(_qr.lval)#1.smx#2(4:1).lpi#2.dfm.3                                                                                                                                                    
  drf(_qr.lval)#1.smx#3(4:1).lpi#2.dfm.1                                                                                                                                                             4         Y           Y      drf(_qr.lval)#1.smx#3(4:1).lpi#2.dfm.1                                                                                                                                                    
  drf(_qr.lval)#1.smx#3(4:1).lpi#2.dfm.2                                                                                                                                                             4         Y           Y      drf(_qr.lval)#1.smx#3(4:1).lpi#2.dfm.2                                                                                                                                                    
  drf(_qr.lval)#1.smx#3(4:1).lpi#2.dfm.3                                                                                                                                                             4         Y           Y      drf(_qr.lval)#1.smx#3(4:1).lpi#2.dfm.3                                                                                                                                                    
  drf(_qr.lval)#1.smx(4:1).lpi#2.dfm.1                                                                                                                                                               4         Y           Y      drf(_qr.lval)#1.smx(4:1).lpi#2.dfm.1                                                                                                                                                      
  drf(_qr.lval)#1.smx(4:1).lpi#2.dfm.2                                                                                                                                                               4         Y           Y      drf(_qr.lval)#1.smx(4:1).lpi#2.dfm.2                                                                                                                                                      
  drf(_qr.lval)#1.smx(4:1).lpi#2.dfm.3                                                                                                                                                               4         Y           Y      drf(_qr.lval)#1.smx(4:1).lpi#2.dfm.3                                                                                                                                                      
  operator+<7,false>:acc.psp#1.sva.1(3:0)                                                                                                                                                            4         Y           Y      operator+<7,false>:acc.psp#1.sva.1(3:0)                                                                                                                                                   
                                                                                                                                                                                                                                  return.mult_generic<AC_RND_CONV,false>:shift_left#1.sva.1                                                                                                                                 
  operator+<7,false>:acc.psp#2.sva.1(3:0)                                                                                                                                                            4         Y           Y      operator+<7,false>:acc.psp#2.sva.1(3:0)                                                                                                                                                   
                                                                                                                                                                                                                                  return.mult_generic<AC_RND_CONV,false>:shift_left#2.sva.1                                                                                                                                 
  operator+<7,false>:acc.psp#3.sva.1(3:0)                                                                                                                                                            4         Y           Y      operator+<7,false>:acc.psp#3.sva.1(3:0)                                                                                                                                                   
                                                                                                                                                                                                                                  return.mult_generic<AC_RND_CONV,false>:shift_left#3.sva.1                                                                                                                                 
  operator+<7,false>:acc.psp.sva.1(3:0)                                                                                                                                                              4         Y           Y      operator+<7,false>:acc.psp.sva.1(3:0)                                                                                                                                                     
                                                                                                                                                                                                                                  return.mult_generic<AC_RND_CONV,false>:shift_left.sva.1                                                                                                                                   
  return.add_generic<AC_RND_CONV,false>:e_dif_sat#1.sva.1                                                                                                                                            4         Y           Y      return.add_generic<AC_RND_CONV,false>:e_dif_sat#1.sva.1                                                                                                                                   
  return.add_generic<AC_RND_CONV,false>:e_dif_sat#2.sva.1                                                                                                                                            4         Y           Y      return.add_generic<AC_RND_CONV,false>:e_dif_sat#2.sva.1                                                                                                                                   
  return.add_generic<AC_RND_CONV,false>:e_dif_sat#3.sva.1                                                                                                                                            4         Y           Y      return.add_generic<AC_RND_CONV,false>:e_dif_sat#3.sva.1                                                                                                                                   
  return.add_generic<AC_RND_CONV,false>:e_dif_sat.sva.1                                                                                                                                              4         Y           Y      return.add_generic<AC_RND_CONV,false>:e_dif_sat.sva.1                                                                                                                                     
  return.add_generic<AC_RND_CONV,false>:ls#1.sva.1                                                                                                                                                   4         Y           Y      return.add_generic<AC_RND_CONV,false>:ls#1.sva.1                                                                                                                                          
  return.add_generic<AC_RND_CONV,false>:ls#2.sva.1                                                                                                                                                   4         Y           Y      return.add_generic<AC_RND_CONV,false>:ls#2.sva.1                                                                                                                                          
  return.add_generic<AC_RND_CONV,false>:ls#3.sva.1                                                                                                                                                   4         Y           Y      return.add_generic<AC_RND_CONV,false>:ls#3.sva.1                                                                                                                                          
  return.add_generic<AC_RND_CONV,false>:ls.sva.1                                                                                                                                                     4         Y           Y      return.add_generic<AC_RND_CONV,false>:ls.sva.1                                                                                                                                            
  return.add_generic<AC_RND_CONV,false>:mux#16.itm.1                                                                                                                                                 4         Y           Y      return.add_generic<AC_RND_CONV,false>:mux#16.itm.1                                                                                                                                        
  return.add_generic<AC_RND_CONV,false>:mux#40.itm.1                                                                                                                                                 4         Y           Y      return.add_generic<AC_RND_CONV,false>:mux#40.itm.1                                                                                                                                        
  return.add_generic<AC_RND_CONV,false>:mux#64.itm.1                                                                                                                                                 4         Y           Y      return.add_generic<AC_RND_CONV,false>:mux#64.itm.1                                                                                                                                        
  return.add_generic<AC_RND_CONV,false>:ls#2.sva.2.rsp.1                                                                                                                                             3         Y           Y      return.add_generic<AC_RND_CONV,false>:ls#2.sva.2                                                                                                                                          
                                                                                                                                                                                                                                  return.add_generic<AC_RND_CONV,false>:exp:slc(drf(_qr.lval)#1.smx#2(4:1))(2-0).itm.1                                                                                                      
  return.add_generic<AC_RND_CONV,false>:ls#3.sva.2.rsp.1                                                                                                                                             3         Y           Y      return.add_generic<AC_RND_CONV,false>:ls#3.sva.2                                                                                                                                          
                                                                                                                                                                                                                                  return.add_generic<AC_RND_CONV,false>:exp:slc(drf(_qr.lval)#1.smx#3(4:1))(2-0).itm.1                                                                                                      
  return.add_generic<AC_RND_CONV,false>:ls.sva.2.rsp.1                                                                                                                                               3         Y           Y      return.add_generic<AC_RND_CONV,false>:ls.sva.2                                                                                                                                            
                                                                                                                                                                                                                                  return.add_generic<AC_RND_CONV,false>:exp:slc(drf(_qr.lval)#1.smx(4:1))(2-0).itm.1                                                                                                        
  MUL-1:return.add_generic<AC_RND_CONV,false>:e_r:qelse:or.svs                                                                                                                                       1         Y           Y      MUL-1:return.add_generic<AC_RND_CONV,false>:e_r:qelse:or.svs                                                                                                                              
  MUL-1:return.add_generic<AC_RND_CONV,false>:e_r:qelse:or.svs.1                                                                                                                                     1         Y           Y      MUL-1:return.add_generic<AC_RND_CONV,false>:e_r:qelse:or.svs.1                                                                                                                            
  MUL-1:return.add_generic<AC_RND_CONV,false>:or#1.svs.1                                                                                                                                             1         Y           Y      MUL-1:return.add_generic<AC_RND_CONV,false>:or#1.svs.1                                                                                                                                    
  MUL-1:return.mult_generic<AC_RND_CONV,false>:else#1:sticky_bit:return.mult_generic<AC_RND_CONV,false>:else#1:sticky_bit:return.mult_generic<AC_RND_CONV,false>:else#1:sticky_bit:or.itm.1          1         Y           Y      MUL-1:return.mult_generic<AC_RND_CONV,false>:else#1:sticky_bit:return.mult_generic<AC_RND_CONV,false>:else#1:sticky_bit:return.mult_generic<AC_RND_CONV,false>:else#1:sticky_bit:or.itm.1 
  MUL-1:return.mult_generic<AC_RND_CONV,false>:or.itm.1                                                                                                                                              1         Y           Y      MUL-1:return.mult_generic<AC_RND_CONV,false>:or.itm.1                                                                                                                                     
  MUL-2:return.add_generic<AC_RND_CONV,false>:e_r:qelse:or.svs                                                                                                                                       1         Y           Y      MUL-2:return.add_generic<AC_RND_CONV,false>:e_r:qelse:or.svs                                                                                                                              
  MUL-2:return.add_generic<AC_RND_CONV,false>:e_r:qelse:or.svs.1                                                                                                                                     1         Y           Y      MUL-2:return.add_generic<AC_RND_CONV,false>:e_r:qelse:or.svs.1                                                                                                                            
  MUL-2:return.add_generic<AC_RND_CONV,false>:or#1.svs.1                                                                                                                                             1         Y           Y      MUL-2:return.add_generic<AC_RND_CONV,false>:or#1.svs.1                                                                                                                                    
  MUL-2:return.mult_generic<AC_RND_CONV,false>:else#1:sticky_bit:return.mult_generic<AC_RND_CONV,false>:else#1:sticky_bit:return.mult_generic<AC_RND_CONV,false>:else#1:sticky_bit:or.itm.1          1         Y           Y      MUL-2:return.mult_generic<AC_RND_CONV,false>:else#1:sticky_bit:return.mult_generic<AC_RND_CONV,false>:else#1:sticky_bit:return.mult_generic<AC_RND_CONV,false>:else#1:sticky_bit:or.itm.1 
  MUL-2:return.mult_generic<AC_RND_CONV,false>:or.itm.1                                                                                                                                              1         Y           Y      MUL-2:return.mult_generic<AC_RND_CONV,false>:or.itm.1                                                                                                                                     
  MUL-3:return.add_generic<AC_RND_CONV,false>:e_r:qelse:or.svs                                                                                                                                       1         Y           Y      MUL-3:return.add_generic<AC_RND_CONV,false>:e_r:qelse:or.svs                                                                                                                              
  MUL-3:return.add_generic<AC_RND_CONV,false>:e_r:qelse:or.svs.1                                                                                                                                     1         Y           Y      MUL-3:return.add_generic<AC_RND_CONV,false>:e_r:qelse:or.svs.1                                                                                                                            
  MUL-3:return.add_generic<AC_RND_CONV,false>:or#1.svs.1                                                                                                                                             1         Y           Y      MUL-3:return.add_generic<AC_RND_CONV,false>:or#1.svs.1                                                                                                                                    
  MUL-3:return.mult_generic<AC_RND_CONV,false>:else#1:sticky_bit:return.mult_generic<AC_RND_CONV,false>:else#1:sticky_bit:return.mult_generic<AC_RND_CONV,false>:else#1:sticky_bit:or.itm.1          1         Y           Y      MUL-3:return.mult_generic<AC_RND_CONV,false>:else#1:sticky_bit:return.mult_generic<AC_RND_CONV,false>:else#1:sticky_bit:return.mult_generic<AC_RND_CONV,false>:else#1:sticky_bit:or.itm.1 
  MUL-3:return.mult_generic<AC_RND_CONV,false>:or.itm.1                                                                                                                                              1         Y           Y      MUL-3:return.mult_generic<AC_RND_CONV,false>:or.itm.1                                                                                                                                     
  MUL-4:return.add_generic<AC_RND_CONV,false>:e_r:qelse:or.svs                                                                                                                                       1         Y           Y      MUL-4:return.add_generic<AC_RND_CONV,false>:e_r:qelse:or.svs                                                                                                                              
  MUL-4:return.add_generic<AC_RND_CONV,false>:e_r:qelse:or.svs.1                                                                                                                                     1         Y           Y      MUL-4:return.add_generic<AC_RND_CONV,false>:e_r:qelse:or.svs.1                                                                                                                            
  MUL-4:return.add_generic<AC_RND_CONV,false>:r_nan:or.itm.1                                                                                                                                         1         Y           Y      MUL-4:return.add_generic<AC_RND_CONV,false>:r_nan:or.itm.1                                                                                                                                
  MUL-4:return.mult_generic<AC_RND_CONV,false>:else#1:sticky_bit:return.mult_generic<AC_RND_CONV,false>:else#1:sticky_bit:return.mult_generic<AC_RND_CONV,false>:else#1:sticky_bit:or.itm.1          1         Y           Y      MUL-4:return.mult_generic<AC_RND_CONV,false>:else#1:sticky_bit:return.mult_generic<AC_RND_CONV,false>:else#1:sticky_bit:return.mult_generic<AC_RND_CONV,false>:else#1:sticky_bit:or.itm.1 
  MUL-4:return.mult_generic<AC_RND_CONV,false>:or.itm.1                                                                                                                                              1         Y           Y      MUL-4:return.mult_generic<AC_RND_CONV,false>:or.itm.1                                                                                                                                     
  ROW.stage_0                                                                                                                                                                                        1                            ROW.stage_0                                                                                                                                                                               
  ROW.stage_0.10                                                                                                                                                                                     1                            ROW.stage_0.10                                                                                                                                                                            
  ROW.stage_0.11                                                                                                                                                                                     1                            ROW.stage_0.11                                                                                                                                                                            
  ROW.stage_0.12                                                                                                                                                                                     1                            ROW.stage_0.12                                                                                                                                                                            
  ROW.stage_0.13                                                                                                                                                                                     1                            ROW.stage_0.13                                                                                                                                                                            
  ROW.stage_0.14                                                                                                                                                                                     1                            ROW.stage_0.14                                                                                                                                                                            
  ROW.stage_0.15                                                                                                                                                                                     1                            ROW.stage_0.15                                                                                                                                                                            
  ROW.stage_0.16                                                                                                                                                                                     1                            ROW.stage_0.16                                                                                                                                                                            
  ROW.stage_0.17                                                                                                                                                                                     1                            ROW.stage_0.17                                                                                                                                                                            
  ROW.stage_0.18                                                                                                                                                                                     1                            ROW.stage_0.18                                                                                                                                                                            
  ROW.stage_0.19                                                                                                                                                                                     1                            ROW.stage_0.19                                                                                                                                                                            
  ROW.stage_0.2                                                                                                                                                                                      1                            ROW.stage_0.2                                                                                                                                                                             
  ROW.stage_0.20                                                                                                                                                                                     1                            ROW.stage_0.20                                                                                                                                                                            
  ROW.stage_0.21                                                                                                                                                                                     1                            ROW.stage_0.21                                                                                                                                                                            
  ROW.stage_0.22                                                                                                                                                                                     1                            ROW.stage_0.22                                                                                                                                                                            
  ROW.stage_0.23                                                                                                                                                                                     1                            ROW.stage_0.23                                                                                                                                                                            
  ROW.stage_0.24                                                                                                                                                                                     1                            ROW.stage_0.24                                                                                                                                                                            
  ROW.stage_0.25                                                                                                                                                                                     1                            ROW.stage_0.25                                                                                                                                                                            
  ROW.stage_0.3                                                                                                                                                                                      1                            ROW.stage_0.3                                                                                                                                                                             
  ROW.stage_0.4                                                                                                                                                                                      1                            ROW.stage_0.4                                                                                                                                                                             
  ROW.stage_0.5                                                                                                                                                                                      1                            ROW.stage_0.5                                                                                                                                                                             
  ROW.stage_0.6                                                                                                                                                                                      1                            ROW.stage_0.6                                                                                                                                                                             
  ROW.stage_0.7                                                                                                                                                                                      1                            ROW.stage_0.7                                                                                                                                                                             
  ROW.stage_0.8                                                                                                                                                                                      1                            ROW.stage_0.8                                                                                                                                                                             
  ROW.stage_0.9                                                                                                                                                                                      1                            ROW.stage_0.9                                                                                                                                                                             
  drf(_qr.lval)#1.smx#2(0).lpi#2.dfm.1                                                                                                                                                               1         Y           Y      drf(_qr.lval)#1.smx#2(0).lpi#2.dfm.1                                                                                                                                                      
  drf(_qr.lval)#1.smx#2(0).lpi#2.dfm.2                                                                                                                                                               1         Y           Y      drf(_qr.lval)#1.smx#2(0).lpi#2.dfm.2                                                                                                                                                      
  drf(_qr.lval)#1.smx#2(0).lpi#2.dfm.3                                                                                                                                                               1         Y           Y      drf(_qr.lval)#1.smx#2(0).lpi#2.dfm.3                                                                                                                                                      
  drf(_qr.lval)#1.smx#2(0).lpi#2.dfm.4                                                                                                                                                               1         Y           Y      drf(_qr.lval)#1.smx#2(0).lpi#2.dfm.4                                                                                                                                                      
  drf(_qr.lval)#1.smx#3(0).lpi#2.dfm.1                                                                                                                                                               1         Y           Y      drf(_qr.lval)#1.smx#3(0).lpi#2.dfm.1                                                                                                                                                      
  drf(_qr.lval)#1.smx#3(0).lpi#2.dfm.2                                                                                                                                                               1         Y           Y      drf(_qr.lval)#1.smx#3(0).lpi#2.dfm.2                                                                                                                                                      
  drf(_qr.lval)#1.smx#3(0).lpi#2.dfm.3                                                                                                                                                               1         Y           Y      drf(_qr.lval)#1.smx#3(0).lpi#2.dfm.3                                                                                                                                                      
  drf(_qr.lval)#1.smx#3(0).lpi#2.dfm.4                                                                                                                                                               1         Y           Y      drf(_qr.lval)#1.smx#3(0).lpi#2.dfm.4                                                                                                                                                      
  drf(_qr.lval)#1.smx(0).lpi#2.dfm.1                                                                                                                                                                 1         Y           Y      drf(_qr.lval)#1.smx(0).lpi#2.dfm.1                                                                                                                                                        
  drf(_qr.lval)#1.smx(0).lpi#2.dfm.2                                                                                                                                                                 1         Y           Y      drf(_qr.lval)#1.smx(0).lpi#2.dfm.2                                                                                                                                                        
  drf(_qr.lval)#1.smx(0).lpi#2.dfm.3                                                                                                                                                                 1         Y           Y      drf(_qr.lval)#1.smx(0).lpi#2.dfm.3                                                                                                                                                        
  drf(_qr.lval)#1.smx(0).lpi#2.dfm.4                                                                                                                                                                 1         Y           Y      drf(_qr.lval)#1.smx(0).lpi#2.dfm.4                                                                                                                                                        
  operator+<7,false>:acc.psp#1.sva.1(6)                                                                                                                                                              1         Y           Y      operator+<7,false>:acc.psp#1.sva.1(6)                                                                                                                                                     
  operator+<7,false>:acc.psp#2.sva.1(6)                                                                                                                                                              1         Y           Y      operator+<7,false>:acc.psp#2.sva.1(6)                                                                                                                                                     
  operator+<7,false>:acc.psp#3.sva.1(6)                                                                                                                                                              1         Y           Y      operator+<7,false>:acc.psp#3.sva.1(6)                                                                                                                                                     
  operator+<7,false>:acc.psp.sva.1(6)                                                                                                                                                                1         Y           Y      operator+<7,false>:acc.psp.sva.1(6)                                                                                                                                                       
  operator==<5,true>:return#10.sva.1                                                                                                                                                                 1         Y           Y      operator==<5,true>:return#10.sva.1                                                                                                                                                        
  operator==<5,true>:return#10.sva.2                                                                                                                                                                 1         Y           Y      operator==<5,true>:return#10.sva.2                                                                                                                                                        
  operator==<5,true>:return#10.sva.3                                                                                                                                                                 1         Y           Y      operator==<5,true>:return#10.sva.3                                                                                                                                                        
  operator==<5,true>:return#11.sva.1                                                                                                                                                                 1         Y           Y      operator==<5,true>:return#11.sva.1                                                                                                                                                        
  operator==<5,true>:return#11.sva.2                                                                                                                                                                 1         Y           Y      operator==<5,true>:return#11.sva.2                                                                                                                                                        
  operator==<5,true>:return#11.sva.3                                                                                                                                                                 1         Y           Y      operator==<5,true>:return#11.sva.3                                                                                                                                                        
  operator==<5,true>:return#12.sva.1                                                                                                                                                                 1         Y           Y      operator==<5,true>:return#12.sva.1                                                                                                                                                        
  operator==<5,true>:return#12.sva.2                                                                                                                                                                 1         Y           Y      operator==<5,true>:return#12.sva.2                                                                                                                                                        
  operator==<5,true>:return#12.sva.3                                                                                                                                                                 1         Y           Y      operator==<5,true>:return#12.sva.3                                                                                                                                                        
  operator==<5,true>:return#12.sva.4                                                                                                                                                                 1         Y           Y      operator==<5,true>:return#12.sva.4                                                                                                                                                        
  operator==<5,true>:return#13.sva.1                                                                                                                                                                 1         Y           Y      operator==<5,true>:return#13.sva.1                                                                                                                                                        
  operator==<5,true>:return#13.sva.2                                                                                                                                                                 1         Y           Y      operator==<5,true>:return#13.sva.2                                                                                                                                                        
  operator==<5,true>:return#13.sva.3                                                                                                                                                                 1         Y           Y      operator==<5,true>:return#13.sva.3                                                                                                                                                        
  operator==<5,true>:return#13.sva.4                                                                                                                                                                 1         Y           Y      operator==<5,true>:return#13.sva.4                                                                                                                                                        
  operator==<5,true>:return#13.sva.5                                                                                                                                                                 1         Y           Y      operator==<5,true>:return#13.sva.5                                                                                                                                                        
  operator==<5,true>:return#13.sva.6                                                                                                                                                                 1         Y           Y      operator==<5,true>:return#13.sva.6                                                                                                                                                        
  operator==<5,true>:return#13.sva.7                                                                                                                                                                 1         Y           Y      operator==<5,true>:return#13.sva.7                                                                                                                                                        
  operator==<5,true>:return#14.sva.1                                                                                                                                                                 1         Y           Y      operator==<5,true>:return#14.sva.1                                                                                                                                                        
  operator==<5,true>:return#14.sva.10                                                                                                                                                                1         Y           Y      operator==<5,true>:return#14.sva.10                                                                                                                                                       
  operator==<5,true>:return#14.sva.11                                                                                                                                                                1         Y           Y      operator==<5,true>:return#14.sva.11                                                                                                                                                       
  operator==<5,true>:return#14.sva.2                                                                                                                                                                 1         Y           Y      operator==<5,true>:return#14.sva.2                                                                                                                                                        
  operator==<5,true>:return#14.sva.3                                                                                                                                                                 1         Y           Y      operator==<5,true>:return#14.sva.3                                                                                                                                                        
  operator==<5,true>:return#14.sva.4                                                                                                                                                                 1         Y           Y      operator==<5,true>:return#14.sva.4                                                                                                                                                        
  operator==<5,true>:return#14.sva.5                                                                                                                                                                 1         Y           Y      operator==<5,true>:return#14.sva.5                                                                                                                                                        
  operator==<5,true>:return#14.sva.6                                                                                                                                                                 1         Y           Y      operator==<5,true>:return#14.sva.6                                                                                                                                                        
  operator==<5,true>:return#14.sva.7                                                                                                                                                                 1         Y           Y      operator==<5,true>:return#14.sva.7                                                                                                                                                        
  operator==<5,true>:return#14.sva.8                                                                                                                                                                 1         Y           Y      operator==<5,true>:return#14.sva.8                                                                                                                                                        
  operator==<5,true>:return#14.sva.9                                                                                                                                                                 1         Y           Y      operator==<5,true>:return#14.sva.9                                                                                                                                                        
  operator==<5,true>:return#2.sva.1                                                                                                                                                                  1         Y           Y      operator==<5,true>:return#2.sva.1                                                                                                                                                         
  operator==<5,true>:return#2.sva.2                                                                                                                                                                  1         Y           Y      operator==<5,true>:return#2.sva.2                                                                                                                                                         
  operator==<5,true>:return#2.sva.3                                                                                                                                                                  1         Y           Y      operator==<5,true>:return#2.sva.3                                                                                                                                                         
  operator==<5,true>:return#3.sva.1                                                                                                                                                                  1         Y           Y      operator==<5,true>:return#3.sva.1                                                                                                                                                         
  operator==<5,true>:return#3.sva.10                                                                                                                                                                 1         Y           Y      operator==<5,true>:return#3.sva.10                                                                                                                                                        
  operator==<5,true>:return#3.sva.11                                                                                                                                                                 1         Y           Y      operator==<5,true>:return#3.sva.11                                                                                                                                                        
  operator==<5,true>:return#3.sva.12                                                                                                                                                                 1         Y           Y      operator==<5,true>:return#3.sva.12                                                                                                                                                        
  operator==<5,true>:return#3.sva.13                                                                                                                                                                 1         Y           Y      operator==<5,true>:return#3.sva.13                                                                                                                                                        
  operator==<5,true>:return#3.sva.14                                                                                                                                                                 1         Y           Y      operator==<5,true>:return#3.sva.14                                                                                                                                                        
  operator==<5,true>:return#3.sva.15                                                                                                                                                                 1         Y           Y      operator==<5,true>:return#3.sva.15                                                                                                                                                        
  operator==<5,true>:return#3.sva.2                                                                                                                                                                  1         Y           Y      operator==<5,true>:return#3.sva.2                                                                                                                                                         
  operator==<5,true>:return#3.sva.3                                                                                                                                                                  1         Y           Y      operator==<5,true>:return#3.sva.3                                                                                                                                                         
  operator==<5,true>:return#3.sva.4                                                                                                                                                                  1         Y           Y      operator==<5,true>:return#3.sva.4                                                                                                                                                         
  operator==<5,true>:return#3.sva.5                                                                                                                                                                  1         Y           Y      operator==<5,true>:return#3.sva.5                                                                                                                                                         
  operator==<5,true>:return#3.sva.6                                                                                                                                                                  1         Y           Y      operator==<5,true>:return#3.sva.6                                                                                                                                                         
  operator==<5,true>:return#3.sva.7                                                                                                                                                                  1         Y           Y      operator==<5,true>:return#3.sva.7                                                                                                                                                         
  operator==<5,true>:return#3.sva.8                                                                                                                                                                  1         Y           Y      operator==<5,true>:return#3.sva.8                                                                                                                                                         
  operator==<5,true>:return#3.sva.9                                                                                                                                                                  1         Y           Y      operator==<5,true>:return#3.sva.9                                                                                                                                                         
  reg(C.d.triosy:obj.ld).cse                                                                                                                                                                         1                            reg(C.d.triosy:obj.ld).cse                                                                                                                                                                
  return.add_generic<AC_RND_CONV,false>:do_sub#2.sva.7                                                                                                                                               1         Y           Y      return.add_generic<AC_RND_CONV,false>:do_sub#2.sva.7                                                                                                                                      
  return.add_generic<AC_RND_CONV,false>:do_sub#2.sva.8                                                                                                                                               1         Y           Y      return.add_generic<AC_RND_CONV,false>:do_sub#2.sva.8                                                                                                                                      
  return.add_generic<AC_RND_CONV,false>:do_sub#2.sva.9                                                                                                                                               1         Y           Y      return.add_generic<AC_RND_CONV,false>:do_sub#2.sva.9                                                                                                                                      
  return.add_generic<AC_RND_CONV,false>:do_sub#2.sva.st.1                                                                                                                                            1         Y           Y      return.add_generic<AC_RND_CONV,false>:do_sub#2.sva.st.1                                                                                                                                   
  return.add_generic<AC_RND_CONV,false>:do_sub#2.sva.st.2                                                                                                                                            1         Y           Y      return.add_generic<AC_RND_CONV,false>:do_sub#2.sva.st.2                                                                                                                                   
  return.add_generic<AC_RND_CONV,false>:do_sub#2.sva.st.3                                                                                                                                            1         Y           Y      return.add_generic<AC_RND_CONV,false>:do_sub#2.sva.st.3                                                                                                                                   
  return.add_generic<AC_RND_CONV,false>:do_sub#2.sva.st.4                                                                                                                                            1         Y           Y      return.add_generic<AC_RND_CONV,false>:do_sub#2.sva.st.4                                                                                                                                   
  return.add_generic<AC_RND_CONV,false>:do_sub#2.sva.st.5                                                                                                                                            1         Y           Y      return.add_generic<AC_RND_CONV,false>:do_sub#2.sva.st.5                                                                                                                                   
  return.add_generic<AC_RND_CONV,false>:do_sub#2.sva.st.6                                                                                                                                            1         Y           Y      return.add_generic<AC_RND_CONV,false>:do_sub#2.sva.st.6                                                                                                                                   
  return.add_generic<AC_RND_CONV,false>:do_sub#3.sva.7                                                                                                                                               1         Y           Y      return.add_generic<AC_RND_CONV,false>:do_sub#3.sva.7                                                                                                                                      
  return.add_generic<AC_RND_CONV,false>:do_sub#3.sva.8                                                                                                                                               1         Y           Y      return.add_generic<AC_RND_CONV,false>:do_sub#3.sva.8                                                                                                                                      
  return.add_generic<AC_RND_CONV,false>:do_sub#3.sva.9                                                                                                                                               1         Y           Y      return.add_generic<AC_RND_CONV,false>:do_sub#3.sva.9                                                                                                                                      
  return.add_generic<AC_RND_CONV,false>:do_sub#3.sva.st.1                                                                                                                                            1         Y           Y      return.add_generic<AC_RND_CONV,false>:do_sub#3.sva.st.1                                                                                                                                   
  return.add_generic<AC_RND_CONV,false>:do_sub#3.sva.st.2                                                                                                                                            1         Y           Y      return.add_generic<AC_RND_CONV,false>:do_sub#3.sva.st.2                                                                                                                                   
  return.add_generic<AC_RND_CONV,false>:do_sub#3.sva.st.3                                                                                                                                            1         Y           Y      return.add_generic<AC_RND_CONV,false>:do_sub#3.sva.st.3                                                                                                                                   
  return.add_generic<AC_RND_CONV,false>:do_sub#3.sva.st.4                                                                                                                                            1         Y           Y      return.add_generic<AC_RND_CONV,false>:do_sub#3.sva.st.4                                                                                                                                   
  return.add_generic<AC_RND_CONV,false>:do_sub#3.sva.st.5                                                                                                                                            1         Y           Y      return.add_generic<AC_RND_CONV,false>:do_sub#3.sva.st.5                                                                                                                                   
  return.add_generic<AC_RND_CONV,false>:do_sub#3.sva.st.6                                                                                                                                            1         Y           Y      return.add_generic<AC_RND_CONV,false>:do_sub#3.sva.st.6                                                                                                                                   
  return.add_generic<AC_RND_CONV,false>:do_sub.sva.7                                                                                                                                                 1         Y           Y      return.add_generic<AC_RND_CONV,false>:do_sub.sva.7                                                                                                                                        
  return.add_generic<AC_RND_CONV,false>:do_sub.sva.8                                                                                                                                                 1         Y           Y      return.add_generic<AC_RND_CONV,false>:do_sub.sva.8                                                                                                                                        
  return.add_generic<AC_RND_CONV,false>:do_sub.sva.9                                                                                                                                                 1         Y           Y      return.add_generic<AC_RND_CONV,false>:do_sub.sva.9                                                                                                                                        
  return.add_generic<AC_RND_CONV,false>:do_sub.sva.st.1                                                                                                                                              1         Y           Y      return.add_generic<AC_RND_CONV,false>:do_sub.sva.st.1                                                                                                                                     
  return.add_generic<AC_RND_CONV,false>:do_sub.sva.st.2                                                                                                                                              1         Y           Y      return.add_generic<AC_RND_CONV,false>:do_sub.sva.st.2                                                                                                                                     
  return.add_generic<AC_RND_CONV,false>:do_sub.sva.st.3                                                                                                                                              1         Y           Y      return.add_generic<AC_RND_CONV,false>:do_sub.sva.st.3                                                                                                                                     
  return.add_generic<AC_RND_CONV,false>:do_sub.sva.st.4                                                                                                                                              1         Y           Y      return.add_generic<AC_RND_CONV,false>:do_sub.sva.st.4                                                                                                                                     
  return.add_generic<AC_RND_CONV,false>:do_sub.sva.st.5                                                                                                                                              1         Y           Y      return.add_generic<AC_RND_CONV,false>:do_sub.sva.st.5                                                                                                                                     
  return.add_generic<AC_RND_CONV,false>:do_sub.sva.st.6                                                                                                                                              1         Y           Y      return.add_generic<AC_RND_CONV,false>:do_sub.sva.st.6                                                                                                                                     
  return.add_generic<AC_RND_CONV,false>:e_r:qelse:return.add_generic<AC_RND_CONV,false>:e_r:qelse:and#1.itm.1                                                                                        1         Y           Y      return.add_generic<AC_RND_CONV,false>:e_r:qelse:return.add_generic<AC_RND_CONV,false>:e_r:qelse:and#1.itm.1                                                                               
  return.add_generic<AC_RND_CONV,false>:e_r:qelse:return.add_generic<AC_RND_CONV,false>:e_r:qelse:and#3.itm.1                                                                                        1         Y           Y      return.add_generic<AC_RND_CONV,false>:e_r:qelse:return.add_generic<AC_RND_CONV,false>:e_r:qelse:and#3.itm.1                                                                               
  return.add_generic<AC_RND_CONV,false>:e_r:qelse:return.add_generic<AC_RND_CONV,false>:e_r:qelse:and#5.itm.1                                                                                        1         Y           Y      return.add_generic<AC_RND_CONV,false>:e_r:qelse:return.add_generic<AC_RND_CONV,false>:e_r:qelse:and#5.itm.1                                                                               
  return.add_generic<AC_RND_CONV,false>:e_r:qelse:return.add_generic<AC_RND_CONV,false>:e_r:qelse:and#7.itm.1                                                                                        1         Y           Y      return.add_generic<AC_RND_CONV,false>:e_r:qelse:return.add_generic<AC_RND_CONV,false>:e_r:qelse:and#7.itm.1                                                                               
  return.add_generic<AC_RND_CONV,false>:else#4:unequal.tmp                                                                                                                                           1         Y           Y      return.add_generic<AC_RND_CONV,false>:else#4:unequal.tmp                                                                                                                                  
  return.add_generic<AC_RND_CONV,false>:else#4:unequal.tmp#1                                                                                                                                         1         Y           Y      return.add_generic<AC_RND_CONV,false>:else#4:unequal.tmp#1                                                                                                                                
  return.add_generic<AC_RND_CONV,false>:else#4:unequal.tmp#2                                                                                                                                         1         Y           Y      return.add_generic<AC_RND_CONV,false>:else#4:unequal.tmp#2                                                                                                                                
  return.add_generic<AC_RND_CONV,false>:else#4:unequal.tmp#3                                                                                                                                         1         Y           Y      return.add_generic<AC_RND_CONV,false>:else#4:unequal.tmp#3                                                                                                                                
  return.add_generic<AC_RND_CONV,false>:exception#1.sva.1                                                                                                                                            1         Y           Y      return.add_generic<AC_RND_CONV,false>:exception#1.sva.1                                                                                                                                   
  return.add_generic<AC_RND_CONV,false>:exception#2.sva.1                                                                                                                                            1         Y           Y      return.add_generic<AC_RND_CONV,false>:exception#2.sva.1                                                                                                                                   
  return.add_generic<AC_RND_CONV,false>:exception#3.sva.1                                                                                                                                            1         Y           Y      return.add_generic<AC_RND_CONV,false>:exception#3.sva.1                                                                                                                                   
  return.add_generic<AC_RND_CONV,false>:exception.sva.1                                                                                                                                              1         Y           Y      return.add_generic<AC_RND_CONV,false>:exception.sva.1                                                                                                                                     
  return.add_generic<AC_RND_CONV,false>:if#4:slc(return.add_generic<AC_RND_CONV,false>:acc#2)(5).mdf#1.sva.1                                                                                         1         Y           Y      return.add_generic<AC_RND_CONV,false>:if#4:slc(return.add_generic<AC_RND_CONV,false>:acc#2)(5).mdf#1.sva.1                                                                                
  return.add_generic<AC_RND_CONV,false>:if#4:slc(return.add_generic<AC_RND_CONV,false>:acc#2)(5).mdf#2.sva.1                                                                                         1         Y           Y      return.add_generic<AC_RND_CONV,false>:if#4:slc(return.add_generic<AC_RND_CONV,false>:acc#2)(5).mdf#2.sva.1                                                                                
  return.add_generic<AC_RND_CONV,false>:if#4:slc(return.add_generic<AC_RND_CONV,false>:acc#2)(5).mdf#3.sva.1                                                                                         1         Y           Y      return.add_generic<AC_RND_CONV,false>:if#4:slc(return.add_generic<AC_RND_CONV,false>:acc#2)(5).mdf#3.sva.1                                                                                
  return.add_generic<AC_RND_CONV,false>:if#4:slc(return.add_generic<AC_RND_CONV,false>:acc#2)(5).mdf.sva.1                                                                                           1         Y           Y      return.add_generic<AC_RND_CONV,false>:if#4:slc(return.add_generic<AC_RND_CONV,false>:acc#2)(5).mdf.sva.1                                                                                  
  return.add_generic<AC_RND_CONV,false>:ls#2.sva.2.rsp.0                                                                                                                                             1         Y           Y      return.add_generic<AC_RND_CONV,false>:ls#2.sva.2                                                                                                                                          
                                                                                                                                                                                                                                  return.add_generic<AC_RND_CONV,false>:exp:slc(drf(_qr.lval)#1.smx#2(4:1))(2-0).itm.1                                                                                                      
  return.add_generic<AC_RND_CONV,false>:ls#3.sva.2.rsp.0                                                                                                                                             1         Y           Y      return.add_generic<AC_RND_CONV,false>:ls#3.sva.2                                                                                                                                          
                                                                                                                                                                                                                                  return.add_generic<AC_RND_CONV,false>:exp:slc(drf(_qr.lval)#1.smx#3(4:1))(2-0).itm.1                                                                                                      
  return.add_generic<AC_RND_CONV,false>:ls.sva.2.rsp.0                                                                                                                                               1         Y           Y      return.add_generic<AC_RND_CONV,false>:ls.sva.2                                                                                                                                            
                                                                                                                                                                                                                                  return.add_generic<AC_RND_CONV,false>:exp:slc(drf(_qr.lval)#1.smx(4:1))(2-0).itm.1                                                                                                        
  return.add_generic<AC_RND_CONV,false>:m_r(9)#1.lpi#2.dfm.1                                                                                                                                         1         Y           Y      return.add_generic<AC_RND_CONV,false>:m_r(9)#1.lpi#2.dfm.1                                                                                                                                
  return.add_generic<AC_RND_CONV,false>:m_r(9)#2.lpi#2.dfm.1                                                                                                                                         1         Y           Y      return.add_generic<AC_RND_CONV,false>:m_r(9)#2.lpi#2.dfm.1                                                                                                                                
  return.add_generic<AC_RND_CONV,false>:m_r(9)#3.lpi#2.dfm.1                                                                                                                                         1         Y           Y      return.add_generic<AC_RND_CONV,false>:m_r(9)#3.lpi#2.dfm.1                                                                                                                                
  return.add_generic<AC_RND_CONV,false>:mux#76.itm.1                                                                                                                                                 1         Y           Y      return.add_generic<AC_RND_CONV,false>:mux#76.itm.1                                                                                                                                        
  return.add_generic<AC_RND_CONV,false>:mux#76.itm.2                                                                                                                                                 1         Y           Y      return.add_generic<AC_RND_CONV,false>:mux#76.itm.2                                                                                                                                        
  return.add_generic<AC_RND_CONV,false>:mux#76.itm.3                                                                                                                                                 1         Y           Y      return.add_generic<AC_RND_CONV,false>:mux#76.itm.3                                                                                                                                        
  return.add_generic<AC_RND_CONV,false>:mux#76.itm.4                                                                                                                                                 1         Y           Y      return.add_generic<AC_RND_CONV,false>:mux#76.itm.4                                                                                                                                        
  return.add_generic<AC_RND_CONV,false>:mux#76.itm.5#1                                                                                                                                               1         Y           Y      return.add_generic<AC_RND_CONV,false>:mux#76.itm.5#1                                                                                                                                      
  return.add_generic<AC_RND_CONV,false>:op1_inf#1.sva.1                                                                                                                                              1         Y           Y      return.add_generic<AC_RND_CONV,false>:op1_inf#1.sva.1                                                                                                                                     
  return.add_generic<AC_RND_CONV,false>:op1_inf#2.sva.1                                                                                                                                              1         Y           Y      return.add_generic<AC_RND_CONV,false>:op1_inf#2.sva.1                                                                                                                                     
  return.add_generic<AC_RND_CONV,false>:op1_inf.sva.1                                                                                                                                                1         Y           Y      return.add_generic<AC_RND_CONV,false>:op1_inf.sva.1                                                                                                                                       
  return.add_generic<AC_RND_CONV,false>:op1_nan#1.sva.1                                                                                                                                              1         Y           Y      return.add_generic<AC_RND_CONV,false>:op1_nan#1.sva.1                                                                                                                                     
  return.add_generic<AC_RND_CONV,false>:op1_nan#2.sva.1                                                                                                                                              1         Y           Y      return.add_generic<AC_RND_CONV,false>:op1_nan#2.sva.1                                                                                                                                     
  return.add_generic<AC_RND_CONV,false>:op1_nan.sva.1                                                                                                                                                1         Y           Y      return.add_generic<AC_RND_CONV,false>:op1_nan.sva.1                                                                                                                                       
  return.add_generic<AC_RND_CONV,false>:op1_smaller:lor#1.lpi#2.dfm#1.1                                                                                                                              1         Y           Y      return.add_generic<AC_RND_CONV,false>:op1_smaller:lor#1.lpi#2.dfm#1.1                                                                                                                     
  return.add_generic<AC_RND_CONV,false>:op2_inf#2.sva.1                                                                                                                                              1         Y           Y      return.add_generic<AC_RND_CONV,false>:op2_inf#2.sva.1                                                                                                                                     
  return.add_generic<AC_RND_CONV,false>:op2_inf#2.sva.2                                                                                                                                              1         Y           Y      return.add_generic<AC_RND_CONV,false>:op2_inf#2.sva.2                                                                                                                                     
  return.add_generic<AC_RND_CONV,false>:op2_inf#3.sva.1                                                                                                                                              1         Y           Y      return.add_generic<AC_RND_CONV,false>:op2_inf#3.sva.1                                                                                                                                     
  return.add_generic<AC_RND_CONV,false>:op2_inf#3.sva.2                                                                                                                                              1         Y           Y      return.add_generic<AC_RND_CONV,false>:op2_inf#3.sva.2                                                                                                                                     
  return.add_generic<AC_RND_CONV,false>:op2_inf#3.sva.3                                                                                                                                              1         Y           Y      return.add_generic<AC_RND_CONV,false>:op2_inf#3.sva.3                                                                                                                                     
  return.add_generic<AC_RND_CONV,false>:op2_inf.sva.1                                                                                                                                                1         Y           Y      return.add_generic<AC_RND_CONV,false>:op2_inf.sva.1                                                                                                                                       
  return.add_generic<AC_RND_CONV,false>:op2_inf.sva.2                                                                                                                                                1         Y           Y      return.add_generic<AC_RND_CONV,false>:op2_inf.sva.2                                                                                                                                       
  return.add_generic<AC_RND_CONV,false>:op2_inf.sva.3                                                                                                                                                1         Y           Y      return.add_generic<AC_RND_CONV,false>:op2_inf.sva.3                                                                                                                                       
  return.add_generic<AC_RND_CONV,false>:op2_inf.sva.4                                                                                                                                                1         Y           Y      return.add_generic<AC_RND_CONV,false>:op2_inf.sva.4                                                                                                                                       
  return.add_generic<AC_RND_CONV,false>:op2_mu#1(0)#1.lpi#2.dfm.1                                                                                                                                    1         Y           Y      return.add_generic<AC_RND_CONV,false>:op2_mu#1(0)#1.lpi#2.dfm.1                                                                                                                           
  return.add_generic<AC_RND_CONV,false>:op2_mu#1(10)#1.lpi#2.dfm.1                                                                                                                                   1         Y           Y      return.add_generic<AC_RND_CONV,false>:op2_mu#1(10)#1.lpi#2.dfm.1                                                                                                                          
  return.add_generic<AC_RND_CONV,false>:op2_mu#1(10)#2.lpi#2.dfm.1                                                                                                                                   1         Y           Y      return.add_generic<AC_RND_CONV,false>:op2_mu#1(10)#2.lpi#2.dfm.1                                                                                                                          
  return.add_generic<AC_RND_CONV,false>:op2_mu#1(10)#2.lpi#2.dfm.2                                                                                                                                   1         Y           Y      return.add_generic<AC_RND_CONV,false>:op2_mu#1(10)#2.lpi#2.dfm.2                                                                                                                          
  return.add_generic<AC_RND_CONV,false>:op2_mu#1(10)#2.lpi#2.dfm.3                                                                                                                                   1         Y           Y      return.add_generic<AC_RND_CONV,false>:op2_mu#1(10)#2.lpi#2.dfm.3                                                                                                                          
  return.add_generic<AC_RND_CONV,false>:op2_mu#1(10)#2.lpi#2.dfm.4                                                                                                                                   1         Y           Y      return.add_generic<AC_RND_CONV,false>:op2_mu#1(10)#2.lpi#2.dfm.4                                                                                                                          
  return.add_generic<AC_RND_CONV,false>:op2_mu#1(10)#2.lpi#2.dfm.5                                                                                                                                   1         Y           Y      return.add_generic<AC_RND_CONV,false>:op2_mu#1(10)#2.lpi#2.dfm.5                                                                                                                          
  return.add_generic<AC_RND_CONV,false>:op2_mu#1(10)#3.lpi#2.dfm.1                                                                                                                                   1         Y           Y      return.add_generic<AC_RND_CONV,false>:op2_mu#1(10)#3.lpi#2.dfm.1                                                                                                                          
  return.add_generic<AC_RND_CONV,false>:op2_mu#1(10)#3.lpi#2.dfm.10                                                                                                                                  1         Y           Y      return.add_generic<AC_RND_CONV,false>:op2_mu#1(10)#3.lpi#2.dfm.10                                                                                                                         
  return.add_generic<AC_RND_CONV,false>:op2_mu#1(10)#3.lpi#2.dfm.2                                                                                                                                   1         Y           Y      return.add_generic<AC_RND_CONV,false>:op2_mu#1(10)#3.lpi#2.dfm.2                                                                                                                          
  return.add_generic<AC_RND_CONV,false>:op2_mu#1(10)#3.lpi#2.dfm.3                                                                                                                                   1         Y           Y      return.add_generic<AC_RND_CONV,false>:op2_mu#1(10)#3.lpi#2.dfm.3                                                                                                                          
  return.add_generic<AC_RND_CONV,false>:op2_mu#1(10)#3.lpi#2.dfm.4                                                                                                                                   1         Y           Y      return.add_generic<AC_RND_CONV,false>:op2_mu#1(10)#3.lpi#2.dfm.4                                                                                                                          
  return.add_generic<AC_RND_CONV,false>:op2_mu#1(10)#3.lpi#2.dfm.5                                                                                                                                   1         Y           Y      return.add_generic<AC_RND_CONV,false>:op2_mu#1(10)#3.lpi#2.dfm.5                                                                                                                          
  return.add_generic<AC_RND_CONV,false>:op2_mu#1(10)#3.lpi#2.dfm.6                                                                                                                                   1         Y           Y      return.add_generic<AC_RND_CONV,false>:op2_mu#1(10)#3.lpi#2.dfm.6                                                                                                                          
  return.add_generic<AC_RND_CONV,false>:op2_mu#1(10)#3.lpi#2.dfm.7                                                                                                                                   1         Y           Y      return.add_generic<AC_RND_CONV,false>:op2_mu#1(10)#3.lpi#2.dfm.7                                                                                                                          
  return.add_generic<AC_RND_CONV,false>:op2_mu#1(10)#3.lpi#2.dfm.8                                                                                                                                   1         Y           Y      return.add_generic<AC_RND_CONV,false>:op2_mu#1(10)#3.lpi#2.dfm.8                                                                                                                          
  return.add_generic<AC_RND_CONV,false>:op2_mu#1(10)#3.lpi#2.dfm.9                                                                                                                                   1         Y           Y      return.add_generic<AC_RND_CONV,false>:op2_mu#1(10)#3.lpi#2.dfm.9                                                                                                                          
  return.add_generic<AC_RND_CONV,false>:op2_mu#1(10).lpi#2.dfm.1                                                                                                                                     1         Y           Y      return.add_generic<AC_RND_CONV,false>:op2_mu#1(10).lpi#2.dfm.1                                                                                                                            
  return.add_generic<AC_RND_CONV,false>:op2_mu#1(10).lpi#2.dfm.10                                                                                                                                    1         Y           Y      return.add_generic<AC_RND_CONV,false>:op2_mu#1(10).lpi#2.dfm.10                                                                                                                           
  return.add_generic<AC_RND_CONV,false>:op2_mu#1(10).lpi#2.dfm.11                                                                                                                                    1         Y           Y      return.add_generic<AC_RND_CONV,false>:op2_mu#1(10).lpi#2.dfm.11                                                                                                                           
  return.add_generic<AC_RND_CONV,false>:op2_mu#1(10).lpi#2.dfm.12                                                                                                                                    1         Y           Y      return.add_generic<AC_RND_CONV,false>:op2_mu#1(10).lpi#2.dfm.12                                                                                                                           
  return.add_generic<AC_RND_CONV,false>:op2_mu#1(10).lpi#2.dfm.13                                                                                                                                    1         Y           Y      return.add_generic<AC_RND_CONV,false>:op2_mu#1(10).lpi#2.dfm.13                                                                                                                           
  return.add_generic<AC_RND_CONV,false>:op2_mu#1(10).lpi#2.dfm.14                                                                                                                                    1         Y           Y      return.add_generic<AC_RND_CONV,false>:op2_mu#1(10).lpi#2.dfm.14                                                                                                                           
  return.add_generic<AC_RND_CONV,false>:op2_mu#1(10).lpi#2.dfm.15                                                                                                                                    1         Y           Y      return.add_generic<AC_RND_CONV,false>:op2_mu#1(10).lpi#2.dfm.15                                                                                                                           
  return.add_generic<AC_RND_CONV,false>:op2_mu#1(10).lpi#2.dfm.2                                                                                                                                     1         Y           Y      return.add_generic<AC_RND_CONV,false>:op2_mu#1(10).lpi#2.dfm.2                                                                                                                            
  return.add_generic<AC_RND_CONV,false>:op2_mu#1(10).lpi#2.dfm.3                                                                                                                                     1         Y           Y      return.add_generic<AC_RND_CONV,false>:op2_mu#1(10).lpi#2.dfm.3                                                                                                                            
  return.add_generic<AC_RND_CONV,false>:op2_mu#1(10).lpi#2.dfm.4                                                                                                                                     1         Y           Y      return.add_generic<AC_RND_CONV,false>:op2_mu#1(10).lpi#2.dfm.4                                                                                                                            
  return.add_generic<AC_RND_CONV,false>:op2_mu#1(10).lpi#2.dfm.5                                                                                                                                     1         Y           Y      return.add_generic<AC_RND_CONV,false>:op2_mu#1(10).lpi#2.dfm.5                                                                                                                            
  return.add_generic<AC_RND_CONV,false>:op2_mu#1(10).lpi#2.dfm.6                                                                                                                                     1         Y           Y      return.add_generic<AC_RND_CONV,false>:op2_mu#1(10).lpi#2.dfm.6                                                                                                                            
  return.add_generic<AC_RND_CONV,false>:op2_mu#1(10).lpi#2.dfm.7                                                                                                                                     1         Y           Y      return.add_generic<AC_RND_CONV,false>:op2_mu#1(10).lpi#2.dfm.7                                                                                                                            
  return.add_generic<AC_RND_CONV,false>:op2_mu#1(10).lpi#2.dfm.8                                                                                                                                     1         Y           Y      return.add_generic<AC_RND_CONV,false>:op2_mu#1(10).lpi#2.dfm.8                                                                                                                            
  return.add_generic<AC_RND_CONV,false>:op2_mu#1(10).lpi#2.dfm.9                                                                                                                                     1         Y           Y      return.add_generic<AC_RND_CONV,false>:op2_mu#1(10).lpi#2.dfm.9                                                                                                                            
  return.add_generic<AC_RND_CONV,false>:op2_mu#1(9)#1.lpi#2.dfm.1                                                                                                                                    1         Y           Y      return.add_generic<AC_RND_CONV,false>:op2_mu#1(9)#1.lpi#2.dfm.1                                                                                                                           
  return.add_generic<AC_RND_CONV,false>:op2_mu#1(9)#2.lpi#2.dfm.1                                                                                                                                    1         Y           Y      return.add_generic<AC_RND_CONV,false>:op2_mu#1(9)#2.lpi#2.dfm.1                                                                                                                           
  return.add_generic<AC_RND_CONV,false>:op2_mu#1(9)#2.lpi#2.dfm.2                                                                                                                                    1         Y           Y      return.add_generic<AC_RND_CONV,false>:op2_mu#1(9)#2.lpi#2.dfm.2                                                                                                                           
  return.add_generic<AC_RND_CONV,false>:op2_mu#1(9)#2.lpi#2.dfm.3                                                                                                                                    1         Y           Y      return.add_generic<AC_RND_CONV,false>:op2_mu#1(9)#2.lpi#2.dfm.3                                                                                                                           
  return.add_generic<AC_RND_CONV,false>:op2_mu#1(9)#2.lpi#2.dfm.4                                                                                                                                    1         Y           Y      return.add_generic<AC_RND_CONV,false>:op2_mu#1(9)#2.lpi#2.dfm.4                                                                                                                           
  return.add_generic<AC_RND_CONV,false>:op2_mu#1(9)#2.lpi#2.dfm.5                                                                                                                                    1         Y           Y      return.add_generic<AC_RND_CONV,false>:op2_mu#1(9)#2.lpi#2.dfm.5                                                                                                                           
  return.add_generic<AC_RND_CONV,false>:op2_mu#1(9)#3.lpi#2.dfm.1                                                                                                                                    1         Y           Y      return.add_generic<AC_RND_CONV,false>:op2_mu#1(9)#3.lpi#2.dfm.1                                                                                                                           
  return.add_generic<AC_RND_CONV,false>:op2_mu#1(9)#3.lpi#2.dfm.10                                                                                                                                   1         Y           Y      return.add_generic<AC_RND_CONV,false>:op2_mu#1(9)#3.lpi#2.dfm.10                                                                                                                          
  return.add_generic<AC_RND_CONV,false>:op2_mu#1(9)#3.lpi#2.dfm.2                                                                                                                                    1         Y           Y      return.add_generic<AC_RND_CONV,false>:op2_mu#1(9)#3.lpi#2.dfm.2                                                                                                                           
  return.add_generic<AC_RND_CONV,false>:op2_mu#1(9)#3.lpi#2.dfm.3                                                                                                                                    1         Y           Y      return.add_generic<AC_RND_CONV,false>:op2_mu#1(9)#3.lpi#2.dfm.3                                                                                                                           
  return.add_generic<AC_RND_CONV,false>:op2_mu#1(9)#3.lpi#2.dfm.4                                                                                                                                    1         Y           Y      return.add_generic<AC_RND_CONV,false>:op2_mu#1(9)#3.lpi#2.dfm.4                                                                                                                           
  return.add_generic<AC_RND_CONV,false>:op2_mu#1(9)#3.lpi#2.dfm.5                                                                                                                                    1         Y           Y      return.add_generic<AC_RND_CONV,false>:op2_mu#1(9)#3.lpi#2.dfm.5                                                                                                                           
  return.add_generic<AC_RND_CONV,false>:op2_mu#1(9)#3.lpi#2.dfm.6                                                                                                                                    1         Y           Y      return.add_generic<AC_RND_CONV,false>:op2_mu#1(9)#3.lpi#2.dfm.6                                                                                                                           
  return.add_generic<AC_RND_CONV,false>:op2_mu#1(9)#3.lpi#2.dfm.7                                                                                                                                    1         Y           Y      return.add_generic<AC_RND_CONV,false>:op2_mu#1(9)#3.lpi#2.dfm.7                                                                                                                           
  return.add_generic<AC_RND_CONV,false>:op2_mu#1(9)#3.lpi#2.dfm.8                                                                                                                                    1         Y           Y      return.add_generic<AC_RND_CONV,false>:op2_mu#1(9)#3.lpi#2.dfm.8                                                                                                                           
  return.add_generic<AC_RND_CONV,false>:op2_mu#1(9)#3.lpi#2.dfm.9                                                                                                                                    1         Y           Y      return.add_generic<AC_RND_CONV,false>:op2_mu#1(9)#3.lpi#2.dfm.9                                                                                                                           
  return.add_generic<AC_RND_CONV,false>:op2_mu#1(9).lpi#2.dfm.1                                                                                                                                      1         Y           Y      return.add_generic<AC_RND_CONV,false>:op2_mu#1(9).lpi#2.dfm.1                                                                                                                             
  return.add_generic<AC_RND_CONV,false>:op2_mu#1(9).lpi#2.dfm.10                                                                                                                                     1         Y           Y      return.add_generic<AC_RND_CONV,false>:op2_mu#1(9).lpi#2.dfm.10                                                                                                                            
  return.add_generic<AC_RND_CONV,false>:op2_mu#1(9).lpi#2.dfm.11                                                                                                                                     1         Y           Y      return.add_generic<AC_RND_CONV,false>:op2_mu#1(9).lpi#2.dfm.11                                                                                                                            
  return.add_generic<AC_RND_CONV,false>:op2_mu#1(9).lpi#2.dfm.12                                                                                                                                     1         Y           Y      return.add_generic<AC_RND_CONV,false>:op2_mu#1(9).lpi#2.dfm.12                                                                                                                            
  return.add_generic<AC_RND_CONV,false>:op2_mu#1(9).lpi#2.dfm.13                                                                                                                                     1         Y           Y      return.add_generic<AC_RND_CONV,false>:op2_mu#1(9).lpi#2.dfm.13                                                                                                                            
  return.add_generic<AC_RND_CONV,false>:op2_mu#1(9).lpi#2.dfm.14                                                                                                                                     1         Y           Y      return.add_generic<AC_RND_CONV,false>:op2_mu#1(9).lpi#2.dfm.14                                                                                                                            
  return.add_generic<AC_RND_CONV,false>:op2_mu#1(9).lpi#2.dfm.15                                                                                                                                     1         Y           Y      return.add_generic<AC_RND_CONV,false>:op2_mu#1(9).lpi#2.dfm.15                                                                                                                            
  return.add_generic<AC_RND_CONV,false>:op2_mu#1(9).lpi#2.dfm.2                                                                                                                                      1         Y           Y      return.add_generic<AC_RND_CONV,false>:op2_mu#1(9).lpi#2.dfm.2                                                                                                                             
  return.add_generic<AC_RND_CONV,false>:op2_mu#1(9).lpi#2.dfm.3                                                                                                                                      1         Y           Y      return.add_generic<AC_RND_CONV,false>:op2_mu#1(9).lpi#2.dfm.3                                                                                                                             
  return.add_generic<AC_RND_CONV,false>:op2_mu#1(9).lpi#2.dfm.4                                                                                                                                      1         Y           Y      return.add_generic<AC_RND_CONV,false>:op2_mu#1(9).lpi#2.dfm.4                                                                                                                             
  return.add_generic<AC_RND_CONV,false>:op2_mu#1(9).lpi#2.dfm.5                                                                                                                                      1         Y           Y      return.add_generic<AC_RND_CONV,false>:op2_mu#1(9).lpi#2.dfm.5                                                                                                                             
  return.add_generic<AC_RND_CONV,false>:op2_mu#1(9).lpi#2.dfm.6                                                                                                                                      1         Y           Y      return.add_generic<AC_RND_CONV,false>:op2_mu#1(9).lpi#2.dfm.6                                                                                                                             
  return.add_generic<AC_RND_CONV,false>:op2_mu#1(9).lpi#2.dfm.7                                                                                                                                      1         Y           Y      return.add_generic<AC_RND_CONV,false>:op2_mu#1(9).lpi#2.dfm.7                                                                                                                             
  return.add_generic<AC_RND_CONV,false>:op2_mu#1(9).lpi#2.dfm.8                                                                                                                                      1         Y           Y      return.add_generic<AC_RND_CONV,false>:op2_mu#1(9).lpi#2.dfm.8                                                                                                                             
  return.add_generic<AC_RND_CONV,false>:op2_mu#1(9).lpi#2.dfm.9                                                                                                                                      1         Y           Y      return.add_generic<AC_RND_CONV,false>:op2_mu#1(9).lpi#2.dfm.9                                                                                                                             
  return.add_generic<AC_RND_CONV,false>:op2_nan#2.sva.1                                                                                                                                              1         Y           Y      return.add_generic<AC_RND_CONV,false>:op2_nan#2.sva.1                                                                                                                                     
  return.add_generic<AC_RND_CONV,false>:op2_nan#2.sva.2                                                                                                                                              1         Y           Y      return.add_generic<AC_RND_CONV,false>:op2_nan#2.sva.2                                                                                                                                     
  return.add_generic<AC_RND_CONV,false>:op2_nan#3.sva.1                                                                                                                                              1         Y           Y      return.add_generic<AC_RND_CONV,false>:op2_nan#3.sva.1                                                                                                                                     
  return.add_generic<AC_RND_CONV,false>:op2_nan#3.sva.2                                                                                                                                              1         Y           Y      return.add_generic<AC_RND_CONV,false>:op2_nan#3.sva.2                                                                                                                                     
  return.add_generic<AC_RND_CONV,false>:op2_nan#3.sva.3                                                                                                                                              1         Y           Y      return.add_generic<AC_RND_CONV,false>:op2_nan#3.sva.3                                                                                                                                     
  return.add_generic<AC_RND_CONV,false>:op2_nan.sva.1                                                                                                                                                1         Y           Y      return.add_generic<AC_RND_CONV,false>:op2_nan.sva.1                                                                                                                                       
  return.add_generic<AC_RND_CONV,false>:op2_nan.sva.2                                                                                                                                                1         Y           Y      return.add_generic<AC_RND_CONV,false>:op2_nan.sva.2                                                                                                                                       
  return.add_generic<AC_RND_CONV,false>:op2_nan.sva.3                                                                                                                                                1         Y           Y      return.add_generic<AC_RND_CONV,false>:op2_nan.sva.3                                                                                                                                       
  return.add_generic<AC_RND_CONV,false>:op2_nan.sva.4                                                                                                                                                1         Y           Y      return.add_generic<AC_RND_CONV,false>:op2_nan.sva.4                                                                                                                                       
  return.add_generic<AC_RND_CONV,false>:op2_sign#1.sva.st.1                                                                                                                                          1         Y           Y      return.add_generic<AC_RND_CONV,false>:op2_sign#1.sva.st.1                                                                                                                                 
  return.add_generic<AC_RND_CONV,false>:op2_sign#1.sva.st.2                                                                                                                                          1         Y           Y      return.add_generic<AC_RND_CONV,false>:op2_sign#1.sva.st.2                                                                                                                                 
  return.add_generic<AC_RND_CONV,false>:op2_sign#1.sva.st.3                                                                                                                                          1         Y           Y      return.add_generic<AC_RND_CONV,false>:op2_sign#1.sva.st.3                                                                                                                                 
  return.add_generic<AC_RND_CONV,false>:op2_sign#1.sva.st.4                                                                                                                                          1         Y           Y      return.add_generic<AC_RND_CONV,false>:op2_sign#1.sva.st.4                                                                                                                                 
  return.add_generic<AC_RND_CONV,false>:op2_sign#2.sva.1                                                                                                                                             1         Y           Y      return.add_generic<AC_RND_CONV,false>:op2_sign#2.sva.1                                                                                                                                    
  return.add_generic<AC_RND_CONV,false>:op2_sign#2.sva.2                                                                                                                                             1         Y           Y      return.add_generic<AC_RND_CONV,false>:op2_sign#2.sva.2                                                                                                                                    
  return.add_generic<AC_RND_CONV,false>:op2_sign#2.sva.3                                                                                                                                             1         Y           Y      return.add_generic<AC_RND_CONV,false>:op2_sign#2.sva.3                                                                                                                                    
  return.add_generic<AC_RND_CONV,false>:op2_sign#2.sva.4                                                                                                                                             1         Y           Y      return.add_generic<AC_RND_CONV,false>:op2_sign#2.sva.4                                                                                                                                    
  return.add_generic<AC_RND_CONV,false>:op2_sign#2.sva.5                                                                                                                                             1         Y           Y      return.add_generic<AC_RND_CONV,false>:op2_sign#2.sva.5                                                                                                                                    
  return.add_generic<AC_RND_CONV,false>:op2_sign#2.sva.6                                                                                                                                             1         Y           Y      return.add_generic<AC_RND_CONV,false>:op2_sign#2.sva.6                                                                                                                                    
  return.add_generic<AC_RND_CONV,false>:op2_sign#3.sva.1                                                                                                                                             1         Y           Y      return.add_generic<AC_RND_CONV,false>:op2_sign#3.sva.1                                                                                                                                    
  return.add_generic<AC_RND_CONV,false>:op2_sign#3.sva.10                                                                                                                                            1         Y           Y      return.add_generic<AC_RND_CONV,false>:op2_sign#3.sva.10                                                                                                                                   
  return.add_generic<AC_RND_CONV,false>:op2_sign#3.sva.11                                                                                                                                            1         Y           Y      return.add_generic<AC_RND_CONV,false>:op2_sign#3.sva.11                                                                                                                                   
  return.add_generic<AC_RND_CONV,false>:op2_sign#3.sva.2                                                                                                                                             1         Y           Y      return.add_generic<AC_RND_CONV,false>:op2_sign#3.sva.2                                                                                                                                    
  return.add_generic<AC_RND_CONV,false>:op2_sign#3.sva.3                                                                                                                                             1         Y           Y      return.add_generic<AC_RND_CONV,false>:op2_sign#3.sva.3                                                                                                                                    
  return.add_generic<AC_RND_CONV,false>:op2_sign#3.sva.4                                                                                                                                             1         Y           Y      return.add_generic<AC_RND_CONV,false>:op2_sign#3.sva.4                                                                                                                                    
  return.add_generic<AC_RND_CONV,false>:op2_sign#3.sva.5                                                                                                                                             1         Y           Y      return.add_generic<AC_RND_CONV,false>:op2_sign#3.sva.5                                                                                                                                    
  return.add_generic<AC_RND_CONV,false>:op2_sign#3.sva.6                                                                                                                                             1         Y           Y      return.add_generic<AC_RND_CONV,false>:op2_sign#3.sva.6                                                                                                                                    
  return.add_generic<AC_RND_CONV,false>:op2_sign#3.sva.7                                                                                                                                             1         Y           Y      return.add_generic<AC_RND_CONV,false>:op2_sign#3.sva.7                                                                                                                                    
  return.add_generic<AC_RND_CONV,false>:op2_sign#3.sva.8                                                                                                                                             1         Y           Y      return.add_generic<AC_RND_CONV,false>:op2_sign#3.sva.8                                                                                                                                    
  return.add_generic<AC_RND_CONV,false>:op2_sign#3.sva.9                                                                                                                                             1         Y           Y      return.add_generic<AC_RND_CONV,false>:op2_sign#3.sva.9                                                                                                                                    
  return.add_generic<AC_RND_CONV,false>:op2_sign.sva.1                                                                                                                                               1         Y           Y      return.add_generic<AC_RND_CONV,false>:op2_sign.sva.1                                                                                                                                      
  return.add_generic<AC_RND_CONV,false>:op2_sign.sva.10                                                                                                                                              1         Y           Y      return.add_generic<AC_RND_CONV,false>:op2_sign.sva.10                                                                                                                                     
  return.add_generic<AC_RND_CONV,false>:op2_sign.sva.11                                                                                                                                              1         Y           Y      return.add_generic<AC_RND_CONV,false>:op2_sign.sva.11                                                                                                                                     
  return.add_generic<AC_RND_CONV,false>:op2_sign.sva.12                                                                                                                                              1         Y           Y      return.add_generic<AC_RND_CONV,false>:op2_sign.sva.12                                                                                                                                     
  return.add_generic<AC_RND_CONV,false>:op2_sign.sva.13                                                                                                                                              1         Y           Y      return.add_generic<AC_RND_CONV,false>:op2_sign.sva.13                                                                                                                                     
  return.add_generic<AC_RND_CONV,false>:op2_sign.sva.14                                                                                                                                              1         Y           Y      return.add_generic<AC_RND_CONV,false>:op2_sign.sva.14                                                                                                                                     
  return.add_generic<AC_RND_CONV,false>:op2_sign.sva.15                                                                                                                                              1         Y           Y      return.add_generic<AC_RND_CONV,false>:op2_sign.sva.15                                                                                                                                     
  return.add_generic<AC_RND_CONV,false>:op2_sign.sva.16                                                                                                                                              1         Y           Y      return.add_generic<AC_RND_CONV,false>:op2_sign.sva.16                                                                                                                                     
  return.add_generic<AC_RND_CONV,false>:op2_sign.sva.2                                                                                                                                               1         Y           Y      return.add_generic<AC_RND_CONV,false>:op2_sign.sva.2                                                                                                                                      
  return.add_generic<AC_RND_CONV,false>:op2_sign.sva.3                                                                                                                                               1         Y           Y      return.add_generic<AC_RND_CONV,false>:op2_sign.sva.3                                                                                                                                      
  return.add_generic<AC_RND_CONV,false>:op2_sign.sva.4                                                                                                                                               1         Y           Y      return.add_generic<AC_RND_CONV,false>:op2_sign.sva.4                                                                                                                                      
  return.add_generic<AC_RND_CONV,false>:op2_sign.sva.5                                                                                                                                               1         Y           Y      return.add_generic<AC_RND_CONV,false>:op2_sign.sva.5                                                                                                                                      
  return.add_generic<AC_RND_CONV,false>:op2_sign.sva.6                                                                                                                                               1         Y           Y      return.add_generic<AC_RND_CONV,false>:op2_sign.sva.6                                                                                                                                      
  return.add_generic<AC_RND_CONV,false>:op2_sign.sva.7                                                                                                                                               1         Y           Y      return.add_generic<AC_RND_CONV,false>:op2_sign.sva.7                                                                                                                                      
  return.add_generic<AC_RND_CONV,false>:op2_sign.sva.8                                                                                                                                               1         Y           Y      return.add_generic<AC_RND_CONV,false>:op2_sign.sva.8                                                                                                                                      
  return.add_generic<AC_RND_CONV,false>:op2_sign.sva.9                                                                                                                                               1         Y           Y      return.add_generic<AC_RND_CONV,false>:op2_sign.sva.9                                                                                                                                      
  return.add_generic<AC_RND_CONV,false>:op_bigger:mux#10.itm.1                                                                                                                                       1         Y           Y      return.add_generic<AC_RND_CONV,false>:op_bigger:mux#10.itm.1                                                                                                                              
  return.add_generic<AC_RND_CONV,false>:op_bigger:mux#12.itm.1                                                                                                                                       1         Y           Y      return.add_generic<AC_RND_CONV,false>:op_bigger:mux#12.itm.1                                                                                                                              
  return.add_generic<AC_RND_CONV,false>:op_bigger:mux#19.itm.1                                                                                                                                       1         Y           Y      return.add_generic<AC_RND_CONV,false>:op_bigger:mux#19.itm.1                                                                                                                              
  return.add_generic<AC_RND_CONV,false>:op_bigger:mux#20.itm.1                                                                                                                                       1         Y           Y      return.add_generic<AC_RND_CONV,false>:op_bigger:mux#20.itm.1                                                                                                                              
  return.add_generic<AC_RND_CONV,false>:op_bigger:mux#22.itm.1                                                                                                                                       1         Y           Y      return.add_generic<AC_RND_CONV,false>:op_bigger:mux#22.itm.1                                                                                                                              
  return.add_generic<AC_RND_CONV,false>:op_bigger:mux#29.itm.1                                                                                                                                       1         Y           Y      return.add_generic<AC_RND_CONV,false>:op_bigger:mux#29.itm.1                                                                                                                              
  return.add_generic<AC_RND_CONV,false>:op_bigger:mux#30.itm.1                                                                                                                                       1         Y           Y      return.add_generic<AC_RND_CONV,false>:op_bigger:mux#30.itm.1                                                                                                                              
  return.add_generic<AC_RND_CONV,false>:op_bigger:mux#32.itm.1                                                                                                                                       1         Y           Y      return.add_generic<AC_RND_CONV,false>:op_bigger:mux#32.itm.1                                                                                                                              
  return.add_generic<AC_RND_CONV,false>:op_bigger:mux#9.itm.1                                                                                                                                        1         Y           Y      return.add_generic<AC_RND_CONV,false>:op_bigger:mux#9.itm.1                                                                                                                               
  return.add_generic<AC_RND_CONV,false>:op_smaller:_qr(0)#2.lpi#2.dfm.1                                                                                                                              1         Y           Y      return.add_generic<AC_RND_CONV,false>:op_smaller:_qr(0)#2.lpi#2.dfm.1                                                                                                                     
  return.add_generic<AC_RND_CONV,false>:op_smaller:_qr(0)#3.lpi#2.dfm.1                                                                                                                              1         Y           Y      return.add_generic<AC_RND_CONV,false>:op_smaller:_qr(0)#3.lpi#2.dfm.1                                                                                                                     
  return.add_generic<AC_RND_CONV,false>:op_smaller:_qr(0).lpi#2.dfm.1                                                                                                                                1         Y           Y      return.add_generic<AC_RND_CONV,false>:op_smaller:_qr(0).lpi#2.dfm.1                                                                                                                       
  return.add_generic<AC_RND_CONV,false>:op_smaller:_qr(10)#2.lpi#2.dfm.1                                                                                                                             1         Y           Y      return.add_generic<AC_RND_CONV,false>:op_smaller:_qr(10)#2.lpi#2.dfm.1                                                                                                                    
  return.add_generic<AC_RND_CONV,false>:op_smaller:_qr(10)#3.lpi#2.dfm.1                                                                                                                             1         Y           Y      return.add_generic<AC_RND_CONV,false>:op_smaller:_qr(10)#3.lpi#2.dfm.1                                                                                                                    
  return.add_generic<AC_RND_CONV,false>:op_smaller:_qr(10).lpi#2.dfm.1                                                                                                                               1         Y           Y      return.add_generic<AC_RND_CONV,false>:op_smaller:_qr(10).lpi#2.dfm.1                                                                                                                      
  return.add_generic<AC_RND_CONV,false>:op_smaller:_qr(9)#2.lpi#2.dfm.1                                                                                                                              1         Y           Y      return.add_generic<AC_RND_CONV,false>:op_smaller:_qr(9)#2.lpi#2.dfm.1                                                                                                                     
  return.add_generic<AC_RND_CONV,false>:op_smaller:_qr(9)#3.lpi#2.dfm.1                                                                                                                              1         Y           Y      return.add_generic<AC_RND_CONV,false>:op_smaller:_qr(9)#3.lpi#2.dfm.1                                                                                                                     
  return.add_generic<AC_RND_CONV,false>:op_smaller:_qr(9).lpi#2.dfm.1                                                                                                                                1         Y           Y      return.add_generic<AC_RND_CONV,false>:op_smaller:_qr(9).lpi#2.dfm.1                                                                                                                       
  return.add_generic<AC_RND_CONV,false>:r_sign#1.lpi#2.dfm.1                                                                                                                                         1         Y           Y      return.add_generic<AC_RND_CONV,false>:r_sign#1.lpi#2.dfm.1                                                                                                                                
  return.add_generic<AC_RND_CONV,false>:r_sign#1.lpi#2.dfm.2                                                                                                                                         1         Y           Y      return.add_generic<AC_RND_CONV,false>:r_sign#1.lpi#2.dfm.2                                                                                                                                
  return.add_generic<AC_RND_CONV,false>:r_sign#1.lpi#2.dfm.3                                                                                                                                         1         Y           Y      return.add_generic<AC_RND_CONV,false>:r_sign#1.lpi#2.dfm.3                                                                                                                                
  return.add_generic<AC_RND_CONV,false>:r_sign#1.lpi#2.dfm.4                                                                                                                                         1         Y           Y      return.add_generic<AC_RND_CONV,false>:r_sign#1.lpi#2.dfm.4                                                                                                                                
  return.add_generic<AC_RND_CONV,false>:r_sign#1.lpi#2.dfm.5                                                                                                                                         1         Y           Y      return.add_generic<AC_RND_CONV,false>:r_sign#1.lpi#2.dfm.5                                                                                                                                
  return.add_generic<AC_RND_CONV,false>:r_sign#2.lpi#2.dfm#1.1                                                                                                                                       1         Y           Y      return.add_generic<AC_RND_CONV,false>:r_sign#2.lpi#2.dfm#1.1                                                                                                                              
  return.add_generic<AC_RND_CONV,false>:r_sign#2.lpi#2.dfm#1.2                                                                                                                                       1         Y           Y      return.add_generic<AC_RND_CONV,false>:r_sign#2.lpi#2.dfm#1.2                                                                                                                              
  return.add_generic<AC_RND_CONV,false>:r_sign#2.lpi#2.dfm#1.3                                                                                                                                       1         Y           Y      return.add_generic<AC_RND_CONV,false>:r_sign#2.lpi#2.dfm#1.3                                                                                                                              
  return.add_generic<AC_RND_CONV,false>:r_sign#2.lpi#2.dfm#1.4                                                                                                                                       1         Y           Y      return.add_generic<AC_RND_CONV,false>:r_sign#2.lpi#2.dfm#1.4                                                                                                                              
  return.add_generic<AC_RND_CONV,false>:r_sign#2.lpi#2.dfm#1.5                                                                                                                                       1         Y           Y      return.add_generic<AC_RND_CONV,false>:r_sign#2.lpi#2.dfm#1.5                                                                                                                              
  return.add_generic<AC_RND_CONV,false>:r_sign#3.lpi#2.dfm#1.1                                                                                                                                       1         Y           Y      return.add_generic<AC_RND_CONV,false>:r_sign#3.lpi#2.dfm#1.1                                                                                                                              
  return.add_generic<AC_RND_CONV,false>:r_sign#3.lpi#2.dfm#1.2                                                                                                                                       1         Y           Y      return.add_generic<AC_RND_CONV,false>:r_sign#3.lpi#2.dfm#1.2                                                                                                                              
  return.add_generic<AC_RND_CONV,false>:r_sign#3.lpi#2.dfm#1.3                                                                                                                                       1         Y           Y      return.add_generic<AC_RND_CONV,false>:r_sign#3.lpi#2.dfm#1.3                                                                                                                              
  return.add_generic<AC_RND_CONV,false>:r_sign#3.lpi#2.dfm#1.4                                                                                                                                       1         Y           Y      return.add_generic<AC_RND_CONV,false>:r_sign#3.lpi#2.dfm#1.4                                                                                                                              
  return.add_generic<AC_RND_CONV,false>:r_sign#3.lpi#2.dfm#1.5                                                                                                                                       1         Y           Y      return.add_generic<AC_RND_CONV,false>:r_sign#3.lpi#2.dfm#1.5                                                                                                                              
  return.add_generic<AC_RND_CONV,false>:r_zero#1.sva.1                                                                                                                                               1         Y           Y      return.add_generic<AC_RND_CONV,false>:r_zero#1.sva.1                                                                                                                                      
  return.add_generic<AC_RND_CONV,false>:r_zero#1.sva.2                                                                                                                                               1         Y           Y      return.add_generic<AC_RND_CONV,false>:r_zero#1.sva.2                                                                                                                                      
  return.add_generic<AC_RND_CONV,false>:r_zero#1.sva.3                                                                                                                                               1         Y           Y      return.add_generic<AC_RND_CONV,false>:r_zero#1.sva.3                                                                                                                                      
  return.add_generic<AC_RND_CONV,false>:r_zero#2.sva.1                                                                                                                                               1         Y           Y      return.add_generic<AC_RND_CONV,false>:r_zero#2.sva.1                                                                                                                                      
  return.add_generic<AC_RND_CONV,false>:r_zero#2.sva.2                                                                                                                                               1         Y           Y      return.add_generic<AC_RND_CONV,false>:r_zero#2.sva.2                                                                                                                                      
  return.add_generic<AC_RND_CONV,false>:r_zero#3.sva.1                                                                                                                                               1         Y           Y      return.add_generic<AC_RND_CONV,false>:r_zero#3.sva.1                                                                                                                                      
  return.add_generic<AC_RND_CONV,false>:r_zero#3.sva.2                                                                                                                                               1         Y           Y      return.add_generic<AC_RND_CONV,false>:r_zero#3.sva.2                                                                                                                                      
  return.add_generic<AC_RND_CONV,false>:r_zero#4.sva.1                                                                                                                                               1         Y           Y      return.add_generic<AC_RND_CONV,false>:r_zero#4.sva.1                                                                                                                                      
  return.add_generic<AC_RND_CONV,false>:r_zero#4.sva.2                                                                                                                                               1         Y           Y      return.add_generic<AC_RND_CONV,false>:r_zero#4.sva.2                                                                                                                                      
  return.add_generic<AC_RND_CONV,false>:res_rounded.sva.1(11)                                                                                                                                        1         Y           Y      return.add_generic<AC_RND_CONV,false>:res_rounded.sva.1(11)                                                                                                                               
  return.add_generic<AC_RND_CONV,false>:unequal.tmp#2.1                                                                                                                                              1         Y           Y      return.add_generic<AC_RND_CONV,false>:unequal.tmp#2.1                                                                                                                                     
  return.add_generic<AC_RND_CONV,false>:unequal.tmp#2.2                                                                                                                                              1         Y           Y      return.add_generic<AC_RND_CONV,false>:unequal.tmp#2.2                                                                                                                                     
  return.add_generic<AC_RND_CONV,false>:unequal.tmp#2.3                                                                                                                                              1         Y           Y      return.add_generic<AC_RND_CONV,false>:unequal.tmp#2.3                                                                                                                                     
  return.add_generic<AC_RND_CONV,false>:unequal.tmp#2.4                                                                                                                                              1         Y           Y      return.add_generic<AC_RND_CONV,false>:unequal.tmp#2.4                                                                                                                                     
  return.add_generic<AC_RND_CONV,false>:unequal.tmp#2.5                                                                                                                                              1         Y           Y      return.add_generic<AC_RND_CONV,false>:unequal.tmp#2.5                                                                                                                                     
  return.add_generic<AC_RND_CONV,false>:unequal.tmp#4.1                                                                                                                                              1         Y           Y      return.add_generic<AC_RND_CONV,false>:unequal.tmp#4.1                                                                                                                                     
  return.add_generic<AC_RND_CONV,false>:unequal.tmp#4.10                                                                                                                                             1         Y           Y      return.add_generic<AC_RND_CONV,false>:unequal.tmp#4.10                                                                                                                                    
  return.add_generic<AC_RND_CONV,false>:unequal.tmp#4.2                                                                                                                                              1         Y           Y      return.add_generic<AC_RND_CONV,false>:unequal.tmp#4.2                                                                                                                                     
  return.add_generic<AC_RND_CONV,false>:unequal.tmp#4.3                                                                                                                                              1         Y           Y      return.add_generic<AC_RND_CONV,false>:unequal.tmp#4.3                                                                                                                                     
  return.add_generic<AC_RND_CONV,false>:unequal.tmp#4.4                                                                                                                                              1         Y           Y      return.add_generic<AC_RND_CONV,false>:unequal.tmp#4.4                                                                                                                                     
  return.add_generic<AC_RND_CONV,false>:unequal.tmp#4.5                                                                                                                                              1         Y           Y      return.add_generic<AC_RND_CONV,false>:unequal.tmp#4.5                                                                                                                                     
  return.add_generic<AC_RND_CONV,false>:unequal.tmp#4.6                                                                                                                                              1         Y           Y      return.add_generic<AC_RND_CONV,false>:unequal.tmp#4.6                                                                                                                                     
  return.add_generic<AC_RND_CONV,false>:unequal.tmp#4.7                                                                                                                                              1         Y           Y      return.add_generic<AC_RND_CONV,false>:unequal.tmp#4.7                                                                                                                                     
  return.add_generic<AC_RND_CONV,false>:unequal.tmp#4.8                                                                                                                                              1         Y           Y      return.add_generic<AC_RND_CONV,false>:unequal.tmp#4.8                                                                                                                                     
  return.add_generic<AC_RND_CONV,false>:unequal.tmp#4.9                                                                                                                                              1         Y           Y      return.add_generic<AC_RND_CONV,false>:unequal.tmp#4.9                                                                                                                                     
  return.add_generic<AC_RND_CONV,false>:unequal.tmp#6.1                                                                                                                                              1         Y           Y      return.add_generic<AC_RND_CONV,false>:unequal.tmp#6.1                                                                                                                                     
  return.add_generic<AC_RND_CONV,false>:unequal.tmp#6.10                                                                                                                                             1         Y           Y      return.add_generic<AC_RND_CONV,false>:unequal.tmp#6.10                                                                                                                                    
  return.add_generic<AC_RND_CONV,false>:unequal.tmp#6.11                                                                                                                                             1         Y           Y      return.add_generic<AC_RND_CONV,false>:unequal.tmp#6.11                                                                                                                                    
  return.add_generic<AC_RND_CONV,false>:unequal.tmp#6.12                                                                                                                                             1         Y           Y      return.add_generic<AC_RND_CONV,false>:unequal.tmp#6.12                                                                                                                                    
  return.add_generic<AC_RND_CONV,false>:unequal.tmp#6.13                                                                                                                                             1         Y           Y      return.add_generic<AC_RND_CONV,false>:unequal.tmp#6.13                                                                                                                                    
  return.add_generic<AC_RND_CONV,false>:unequal.tmp#6.14                                                                                                                                             1         Y           Y      return.add_generic<AC_RND_CONV,false>:unequal.tmp#6.14                                                                                                                                    
  return.add_generic<AC_RND_CONV,false>:unequal.tmp#6.15                                                                                                                                             1         Y           Y      return.add_generic<AC_RND_CONV,false>:unequal.tmp#6.15                                                                                                                                    
  return.add_generic<AC_RND_CONV,false>:unequal.tmp#6.2                                                                                                                                              1         Y           Y      return.add_generic<AC_RND_CONV,false>:unequal.tmp#6.2                                                                                                                                     
  return.add_generic<AC_RND_CONV,false>:unequal.tmp#6.3                                                                                                                                              1         Y           Y      return.add_generic<AC_RND_CONV,false>:unequal.tmp#6.3                                                                                                                                     
  return.add_generic<AC_RND_CONV,false>:unequal.tmp#6.4                                                                                                                                              1         Y           Y      return.add_generic<AC_RND_CONV,false>:unequal.tmp#6.4                                                                                                                                     
  return.add_generic<AC_RND_CONV,false>:unequal.tmp#6.5                                                                                                                                              1         Y           Y      return.add_generic<AC_RND_CONV,false>:unequal.tmp#6.5                                                                                                                                     
  return.add_generic<AC_RND_CONV,false>:unequal.tmp#6.6                                                                                                                                              1         Y           Y      return.add_generic<AC_RND_CONV,false>:unequal.tmp#6.6                                                                                                                                     
  return.add_generic<AC_RND_CONV,false>:unequal.tmp#6.7                                                                                                                                              1         Y           Y      return.add_generic<AC_RND_CONV,false>:unequal.tmp#6.7                                                                                                                                     
  return.add_generic<AC_RND_CONV,false>:unequal.tmp#6.8                                                                                                                                              1         Y           Y      return.add_generic<AC_RND_CONV,false>:unequal.tmp#6.8                                                                                                                                     
  return.add_generic<AC_RND_CONV,false>:unequal.tmp#6.9                                                                                                                                              1         Y           Y      return.add_generic<AC_RND_CONV,false>:unequal.tmp#6.9                                                                                                                                     
  return.extract#1:return.extract#1:or#2.sva.1                                                                                                                                                       1         Y           Y      return.extract#1:return.extract#1:or#2.sva.1                                                                                                                                              
  return.extract#1:return.extract#1:or#3.sva.1                                                                                                                                                       1         Y           Y      return.extract#1:return.extract#1:or#3.sva.1                                                                                                                                              
  return.extract#1:return.extract#1:or#4.sva.1                                                                                                                                                       1         Y           Y      return.extract#1:return.extract#1:or#4.sva.1                                                                                                                                              
  return.extract#1:return.extract#1:or.sva.1                                                                                                                                                         1         Y           Y      return.extract#1:return.extract#1:or.sva.1                                                                                                                                                
  return.extract#2:m_zero#1.sva.1                                                                                                                                                                    1         Y           Y      return.extract#2:m_zero#1.sva.1                                                                                                                                                           
  return.extract#2:m_zero#1.sva.2                                                                                                                                                                    1         Y           Y      return.extract#2:m_zero#1.sva.2                                                                                                                                                           
  return.extract#2:m_zero#1.sva.3                                                                                                                                                                    1         Y           Y      return.extract#2:m_zero#1.sva.3                                                                                                                                                           
  return.extract#2:m_zero#2.sva.1                                                                                                                                                                    1         Y           Y      return.extract#2:m_zero#2.sva.1                                                                                                                                                           
  return.extract#2:m_zero#2.sva.2                                                                                                                                                                    1         Y           Y      return.extract#2:m_zero#2.sva.2                                                                                                                                                           
  return.extract#2:m_zero#2.sva.3                                                                                                                                                                    1         Y           Y      return.extract#2:m_zero#2.sva.3                                                                                                                                                           
  return.extract#2:m_zero.sva.1                                                                                                                                                                      1         Y           Y      return.extract#2:m_zero.sva.1                                                                                                                                                             
  return.extract#2:m_zero.sva.2                                                                                                                                                                      1         Y           Y      return.extract#2:m_zero.sva.2                                                                                                                                                             
  return.extract#2:m_zero.sva.3                                                                                                                                                                      1         Y           Y      return.extract#2:m_zero.sva.3                                                                                                                                                             
  return.extract#3:m_zero#1.sva.1                                                                                                                                                                    1         Y           Y      return.extract#3:m_zero#1.sva.1                                                                                                                                                           
  return.extract#3:m_zero#1.sva.2                                                                                                                                                                    1         Y           Y      return.extract#3:m_zero#1.sva.2                                                                                                                                                           
  return.extract#3:m_zero#1.sva.3                                                                                                                                                                    1         Y           Y      return.extract#3:m_zero#1.sva.3                                                                                                                                                           
  return.extract#3:m_zero#1.sva.4                                                                                                                                                                    1         Y           Y      return.extract#3:m_zero#1.sva.4                                                                                                                                                           
  return.extract#3:m_zero#2.sva.1                                                                                                                                                                    1         Y           Y      return.extract#3:m_zero#2.sva.1                                                                                                                                                           
  return.extract#3:m_zero#2.sva.2                                                                                                                                                                    1         Y           Y      return.extract#3:m_zero#2.sva.2                                                                                                                                                           
  return.extract#3:m_zero#2.sva.3                                                                                                                                                                    1         Y           Y      return.extract#3:m_zero#2.sva.3                                                                                                                                                           
  return.extract#3:m_zero#2.sva.4                                                                                                                                                                    1         Y           Y      return.extract#3:m_zero#2.sva.4                                                                                                                                                           
  return.extract#3:m_zero#2.sva.5                                                                                                                                                                    1         Y           Y      return.extract#3:m_zero#2.sva.5                                                                                                                                                           
  return.extract#3:m_zero#2.sva.6                                                                                                                                                                    1         Y           Y      return.extract#3:m_zero#2.sva.6                                                                                                                                                           
  return.extract#3:m_zero#2.sva.7                                                                                                                                                                    1         Y           Y      return.extract#3:m_zero#2.sva.7                                                                                                                                                           
  return.extract#3:m_zero#3.sva.1                                                                                                                                                                    1         Y           Y      return.extract#3:m_zero#3.sva.1                                                                                                                                                           
  return.extract#3:m_zero#3.sva.10                                                                                                                                                                   1         Y           Y      return.extract#3:m_zero#3.sva.10                                                                                                                                                          
  return.extract#3:m_zero#3.sva.11                                                                                                                                                                   1         Y           Y      return.extract#3:m_zero#3.sva.11                                                                                                                                                          
  return.extract#3:m_zero#3.sva.2                                                                                                                                                                    1         Y           Y      return.extract#3:m_zero#3.sva.2                                                                                                                                                           
  return.extract#3:m_zero#3.sva.3                                                                                                                                                                    1         Y           Y      return.extract#3:m_zero#3.sva.3                                                                                                                                                           
  return.extract#3:m_zero#3.sva.4                                                                                                                                                                    1         Y           Y      return.extract#3:m_zero#3.sva.4                                                                                                                                                           
  return.extract#3:m_zero#3.sva.5                                                                                                                                                                    1         Y           Y      return.extract#3:m_zero#3.sva.5                                                                                                                                                           
  return.extract#3:m_zero#3.sva.6                                                                                                                                                                    1         Y           Y      return.extract#3:m_zero#3.sva.6                                                                                                                                                           
  return.extract#3:m_zero#3.sva.7                                                                                                                                                                    1         Y           Y      return.extract#3:m_zero#3.sva.7                                                                                                                                                           
  return.extract#3:m_zero#3.sva.8                                                                                                                                                                    1         Y           Y      return.extract#3:m_zero#3.sva.8                                                                                                                                                           
  return.extract#3:m_zero#3.sva.9                                                                                                                                                                    1         Y           Y      return.extract#3:m_zero#3.sva.9                                                                                                                                                           
  return.extract#3:m_zero.sva.1                                                                                                                                                                      1         Y           Y      return.extract#3:m_zero.sva.1                                                                                                                                                             
  return.extract#3:m_zero.sva.10                                                                                                                                                                     1         Y           Y      return.extract#3:m_zero.sva.10                                                                                                                                                            
  return.extract#3:m_zero.sva.11                                                                                                                                                                     1         Y           Y      return.extract#3:m_zero.sva.11                                                                                                                                                            
  return.extract#3:m_zero.sva.12                                                                                                                                                                     1         Y           Y      return.extract#3:m_zero.sva.12                                                                                                                                                            
  return.extract#3:m_zero.sva.13                                                                                                                                                                     1         Y           Y      return.extract#3:m_zero.sva.13                                                                                                                                                            
  return.extract#3:m_zero.sva.14                                                                                                                                                                     1         Y           Y      return.extract#3:m_zero.sva.14                                                                                                                                                            
  return.extract#3:m_zero.sva.15                                                                                                                                                                     1         Y           Y      return.extract#3:m_zero.sva.15                                                                                                                                                            
  return.extract#3:m_zero.sva.2                                                                                                                                                                      1         Y           Y      return.extract#3:m_zero.sva.2                                                                                                                                                             
  return.extract#3:m_zero.sva.3                                                                                                                                                                      1         Y           Y      return.extract#3:m_zero.sva.3                                                                                                                                                             
  return.extract#3:m_zero.sva.4                                                                                                                                                                      1         Y           Y      return.extract#3:m_zero.sva.4                                                                                                                                                             
  return.extract#3:m_zero.sva.5                                                                                                                                                                      1         Y           Y      return.extract#3:m_zero.sva.5                                                                                                                                                             
  return.extract#3:m_zero.sva.6                                                                                                                                                                      1         Y           Y      return.extract#3:m_zero.sva.6                                                                                                                                                             
  return.extract#3:m_zero.sva.7                                                                                                                                                                      1         Y           Y      return.extract#3:m_zero.sva.7                                                                                                                                                             
  return.extract#3:m_zero.sva.8                                                                                                                                                                      1         Y           Y      return.extract#3:m_zero.sva.8                                                                                                                                                             
  return.extract#3:m_zero.sva.9                                                                                                                                                                      1         Y           Y      return.extract#3:m_zero.sva.9                                                                                                                                                             
  return.mult_generic<AC_RND_CONV,false>:do_shift_left_1#1.sva                                                                                                                                       1         Y           Y      return.mult_generic<AC_RND_CONV,false>:do_shift_left_1#1.sva                                                                                                                              
  return.mult_generic<AC_RND_CONV,false>:do_shift_left_1#2.sva                                                                                                                                       1         Y           Y      return.mult_generic<AC_RND_CONV,false>:do_shift_left_1#2.sva                                                                                                                              
  return.mult_generic<AC_RND_CONV,false>:do_shift_left_1#3.sva                                                                                                                                       1         Y           Y      return.mult_generic<AC_RND_CONV,false>:do_shift_left_1#3.sva                                                                                                                              
  return.mult_generic<AC_RND_CONV,false>:do_shift_left_1.sva                                                                                                                                         1         Y           Y      return.mult_generic<AC_RND_CONV,false>:do_shift_left_1.sva                                                                                                                                
  return.mult_generic<AC_RND_CONV,false>:if#1:lor#2.lpi#2.dfm                                                                                                                                        1         Y           Y      return.mult_generic<AC_RND_CONV,false>:if#1:lor#2.lpi#2.dfm                                                                                                                               
  return.mult_generic<AC_RND_CONV,false>:if#1:lor#3.lpi#2.dfm                                                                                                                                        1         Y           Y      return.mult_generic<AC_RND_CONV,false>:if#1:lor#3.lpi#2.dfm                                                                                                                               
  return.mult_generic<AC_RND_CONV,false>:if#1:lor#4.lpi#2.dfm                                                                                                                                        1         Y           Y      return.mult_generic<AC_RND_CONV,false>:if#1:lor#4.lpi#2.dfm                                                                                                                               
  return.mult_generic<AC_RND_CONV,false>:if#1:lor.lpi#2.dfm                                                                                                                                          1         Y           Y      return.mult_generic<AC_RND_CONV,false>:if#1:lor.lpi#2.dfm                                                                                                                                 
  return.mult_generic<AC_RND_CONV,false>:lor#1.lpi#2.dfm.1                                                                                                                                           1         Y           Y      return.mult_generic<AC_RND_CONV,false>:lor#1.lpi#2.dfm.1                                                                                                                                  
  return.mult_generic<AC_RND_CONV,false>:lor#10.lpi#2.dfm.1                                                                                                                                          1         Y           Y      return.mult_generic<AC_RND_CONV,false>:lor#10.lpi#2.dfm.1                                                                                                                                 
  return.mult_generic<AC_RND_CONV,false>:lor#14.lpi#2.dfm.1                                                                                                                                          1         Y           Y      return.mult_generic<AC_RND_CONV,false>:lor#14.lpi#2.dfm.1                                                                                                                                 
  return.mult_generic<AC_RND_CONV,false>:lor#15.lpi#2.dfm.1                                                                                                                                          1         Y           Y      return.mult_generic<AC_RND_CONV,false>:lor#15.lpi#2.dfm.1                                                                                                                                 
  return.mult_generic<AC_RND_CONV,false>:lor#16.lpi#2.dfm.1                                                                                                                                          1         Y           Y      return.mult_generic<AC_RND_CONV,false>:lor#16.lpi#2.dfm.1                                                                                                                                 
  return.mult_generic<AC_RND_CONV,false>:lor#4.lpi#2.dfm.1                                                                                                                                           1         Y           Y      return.mult_generic<AC_RND_CONV,false>:lor#4.lpi#2.dfm.1                                                                                                                                  
  return.mult_generic<AC_RND_CONV,false>:lor#8.lpi#2.dfm.1                                                                                                                                           1         Y           Y      return.mult_generic<AC_RND_CONV,false>:lor#8.lpi#2.dfm.1                                                                                                                                  
  return.mult_generic<AC_RND_CONV,false>:lor#9.lpi#2.dfm.1                                                                                                                                           1         Y           Y      return.mult_generic<AC_RND_CONV,false>:lor#9.lpi#2.dfm.1                                                                                                                                  
  return.mult_generic<AC_RND_CONV,false>:m_r(9)#2.lpi#2.dfm.1                                                                                                                                        1         Y           Y      return.mult_generic<AC_RND_CONV,false>:m_r(9)#2.lpi#2.dfm.1                                                                                                                               
  return.mult_generic<AC_RND_CONV,false>:m_r(9)#2.lpi#2.dfm.2                                                                                                                                        1         Y           Y      return.mult_generic<AC_RND_CONV,false>:m_r(9)#2.lpi#2.dfm.2                                                                                                                               
  return.mult_generic<AC_RND_CONV,false>:m_r(9)#2.lpi#2.dfm.3                                                                                                                                        1         Y           Y      return.mult_generic<AC_RND_CONV,false>:m_r(9)#2.lpi#2.dfm.3                                                                                                                               
  return.mult_generic<AC_RND_CONV,false>:m_r(9)#2.lpi#2.dfm.4                                                                                                                                        1         Y           Y      return.mult_generic<AC_RND_CONV,false>:m_r(9)#2.lpi#2.dfm.4                                                                                                                               
  return.mult_generic<AC_RND_CONV,false>:m_r(9)#2.lpi#2.dfm.5                                                                                                                                        1         Y           Y      return.mult_generic<AC_RND_CONV,false>:m_r(9)#2.lpi#2.dfm.5                                                                                                                               
  return.mult_generic<AC_RND_CONV,false>:m_r(9)#3.lpi#2.dfm.1                                                                                                                                        1         Y           Y      return.mult_generic<AC_RND_CONV,false>:m_r(9)#3.lpi#2.dfm.1                                                                                                                               
  return.mult_generic<AC_RND_CONV,false>:m_r(9)#3.lpi#2.dfm.10                                                                                                                                       1         Y           Y      return.mult_generic<AC_RND_CONV,false>:m_r(9)#3.lpi#2.dfm.10                                                                                                                              
  return.mult_generic<AC_RND_CONV,false>:m_r(9)#3.lpi#2.dfm.2                                                                                                                                        1         Y           Y      return.mult_generic<AC_RND_CONV,false>:m_r(9)#3.lpi#2.dfm.2                                                                                                                               
  return.mult_generic<AC_RND_CONV,false>:m_r(9)#3.lpi#2.dfm.3                                                                                                                                        1         Y           Y      return.mult_generic<AC_RND_CONV,false>:m_r(9)#3.lpi#2.dfm.3                                                                                                                               
  return.mult_generic<AC_RND_CONV,false>:m_r(9)#3.lpi#2.dfm.4                                                                                                                                        1         Y           Y      return.mult_generic<AC_RND_CONV,false>:m_r(9)#3.lpi#2.dfm.4                                                                                                                               
  return.mult_generic<AC_RND_CONV,false>:m_r(9)#3.lpi#2.dfm.5                                                                                                                                        1         Y           Y      return.mult_generic<AC_RND_CONV,false>:m_r(9)#3.lpi#2.dfm.5                                                                                                                               
  return.mult_generic<AC_RND_CONV,false>:m_r(9)#3.lpi#2.dfm.6                                                                                                                                        1         Y           Y      return.mult_generic<AC_RND_CONV,false>:m_r(9)#3.lpi#2.dfm.6                                                                                                                               
  return.mult_generic<AC_RND_CONV,false>:m_r(9)#3.lpi#2.dfm.7                                                                                                                                        1         Y           Y      return.mult_generic<AC_RND_CONV,false>:m_r(9)#3.lpi#2.dfm.7                                                                                                                               
  return.mult_generic<AC_RND_CONV,false>:m_r(9)#3.lpi#2.dfm.8                                                                                                                                        1         Y           Y      return.mult_generic<AC_RND_CONV,false>:m_r(9)#3.lpi#2.dfm.8                                                                                                                               
  return.mult_generic<AC_RND_CONV,false>:m_r(9)#3.lpi#2.dfm.9                                                                                                                                        1         Y           Y      return.mult_generic<AC_RND_CONV,false>:m_r(9)#3.lpi#2.dfm.9                                                                                                                               
  return.mult_generic<AC_RND_CONV,false>:m_r(9).lpi#2.dfm.1                                                                                                                                          1         Y           Y      return.mult_generic<AC_RND_CONV,false>:m_r(9).lpi#2.dfm.1                                                                                                                                 
  return.mult_generic<AC_RND_CONV,false>:m_r(9).lpi#2.dfm.10                                                                                                                                         1         Y           Y      return.mult_generic<AC_RND_CONV,false>:m_r(9).lpi#2.dfm.10                                                                                                                                
  return.mult_generic<AC_RND_CONV,false>:m_r(9).lpi#2.dfm.11                                                                                                                                         1         Y           Y      return.mult_generic<AC_RND_CONV,false>:m_r(9).lpi#2.dfm.11                                                                                                                                
  return.mult_generic<AC_RND_CONV,false>:m_r(9).lpi#2.dfm.12                                                                                                                                         1         Y           Y      return.mult_generic<AC_RND_CONV,false>:m_r(9).lpi#2.dfm.12                                                                                                                                
  return.mult_generic<AC_RND_CONV,false>:m_r(9).lpi#2.dfm.13                                                                                                                                         1         Y           Y      return.mult_generic<AC_RND_CONV,false>:m_r(9).lpi#2.dfm.13                                                                                                                                
  return.mult_generic<AC_RND_CONV,false>:m_r(9).lpi#2.dfm.14                                                                                                                                         1         Y           Y      return.mult_generic<AC_RND_CONV,false>:m_r(9).lpi#2.dfm.14                                                                                                                                
  return.mult_generic<AC_RND_CONV,false>:m_r(9).lpi#2.dfm.15                                                                                                                                         1         Y           Y      return.mult_generic<AC_RND_CONV,false>:m_r(9).lpi#2.dfm.15                                                                                                                                
  return.mult_generic<AC_RND_CONV,false>:m_r(9).lpi#2.dfm.2                                                                                                                                          1         Y           Y      return.mult_generic<AC_RND_CONV,false>:m_r(9).lpi#2.dfm.2                                                                                                                                 
  return.mult_generic<AC_RND_CONV,false>:m_r(9).lpi#2.dfm.3                                                                                                                                          1         Y           Y      return.mult_generic<AC_RND_CONV,false>:m_r(9).lpi#2.dfm.3                                                                                                                                 
  return.mult_generic<AC_RND_CONV,false>:m_r(9).lpi#2.dfm.4                                                                                                                                          1         Y           Y      return.mult_generic<AC_RND_CONV,false>:m_r(9).lpi#2.dfm.4                                                                                                                                 
  return.mult_generic<AC_RND_CONV,false>:m_r(9).lpi#2.dfm.5                                                                                                                                          1         Y           Y      return.mult_generic<AC_RND_CONV,false>:m_r(9).lpi#2.dfm.5                                                                                                                                 
  return.mult_generic<AC_RND_CONV,false>:m_r(9).lpi#2.dfm.6                                                                                                                                          1         Y           Y      return.mult_generic<AC_RND_CONV,false>:m_r(9).lpi#2.dfm.6                                                                                                                                 
  return.mult_generic<AC_RND_CONV,false>:m_r(9).lpi#2.dfm.7                                                                                                                                          1         Y           Y      return.mult_generic<AC_RND_CONV,false>:m_r(9).lpi#2.dfm.7                                                                                                                                 
  return.mult_generic<AC_RND_CONV,false>:m_r(9).lpi#2.dfm.8                                                                                                                                          1         Y           Y      return.mult_generic<AC_RND_CONV,false>:m_r(9).lpi#2.dfm.8                                                                                                                                 
  return.mult_generic<AC_RND_CONV,false>:m_r(9).lpi#2.dfm.9                                                                                                                                          1         Y           Y      return.mult_generic<AC_RND_CONV,false>:m_r(9).lpi#2.dfm.9                                                                                                                                 
  return.mult_generic<AC_RND_CONV,false>:op1_inf#1.sva.1                                                                                                                                             1         Y           Y      return.mult_generic<AC_RND_CONV,false>:op1_inf#1.sva.1                                                                                                                                    
  return.mult_generic<AC_RND_CONV,false>:op1_inf#1.sva.2                                                                                                                                             1         Y           Y      return.mult_generic<AC_RND_CONV,false>:op1_inf#1.sva.2                                                                                                                                    
  return.mult_generic<AC_RND_CONV,false>:op1_inf#2.sva.1                                                                                                                                             1         Y           Y      return.mult_generic<AC_RND_CONV,false>:op1_inf#2.sva.1                                                                                                                                    
  return.mult_generic<AC_RND_CONV,false>:op1_inf#2.sva.2                                                                                                                                             1         Y           Y      return.mult_generic<AC_RND_CONV,false>:op1_inf#2.sva.2                                                                                                                                    
  return.mult_generic<AC_RND_CONV,false>:op1_inf#3.sva.1                                                                                                                                             1         Y           Y      return.mult_generic<AC_RND_CONV,false>:op1_inf#3.sva.1                                                                                                                                    
  return.mult_generic<AC_RND_CONV,false>:op1_inf#3.sva.2                                                                                                                                             1         Y           Y      return.mult_generic<AC_RND_CONV,false>:op1_inf#3.sva.2                                                                                                                                    
  return.mult_generic<AC_RND_CONV,false>:op1_inf.sva.1                                                                                                                                               1         Y           Y      return.mult_generic<AC_RND_CONV,false>:op1_inf.sva.1                                                                                                                                      
  return.mult_generic<AC_RND_CONV,false>:op1_inf.sva.2                                                                                                                                               1         Y           Y      return.mult_generic<AC_RND_CONV,false>:op1_inf.sva.2                                                                                                                                      
  return.mult_generic<AC_RND_CONV,false>:op1_normal#1.sva.1                                                                                                                                          1         Y           Y      return.mult_generic<AC_RND_CONV,false>:op1_normal#1.sva.1                                                                                                                                 
  return.mult_generic<AC_RND_CONV,false>:op1_normal#2.sva.1                                                                                                                                          1         Y           Y      return.mult_generic<AC_RND_CONV,false>:op1_normal#2.sva.1                                                                                                                                 
  return.mult_generic<AC_RND_CONV,false>:op1_normal#3.sva.1                                                                                                                                          1         Y           Y      return.mult_generic<AC_RND_CONV,false>:op1_normal#3.sva.1                                                                                                                                 
  return.mult_generic<AC_RND_CONV,false>:op1_normal.sva.1                                                                                                                                            1         Y           Y      return.mult_generic<AC_RND_CONV,false>:op1_normal.sva.1                                                                                                                                   
  return.mult_generic<AC_RND_CONV,false>:op1_zero#1.sva.1                                                                                                                                            1         Y           Y      return.mult_generic<AC_RND_CONV,false>:op1_zero#1.sva.1                                                                                                                                   
  return.mult_generic<AC_RND_CONV,false>:op1_zero#1.sva.2                                                                                                                                            1         Y           Y      return.mult_generic<AC_RND_CONV,false>:op1_zero#1.sva.2                                                                                                                                   
  return.mult_generic<AC_RND_CONV,false>:op1_zero#2.sva.1                                                                                                                                            1         Y           Y      return.mult_generic<AC_RND_CONV,false>:op1_zero#2.sva.1                                                                                                                                   
  return.mult_generic<AC_RND_CONV,false>:op1_zero#2.sva.2                                                                                                                                            1         Y           Y      return.mult_generic<AC_RND_CONV,false>:op1_zero#2.sva.2                                                                                                                                   
  return.mult_generic<AC_RND_CONV,false>:op1_zero#3.sva.1                                                                                                                                            1         Y           Y      return.mult_generic<AC_RND_CONV,false>:op1_zero#3.sva.1                                                                                                                                   
  return.mult_generic<AC_RND_CONV,false>:op1_zero#3.sva.2                                                                                                                                            1         Y           Y      return.mult_generic<AC_RND_CONV,false>:op1_zero#3.sva.2                                                                                                                                   
  return.mult_generic<AC_RND_CONV,false>:op1_zero.sva.1                                                                                                                                              1         Y           Y      return.mult_generic<AC_RND_CONV,false>:op1_zero.sva.1                                                                                                                                     
  return.mult_generic<AC_RND_CONV,false>:op1_zero.sva.2                                                                                                                                              1         Y           Y      return.mult_generic<AC_RND_CONV,false>:op1_zero.sva.2                                                                                                                                     
  return.mult_generic<AC_RND_CONV,false>:op2_inf#1.sva.1                                                                                                                                             1         Y           Y      return.mult_generic<AC_RND_CONV,false>:op2_inf#1.sva.1                                                                                                                                    
  return.mult_generic<AC_RND_CONV,false>:op2_inf#1.sva.2                                                                                                                                             1         Y           Y      return.mult_generic<AC_RND_CONV,false>:op2_inf#1.sva.2                                                                                                                                    
  return.mult_generic<AC_RND_CONV,false>:op2_inf#2.sva.1                                                                                                                                             1         Y           Y      return.mult_generic<AC_RND_CONV,false>:op2_inf#2.sva.1                                                                                                                                    
  return.mult_generic<AC_RND_CONV,false>:op2_inf#2.sva.2                                                                                                                                             1         Y           Y      return.mult_generic<AC_RND_CONV,false>:op2_inf#2.sva.2                                                                                                                                    
  return.mult_generic<AC_RND_CONV,false>:op2_inf#3.sva.1                                                                                                                                             1         Y           Y      return.mult_generic<AC_RND_CONV,false>:op2_inf#3.sva.1                                                                                                                                    
  return.mult_generic<AC_RND_CONV,false>:op2_inf#3.sva.2                                                                                                                                             1         Y           Y      return.mult_generic<AC_RND_CONV,false>:op2_inf#3.sva.2                                                                                                                                    
  return.mult_generic<AC_RND_CONV,false>:op2_inf.sva.1                                                                                                                                               1         Y           Y      return.mult_generic<AC_RND_CONV,false>:op2_inf.sva.1                                                                                                                                      
  return.mult_generic<AC_RND_CONV,false>:op2_inf.sva.2                                                                                                                                               1         Y           Y      return.mult_generic<AC_RND_CONV,false>:op2_inf.sva.2                                                                                                                                      
  return.mult_generic<AC_RND_CONV,false>:op2_zero#1.sva.1                                                                                                                                            1         Y           Y      return.mult_generic<AC_RND_CONV,false>:op2_zero#1.sva.1                                                                                                                                   
  return.mult_generic<AC_RND_CONV,false>:op2_zero#1.sva.2                                                                                                                                            1         Y           Y      return.mult_generic<AC_RND_CONV,false>:op2_zero#1.sva.2                                                                                                                                   
  return.mult_generic<AC_RND_CONV,false>:op2_zero#2.sva.1                                                                                                                                            1         Y           Y      return.mult_generic<AC_RND_CONV,false>:op2_zero#2.sva.1                                                                                                                                   
  return.mult_generic<AC_RND_CONV,false>:op2_zero#2.sva.2                                                                                                                                            1         Y           Y      return.mult_generic<AC_RND_CONV,false>:op2_zero#2.sva.2                                                                                                                                   
  return.mult_generic<AC_RND_CONV,false>:op2_zero#3.sva.1                                                                                                                                            1         Y           Y      return.mult_generic<AC_RND_CONV,false>:op2_zero#3.sva.1                                                                                                                                   
  return.mult_generic<AC_RND_CONV,false>:op2_zero#3.sva.2                                                                                                                                            1         Y           Y      return.mult_generic<AC_RND_CONV,false>:op2_zero#3.sva.2                                                                                                                                   
  return.mult_generic<AC_RND_CONV,false>:op2_zero.sva.1                                                                                                                                              1         Y           Y      return.mult_generic<AC_RND_CONV,false>:op2_zero.sva.1                                                                                                                                     
  return.mult_generic<AC_RND_CONV,false>:op2_zero.sva.2                                                                                                                                              1         Y           Y      return.mult_generic<AC_RND_CONV,false>:op2_zero.sva.2                                                                                                                                     
  return.mult_generic<AC_RND_CONV,false>:r_nan#1.sva.1                                                                                                                                               1         Y           Y      return.mult_generic<AC_RND_CONV,false>:r_nan#1.sva.1                                                                                                                                      
  return.mult_generic<AC_RND_CONV,false>:r_nan#1.sva.2                                                                                                                                               1         Y           Y      return.mult_generic<AC_RND_CONV,false>:r_nan#1.sva.2                                                                                                                                      
  return.mult_generic<AC_RND_CONV,false>:r_nan#1.sva.3                                                                                                                                               1         Y           Y      return.mult_generic<AC_RND_CONV,false>:r_nan#1.sva.3                                                                                                                                      
  return.mult_generic<AC_RND_CONV,false>:r_nan#2.sva.1                                                                                                                                               1         Y           Y      return.mult_generic<AC_RND_CONV,false>:r_nan#2.sva.1                                                                                                                                      
  return.mult_generic<AC_RND_CONV,false>:r_nan#2.sva.2                                                                                                                                               1         Y           Y      return.mult_generic<AC_RND_CONV,false>:r_nan#2.sva.2                                                                                                                                      
  return.mult_generic<AC_RND_CONV,false>:r_nan#2.sva.3                                                                                                                                               1         Y           Y      return.mult_generic<AC_RND_CONV,false>:r_nan#2.sva.3                                                                                                                                      
  return.mult_generic<AC_RND_CONV,false>:r_nan#3.sva.1                                                                                                                                               1         Y           Y      return.mult_generic<AC_RND_CONV,false>:r_nan#3.sva.1                                                                                                                                      
  return.mult_generic<AC_RND_CONV,false>:r_nan#3.sva.2                                                                                                                                               1         Y           Y      return.mult_generic<AC_RND_CONV,false>:r_nan#3.sva.2                                                                                                                                      
  return.mult_generic<AC_RND_CONV,false>:r_nan#3.sva.3                                                                                                                                               1         Y           Y      return.mult_generic<AC_RND_CONV,false>:r_nan#3.sva.3                                                                                                                                      
  return.mult_generic<AC_RND_CONV,false>:r_nan.sva.1                                                                                                                                                 1         Y           Y      return.mult_generic<AC_RND_CONV,false>:r_nan.sva.1                                                                                                                                        
  return.mult_generic<AC_RND_CONV,false>:r_nan.sva.2                                                                                                                                                 1         Y           Y      return.mult_generic<AC_RND_CONV,false>:r_nan.sva.2                                                                                                                                        
  return.mult_generic<AC_RND_CONV,false>:r_nan.sva.3                                                                                                                                                 1         Y           Y      return.mult_generic<AC_RND_CONV,false>:r_nan.sva.3                                                                                                                                        
  tmp#1.sva.2(15)                                                                                                                                                                                    1         Y           Y      tmp#1.sva.2(15)                                                                                                                                                                           
  tmp#2.sva.2(15)                                                                                                                                                                                    1         Y           Y      tmp#2.sva.2(15)                                                                                                                                                                           
  tmp#3.sva.2(15)                                                                                                                                                                                    1         Y           Y      tmp#3.sva.2(15)                                                                                                                                                                           
  tmp#5.sva.1(15)                                                                                                                                                                                    1         Y           Y      tmp#5.sva.1(15)                                                                                                                                                                           
  tmp#5.sva.2(15)                                                                                                                                                                                    1         Y           Y      tmp#5.sva.2(15)                                                                                                                                                                           
  tmp#6.sva.1(15)                                                                                                                                                                                    1         Y           Y      tmp#6.sva.1(15)                                                                                                                                                                           
  tmp#6.sva.2(15)                                                                                                                                                                                    1         Y           Y      tmp#6.sva.2(15)                                                                                                                                                                           
  tmp#7.sva.1(15)                                                                                                                                                                                    1         Y           Y      tmp#7.sva.1(15)                                                                                                                                                                           
  tmp#7.sva.2(15)                                                                                                                                                                                    1         Y           Y      tmp#7.sva.2(15)                                                                                                                                                                           
                                                                                                                                                                                                                                                                                                                                                                                                                            
  Total:                                                                                                                                                                                          2091           2061        2061 (Total Gating Ratio: 0.99, CG Opt Gating Ratio: 0.99)                                                                                                                                     
  
Timing Report
  Critical Path
    Max Delay:  1.333399
    Slack:      -0.333399
    
    Path                                                                                                                                                    Startpoint                                                                                                                           Endpoint                                                                                                                              Delay  Slack   
    ------------------------------------------------------------------------------------------------------------------------------------------------------- ------------------------------------------------------------------------------------------------------------------------------------ ------------------------------------------------------------------------------------------------------------------------------------- ------ -------
    1                                                                                                                                                       matrix_multiply:core/reg(return.add_generic<AC_RND_CONV,false>:ls#2.sva.2)#1                                                         matrix_multiply:core/reg(return.add_generic<AC_RND_CONV,false>:e_r:qelse:return.add_generic<AC_RND_CONV,false>:e_r:qelse:and#3.itm.1) 1.3334 -0.3334 
                                                                                                                                                                                                                                                                                                                                                                                                                                                      
      Instance                                                                                                                                              Component                                                                                                                                                                                                                                                                  Delta  Delay   
      --------                                                                                                                                              ---------                                                                                                                                                                                                                                                                  -----  -----   
      matrix_multiply:core/reg(return.add_generic<AC_RND_CONV,false>:ls#2.sva.2)#1                                                                          mgc_reg_pos_3_0_0_1_1_1_1_4                                                                                                                                                                                                                                                0.1130 0.1130  
      matrix_multiply:core/return.add_generic<AC_RND_CONV,false>:ls#2.sva.2.rsp.1                                                                                                                                                                                                                                                                                                                                                      0.0000 0.1130  
      matrix_multiply:core/return.add_generic<AC_RND_CONV,false>:slc(return.add_generic<AC_RND_CONV,false>:ls:conc#10.itm(3:1))(1-0)                                                                                                                                                                                                                                                                                                   0.0000 0.1130  
      matrix_multiply:core/return.add_generic<AC_RND_CONV,false>:slc(return.add_generic<AC_RND_CONV,false>:ls:conc#10.itm(3:1))(1-0).itm                                                                                                                                                                                                                                                                                               0.0000 0.1130  
      matrix_multiply:core/return.add_generic<AC_RND_CONV,false>:mux#102                                                                                    mgc_mux_2_1_2_1                                                                                                                                                                                                                                                            0.0827 0.1957  
      matrix_multiply:core/return.add_generic<AC_RND_CONV,false>:mux#102.itm                                                                                                                                                                                                                                                                                                                                                           0.0000 0.1957  
      matrix_multiply:core/return.add_generic<AC_RND_CONV,false>:conc#49                                                                                                                                                                                                                                                                                                                                                               0.0000 0.1957  
      matrix_multiply:core/return.add_generic<AC_RND_CONV,false>:conc#49.itm                                                                                                                                                                                                                                                                                                                                                           0.0000 0.1957  
      matrix_multiply:core/MUL-2:return.add_generic<AC_RND_CONV,false>:lshift#1.rg                                                                          mgc_shift_l_v5_15_0_4_15_1                                                                                                                                                                                                                                                 0.2466 0.4423  
      matrix_multiply:core/return.add_generic<AC_RND_CONV,false>:res_rounded:asn.rndc#2.sva#1                                                                                                                                                                                                                                                                                                                                          0.0000 0.4423  
      matrix_multiply:core/return.add_generic<AC_RND_CONV,false>:res_rounded:slc(return.add_generic<AC_RND_CONV,false>:res_rounded:asn.rndc#2.sva#1)(0)                                                                                                                                                                                                                                                                                0.0000 0.4423  
      matrix_multiply:core/return.add_generic<AC_RND_CONV,false>:res_rounded:slc(return.add_generic<AC_RND_CONV,false>:res_rounded:asn.rndc#2.sva#1)(0).itm                                                                                                                                                                                                                                                                            0.0000 0.4423  
      matrix_multiply:core/MUL-2:return.add_generic<AC_RND_CONV,false>:res_rounded:or                                                                       mgc_or_1_4_1                                                                                                                                                                                                                                                               0.0839 0.5262  
      matrix_multiply:core/MUL-2:return.add_generic<AC_RND_CONV,false>:res_rounded:or.itm                                                                                                                                                                                                                                                                                                                                              0.0000 0.5262  
      matrix_multiply:core/MUL-2:return.add_generic<AC_RND_CONV,false>:res_rounded:and                                                                      mgc_and_1_2_2                                                                                                                                                                                                                                                              0.0708 0.5970  
      matrix_multiply:core/MUL-2:return.add_generic<AC_RND_CONV,false>:res_rounded:and.itm                                                                                                                                                                                                                                                                                                                                             0.0000 0.5970  
      matrix_multiply:core/MUL-2:return.add_generic<AC_RND_CONV,false>:res_rounded:acc                                                                      mgc_addc_11_0_1_0_12_1                                                                                                                                                                                                                                                     0.2361 0.8331  
      matrix_multiply:core/MUL-2:return.add_generic<AC_RND_CONV,false>:res_rounded:acc.tmp                                                                                                                                                                                                                                                                                                                                             0.0000 0.8331  
      matrix_multiply:core/return.add_generic<AC_RND_CONV,false>:res_rounded:slc(MUL-2:return.add_generic<AC_RND_CONV,false>:res_rounded:acc.tmp)(11)#2                                                                                                                                                                                                                                                                                0.0000 0.8331  
      matrix_multiply:core/return.add_generic<AC_RND_CONV,false>:res_rounded:slc(MUL-2:return.add_generic<AC_RND_CONV,false>:res_rounded:acc.tmp)(11)#2.itm                                                                                                                                                                                                                                                                            0.0000 0.8331  
      matrix_multiply:core/and#291                                                                                                                          mgc_and_1_8_1                                                                                                                                                                                                                                                              0.0963 0.9295  
      matrix_multiply:core/and#291.itm                                                                                                                                                                                                                                                                                                                                                                                                 0.0000 0.9295  
      matrix_multiply:core/or#165                                                                                                                           mgc_or_1_3_1                                                                                                                                                                                                                                                               0.0799 1.0093  
      matrix_multiply:core/or#165.itm                                                                                                                                                                                                                                                                                                                                                                                                  0.0000 1.0093  
      matrix_multiply:core/and#292                                                                                                                          mgc_and_1_2_2                                                                                                                                                                                                                                                              0.0708 1.0801  
      matrix_multiply:core/and.dcpl#289                                                                                                                                                                                                                                                                                                                                                                                                0.0000 1.0801  
      matrix_multiply:core/or#169                                                                                                                           mgc_or_1_4_1                                                                                                                                                                                                                                                               0.0839 1.1640  
      matrix_multiply:core/or#169.itm                                                                                                                                                                                                                                                                                                                                                                                                  0.0000 1.1640  
      matrix_multiply:core/return.add_generic<AC_RND_CONV,false>:e_r:qelse:mux#6                                                                            mgc_mux_1_1_2_1                                                                                                                                                                                                                                                            0.0646 1.2286  
      matrix_multiply:core/return.add_generic<AC_RND_CONV,false>:e_r:qelse:mux#6.itm                                                                                                                                                                                                                                                                                                                                                   0.0000 1.2286  
      matrix_multiply:core/return.add_generic<AC_RND_CONV,false>:e_r:qelse:not#10                                                                           mgc_not_1_1                                                                                                                                                                                                                                                                0.0340 1.2626  
      matrix_multiply:core/return.add_generic<AC_RND_CONV,false>:e_r:qelse:not#10.itm                                                                                                                                                                                                                                                                                                                                                  0.0000 1.2626  
      matrix_multiply:core/return.add_generic<AC_RND_CONV,false>:e_r:qelse:return.add_generic<AC_RND_CONV,false>:e_r:qelse:and#3                            mgc_and_1_2_2                                                                                                                                                                                                                                                              0.0708 1.3334  
      matrix_multiply:core/return.add_generic<AC_RND_CONV,false>:e_r:qelse:return.add_generic<AC_RND_CONV,false>:e_r:qelse:and#3.itm                                                                                                                                                                                                                                                                                                   0.0000 1.3334  
      matrix_multiply:core/reg(return.add_generic<AC_RND_CONV,false>:e_r:qelse:return.add_generic<AC_RND_CONV,false>:e_r:qelse:and#3.itm.1)                 mgc_reg_pos_1_0_0_1_1_1_1_4                                                                                                                                                                                                                                                0.0000 1.3334  
                                                                                                                                                                                                                                                                                                                                                                                                                                                      
    2                                                                                                                                                       matrix_multiply:core/reg(return.add_generic<AC_RND_CONV,false>:if#4:slc(return.add_generic<AC_RND_CONV,false>:acc#2)(5).mdf#2.sva.1) matrix_multiply:core/reg(return.add_generic<AC_RND_CONV,false>:e_r:qelse:return.add_generic<AC_RND_CONV,false>:e_r:qelse:and#3.itm.1) 1.3334 -0.3334 
                                                                                                                                                                                                                                                                                                                                                                                                                                                      
      Instance                                                                                                                                              Component                                                                                                                                                                                                                                                                  Delta  Delay   
      --------                                                                                                                                              ---------                                                                                                                                                                                                                                                                  -----  -----   
      matrix_multiply:core/reg(return.add_generic<AC_RND_CONV,false>:if#4:slc(return.add_generic<AC_RND_CONV,false>:acc#2)(5).mdf#2.sva.1)                  mgc_reg_pos_1_0_0_1_1_1_1_4                                                                                                                                                                                                                                                0.1130 0.1130  
      matrix_multiply:core/return.add_generic<AC_RND_CONV,false>:if#4:slc(return.add_generic<AC_RND_CONV,false>:acc#2)(5).mdf#2.sva.1                                                                                                                                                                                                                                                                                                  0.0000 0.1130  
      matrix_multiply:core/return.add_generic<AC_RND_CONV,false>:mux#102                                                                                    mgc_mux_2_1_2_1                                                                                                                                                                                                                                                            0.0827 0.1957  
      matrix_multiply:core/return.add_generic<AC_RND_CONV,false>:mux#102.itm                                                                                                                                                                                                                                                                                                                                                           0.0000 0.1957  
      matrix_multiply:core/return.add_generic<AC_RND_CONV,false>:conc#49                                                                                                                                                                                                                                                                                                                                                               0.0000 0.1957  
      matrix_multiply:core/return.add_generic<AC_RND_CONV,false>:conc#49.itm                                                                                                                                                                                                                                                                                                                                                           0.0000 0.1957  
      matrix_multiply:core/MUL-2:return.add_generic<AC_RND_CONV,false>:lshift#1.rg                                                                          mgc_shift_l_v5_15_0_4_15_1                                                                                                                                                                                                                                                 0.2466 0.4423  
      matrix_multiply:core/return.add_generic<AC_RND_CONV,false>:res_rounded:asn.rndc#2.sva#1                                                                                                                                                                                                                                                                                                                                          0.0000 0.4423  
      matrix_multiply:core/return.add_generic<AC_RND_CONV,false>:res_rounded:slc(return.add_generic<AC_RND_CONV,false>:res_rounded:asn.rndc#2.sva#1)(0)                                                                                                                                                                                                                                                                                0.0000 0.4423  
      matrix_multiply:core/return.add_generic<AC_RND_CONV,false>:res_rounded:slc(return.add_generic<AC_RND_CONV,false>:res_rounded:asn.rndc#2.sva#1)(0).itm                                                                                                                                                                                                                                                                            0.0000 0.4423  
      matrix_multiply:core/MUL-2:return.add_generic<AC_RND_CONV,false>:res_rounded:or                                                                       mgc_or_1_4_1                                                                                                                                                                                                                                                               0.0839 0.5262  
      matrix_multiply:core/MUL-2:return.add_generic<AC_RND_CONV,false>:res_rounded:or.itm                                                                                                                                                                                                                                                                                                                                              0.0000 0.5262  
      matrix_multiply:core/MUL-2:return.add_generic<AC_RND_CONV,false>:res_rounded:and                                                                      mgc_and_1_2_2                                                                                                                                                                                                                                                              0.0708 0.5970  
      matrix_multiply:core/MUL-2:return.add_generic<AC_RND_CONV,false>:res_rounded:and.itm                                                                                                                                                                                                                                                                                                                                             0.0000 0.5970  
      matrix_multiply:core/MUL-2:return.add_generic<AC_RND_CONV,false>:res_rounded:acc                                                                      mgc_addc_11_0_1_0_12_1                                                                                                                                                                                                                                                     0.2361 0.8331  
      matrix_multiply:core/MUL-2:return.add_generic<AC_RND_CONV,false>:res_rounded:acc.tmp                                                                                                                                                                                                                                                                                                                                             0.0000 0.8331  
      matrix_multiply:core/return.add_generic<AC_RND_CONV,false>:res_rounded:slc(MUL-2:return.add_generic<AC_RND_CONV,false>:res_rounded:acc.tmp)(11)#2                                                                                                                                                                                                                                                                                0.0000 0.8331  
      matrix_multiply:core/return.add_generic<AC_RND_CONV,false>:res_rounded:slc(MUL-2:return.add_generic<AC_RND_CONV,false>:res_rounded:acc.tmp)(11)#2.itm                                                                                                                                                                                                                                                                            0.0000 0.8331  
      matrix_multiply:core/and#291                                                                                                                          mgc_and_1_8_1                                                                                                                                                                                                                                                              0.0963 0.9295  
      matrix_multiply:core/and#291.itm                                                                                                                                                                                                                                                                                                                                                                                                 0.0000 0.9295  
      matrix_multiply:core/or#165                                                                                                                           mgc_or_1_3_1                                                                                                                                                                                                                                                               0.0799 1.0093  
      matrix_multiply:core/or#165.itm                                                                                                                                                                                                                                                                                                                                                                                                  0.0000 1.0093  
      matrix_multiply:core/and#292                                                                                                                          mgc_and_1_2_2                                                                                                                                                                                                                                                              0.0708 1.0801  
      matrix_multiply:core/and.dcpl#289                                                                                                                                                                                                                                                                                                                                                                                                0.0000 1.0801  
      matrix_multiply:core/or#169                                                                                                                           mgc_or_1_4_1                                                                                                                                                                                                                                                               0.0839 1.1640  
      matrix_multiply:core/or#169.itm                                                                                                                                                                                                                                                                                                                                                                                                  0.0000 1.1640  
      matrix_multiply:core/return.add_generic<AC_RND_CONV,false>:e_r:qelse:mux#6                                                                            mgc_mux_1_1_2_1                                                                                                                                                                                                                                                            0.0646 1.2286  
      matrix_multiply:core/return.add_generic<AC_RND_CONV,false>:e_r:qelse:mux#6.itm                                                                                                                                                                                                                                                                                                                                                   0.0000 1.2286  
      matrix_multiply:core/return.add_generic<AC_RND_CONV,false>:e_r:qelse:not#10                                                                           mgc_not_1_1                                                                                                                                                                                                                                                                0.0340 1.2626  
      matrix_multiply:core/return.add_generic<AC_RND_CONV,false>:e_r:qelse:not#10.itm                                                                                                                                                                                                                                                                                                                                                  0.0000 1.2626  
      matrix_multiply:core/return.add_generic<AC_RND_CONV,false>:e_r:qelse:return.add_generic<AC_RND_CONV,false>:e_r:qelse:and#3                            mgc_and_1_2_2                                                                                                                                                                                                                                                              0.0708 1.3334  
      matrix_multiply:core/return.add_generic<AC_RND_CONV,false>:e_r:qelse:return.add_generic<AC_RND_CONV,false>:e_r:qelse:and#3.itm                                                                                                                                                                                                                                                                                                   0.0000 1.3334  
      matrix_multiply:core/reg(return.add_generic<AC_RND_CONV,false>:e_r:qelse:return.add_generic<AC_RND_CONV,false>:e_r:qelse:and#3.itm.1)                 mgc_reg_pos_1_0_0_1_1_1_1_4                                                                                                                                                                                                                                                0.0000 1.3334  
                                                                                                                                                                                                                                                                                                                                                                                                                                                      
    3                                                                                                                                                       matrix_multiply:core/reg(return.add_generic<AC_RND_CONV,false>:ls#2.sva.2)#1                                                         matrix_multiply:core/reg(return.add_generic<AC_RND_CONV,false>:e_r:qelse:return.add_generic<AC_RND_CONV,false>:e_r:qelse:and#3.itm.1) 1.3334 -0.3334 
                                                                                                                                                                                                                                                                                                                                                                                                                                                      
      Instance                                                                                                                                              Component                                                                                                                                                                                                                                                                  Delta  Delay   
      --------                                                                                                                                              ---------                                                                                                                                                                                                                                                                  -----  -----   
      matrix_multiply:core/reg(return.add_generic<AC_RND_CONV,false>:ls#2.sva.2)#1                                                                          mgc_reg_pos_3_0_0_1_1_1_1_4                                                                                                                                                                                                                                                0.1130 0.1130  
      matrix_multiply:core/return.add_generic<AC_RND_CONV,false>:ls#2.sva.2.rsp.1                                                                                                                                                                                                                                                                                                                                                      0.0000 0.1130  
      matrix_multiply:core/return.add_generic<AC_RND_CONV,false>:ls:slc(return.add_generic<AC_RND_CONV,false>:ls#2.sva.2.rsp.1)(2-1)                                                                                                                                                                                                                                                                                                   0.0000 0.1130  
      matrix_multiply:core/return.add_generic<AC_RND_CONV,false>:ls:slc(return.add_generic<AC_RND_CONV,false>:ls#2.sva.2.rsp.1)(2-1).itm                                                                                                                                                                                                                                                                                               0.0000 0.1130  
      matrix_multiply:core/return.add_generic<AC_RND_CONV,false>:mux#102                                                                                    mgc_mux_2_1_2_1                                                                                                                                                                                                                                                            0.0827 0.1957  
      matrix_multiply:core/return.add_generic<AC_RND_CONV,false>:mux#102.itm                                                                                                                                                                                                                                                                                                                                                           0.0000 0.1957  
      matrix_multiply:core/return.add_generic<AC_RND_CONV,false>:conc#49                                                                                                                                                                                                                                                                                                                                                               0.0000 0.1957  
      matrix_multiply:core/return.add_generic<AC_RND_CONV,false>:conc#49.itm                                                                                                                                                                                                                                                                                                                                                           0.0000 0.1957  
      matrix_multiply:core/MUL-2:return.add_generic<AC_RND_CONV,false>:lshift#1.rg                                                                          mgc_shift_l_v5_15_0_4_15_1                                                                                                                                                                                                                                                 0.2466 0.4423  
      matrix_multiply:core/return.add_generic<AC_RND_CONV,false>:res_rounded:asn.rndc#2.sva#1                                                                                                                                                                                                                                                                                                                                          0.0000 0.4423  
      matrix_multiply:core/return.add_generic<AC_RND_CONV,false>:res_rounded:slc(return.add_generic<AC_RND_CONV,false>:res_rounded:asn.rndc#2.sva#1)(0)                                                                                                                                                                                                                                                                                0.0000 0.4423  
      matrix_multiply:core/return.add_generic<AC_RND_CONV,false>:res_rounded:slc(return.add_generic<AC_RND_CONV,false>:res_rounded:asn.rndc#2.sva#1)(0).itm                                                                                                                                                                                                                                                                            0.0000 0.4423  
      matrix_multiply:core/MUL-2:return.add_generic<AC_RND_CONV,false>:res_rounded:or                                                                       mgc_or_1_4_1                                                                                                                                                                                                                                                               0.0839 0.5262  
      matrix_multiply:core/MUL-2:return.add_generic<AC_RND_CONV,false>:res_rounded:or.itm                                                                                                                                                                                                                                                                                                                                              0.0000 0.5262  
      matrix_multiply:core/MUL-2:return.add_generic<AC_RND_CONV,false>:res_rounded:and                                                                      mgc_and_1_2_2                                                                                                                                                                                                                                                              0.0708 0.5970  
      matrix_multiply:core/MUL-2:return.add_generic<AC_RND_CONV,false>:res_rounded:and.itm                                                                                                                                                                                                                                                                                                                                             0.0000 0.5970  
      matrix_multiply:core/MUL-2:return.add_generic<AC_RND_CONV,false>:res_rounded:acc                                                                      mgc_addc_11_0_1_0_12_1                                                                                                                                                                                                                                                     0.2361 0.8331  
      matrix_multiply:core/MUL-2:return.add_generic<AC_RND_CONV,false>:res_rounded:acc.tmp                                                                                                                                                                                                                                                                                                                                             0.0000 0.8331  
      matrix_multiply:core/return.add_generic<AC_RND_CONV,false>:res_rounded:slc(MUL-2:return.add_generic<AC_RND_CONV,false>:res_rounded:acc.tmp)(11)#2                                                                                                                                                                                                                                                                                0.0000 0.8331  
      matrix_multiply:core/return.add_generic<AC_RND_CONV,false>:res_rounded:slc(MUL-2:return.add_generic<AC_RND_CONV,false>:res_rounded:acc.tmp)(11)#2.itm                                                                                                                                                                                                                                                                            0.0000 0.8331  
      matrix_multiply:core/and#291                                                                                                                          mgc_and_1_8_1                                                                                                                                                                                                                                                              0.0963 0.9295  
      matrix_multiply:core/and#291.itm                                                                                                                                                                                                                                                                                                                                                                                                 0.0000 0.9295  
      matrix_multiply:core/or#165                                                                                                                           mgc_or_1_3_1                                                                                                                                                                                                                                                               0.0799 1.0093  
      matrix_multiply:core/or#165.itm                                                                                                                                                                                                                                                                                                                                                                                                  0.0000 1.0093  
      matrix_multiply:core/and#292                                                                                                                          mgc_and_1_2_2                                                                                                                                                                                                                                                              0.0708 1.0801  
      matrix_multiply:core/and.dcpl#289                                                                                                                                                                                                                                                                                                                                                                                                0.0000 1.0801  
      matrix_multiply:core/or#169                                                                                                                           mgc_or_1_4_1                                                                                                                                                                                                                                                               0.0839 1.1640  
      matrix_multiply:core/or#169.itm                                                                                                                                                                                                                                                                                                                                                                                                  0.0000 1.1640  
      matrix_multiply:core/return.add_generic<AC_RND_CONV,false>:e_r:qelse:mux#6                                                                            mgc_mux_1_1_2_1                                                                                                                                                                                                                                                            0.0646 1.2286  
      matrix_multiply:core/return.add_generic<AC_RND_CONV,false>:e_r:qelse:mux#6.itm                                                                                                                                                                                                                                                                                                                                                   0.0000 1.2286  
      matrix_multiply:core/return.add_generic<AC_RND_CONV,false>:e_r:qelse:not#10                                                                           mgc_not_1_1                                                                                                                                                                                                                                                                0.0340 1.2626  
      matrix_multiply:core/return.add_generic<AC_RND_CONV,false>:e_r:qelse:not#10.itm                                                                                                                                                                                                                                                                                                                                                  0.0000 1.2626  
      matrix_multiply:core/return.add_generic<AC_RND_CONV,false>:e_r:qelse:return.add_generic<AC_RND_CONV,false>:e_r:qelse:and#3                            mgc_and_1_2_2                                                                                                                                                                                                                                                              0.0708 1.3334  
      matrix_multiply:core/return.add_generic<AC_RND_CONV,false>:e_r:qelse:return.add_generic<AC_RND_CONV,false>:e_r:qelse:and#3.itm                                                                                                                                                                                                                                                                                                   0.0000 1.3334  
      matrix_multiply:core/reg(return.add_generic<AC_RND_CONV,false>:e_r:qelse:return.add_generic<AC_RND_CONV,false>:e_r:qelse:and#3.itm.1)                 mgc_reg_pos_1_0_0_1_1_1_1_4                                                                                                                                                                                                                                                0.0000 1.3334  
                                                                                                                                                                                                                                                                                                                                                                                                                                                      
    4                                                                                                                                                       matrix_multiply:core/reg(return.add_generic<AC_RND_CONV,false>:ls#2.sva.2)#1                                                         matrix_multiply:core/reg(return.add_generic<AC_RND_CONV,false>:e_r:qelse:return.add_generic<AC_RND_CONV,false>:e_r:qelse:and#3.itm.1) 1.3334 -0.3334 
                                                                                                                                                                                                                                                                                                                                                                                                                                                      
      Instance                                                                                                                                              Component                                                                                                                                                                                                                                                                  Delta  Delay   
      --------                                                                                                                                              ---------                                                                                                                                                                                                                                                                  -----  -----   
      matrix_multiply:core/reg(return.add_generic<AC_RND_CONV,false>:ls#2.sva.2)#1                                                                          mgc_reg_pos_3_0_0_1_1_1_1_4                                                                                                                                                                                                                                                0.1130 0.1130  
      matrix_multiply:core/return.add_generic<AC_RND_CONV,false>:ls#2.sva.2.rsp.1                                                                                                                                                                                                                                                                                                                                                      0.0000 0.1130  
      matrix_multiply:core/return.add_generic<AC_RND_CONV,false>:slc(return.add_generic<AC_RND_CONV,false>:ls:conc#10.itm(3:1))(1-0)                                                                                                                                                                                                                                                                                                   0.0000 0.1130  
      matrix_multiply:core/return.add_generic<AC_RND_CONV,false>:slc(return.add_generic<AC_RND_CONV,false>:ls:conc#10.itm(3:1))(1-0).itm                                                                                                                                                                                                                                                                                               0.0000 0.1130  
      matrix_multiply:core/return.add_generic<AC_RND_CONV,false>:mux#102                                                                                    mgc_mux_2_1_2_1                                                                                                                                                                                                                                                            0.0827 0.1957  
      matrix_multiply:core/return.add_generic<AC_RND_CONV,false>:mux#102.itm                                                                                                                                                                                                                                                                                                                                                           0.0000 0.1957  
      matrix_multiply:core/return.add_generic<AC_RND_CONV,false>:conc#49                                                                                                                                                                                                                                                                                                                                                               0.0000 0.1957  
      matrix_multiply:core/return.add_generic<AC_RND_CONV,false>:conc#49.itm                                                                                                                                                                                                                                                                                                                                                           0.0000 0.1957  
      matrix_multiply:core/MUL-2:return.add_generic<AC_RND_CONV,false>:lshift#1.rg                                                                          mgc_shift_l_v5_15_0_4_15_1                                                                                                                                                                                                                                                 0.2466 0.4423  
      matrix_multiply:core/return.add_generic<AC_RND_CONV,false>:res_rounded:asn.rndc#2.sva#1                                                                                                                                                                                                                                                                                                                                          0.0000 0.4423  
      matrix_multiply:core/return.add_generic<AC_RND_CONV,false>:res_rounded:slc(return.add_generic<AC_RND_CONV,false>:res_rounded:asn.rndc#2.sva#1)(4)                                                                                                                                                                                                                                                                                0.0000 0.4423  
      matrix_multiply:core/return.add_generic<AC_RND_CONV,false>:res_rounded:slc(return.add_generic<AC_RND_CONV,false>:res_rounded:asn.rndc#2.sva#1)(4).itm                                                                                                                                                                                                                                                                            0.0000 0.4423  
      matrix_multiply:core/MUL-2:return.add_generic<AC_RND_CONV,false>:res_rounded:or                                                                       mgc_or_1_4_1                                                                                                                                                                                                                                                               0.0839 0.5262  
      matrix_multiply:core/MUL-2:return.add_generic<AC_RND_CONV,false>:res_rounded:or.itm                                                                                                                                                                                                                                                                                                                                              0.0000 0.5262  
      matrix_multiply:core/MUL-2:return.add_generic<AC_RND_CONV,false>:res_rounded:and                                                                      mgc_and_1_2_2                                                                                                                                                                                                                                                              0.0708 0.5970  
      matrix_multiply:core/MUL-2:return.add_generic<AC_RND_CONV,false>:res_rounded:and.itm                                                                                                                                                                                                                                                                                                                                             0.0000 0.5970  
      matrix_multiply:core/MUL-2:return.add_generic<AC_RND_CONV,false>:res_rounded:acc                                                                      mgc_addc_11_0_1_0_12_1                                                                                                                                                                                                                                                     0.2361 0.8331  
      matrix_multiply:core/MUL-2:return.add_generic<AC_RND_CONV,false>:res_rounded:acc.tmp                                                                                                                                                                                                                                                                                                                                             0.0000 0.8331  
      matrix_multiply:core/return.add_generic<AC_RND_CONV,false>:res_rounded:slc(MUL-2:return.add_generic<AC_RND_CONV,false>:res_rounded:acc.tmp)(11)#2                                                                                                                                                                                                                                                                                0.0000 0.8331  
      matrix_multiply:core/return.add_generic<AC_RND_CONV,false>:res_rounded:slc(MUL-2:return.add_generic<AC_RND_CONV,false>:res_rounded:acc.tmp)(11)#2.itm                                                                                                                                                                                                                                                                            0.0000 0.8331  
      matrix_multiply:core/and#291                                                                                                                          mgc_and_1_8_1                                                                                                                                                                                                                                                              0.0963 0.9295  
      matrix_multiply:core/and#291.itm                                                                                                                                                                                                                                                                                                                                                                                                 0.0000 0.9295  
      matrix_multiply:core/or#165                                                                                                                           mgc_or_1_3_1                                                                                                                                                                                                                                                               0.0799 1.0093  
      matrix_multiply:core/or#165.itm                                                                                                                                                                                                                                                                                                                                                                                                  0.0000 1.0093  
      matrix_multiply:core/and#292                                                                                                                          mgc_and_1_2_2                                                                                                                                                                                                                                                              0.0708 1.0801  
      matrix_multiply:core/and.dcpl#289                                                                                                                                                                                                                                                                                                                                                                                                0.0000 1.0801  
      matrix_multiply:core/or#169                                                                                                                           mgc_or_1_4_1                                                                                                                                                                                                                                                               0.0839 1.1640  
      matrix_multiply:core/or#169.itm                                                                                                                                                                                                                                                                                                                                                                                                  0.0000 1.1640  
      matrix_multiply:core/return.add_generic<AC_RND_CONV,false>:e_r:qelse:mux#6                                                                            mgc_mux_1_1_2_1                                                                                                                                                                                                                                                            0.0646 1.2286  
      matrix_multiply:core/return.add_generic<AC_RND_CONV,false>:e_r:qelse:mux#6.itm                                                                                                                                                                                                                                                                                                                                                   0.0000 1.2286  
      matrix_multiply:core/return.add_generic<AC_RND_CONV,false>:e_r:qelse:not#10                                                                           mgc_not_1_1                                                                                                                                                                                                                                                                0.0340 1.2626  
      matrix_multiply:core/return.add_generic<AC_RND_CONV,false>:e_r:qelse:not#10.itm                                                                                                                                                                                                                                                                                                                                                  0.0000 1.2626  
      matrix_multiply:core/return.add_generic<AC_RND_CONV,false>:e_r:qelse:return.add_generic<AC_RND_CONV,false>:e_r:qelse:and#3                            mgc_and_1_2_2                                                                                                                                                                                                                                                              0.0708 1.3334  
      matrix_multiply:core/return.add_generic<AC_RND_CONV,false>:e_r:qelse:return.add_generic<AC_RND_CONV,false>:e_r:qelse:and#3.itm                                                                                                                                                                                                                                                                                                   0.0000 1.3334  
      matrix_multiply:core/reg(return.add_generic<AC_RND_CONV,false>:e_r:qelse:return.add_generic<AC_RND_CONV,false>:e_r:qelse:and#3.itm.1)                 mgc_reg_pos_1_0_0_1_1_1_1_4                                                                                                                                                                                                                                                0.0000 1.3334  
                                                                                                                                                                                                                                                                                                                                                                                                                                                      
    5                                                                                                                                                       matrix_multiply:core/reg(return.add_generic<AC_RND_CONV,false>:ls#3.sva.2)#1                                                         matrix_multiply:core/reg(return.add_generic<AC_RND_CONV,false>:e_r:qelse:return.add_generic<AC_RND_CONV,false>:e_r:qelse:and#5.itm.1) 1.3334 -0.3334 
                                                                                                                                                                                                                                                                                                                                                                                                                                                      
      Instance                                                                                                                                              Component                                                                                                                                                                                                                                                                  Delta  Delay   
      --------                                                                                                                                              ---------                                                                                                                                                                                                                                                                  -----  -----   
      matrix_multiply:core/reg(return.add_generic<AC_RND_CONV,false>:ls#3.sva.2)#1                                                                          mgc_reg_pos_3_0_0_1_1_1_1_4                                                                                                                                                                                                                                                0.1130 0.1130  
      matrix_multiply:core/return.add_generic<AC_RND_CONV,false>:ls#3.sva.2.rsp.1                                                                                                                                                                                                                                                                                                                                                      0.0000 0.1130  
      matrix_multiply:core/return.add_generic<AC_RND_CONV,false>:slc(return.add_generic<AC_RND_CONV,false>:ls:conc#9.itm(3:1))(1-0)                                                                                                                                                                                                                                                                                                    0.0000 0.1130  
      matrix_multiply:core/return.add_generic<AC_RND_CONV,false>:slc(return.add_generic<AC_RND_CONV,false>:ls:conc#9.itm(3:1))(1-0).itm                                                                                                                                                                                                                                                                                                0.0000 0.1130  
      matrix_multiply:core/return.add_generic<AC_RND_CONV,false>:mux#101                                                                                    mgc_mux_2_1_2_1                                                                                                                                                                                                                                                            0.0827 0.1957  
      matrix_multiply:core/return.add_generic<AC_RND_CONV,false>:mux#101.itm                                                                                                                                                                                                                                                                                                                                                           0.0000 0.1957  
      matrix_multiply:core/return.add_generic<AC_RND_CONV,false>:conc#48                                                                                                                                                                                                                                                                                                                                                               0.0000 0.1957  
      matrix_multiply:core/return.add_generic<AC_RND_CONV,false>:conc#48.itm                                                                                                                                                                                                                                                                                                                                                           0.0000 0.1957  
      matrix_multiply:core/MUL-3:return.add_generic<AC_RND_CONV,false>:lshift#1.rg                                                                          mgc_shift_l_v5_15_0_4_15_1                                                                                                                                                                                                                                                 0.2466 0.4423  
      matrix_multiply:core/return.add_generic<AC_RND_CONV,false>:res_rounded:asn.rndc#3.sva#1                                                                                                                                                                                                                                                                                                                                          0.0000 0.4423  
      matrix_multiply:core/return.add_generic<AC_RND_CONV,false>:res_rounded:slc(return.add_generic<AC_RND_CONV,false>:res_rounded:asn.rndc#3.sva#1)(0)                                                                                                                                                                                                                                                                                0.0000 0.4423  
      matrix_multiply:core/return.add_generic<AC_RND_CONV,false>:res_rounded:slc(return.add_generic<AC_RND_CONV,false>:res_rounded:asn.rndc#3.sva#1)(0).itm                                                                                                                                                                                                                                                                            0.0000 0.4423  
      matrix_multiply:core/MUL-3:return.add_generic<AC_RND_CONV,false>:res_rounded:or                                                                       mgc_or_1_4_1                                                                                                                                                                                                                                                               0.0839 0.5262  
      matrix_multiply:core/MUL-3:return.add_generic<AC_RND_CONV,false>:res_rounded:or.itm                                                                                                                                                                                                                                                                                                                                              0.0000 0.5262  
      matrix_multiply:core/MUL-3:return.add_generic<AC_RND_CONV,false>:res_rounded:and                                                                      mgc_and_1_2_2                                                                                                                                                                                                                                                              0.0708 0.5970  
      matrix_multiply:core/MUL-3:return.add_generic<AC_RND_CONV,false>:res_rounded:and.itm                                                                                                                                                                                                                                                                                                                                             0.0000 0.5970  
      matrix_multiply:core/MUL-3:return.add_generic<AC_RND_CONV,false>:res_rounded:acc                                                                      mgc_addc_11_0_1_0_12_1                                                                                                                                                                                                                                                     0.2361 0.8331  
      matrix_multiply:core/MUL-3:return.add_generic<AC_RND_CONV,false>:res_rounded:acc.tmp                                                                                                                                                                                                                                                                                                                                             0.0000 0.8331  
      matrix_multiply:core/return.add_generic<AC_RND_CONV,false>:res_rounded:slc(MUL-3:return.add_generic<AC_RND_CONV,false>:res_rounded:acc.tmp)(11)#2                                                                                                                                                                                                                                                                                0.0000 0.8331  
      matrix_multiply:core/return.add_generic<AC_RND_CONV,false>:res_rounded:slc(MUL-3:return.add_generic<AC_RND_CONV,false>:res_rounded:acc.tmp)(11)#2.itm                                                                                                                                                                                                                                                                            0.0000 0.8331  
      matrix_multiply:core/and#283                                                                                                                          mgc_and_1_8_1                                                                                                                                                                                                                                                              0.0963 0.9295  
      matrix_multiply:core/and#283.itm                                                                                                                                                                                                                                                                                                                                                                                                 0.0000 0.9295  
      matrix_multiply:core/or#153                                                                                                                           mgc_or_1_3_1                                                                                                                                                                                                                                                               0.0799 1.0093  
      matrix_multiply:core/or#153.itm                                                                                                                                                                                                                                                                                                                                                                                                  0.0000 1.0093  
      matrix_multiply:core/and#284                                                                                                                          mgc_and_1_2_2                                                                                                                                                                                                                                                              0.0708 1.0801  
      matrix_multiply:core/and.dcpl#281                                                                                                                                                                                                                                                                                                                                                                                                0.0000 1.0801  
      matrix_multiply:core/or#154                                                                                                                           mgc_or_1_4_1                                                                                                                                                                                                                                                               0.0839 1.1640  
      matrix_multiply:core/or#154.itm                                                                                                                                                                                                                                                                                                                                                                                                  0.0000 1.1640  
      matrix_multiply:core/return.add_generic<AC_RND_CONV,false>:e_r:qelse:mux#3                                                                            mgc_mux_1_1_2_1                                                                                                                                                                                                                                                            0.0646 1.2286  
      matrix_multiply:core/return.add_generic<AC_RND_CONV,false>:e_r:qelse:mux#3.itm                                                                                                                                                                                                                                                                                                                                                   0.0000 1.2286  
      matrix_multiply:core/return.add_generic<AC_RND_CONV,false>:e_r:qelse:not#12                                                                           mgc_not_1_1                                                                                                                                                                                                                                                                0.0340 1.2626  
      matrix_multiply:core/return.add_generic<AC_RND_CONV,false>:e_r:qelse:not#12.itm                                                                                                                                                                                                                                                                                                                                                  0.0000 1.2626  
      matrix_multiply:core/return.add_generic<AC_RND_CONV,false>:e_r:qelse:return.add_generic<AC_RND_CONV,false>:e_r:qelse:and#5                            mgc_and_1_2_2                                                                                                                                                                                                                                                              0.0708 1.3334  
      matrix_multiply:core/return.add_generic<AC_RND_CONV,false>:e_r:qelse:return.add_generic<AC_RND_CONV,false>:e_r:qelse:and#5.itm                                                                                                                                                                                                                                                                                                   0.0000 1.3334  
      matrix_multiply:core/reg(return.add_generic<AC_RND_CONV,false>:e_r:qelse:return.add_generic<AC_RND_CONV,false>:e_r:qelse:and#5.itm.1)                 mgc_reg_pos_1_0_0_1_1_1_1_4                                                                                                                                                                                                                                                0.0000 1.3334  
                                                                                                                                                                                                                                                                                                                                                                                                                                                      
    6                                                                                                                                                       matrix_multiply:core/reg(return.add_generic<AC_RND_CONV,false>:if#4:slc(return.add_generic<AC_RND_CONV,false>:acc#2)(5).mdf#3.sva.1) matrix_multiply:core/reg(return.add_generic<AC_RND_CONV,false>:e_r:qelse:return.add_generic<AC_RND_CONV,false>:e_r:qelse:and#5.itm.1) 1.3334 -0.3334 
                                                                                                                                                                                                                                                                                                                                                                                                                                                      
      Instance                                                                                                                                              Component                                                                                                                                                                                                                                                                  Delta  Delay   
      --------                                                                                                                                              ---------                                                                                                                                                                                                                                                                  -----  -----   
      matrix_multiply:core/reg(return.add_generic<AC_RND_CONV,false>:if#4:slc(return.add_generic<AC_RND_CONV,false>:acc#2)(5).mdf#3.sva.1)                  mgc_reg_pos_1_0_0_1_1_1_1_4                                                                                                                                                                                                                                                0.1130 0.1130  
      matrix_multiply:core/return.add_generic<AC_RND_CONV,false>:if#4:slc(return.add_generic<AC_RND_CONV,false>:acc#2)(5).mdf#3.sva.1                                                                                                                                                                                                                                                                                                  0.0000 0.1130  
      matrix_multiply:core/return.add_generic<AC_RND_CONV,false>:mux#101                                                                                    mgc_mux_2_1_2_1                                                                                                                                                                                                                                                            0.0827 0.1957  
      matrix_multiply:core/return.add_generic<AC_RND_CONV,false>:mux#101.itm                                                                                                                                                                                                                                                                                                                                                           0.0000 0.1957  
      matrix_multiply:core/return.add_generic<AC_RND_CONV,false>:conc#48                                                                                                                                                                                                                                                                                                                                                               0.0000 0.1957  
      matrix_multiply:core/return.add_generic<AC_RND_CONV,false>:conc#48.itm                                                                                                                                                                                                                                                                                                                                                           0.0000 0.1957  
      matrix_multiply:core/MUL-3:return.add_generic<AC_RND_CONV,false>:lshift#1.rg                                                                          mgc_shift_l_v5_15_0_4_15_1                                                                                                                                                                                                                                                 0.2466 0.4423  
      matrix_multiply:core/return.add_generic<AC_RND_CONV,false>:res_rounded:asn.rndc#3.sva#1                                                                                                                                                                                                                                                                                                                                          0.0000 0.4423  
      matrix_multiply:core/return.add_generic<AC_RND_CONV,false>:res_rounded:slc(return.add_generic<AC_RND_CONV,false>:res_rounded:asn.rndc#3.sva#1)(0)                                                                                                                                                                                                                                                                                0.0000 0.4423  
      matrix_multiply:core/return.add_generic<AC_RND_CONV,false>:res_rounded:slc(return.add_generic<AC_RND_CONV,false>:res_rounded:asn.rndc#3.sva#1)(0).itm                                                                                                                                                                                                                                                                            0.0000 0.4423  
      matrix_multiply:core/MUL-3:return.add_generic<AC_RND_CONV,false>:res_rounded:or                                                                       mgc_or_1_4_1                                                                                                                                                                                                                                                               0.0839 0.5262  
      matrix_multiply:core/MUL-3:return.add_generic<AC_RND_CONV,false>:res_rounded:or.itm                                                                                                                                                                                                                                                                                                                                              0.0000 0.5262  
      matrix_multiply:core/MUL-3:return.add_generic<AC_RND_CONV,false>:res_rounded:and                                                                      mgc_and_1_2_2                                                                                                                                                                                                                                                              0.0708 0.5970  
      matrix_multiply:core/MUL-3:return.add_generic<AC_RND_CONV,false>:res_rounded:and.itm                                                                                                                                                                                                                                                                                                                                             0.0000 0.5970  
      matrix_multiply:core/MUL-3:return.add_generic<AC_RND_CONV,false>:res_rounded:acc                                                                      mgc_addc_11_0_1_0_12_1                                                                                                                                                                                                                                                     0.2361 0.8331  
      matrix_multiply:core/MUL-3:return.add_generic<AC_RND_CONV,false>:res_rounded:acc.tmp                                                                                                                                                                                                                                                                                                                                             0.0000 0.8331  
      matrix_multiply:core/return.add_generic<AC_RND_CONV,false>:res_rounded:slc(MUL-3:return.add_generic<AC_RND_CONV,false>:res_rounded:acc.tmp)(11)#2                                                                                                                                                                                                                                                                                0.0000 0.8331  
      matrix_multiply:core/return.add_generic<AC_RND_CONV,false>:res_rounded:slc(MUL-3:return.add_generic<AC_RND_CONV,false>:res_rounded:acc.tmp)(11)#2.itm                                                                                                                                                                                                                                                                            0.0000 0.8331  
      matrix_multiply:core/and#283                                                                                                                          mgc_and_1_8_1                                                                                                                                                                                                                                                              0.0963 0.9295  
      matrix_multiply:core/and#283.itm                                                                                                                                                                                                                                                                                                                                                                                                 0.0000 0.9295  
      matrix_multiply:core/or#153                                                                                                                           mgc_or_1_3_1                                                                                                                                                                                                                                                               0.0799 1.0093  
      matrix_multiply:core/or#153.itm                                                                                                                                                                                                                                                                                                                                                                                                  0.0000 1.0093  
      matrix_multiply:core/and#284                                                                                                                          mgc_and_1_2_2                                                                                                                                                                                                                                                              0.0708 1.0801  
      matrix_multiply:core/and.dcpl#281                                                                                                                                                                                                                                                                                                                                                                                                0.0000 1.0801  
      matrix_multiply:core/or#154                                                                                                                           mgc_or_1_4_1                                                                                                                                                                                                                                                               0.0839 1.1640  
      matrix_multiply:core/or#154.itm                                                                                                                                                                                                                                                                                                                                                                                                  0.0000 1.1640  
      matrix_multiply:core/return.add_generic<AC_RND_CONV,false>:e_r:qelse:mux#3                                                                            mgc_mux_1_1_2_1                                                                                                                                                                                                                                                            0.0646 1.2286  
      matrix_multiply:core/return.add_generic<AC_RND_CONV,false>:e_r:qelse:mux#3.itm                                                                                                                                                                                                                                                                                                                                                   0.0000 1.2286  
      matrix_multiply:core/return.add_generic<AC_RND_CONV,false>:e_r:qelse:not#12                                                                           mgc_not_1_1                                                                                                                                                                                                                                                                0.0340 1.2626  
      matrix_multiply:core/return.add_generic<AC_RND_CONV,false>:e_r:qelse:not#12.itm                                                                                                                                                                                                                                                                                                                                                  0.0000 1.2626  
      matrix_multiply:core/return.add_generic<AC_RND_CONV,false>:e_r:qelse:return.add_generic<AC_RND_CONV,false>:e_r:qelse:and#5                            mgc_and_1_2_2                                                                                                                                                                                                                                                              0.0708 1.3334  
      matrix_multiply:core/return.add_generic<AC_RND_CONV,false>:e_r:qelse:return.add_generic<AC_RND_CONV,false>:e_r:qelse:and#5.itm                                                                                                                                                                                                                                                                                                   0.0000 1.3334  
      matrix_multiply:core/reg(return.add_generic<AC_RND_CONV,false>:e_r:qelse:return.add_generic<AC_RND_CONV,false>:e_r:qelse:and#5.itm.1)                 mgc_reg_pos_1_0_0_1_1_1_1_4                                                                                                                                                                                                                                                0.0000 1.3334  
                                                                                                                                                                                                                                                                                                                                                                                                                                                      
    7                                                                                                                                                       matrix_multiply:core/reg(return.add_generic<AC_RND_CONV,false>:ls#3.sva.2)#1                                                         matrix_multiply:core/reg(return.add_generic<AC_RND_CONV,false>:e_r:qelse:return.add_generic<AC_RND_CONV,false>:e_r:qelse:and#5.itm.1) 1.3334 -0.3334 
                                                                                                                                                                                                                                                                                                                                                                                                                                                      
      Instance                                                                                                                                              Component                                                                                                                                                                                                                                                                  Delta  Delay   
      --------                                                                                                                                              ---------                                                                                                                                                                                                                                                                  -----  -----   
      matrix_multiply:core/reg(return.add_generic<AC_RND_CONV,false>:ls#3.sva.2)#1                                                                          mgc_reg_pos_3_0_0_1_1_1_1_4                                                                                                                                                                                                                                                0.1130 0.1130  
      matrix_multiply:core/return.add_generic<AC_RND_CONV,false>:ls#3.sva.2.rsp.1                                                                                                                                                                                                                                                                                                                                                      0.0000 0.1130  
      matrix_multiply:core/return.add_generic<AC_RND_CONV,false>:ls:slc(return.add_generic<AC_RND_CONV,false>:ls#3.sva.2.rsp.1)(2-1)                                                                                                                                                                                                                                                                                                   0.0000 0.1130  
      matrix_multiply:core/return.add_generic<AC_RND_CONV,false>:ls:slc(return.add_generic<AC_RND_CONV,false>:ls#3.sva.2.rsp.1)(2-1).itm                                                                                                                                                                                                                                                                                               0.0000 0.1130  
      matrix_multiply:core/return.add_generic<AC_RND_CONV,false>:mux#101                                                                                    mgc_mux_2_1_2_1                                                                                                                                                                                                                                                            0.0827 0.1957  
      matrix_multiply:core/return.add_generic<AC_RND_CONV,false>:mux#101.itm                                                                                                                                                                                                                                                                                                                                                           0.0000 0.1957  
      matrix_multiply:core/return.add_generic<AC_RND_CONV,false>:conc#48                                                                                                                                                                                                                                                                                                                                                               0.0000 0.1957  
      matrix_multiply:core/return.add_generic<AC_RND_CONV,false>:conc#48.itm                                                                                                                                                                                                                                                                                                                                                           0.0000 0.1957  
      matrix_multiply:core/MUL-3:return.add_generic<AC_RND_CONV,false>:lshift#1.rg                                                                          mgc_shift_l_v5_15_0_4_15_1                                                                                                                                                                                                                                                 0.2466 0.4423  
      matrix_multiply:core/return.add_generic<AC_RND_CONV,false>:res_rounded:asn.rndc#3.sva#1                                                                                                                                                                                                                                                                                                                                          0.0000 0.4423  
      matrix_multiply:core/return.add_generic<AC_RND_CONV,false>:res_rounded:slc(return.add_generic<AC_RND_CONV,false>:res_rounded:asn.rndc#3.sva#1)(0)                                                                                                                                                                                                                                                                                0.0000 0.4423  
      matrix_multiply:core/return.add_generic<AC_RND_CONV,false>:res_rounded:slc(return.add_generic<AC_RND_CONV,false>:res_rounded:asn.rndc#3.sva#1)(0).itm                                                                                                                                                                                                                                                                            0.0000 0.4423  
      matrix_multiply:core/MUL-3:return.add_generic<AC_RND_CONV,false>:res_rounded:or                                                                       mgc_or_1_4_1                                                                                                                                                                                                                                                               0.0839 0.5262  
      matrix_multiply:core/MUL-3:return.add_generic<AC_RND_CONV,false>:res_rounded:or.itm                                                                                                                                                                                                                                                                                                                                              0.0000 0.5262  
      matrix_multiply:core/MUL-3:return.add_generic<AC_RND_CONV,false>:res_rounded:and                                                                      mgc_and_1_2_2                                                                                                                                                                                                                                                              0.0708 0.5970  
      matrix_multiply:core/MUL-3:return.add_generic<AC_RND_CONV,false>:res_rounded:and.itm                                                                                                                                                                                                                                                                                                                                             0.0000 0.5970  
      matrix_multiply:core/MUL-3:return.add_generic<AC_RND_CONV,false>:res_rounded:acc                                                                      mgc_addc_11_0_1_0_12_1                                                                                                                                                                                                                                                     0.2361 0.8331  
      matrix_multiply:core/MUL-3:return.add_generic<AC_RND_CONV,false>:res_rounded:acc.tmp                                                                                                                                                                                                                                                                                                                                             0.0000 0.8331  
      matrix_multiply:core/return.add_generic<AC_RND_CONV,false>:res_rounded:slc(MUL-3:return.add_generic<AC_RND_CONV,false>:res_rounded:acc.tmp)(11)#2                                                                                                                                                                                                                                                                                0.0000 0.8331  
      matrix_multiply:core/return.add_generic<AC_RND_CONV,false>:res_rounded:slc(MUL-3:return.add_generic<AC_RND_CONV,false>:res_rounded:acc.tmp)(11)#2.itm                                                                                                                                                                                                                                                                            0.0000 0.8331  
      matrix_multiply:core/and#283                                                                                                                          mgc_and_1_8_1                                                                                                                                                                                                                                                              0.0963 0.9295  
      matrix_multiply:core/and#283.itm                                                                                                                                                                                                                                                                                                                                                                                                 0.0000 0.9295  
      matrix_multiply:core/or#153                                                                                                                           mgc_or_1_3_1                                                                                                                                                                                                                                                               0.0799 1.0093  
      matrix_multiply:core/or#153.itm                                                                                                                                                                                                                                                                                                                                                                                                  0.0000 1.0093  
      matrix_multiply:core/and#284                                                                                                                          mgc_and_1_2_2                                                                                                                                                                                                                                                              0.0708 1.0801  
      matrix_multiply:core/and.dcpl#281                                                                                                                                                                                                                                                                                                                                                                                                0.0000 1.0801  
      matrix_multiply:core/or#154                                                                                                                           mgc_or_1_4_1                                                                                                                                                                                                                                                               0.0839 1.1640  
      matrix_multiply:core/or#154.itm                                                                                                                                                                                                                                                                                                                                                                                                  0.0000 1.1640  
      matrix_multiply:core/return.add_generic<AC_RND_CONV,false>:e_r:qelse:mux#3                                                                            mgc_mux_1_1_2_1                                                                                                                                                                                                                                                            0.0646 1.2286  
      matrix_multiply:core/return.add_generic<AC_RND_CONV,false>:e_r:qelse:mux#3.itm                                                                                                                                                                                                                                                                                                                                                   0.0000 1.2286  
      matrix_multiply:core/return.add_generic<AC_RND_CONV,false>:e_r:qelse:not#12                                                                           mgc_not_1_1                                                                                                                                                                                                                                                                0.0340 1.2626  
      matrix_multiply:core/return.add_generic<AC_RND_CONV,false>:e_r:qelse:not#12.itm                                                                                                                                                                                                                                                                                                                                                  0.0000 1.2626  
      matrix_multiply:core/return.add_generic<AC_RND_CONV,false>:e_r:qelse:return.add_generic<AC_RND_CONV,false>:e_r:qelse:and#5                            mgc_and_1_2_2                                                                                                                                                                                                                                                              0.0708 1.3334  
      matrix_multiply:core/return.add_generic<AC_RND_CONV,false>:e_r:qelse:return.add_generic<AC_RND_CONV,false>:e_r:qelse:and#5.itm                                                                                                                                                                                                                                                                                                   0.0000 1.3334  
      matrix_multiply:core/reg(return.add_generic<AC_RND_CONV,false>:e_r:qelse:return.add_generic<AC_RND_CONV,false>:e_r:qelse:and#5.itm.1)                 mgc_reg_pos_1_0_0_1_1_1_1_4                                                                                                                                                                                                                                                0.0000 1.3334  
                                                                                                                                                                                                                                                                                                                                                                                                                                                      
    8                                                                                                                                                       matrix_multiply:core/reg(return.add_generic<AC_RND_CONV,false>:ls#3.sva.2)#1                                                         matrix_multiply:core/reg(return.add_generic<AC_RND_CONV,false>:e_r:qelse:return.add_generic<AC_RND_CONV,false>:e_r:qelse:and#5.itm.1) 1.3334 -0.3334 
                                                                                                                                                                                                                                                                                                                                                                                                                                                      
      Instance                                                                                                                                              Component                                                                                                                                                                                                                                                                  Delta  Delay   
      --------                                                                                                                                              ---------                                                                                                                                                                                                                                                                  -----  -----   
      matrix_multiply:core/reg(return.add_generic<AC_RND_CONV,false>:ls#3.sva.2)#1                                                                          mgc_reg_pos_3_0_0_1_1_1_1_4                                                                                                                                                                                                                                                0.1130 0.1130  
      matrix_multiply:core/return.add_generic<AC_RND_CONV,false>:ls#3.sva.2.rsp.1                                                                                                                                                                                                                                                                                                                                                      0.0000 0.1130  
      matrix_multiply:core/return.add_generic<AC_RND_CONV,false>:slc(return.add_generic<AC_RND_CONV,false>:ls:conc#9.itm(3:1))(1-0)                                                                                                                                                                                                                                                                                                    0.0000 0.1130  
      matrix_multiply:core/return.add_generic<AC_RND_CONV,false>:slc(return.add_generic<AC_RND_CONV,false>:ls:conc#9.itm(3:1))(1-0).itm                                                                                                                                                                                                                                                                                                0.0000 0.1130  
      matrix_multiply:core/return.add_generic<AC_RND_CONV,false>:mux#101                                                                                    mgc_mux_2_1_2_1                                                                                                                                                                                                                                                            0.0827 0.1957  
      matrix_multiply:core/return.add_generic<AC_RND_CONV,false>:mux#101.itm                                                                                                                                                                                                                                                                                                                                                           0.0000 0.1957  
      matrix_multiply:core/return.add_generic<AC_RND_CONV,false>:conc#48                                                                                                                                                                                                                                                                                                                                                               0.0000 0.1957  
      matrix_multiply:core/return.add_generic<AC_RND_CONV,false>:conc#48.itm                                                                                                                                                                                                                                                                                                                                                           0.0000 0.1957  
      matrix_multiply:core/MUL-3:return.add_generic<AC_RND_CONV,false>:lshift#1.rg                                                                          mgc_shift_l_v5_15_0_4_15_1                                                                                                                                                                                                                                                 0.2466 0.4423  
      matrix_multiply:core/return.add_generic<AC_RND_CONV,false>:res_rounded:asn.rndc#3.sva#1                                                                                                                                                                                                                                                                                                                                          0.0000 0.4423  
      matrix_multiply:core/return.add_generic<AC_RND_CONV,false>:res_rounded:slc(return.add_generic<AC_RND_CONV,false>:res_rounded:asn.rndc#3.sva#1)(2)                                                                                                                                                                                                                                                                                0.0000 0.4423  
      matrix_multiply:core/return.add_generic<AC_RND_CONV,false>:res_rounded:slc(return.add_generic<AC_RND_CONV,false>:res_rounded:asn.rndc#3.sva#1)(2).itm                                                                                                                                                                                                                                                                            0.0000 0.4423  
      matrix_multiply:core/MUL-3:return.add_generic<AC_RND_CONV,false>:res_rounded:or                                                                       mgc_or_1_4_1                                                                                                                                                                                                                                                               0.0839 0.5262  
      matrix_multiply:core/MUL-3:return.add_generic<AC_RND_CONV,false>:res_rounded:or.itm                                                                                                                                                                                                                                                                                                                                              0.0000 0.5262  
      matrix_multiply:core/MUL-3:return.add_generic<AC_RND_CONV,false>:res_rounded:and                                                                      mgc_and_1_2_2                                                                                                                                                                                                                                                              0.0708 0.5970  
      matrix_multiply:core/MUL-3:return.add_generic<AC_RND_CONV,false>:res_rounded:and.itm                                                                                                                                                                                                                                                                                                                                             0.0000 0.5970  
      matrix_multiply:core/MUL-3:return.add_generic<AC_RND_CONV,false>:res_rounded:acc                                                                      mgc_addc_11_0_1_0_12_1                                                                                                                                                                                                                                                     0.2361 0.8331  
      matrix_multiply:core/MUL-3:return.add_generic<AC_RND_CONV,false>:res_rounded:acc.tmp                                                                                                                                                                                                                                                                                                                                             0.0000 0.8331  
      matrix_multiply:core/return.add_generic<AC_RND_CONV,false>:res_rounded:slc(MUL-3:return.add_generic<AC_RND_CONV,false>:res_rounded:acc.tmp)(11)#2                                                                                                                                                                                                                                                                                0.0000 0.8331  
      matrix_multiply:core/return.add_generic<AC_RND_CONV,false>:res_rounded:slc(MUL-3:return.add_generic<AC_RND_CONV,false>:res_rounded:acc.tmp)(11)#2.itm                                                                                                                                                                                                                                                                            0.0000 0.8331  
      matrix_multiply:core/and#283                                                                                                                          mgc_and_1_8_1                                                                                                                                                                                                                                                              0.0963 0.9295  
      matrix_multiply:core/and#283.itm                                                                                                                                                                                                                                                                                                                                                                                                 0.0000 0.9295  
      matrix_multiply:core/or#153                                                                                                                           mgc_or_1_3_1                                                                                                                                                                                                                                                               0.0799 1.0093  
      matrix_multiply:core/or#153.itm                                                                                                                                                                                                                                                                                                                                                                                                  0.0000 1.0093  
      matrix_multiply:core/and#284                                                                                                                          mgc_and_1_2_2                                                                                                                                                                                                                                                              0.0708 1.0801  
      matrix_multiply:core/and.dcpl#281                                                                                                                                                                                                                                                                                                                                                                                                0.0000 1.0801  
      matrix_multiply:core/or#154                                                                                                                           mgc_or_1_4_1                                                                                                                                                                                                                                                               0.0839 1.1640  
      matrix_multiply:core/or#154.itm                                                                                                                                                                                                                                                                                                                                                                                                  0.0000 1.1640  
      matrix_multiply:core/return.add_generic<AC_RND_CONV,false>:e_r:qelse:mux#3                                                                            mgc_mux_1_1_2_1                                                                                                                                                                                                                                                            0.0646 1.2286  
      matrix_multiply:core/return.add_generic<AC_RND_CONV,false>:e_r:qelse:mux#3.itm                                                                                                                                                                                                                                                                                                                                                   0.0000 1.2286  
      matrix_multiply:core/return.add_generic<AC_RND_CONV,false>:e_r:qelse:not#12                                                                           mgc_not_1_1                                                                                                                                                                                                                                                                0.0340 1.2626  
      matrix_multiply:core/return.add_generic<AC_RND_CONV,false>:e_r:qelse:not#12.itm                                                                                                                                                                                                                                                                                                                                                  0.0000 1.2626  
      matrix_multiply:core/return.add_generic<AC_RND_CONV,false>:e_r:qelse:return.add_generic<AC_RND_CONV,false>:e_r:qelse:and#5                            mgc_and_1_2_2                                                                                                                                                                                                                                                              0.0708 1.3334  
      matrix_multiply:core/return.add_generic<AC_RND_CONV,false>:e_r:qelse:return.add_generic<AC_RND_CONV,false>:e_r:qelse:and#5.itm                                                                                                                                                                                                                                                                                                   0.0000 1.3334  
      matrix_multiply:core/reg(return.add_generic<AC_RND_CONV,false>:e_r:qelse:return.add_generic<AC_RND_CONV,false>:e_r:qelse:and#5.itm.1)                 mgc_reg_pos_1_0_0_1_1_1_1_4                                                                                                                                                                                                                                                0.0000 1.3334  
                                                                                                                                                                                                                                                                                                                                                                                                                                                      
    9                                                                                                                                                       matrix_multiply:core/reg(return.add_generic<AC_RND_CONV,false>:ls#3.sva.2)#1                                                         matrix_multiply:core/reg(return.add_generic<AC_RND_CONV,false>:e_r:qelse:return.add_generic<AC_RND_CONV,false>:e_r:qelse:and#5.itm.1) 1.3334 -0.3334 
                                                                                                                                                                                                                                                                                                                                                                                                                                                      
      Instance                                                                                                                                              Component                                                                                                                                                                                                                                                                  Delta  Delay   
      --------                                                                                                                                              ---------                                                                                                                                                                                                                                                                  -----  -----   
      matrix_multiply:core/reg(return.add_generic<AC_RND_CONV,false>:ls#3.sva.2)#1                                                                          mgc_reg_pos_3_0_0_1_1_1_1_4                                                                                                                                                                                                                                                0.1130 0.1130  
      matrix_multiply:core/return.add_generic<AC_RND_CONV,false>:ls#3.sva.2.rsp.1                                                                                                                                                                                                                                                                                                                                                      0.0000 0.1130  
      matrix_multiply:core/return.add_generic<AC_RND_CONV,false>:slc(return.add_generic<AC_RND_CONV,false>:ls:conc#9.itm(3:1))(1-0)                                                                                                                                                                                                                                                                                                    0.0000 0.1130  
      matrix_multiply:core/return.add_generic<AC_RND_CONV,false>:slc(return.add_generic<AC_RND_CONV,false>:ls:conc#9.itm(3:1))(1-0).itm                                                                                                                                                                                                                                                                                                0.0000 0.1130  
      matrix_multiply:core/return.add_generic<AC_RND_CONV,false>:mux#101                                                                                    mgc_mux_2_1_2_1                                                                                                                                                                                                                                                            0.0827 0.1957  
      matrix_multiply:core/return.add_generic<AC_RND_CONV,false>:mux#101.itm                                                                                                                                                                                                                                                                                                                                                           0.0000 0.1957  
      matrix_multiply:core/return.add_generic<AC_RND_CONV,false>:conc#48                                                                                                                                                                                                                                                                                                                                                               0.0000 0.1957  
      matrix_multiply:core/return.add_generic<AC_RND_CONV,false>:conc#48.itm                                                                                                                                                                                                                                                                                                                                                           0.0000 0.1957  
      matrix_multiply:core/MUL-3:return.add_generic<AC_RND_CONV,false>:lshift#1.rg                                                                          mgc_shift_l_v5_15_0_4_15_1                                                                                                                                                                                                                                                 0.2466 0.4423  
      matrix_multiply:core/return.add_generic<AC_RND_CONV,false>:res_rounded:asn.rndc#3.sva#1                                                                                                                                                                                                                                                                                                                                          0.0000 0.4423  
      matrix_multiply:core/return.add_generic<AC_RND_CONV,false>:res_rounded:slc(return.add_generic<AC_RND_CONV,false>:res_rounded:asn.rndc#3.sva#1)(4)                                                                                                                                                                                                                                                                                0.0000 0.4423  
      matrix_multiply:core/return.add_generic<AC_RND_CONV,false>:res_rounded:slc(return.add_generic<AC_RND_CONV,false>:res_rounded:asn.rndc#3.sva#1)(4).itm                                                                                                                                                                                                                                                                            0.0000 0.4423  
      matrix_multiply:core/MUL-3:return.add_generic<AC_RND_CONV,false>:res_rounded:or                                                                       mgc_or_1_4_1                                                                                                                                                                                                                                                               0.0839 0.5262  
      matrix_multiply:core/MUL-3:return.add_generic<AC_RND_CONV,false>:res_rounded:or.itm                                                                                                                                                                                                                                                                                                                                              0.0000 0.5262  
      matrix_multiply:core/MUL-3:return.add_generic<AC_RND_CONV,false>:res_rounded:and                                                                      mgc_and_1_2_2                                                                                                                                                                                                                                                              0.0708 0.5970  
      matrix_multiply:core/MUL-3:return.add_generic<AC_RND_CONV,false>:res_rounded:and.itm                                                                                                                                                                                                                                                                                                                                             0.0000 0.5970  
      matrix_multiply:core/MUL-3:return.add_generic<AC_RND_CONV,false>:res_rounded:acc                                                                      mgc_addc_11_0_1_0_12_1                                                                                                                                                                                                                                                     0.2361 0.8331  
      matrix_multiply:core/MUL-3:return.add_generic<AC_RND_CONV,false>:res_rounded:acc.tmp                                                                                                                                                                                                                                                                                                                                             0.0000 0.8331  
      matrix_multiply:core/return.add_generic<AC_RND_CONV,false>:res_rounded:slc(MUL-3:return.add_generic<AC_RND_CONV,false>:res_rounded:acc.tmp)(11)#2                                                                                                                                                                                                                                                                                0.0000 0.8331  
      matrix_multiply:core/return.add_generic<AC_RND_CONV,false>:res_rounded:slc(MUL-3:return.add_generic<AC_RND_CONV,false>:res_rounded:acc.tmp)(11)#2.itm                                                                                                                                                                                                                                                                            0.0000 0.8331  
      matrix_multiply:core/and#283                                                                                                                          mgc_and_1_8_1                                                                                                                                                                                                                                                              0.0963 0.9295  
      matrix_multiply:core/and#283.itm                                                                                                                                                                                                                                                                                                                                                                                                 0.0000 0.9295  
      matrix_multiply:core/or#153                                                                                                                           mgc_or_1_3_1                                                                                                                                                                                                                                                               0.0799 1.0093  
      matrix_multiply:core/or#153.itm                                                                                                                                                                                                                                                                                                                                                                                                  0.0000 1.0093  
      matrix_multiply:core/and#284                                                                                                                          mgc_and_1_2_2                                                                                                                                                                                                                                                              0.0708 1.0801  
      matrix_multiply:core/and.dcpl#281                                                                                                                                                                                                                                                                                                                                                                                                0.0000 1.0801  
      matrix_multiply:core/or#154                                                                                                                           mgc_or_1_4_1                                                                                                                                                                                                                                                               0.0839 1.1640  
      matrix_multiply:core/or#154.itm                                                                                                                                                                                                                                                                                                                                                                                                  0.0000 1.1640  
      matrix_multiply:core/return.add_generic<AC_RND_CONV,false>:e_r:qelse:mux#3                                                                            mgc_mux_1_1_2_1                                                                                                                                                                                                                                                            0.0646 1.2286  
      matrix_multiply:core/return.add_generic<AC_RND_CONV,false>:e_r:qelse:mux#3.itm                                                                                                                                                                                                                                                                                                                                                   0.0000 1.2286  
      matrix_multiply:core/return.add_generic<AC_RND_CONV,false>:e_r:qelse:not#12                                                                           mgc_not_1_1                                                                                                                                                                                                                                                                0.0340 1.2626  
      matrix_multiply:core/return.add_generic<AC_RND_CONV,false>:e_r:qelse:not#12.itm                                                                                                                                                                                                                                                                                                                                                  0.0000 1.2626  
      matrix_multiply:core/return.add_generic<AC_RND_CONV,false>:e_r:qelse:return.add_generic<AC_RND_CONV,false>:e_r:qelse:and#5                            mgc_and_1_2_2                                                                                                                                                                                                                                                              0.0708 1.3334  
      matrix_multiply:core/return.add_generic<AC_RND_CONV,false>:e_r:qelse:return.add_generic<AC_RND_CONV,false>:e_r:qelse:and#5.itm                                                                                                                                                                                                                                                                                                   0.0000 1.3334  
      matrix_multiply:core/reg(return.add_generic<AC_RND_CONV,false>:e_r:qelse:return.add_generic<AC_RND_CONV,false>:e_r:qelse:and#5.itm.1)                 mgc_reg_pos_1_0_0_1_1_1_1_4                                                                                                                                                                                                                                                0.0000 1.3334  
                                                                                                                                                                                                                                                                                                                                                                                                                                                      
    10                                                                                                                                                      matrix_multiply:core/reg(return.add_generic<AC_RND_CONV,false>:if#4:slc(return.add_generic<AC_RND_CONV,false>:acc#2)(5).mdf#3.sva.1) matrix_multiply:core/reg(return.add_generic<AC_RND_CONV,false>:e_r:qelse:return.add_generic<AC_RND_CONV,false>:e_r:qelse:and#5.itm.1) 1.3334 -0.3334 
                                                                                                                                                                                                                                                                                                                                                                                                                                                      
      Instance                                                                                                                                              Component                                                                                                                                                                                                                                                                  Delta  Delay   
      --------                                                                                                                                              ---------                                                                                                                                                                                                                                                                  -----  -----   
      matrix_multiply:core/reg(return.add_generic<AC_RND_CONV,false>:if#4:slc(return.add_generic<AC_RND_CONV,false>:acc#2)(5).mdf#3.sva.1)                  mgc_reg_pos_1_0_0_1_1_1_1_4                                                                                                                                                                                                                                                0.1130 0.1130  
      matrix_multiply:core/return.add_generic<AC_RND_CONV,false>:if#4:slc(return.add_generic<AC_RND_CONV,false>:acc#2)(5).mdf#3.sva.1                                                                                                                                                                                                                                                                                                  0.0000 0.1130  
      matrix_multiply:core/return.add_generic<AC_RND_CONV,false>:mux#101                                                                                    mgc_mux_2_1_2_1                                                                                                                                                                                                                                                            0.0827 0.1957  
      matrix_multiply:core/return.add_generic<AC_RND_CONV,false>:mux#101.itm                                                                                                                                                                                                                                                                                                                                                           0.0000 0.1957  
      matrix_multiply:core/return.add_generic<AC_RND_CONV,false>:conc#48                                                                                                                                                                                                                                                                                                                                                               0.0000 0.1957  
      matrix_multiply:core/return.add_generic<AC_RND_CONV,false>:conc#48.itm                                                                                                                                                                                                                                                                                                                                                           0.0000 0.1957  
      matrix_multiply:core/MUL-3:return.add_generic<AC_RND_CONV,false>:lshift#1.rg                                                                          mgc_shift_l_v5_15_0_4_15_1                                                                                                                                                                                                                                                 0.2466 0.4423  
      matrix_multiply:core/return.add_generic<AC_RND_CONV,false>:res_rounded:asn.rndc#3.sva#1                                                                                                                                                                                                                                                                                                                                          0.0000 0.4423  
      matrix_multiply:core/return.add_generic<AC_RND_CONV,false>:res_rounded:slc(return.add_generic<AC_RND_CONV,false>:res_rounded:asn.rndc#3.sva#1)(4)                                                                                                                                                                                                                                                                                0.0000 0.4423  
      matrix_multiply:core/return.add_generic<AC_RND_CONV,false>:res_rounded:slc(return.add_generic<AC_RND_CONV,false>:res_rounded:asn.rndc#3.sva#1)(4).itm                                                                                                                                                                                                                                                                            0.0000 0.4423  
      matrix_multiply:core/MUL-3:return.add_generic<AC_RND_CONV,false>:res_rounded:or                                                                       mgc_or_1_4_1                                                                                                                                                                                                                                                               0.0839 0.5262  
      matrix_multiply:core/MUL-3:return.add_generic<AC_RND_CONV,false>:res_rounded:or.itm                                                                                                                                                                                                                                                                                                                                              0.0000 0.5262  
      matrix_multiply:core/MUL-3:return.add_generic<AC_RND_CONV,false>:res_rounded:and                                                                      mgc_and_1_2_2                                                                                                                                                                                                                                                              0.0708 0.5970  
      matrix_multiply:core/MUL-3:return.add_generic<AC_RND_CONV,false>:res_rounded:and.itm                                                                                                                                                                                                                                                                                                                                             0.0000 0.5970  
      matrix_multiply:core/MUL-3:return.add_generic<AC_RND_CONV,false>:res_rounded:acc                                                                      mgc_addc_11_0_1_0_12_1                                                                                                                                                                                                                                                     0.2361 0.8331  
      matrix_multiply:core/MUL-3:return.add_generic<AC_RND_CONV,false>:res_rounded:acc.tmp                                                                                                                                                                                                                                                                                                                                             0.0000 0.8331  
      matrix_multiply:core/return.add_generic<AC_RND_CONV,false>:res_rounded:slc(MUL-3:return.add_generic<AC_RND_CONV,false>:res_rounded:acc.tmp)(11)#2                                                                                                                                                                                                                                                                                0.0000 0.8331  
      matrix_multiply:core/return.add_generic<AC_RND_CONV,false>:res_rounded:slc(MUL-3:return.add_generic<AC_RND_CONV,false>:res_rounded:acc.tmp)(11)#2.itm                                                                                                                                                                                                                                                                            0.0000 0.8331  
      matrix_multiply:core/and#283                                                                                                                          mgc_and_1_8_1                                                                                                                                                                                                                                                              0.0963 0.9295  
      matrix_multiply:core/and#283.itm                                                                                                                                                                                                                                                                                                                                                                                                 0.0000 0.9295  
      matrix_multiply:core/or#153                                                                                                                           mgc_or_1_3_1                                                                                                                                                                                                                                                               0.0799 1.0093  
      matrix_multiply:core/or#153.itm                                                                                                                                                                                                                                                                                                                                                                                                  0.0000 1.0093  
      matrix_multiply:core/and#284                                                                                                                          mgc_and_1_2_2                                                                                                                                                                                                                                                              0.0708 1.0801  
      matrix_multiply:core/and.dcpl#281                                                                                                                                                                                                                                                                                                                                                                                                0.0000 1.0801  
      matrix_multiply:core/or#154                                                                                                                           mgc_or_1_4_1                                                                                                                                                                                                                                                               0.0839 1.1640  
      matrix_multiply:core/or#154.itm                                                                                                                                                                                                                                                                                                                                                                                                  0.0000 1.1640  
      matrix_multiply:core/return.add_generic<AC_RND_CONV,false>:e_r:qelse:mux#3                                                                            mgc_mux_1_1_2_1                                                                                                                                                                                                                                                            0.0646 1.2286  
      matrix_multiply:core/return.add_generic<AC_RND_CONV,false>:e_r:qelse:mux#3.itm                                                                                                                                                                                                                                                                                                                                                   0.0000 1.2286  
      matrix_multiply:core/return.add_generic<AC_RND_CONV,false>:e_r:qelse:not#12                                                                           mgc_not_1_1                                                                                                                                                                                                                                                                0.0340 1.2626  
      matrix_multiply:core/return.add_generic<AC_RND_CONV,false>:e_r:qelse:not#12.itm                                                                                                                                                                                                                                                                                                                                                  0.0000 1.2626  
      matrix_multiply:core/return.add_generic<AC_RND_CONV,false>:e_r:qelse:return.add_generic<AC_RND_CONV,false>:e_r:qelse:and#5                            mgc_and_1_2_2                                                                                                                                                                                                                                                              0.0708 1.3334  
      matrix_multiply:core/return.add_generic<AC_RND_CONV,false>:e_r:qelse:return.add_generic<AC_RND_CONV,false>:e_r:qelse:and#5.itm                                                                                                                                                                                                                                                                                                   0.0000 1.3334  
      matrix_multiply:core/reg(return.add_generic<AC_RND_CONV,false>:e_r:qelse:return.add_generic<AC_RND_CONV,false>:e_r:qelse:and#5.itm.1)                 mgc_reg_pos_1_0_0_1_1_1_1_4                                                                                                                                                                                                                                                0.0000 1.3334  
                                                                                                                                                                                                                                                                                                                                                                                                                                                      
    
  Register Input and Register-to-Output Slack
    Clock period or pin-to-reg delay constraint (clk): 1.0
    Clock uncertainty constraint (clk)               : 0.0
    
    Instance                                                                                                                                                                                                            Port                                                                                                                                                                                      Slack (Delay) Messages                
    ------------------------------------------------------------------------------------------------------------------------------------------------------------------------------------------------------------------- --------------------------------------------------------------------------------------------------------------------------------------------------------------------------------------- ------- ------- -----------------------
    matrix_multiply:core/reg(MUL-4:return.add_generic<AC_RND_CONV,false>:exp_plus_1:slc(return.add_generic<AC_RND_CONV,false>:exp_plus_1(6:1))(3-0).itm.1)                                                              return.add_generic<AC_RND_CONV,false>:exp_plus_1:mux.itm                                                                                                                                 0.0538  0.9462                         
    matrix_multiply:core/reg(return.add_generic<AC_RND_CONV,false>:res_rounded.sva.1(11))                                                                                                                               return.add_generic<AC_RND_CONV,false>:res_rounded:slc(return.add_generic<AC_RND_CONV,false>:res_rounded.sva#1)(11)#1.itm                                                                 0.1669  0.8331                         
    matrix_multiply:core/reg(MUL-4:return.add_generic<AC_RND_CONV,false>:e_r:qelse:or.svs.1)                                                                                                                            MUL-4:return.add_generic<AC_RND_CONV,false>:e_r:qelse:or.svs#1                                                                                                                          -0.1770  1.1770 (clock period exceeded) 
    matrix_multiply:core/reg(return.add_generic<AC_RND_CONV,false>:mux#76.itm.5#1)                                                                                                                                      return.add_generic<AC_RND_CONV,false>:mux#76.itm.4                                                                                                                                       0.8870  0.1130                         
    matrix_multiply:core/reg(return.add_generic<AC_RND_CONV,false>:exception.sva.1)                                                                                                                                     MUL-4:return.add_generic<AC_RND_CONV,false>:exception:or.itm                                                                                                                            -0.0172  1.0172 (clock period exceeded) 
    matrix_multiply:core/reg(return.add_generic<AC_RND_CONV,false>:e_r:qelse:return.add_generic<AC_RND_CONV,false>:e_r:qelse:and#7.itm.1)                                                                               return.add_generic<AC_RND_CONV,false>:e_r:qelse:return.add_generic<AC_RND_CONV,false>:e_r:qelse:and#7.itm                                                                               -0.3291  1.3291 (clock period exceeded) 
    matrix_multiply:core/reg(MUL-4:return.add_generic<AC_RND_CONV,false>:r_nan:or.itm.1)                                                                                                                                MUL-4:return.add_generic<AC_RND_CONV,false>:r_nan:or.itm                                                                                                                                 0.7142  0.2858                         
    matrix_multiply:core/reg(ROW:i:slc(ROW:i(10:0))(9-0)#1.itm.24#1)                                                                                                                                                    ROW:i:slc(ROW:i(10:0))(9-0)#1.itm.23                                                                                                                                                     0.8870  0.1130                         
    matrix_multiply:core/reg(COL:j:slc(COL:j(4:0))(3-0)#1.itm.24#1)                                                                                                                                                     COL:j:slc(COL:j(4:0))(3-0)#1.itm.23                                                                                                                                                      0.8870  0.1130                         
    matrix_multiply:core/reg(return.add_generic<AC_RND_CONV,false>:r_zero#1.sva.3)                                                                                                                                      return.add_generic<AC_RND_CONV,false>:r_zero#1.sva.2                                                                                                                                     0.6418  0.3582                         
    matrix_multiply:core/reg(return.add_generic<AC_RND_CONV,false>:res_rounded.sva.1(9:0))                                                                                                                              return.add_generic<AC_RND_CONV,false>:res_rounded:slc(return.add_generic<AC_RND_CONV,false>:res_rounded.sva#1)(9-0).itm                                                                  0.1669  0.8331                         
    matrix_multiply:core/reg(return.add_generic<AC_RND_CONV,false>:op1_inf.sva.1)                                                                                                                                       MUL-4:return.extract#2:and#1.itm                                                                                                                                                         0.8125  0.1875                         
    matrix_multiply:core/reg(return.add_generic<AC_RND_CONV,false>:op2_inf.sva.4)                                                                                                                                       return.add_generic<AC_RND_CONV,false>:op2_inf.sva.3                                                                                                                                      0.7239  0.2761                         
    matrix_multiply:core/reg(return.add_generic<AC_RND_CONV,false>:op1_nan.sva.1)                                                                                                                                       MUL-4:return.extract#2:and#2.itm                                                                                                                                                         0.7715  0.2285                         
    matrix_multiply:core/reg(return.add_generic<AC_RND_CONV,false>:op2_nan.sva.4)                                                                                                                                       return.add_generic<AC_RND_CONV,false>:op2_nan.sva.3                                                                                                                                      0.7239  0.2761                         
    matrix_multiply:core/reg(operator+<33,true>:acc.psp.sva.1)                                                                                                                                                          MUL-4:operator+<33,true>:acc.tmp                                                                                                                                                         0.0004  0.9996                         
    matrix_multiply:core/reg(return.add_generic<AC_RND_CONV,false>:if#4:slc(return.add_generic<AC_RND_CONV,false>:acc#2)(5).mdf.sva.1)                                                                                  MUL-4:return.add_generic<AC_RND_CONV,false>:acc#2.itm(5)                                                                                                                                 0.0005  0.9995                         
    matrix_multiply:core/reg(return.add_generic<AC_RND_CONV,false>:res_mant#4.sva.3)                                                                                                                                    return.add_generic<AC_RND_CONV,false>:res_mant#4.sva.2                                                                                                                                   0.8870  0.1130                         
    matrix_multiply:core/reg(drf(_qr.lval)#1.smx(0).lpi#2.dfm.4)                                                                                                                                                        drf(_qr.lval)#1.smx(0).lpi#2.dfm.3                                                                                                                                                       0.2099  0.7901                         
    matrix_multiply:core/reg(operator-<4,false>#2:acc.psp.sva.1)                                                                                                                                                        MUL-4:operator-<4,false>#2:acc.tmp                                                                                                                                                       0.1703  0.8297                         
    matrix_multiply:core/reg(return.add_generic<AC_RND_CONV,false>:ls.sva.1)                                                                                                                                            leading_sign_15_0_1_0_e5c871125d0d1a1d63eeac9b3df3e1831c53#12                                                                                                                            0.3092  0.6908                         
    matrix_multiply:core/reg(drf(_qr.lval)#1.smx(4:1).lpi#2.dfm.3)                                                                                                                                                      drf(_qr.lval)#1.smx(4:1).lpi#2.dfm.2                                                                                                                                                     0.8870  0.1130                         
    matrix_multiply:core/reg(drf(_qr.lval)#1.smx(0).lpi#2.dfm.3)                                                                                                                                                        drf(_qr.lval)#1.smx(0).lpi#2.dfm.2                                                                                                                                                       0.8870  0.1130                         
    matrix_multiply:core/reg(return.add_generic<AC_RND_CONV,false>:do_sub.sva.st.6)                                                                                                                                     return.add_generic<AC_RND_CONV,false>:do_sub.sva.st.5                                                                                                                                    0.8870  0.1130                         
    matrix_multiply:core/reg(return.add_generic<AC_RND_CONV,false>:mux#64.itm.1)                                                                                                                                        return.add_generic<AC_RND_CONV,false>:exp_plus_1:mux#1.itm                                                                                                                               0.0538  0.9462                         
    matrix_multiply:core/reg(MUL-3:return.add_generic<AC_RND_CONV,false>:e_r:qelse:or.svs.1)                                                                                                                            MUL-3:return.add_generic<AC_RND_CONV,false>:e_r:qelse:or.svs#1                                                                                                                          -0.1770  1.1770 (clock period exceeded) 
    matrix_multiply:core/reg(return.mult_generic<AC_RND_CONV,false>:exp#1(5:0).lpi#2.dfm#3.15(4:0))                                                                                                                     return.mult_generic<AC_RND_CONV,false>:exp#1(5:0).lpi#2.dfm#3.14(4:0)                                                                                                                    0.8870  0.1130                         
    matrix_multiply:core/reg(return.add_generic<AC_RND_CONV,false>:e_r:qelse:return.add_generic<AC_RND_CONV,false>:e_r:qelse:and#5.itm.1)                                                                               return.add_generic<AC_RND_CONV,false>:e_r:qelse:return.add_generic<AC_RND_CONV,false>:e_r:qelse:and#5.itm                                                                               -0.3334  1.3334 (clock period exceeded) 
    matrix_multiply:core/reg(return.add_generic<AC_RND_CONV,false>:exception#3.sva.1)                                                                                                                                   return.add_generic<AC_RND_CONV,false>:exception#3.sva#1                                                                                                                                 -0.0930  1.0930 (clock period exceeded) 
    matrix_multiply:core/reg(return.add_generic<AC_RND_CONV,false>:op1_inf#2.sva.1)                                                                                                                                     MUL-3:return.extract#2:and#1.itm                                                                                                                                                         0.8125  0.1875                         
    matrix_multiply:core/reg(return.add_generic<AC_RND_CONV,false>:op2_inf#3.sva.3)                                                                                                                                     return.add_generic<AC_RND_CONV,false>:op2_inf#3.sva.2                                                                                                                                    0.6391  0.3609                         
    matrix_multiply:core/reg(return.add_generic<AC_RND_CONV,false>:op1_nan#2.sva.1)                                                                                                                                     MUL-3:return.extract#2:and#2.itm                                                                                                                                                         0.7715  0.2285                         
    matrix_multiply:core/reg(return.add_generic<AC_RND_CONV,false>:op2_nan#3.sva.3)                                                                                                                                     return.add_generic<AC_RND_CONV,false>:op2_nan#3.sva.2                                                                                                                                    0.6391  0.3609                         
    matrix_multiply:core/reg(operator+<33,true>:acc.psp#3.sva.1)                                                                                                                                                        MUL-3:operator+<33,true>:acc.tmp                                                                                                                                                         0.0011  0.9989                         
    matrix_multiply:core/reg(return.add_generic<AC_RND_CONV,false>:if#4:slc(return.add_generic<AC_RND_CONV,false>:acc#2)(5).mdf#3.sva.1)                                                                                MUL-3:return.add_generic<AC_RND_CONV,false>:acc#2.itm(5)                                                                                                                                 0.0012  0.9988                         
    matrix_multiply:core/reg(return.add_generic<AC_RND_CONV,false>:res_mant#7.sva.3)                                                                                                                                    return.add_generic<AC_RND_CONV,false>:res_mant#7.sva.2                                                                                                                                   0.8870  0.1130                         
    matrix_multiply:core/reg(drf(_qr.lval)#1.smx#3(0).lpi#2.dfm.4)                                                                                                                                                      drf(_qr.lval)#1.smx#3(0).lpi#2.dfm.3                                                                                                                                                     0.2106  0.7894                         
    matrix_multiply:core/reg(operator-<4,false>#2:acc.psp#3.sva.1)                                                                                                                                                      MUL-3:operator-<4,false>#2:acc.tmp                                                                                                                                                       0.1744  0.8256                         
    matrix_multiply:core/reg(return.add_generic<AC_RND_CONV,false>:ls#3.sva.1)                                                                                                                                          leading_sign_15_0_1_0_e5c871125d0d1a1d63eeac9b3df3e1831c53#13                                                                                                                            0.3092  0.6908                         
    matrix_multiply:core/reg(drf(_qr.lval)#1.smx#3(4:1).lpi#2.dfm.3)                                                                                                                                                    drf(_qr.lval)#1.smx#3(4:1).lpi#2.dfm.2                                                                                                                                                   0.8870  0.1130                         
    matrix_multiply:core/reg(drf(_qr.lval)#1.smx#3(0).lpi#2.dfm.3)                                                                                                                                                      drf(_qr.lval)#1.smx#3(0).lpi#2.dfm.2                                                                                                                                                     0.8870  0.1130                         
    matrix_multiply:core/reg(return.add_generic<AC_RND_CONV,false>:do_sub#3.sva.st.6)                                                                                                                                   return.add_generic<AC_RND_CONV,false>:do_sub#3.sva.st.5                                                                                                                                  0.8870  0.1130                         
    matrix_multiply:core/reg(return.add_generic<AC_RND_CONV,false>:mux#40.itm.1)                                                                                                                                        return.add_generic<AC_RND_CONV,false>:exp_plus_1:mux#2.itm                                                                                                                               0.0538  0.9462                         
    matrix_multiply:core/reg(MUL-2:return.add_generic<AC_RND_CONV,false>:e_r:qelse:or.svs.1)                                                                                                                            MUL-2:return.add_generic<AC_RND_CONV,false>:e_r:qelse:or.svs#1                                                                                                                          -0.1770  1.1770 (clock period exceeded) 
    matrix_multiply:core/reg(return.mult_generic<AC_RND_CONV,false>:exp#1(5:0)#3.lpi#2.dfm#3.10(4:0))                                                                                                                   return.mult_generic<AC_RND_CONV,false>:exp#1(5:0)#3.lpi#2.dfm#3.9(4:0)                                                                                                                   0.8870  0.1130                         
    matrix_multiply:core/reg(return.add_generic<AC_RND_CONV,false>:e_r:qelse:return.add_generic<AC_RND_CONV,false>:e_r:qelse:and#3.itm.1)                                                                               return.add_generic<AC_RND_CONV,false>:e_r:qelse:return.add_generic<AC_RND_CONV,false>:e_r:qelse:and#3.itm                                                                               -0.3334  1.3334 (clock period exceeded) 
    matrix_multiply:core/reg(return.add_generic<AC_RND_CONV,false>:exception#2.sva.1)                                                                                                                                   return.add_generic<AC_RND_CONV,false>:exception#2.sva#1                                                                                                                                 -0.0930  1.0930 (clock period exceeded) 
    matrix_multiply:core/reg(return.add_generic<AC_RND_CONV,false>:op1_inf#1.sva.1)                                                                                                                                     MUL-2:return.extract#2:and#1.itm                                                                                                                                                         0.8125  0.1875                         
    matrix_multiply:core/reg(return.add_generic<AC_RND_CONV,false>:op2_inf#2.sva.2)                                                                                                                                     return.add_generic<AC_RND_CONV,false>:op2_inf#2.sva.1                                                                                                                                    0.7239  0.2761                         
    matrix_multiply:core/reg(return.add_generic<AC_RND_CONV,false>:op1_nan#1.sva.1)                                                                                                                                     MUL-2:return.extract#2:and#2.itm                                                                                                                                                         0.7715  0.2285                         
    matrix_multiply:core/reg(return.add_generic<AC_RND_CONV,false>:op2_nan#2.sva.2)                                                                                                                                     return.add_generic<AC_RND_CONV,false>:op2_nan#2.sva.1                                                                                                                                    0.7239  0.2761                         
    matrix_multiply:core/reg(operator+<33,true>:acc.psp#2.sva.1)                                                                                                                                                        MUL-2:operator+<33,true>:acc.tmp                                                                                                                                                         0.0004  0.9996                         
    matrix_multiply:core/reg(return.add_generic<AC_RND_CONV,false>:if#4:slc(return.add_generic<AC_RND_CONV,false>:acc#2)(5).mdf#2.sva.1)                                                                                MUL-2:return.add_generic<AC_RND_CONV,false>:acc#2.itm(5)                                                                                                                                 0.0005  0.9995                         
    matrix_multiply:core/reg(return.add_generic<AC_RND_CONV,false>:res_mant#6.sva.3)                                                                                                                                    return.add_generic<AC_RND_CONV,false>:res_mant#6.sva.2                                                                                                                                   0.8870  0.1130                         
    matrix_multiply:core/reg(drf(_qr.lval)#1.smx#2(0).lpi#2.dfm.4)                                                                                                                                                      drf(_qr.lval)#1.smx#2(0).lpi#2.dfm.3                                                                                                                                                     0.2099  0.7901                         
    matrix_multiply:core/reg(operator-<4,false>#2:acc.psp#2.sva.1)                                                                                                                                                      MUL-2:operator-<4,false>#2:acc.tmp                                                                                                                                                       0.1703  0.8297                         
    matrix_multiply:core/reg(return.add_generic<AC_RND_CONV,false>:ls#2.sva.1)                                                                                                                                          leading_sign_15_0_1_0_e5c871125d0d1a1d63eeac9b3df3e1831c53#14                                                                                                                            0.3092  0.6908                         
    matrix_multiply:core/reg(drf(_qr.lval)#1.smx#2(4:1).lpi#2.dfm.3)                                                                                                                                                    drf(_qr.lval)#1.smx#2(4:1).lpi#2.dfm.2                                                                                                                                                   0.8870  0.1130                         
    matrix_multiply:core/reg(drf(_qr.lval)#1.smx#2(0).lpi#2.dfm.3)                                                                                                                                                      drf(_qr.lval)#1.smx#2(0).lpi#2.dfm.2                                                                                                                                                     0.8870  0.1130                         
    matrix_multiply:core/reg(return.add_generic<AC_RND_CONV,false>:do_sub#2.sva.st.6)                                                                                                                                   return.add_generic<AC_RND_CONV,false>:do_sub#2.sva.st.5                                                                                                                                  0.8870  0.1130                         
    matrix_multiply:core/reg(return.add_generic<AC_RND_CONV,false>:mux#16.itm.1)                                                                                                                                        return.add_generic<AC_RND_CONV,false>:exp_plus_1:mux#3.itm                                                                                                                               0.1365  0.8635                         
    matrix_multiply:core/reg(MUL-1:return.add_generic<AC_RND_CONV,false>:e_r:qelse:or.svs.1)                                                                                                                            MUL-1:return.add_generic<AC_RND_CONV,false>:e_r:qelse:or.svs#1                                                                                                                          -0.0943  1.0943 (clock period exceeded) 
    matrix_multiply:core/reg(return.mult_generic<AC_RND_CONV,false>:exp#1(5:0)#2.lpi#2.dfm#3.5(4:0))                                                                                                                    return.mult_generic<AC_RND_CONV,false>:exp#1(5:0)#2.lpi#2.dfm#3.4(4:0)                                                                                                                   0.8870  0.1130                         
    matrix_multiply:core/reg(return.add_generic<AC_RND_CONV,false>:e_r:qelse:return.add_generic<AC_RND_CONV,false>:e_r:qelse:and#1.itm.1)                                                                               return.add_generic<AC_RND_CONV,false>:e_r:qelse:return.add_generic<AC_RND_CONV,false>:e_r:qelse:and#1.itm                                                                               -0.2384  1.2384 (clock period exceeded) 
    matrix_multiply:core/reg(return.add_generic<AC_RND_CONV,false>:exception#1.sva.1)                                                                                                                                   return.add_generic<AC_RND_CONV,false>:exception#1.sva#1                                                                                                                                 -0.0023  1.0023 (clock period exceeded) 
    matrix_multiply:core/reg(operator==<5,true>:return#12.sva.4)                                                                                                                                                        operator==<5,true>:return#12.sva.3                                                                                                                                                       0.7321  0.2679                         
    matrix_multiply:core/reg(return.extract#3:m_zero#1.sva.4)                                                                                                                                                           return.extract#3:m_zero#1.sva.3                                                                                                                                                          0.8870  0.1130                         
    matrix_multiply:core/reg(operator+<33,true>:acc.psp#1.sva.1)                                                                                                                                                        MUL-1:operator+<33,true>:acc.tmp                                                                                                                                                         0.0002  0.9998                         
    matrix_multiply:core/reg(return.add_generic<AC_RND_CONV,false>:if#4:slc(return.add_generic<AC_RND_CONV,false>:acc#2)(5).mdf#1.sva.1)                                                                                MUL-1:return.add_generic<AC_RND_CONV,false>:acc#2.itm(5)                                                                                                                                 0.0052  0.9948                         
    matrix_multiply:core/reg(return.add_generic<AC_RND_CONV,false>:res_mant#5.sva.3)                                                                                                                                    return.add_generic<AC_RND_CONV,false>:res_mant#5.sva.2                                                                                                                                   0.8870  0.1130                         
    matrix_multiply:core/reg(MUL-1:return.add_generic<AC_RND_CONV,false>:exp:slc(drf(_qr.lval)#1.smx)(3-0).itm.1)                                                                                                       return.add_generic<AC_RND_CONV,false>:exp:mux.itm                                                                                                                                        0.1179  0.8821                         
    matrix_multiply:core/reg(operator-<4,false>#2:acc.psp#1.sva.1)                                                                                                                                                      MUL-1:operator-<4,false>#2:acc.tmp                                                                                                                                                       0.1784  0.8216                         
    matrix_multiply:core/reg(return.add_generic<AC_RND_CONV,false>:ls#1.sva.1)                                                                                                                                          leading_sign_15_0_1_0_e5c871125d0d1a1d63eeac9b3df3e1831c53#15                                                                                                                            0.3092  0.6908                         
    matrix_multiply:core/reg(drf(_qr.lval)#1.smx#1.lpi#2.dfm.3)                                                                                                                                                         drf(_qr.lval)#1.smx#1.lpi#2.dfm.2                                                                                                                                                        0.8870  0.1130                         
    matrix_multiply:core/reg(return.add_generic<AC_RND_CONV,false>:op2_sign#1.sva.st.4)                                                                                                                                 return.add_generic<AC_RND_CONV,false>:op2_sign#1.sva.st.3                                                                                                                                0.6992  0.3008                         
    matrix_multiply:core/reg(return.mult_generic<AC_RND_CONV,false>:exp#1(5:0)#1.lpi#2.dfm#2.1(4:0))                                                                                                                    return.mult_generic<AC_RND_CONV,false>:else#2:else:return.mult_generic<AC_RND_CONV,false>:else#2:else:and.itm                                                                           -0.0499  1.0499 (clock period exceeded) 
    matrix_multiply:core/reg(return.mult_generic<AC_RND_CONV,false>:lor#8.lpi#2.dfm.1)                                                                                                                                  return.mult_generic<AC_RND_CONV,false>:if#2:return.mult_generic<AC_RND_CONV,false>:if#2:or.itm                                                                                          -0.1138  1.1138 (clock period exceeded) 
    matrix_multiply:core/reg(return.mult_generic<AC_RND_CONV,false>:if#1:lor#2.lpi#2.dfm)                                                                                                                               return.mult_generic<AC_RND_CONV,false>:if#1:lor#2.lpi#2.dfm:mx1w0                                                                                                                       -0.1178  1.1178 (clock period exceeded) 
    matrix_multiply:core/reg(return.mult_generic<AC_RND_CONV,false>:p#5.sva.1)                                                                                                                                          return.mult_generic<AC_RND_CONV,false>:p#5.sva#1                                                                                                                                        -0.1084  1.1084 (clock period exceeded) 
    matrix_multiply:core/reg(operator+<7,false>:acc.psp#1.sva.1(3:0))                                                                                                                                                   operator+<7,false>:mux.itm                                                                                                                                                              -0.1915  1.1915 (clock period exceeded) 
    matrix_multiply:core/reg(operator-<4,false>:acc.psp#1.sva.1)                                                                                                                                                        MUL-1:operator-<4,false>:acc.tmp                                                                                                                                                        -0.1915  1.1915 (clock period exceeded) 
    matrix_multiply:core/reg(return.mult_generic<AC_RND_CONV,false>:if#1:lor#3.lpi#2.dfm)                                                                                                                               return.mult_generic<AC_RND_CONV,false>:if#1:lor#3.lpi#2.dfm:mx1w0                                                                                                                       -0.1332  1.1332 (clock period exceeded) 
    matrix_multiply:core/reg(return.mult_generic<AC_RND_CONV,false>:p#6.sva.1)                                                                                                                                          return.mult_generic<AC_RND_CONV,false>:p#6.sva#1                                                                                                                                        -0.1084  1.1084 (clock period exceeded) 
    matrix_multiply:core/reg(operator+<7,false>:acc.psp#2.sva.1(3:0))                                                                                                                                                   operator+<7,false>:mux#1.itm                                                                                                                                                            -0.1915  1.1915 (clock period exceeded) 
    matrix_multiply:core/reg(operator-<4,false>:acc.psp#2.sva.1)                                                                                                                                                        MUL-2:operator-<4,false>:acc.tmp                                                                                                                                                        -0.1915  1.1915 (clock period exceeded) 
    matrix_multiply:core/reg(return.mult_generic<AC_RND_CONV,false>:if#1:lor#4.lpi#2.dfm)                                                                                                                               return.mult_generic<AC_RND_CONV,false>:if#1:lor#4.lpi#2.dfm:mx1w0                                                                                                                       -0.1178  1.1178 (clock period exceeded) 
    matrix_multiply:core/reg(return.mult_generic<AC_RND_CONV,false>:p#7.sva.1)                                                                                                                                          return.mult_generic<AC_RND_CONV,false>:p#7.sva#1                                                                                                                                        -0.1084  1.1084 (clock period exceeded) 
    matrix_multiply:core/reg(operator+<7,false>:acc.psp#3.sva.1(3:0))                                                                                                                                                   operator+<7,false>:mux#2.itm                                                                                                                                                            -0.1915  1.1915 (clock period exceeded) 
    matrix_multiply:core/reg(operator-<4,false>:acc.psp#3.sva.1)                                                                                                                                                        MUL-3:operator-<4,false>:acc.tmp                                                                                                                                                        -0.1915  1.1915 (clock period exceeded) 
    matrix_multiply:core/reg(return.mult_generic<AC_RND_CONV,false>:if#1:lor.lpi#2.dfm)                                                                                                                                 return.mult_generic<AC_RND_CONV,false>:if#1:lor.lpi#2.dfm:mx1w0                                                                                                                         -0.1178  1.1178 (clock period exceeded) 
    matrix_multiply:core/reg(return.mult_generic<AC_RND_CONV,false>:p#1.sva.1)                                                                                                                                          return.mult_generic<AC_RND_CONV,false>:p#1.sva#1                                                                                                                                        -0.1084  1.1084 (clock period exceeded) 
    matrix_multiply:core/reg(operator+<7,false>:acc.psp.sva.1(3:0))                                                                                                                                                     operator+<7,false>:mux#3.itm                                                                                                                                                            -0.1915  1.1915 (clock period exceeded) 
    matrix_multiply:core/reg(operator-<4,false>:acc.psp.sva.1)                                                                                                                                                          MUL-4:operator-<4,false>:acc.tmp                                                                                                                                                        -0.1915  1.1915 (clock period exceeded) 
    matrix_multiply:core/reg(return.mult_generic<AC_RND_CONV,false>:op1_inf.sva.2)                                                                                                                                      return.mult_generic<AC_RND_CONV,false>:op1_inf.sva.1                                                                                                                                     0.5473  0.4527                         
    matrix_multiply:core/reg(return.mult_generic<AC_RND_CONV,false>:op2_inf.sva.2)                                                                                                                                      return.mult_generic<AC_RND_CONV,false>:op2_inf.sva.1                                                                                                                                     0.5473  0.4527                         
    matrix_multiply:core/reg(return.mult_generic<AC_RND_CONV,false>:r_nan.sva.2)                                                                                                                                        return.mult_generic<AC_RND_CONV,false>:r_nan.sva.1                                                                                                                                       0.5959  0.4041                         
    matrix_multiply:core/reg(operator+<7,false>:acc.psp.sva.1(6))                                                                                                                                                       operator+<7,false>:slc(operator+<7,false>:acc.psp.sva#1)(6).itm                                                                                                                          0.5403  0.4597                         
    matrix_multiply:core/reg(return.mult_generic<AC_RND_CONV,false>:op1_inf#3.sva.2)                                                                                                                                    return.mult_generic<AC_RND_CONV,false>:op1_inf#3.sva.1                                                                                                                                   0.5473  0.4527                         
    matrix_multiply:core/reg(return.mult_generic<AC_RND_CONV,false>:op2_inf#3.sva.2)                                                                                                                                    return.mult_generic<AC_RND_CONV,false>:op2_inf#3.sva.1                                                                                                                                   0.5473  0.4527                         
    matrix_multiply:core/reg(return.mult_generic<AC_RND_CONV,false>:r_nan#3.sva.2)                                                                                                                                      return.mult_generic<AC_RND_CONV,false>:r_nan#3.sva.1                                                                                                                                     0.5959  0.4041                         
    matrix_multiply:core/reg(operator+<7,false>:acc.psp#3.sva.1(6))                                                                                                                                                     operator+<7,false>:slc(operator+<7,false>:acc.psp#3.sva#1)(6).itm                                                                                                                        0.5403  0.4597                         
    matrix_multiply:core/reg(return.mult_generic<AC_RND_CONV,false>:op1_inf#2.sva.2)                                                                                                                                    return.mult_generic<AC_RND_CONV,false>:op1_inf#2.sva.1                                                                                                                                   0.5959  0.4041                         
    matrix_multiply:core/reg(return.mult_generic<AC_RND_CONV,false>:op2_inf#2.sva.2)                                                                                                                                    return.mult_generic<AC_RND_CONV,false>:op2_inf#2.sva.1                                                                                                                                   0.5473  0.4527                         
    matrix_multiply:core/reg(return.mult_generic<AC_RND_CONV,false>:r_nan#2.sva.2)                                                                                                                                      return.mult_generic<AC_RND_CONV,false>:r_nan#2.sva.1                                                                                                                                     0.5473  0.4527                         
    matrix_multiply:core/reg(operator+<7,false>:acc.psp#2.sva.1(6))                                                                                                                                                     operator+<7,false>:slc(operator+<7,false>:acc.psp#2.sva#1)(6).itm                                                                                                                        0.5403  0.4597                         
    matrix_multiply:core/reg(return.mult_generic<AC_RND_CONV,false>:op1_inf#1.sva.2)                                                                                                                                    return.mult_generic<AC_RND_CONV,false>:op1_inf#1.sva.1                                                                                                                                   0.5959  0.4041                         
    matrix_multiply:core/reg(return.mult_generic<AC_RND_CONV,false>:op2_inf#1.sva.2)                                                                                                                                    return.mult_generic<AC_RND_CONV,false>:op2_inf#1.sva.1                                                                                                                                   0.5473  0.4527                         
    matrix_multiply:core/reg(return.mult_generic<AC_RND_CONV,false>:r_nan#1.sva.2)                                                                                                                                      return.mult_generic<AC_RND_CONV,false>:r_nan#1.sva.1                                                                                                                                     0.5473  0.4527                         
    matrix_multiply:core/reg(operator+<7,false>:acc.psp#1.sva.1(6))                                                                                                                                                     operator+<7,false>:slc(operator+<7,false>:acc.psp#1.sva#1)(6).itm                                                                                                                        0.5403  0.4597                         
    matrix_multiply:core/reg(return.mult_generic<AC_RND_CONV,false>:exp:acc#6.itm.1)                                                                                                                                    return.mult_generic<AC_RND_CONV,false>:exp:acc#6.itm                                                                                                                                     0.0345  0.9655                         
    matrix_multiply:core/reg(tmp#3.sva.1)                                                                                                                                                                               A.d:rsc(0)(3)i.q_d                                                                                                                                                                       0.1263  0.8737                         
    matrix_multiply:core/reg(return.mult_generic<AC_RND_CONV,false>:op1_normal.sva.1)                                                                                                                                   MUL-4:return.extract:return.extract:return.extract:or.itm                                                                                                                                0.3971  0.6029                         
    matrix_multiply:core/reg(return.mult_generic<AC_RND_CONV,false>:exp:acc#4.itm.1)                                                                                                                                    return.mult_generic<AC_RND_CONV,false>:exp:acc#4.itm                                                                                                                                     0.0345  0.9655                         
    matrix_multiply:core/reg(tmp#2.sva.1)                                                                                                                                                                               A.d:rsc(0)(2)i.q_d                                                                                                                                                                       0.1263  0.8737                         
    matrix_multiply:core/reg(return.mult_generic<AC_RND_CONV,false>:op1_normal#3.sva.1)                                                                                                                                 MUL-3:return.extract:return.extract:return.extract:or.itm                                                                                                                                0.3971  0.6029                         
    matrix_multiply:core/reg(return.mult_generic<AC_RND_CONV,false>:exp:acc#2.itm.1)                                                                                                                                    return.mult_generic<AC_RND_CONV,false>:exp:acc#2.itm                                                                                                                                     0.0345  0.9655                         
    matrix_multiply:core/reg(tmp#1.sva.1)                                                                                                                                                                               A.d:rsc(0)(1)i.q_d                                                                                                                                                                       0.1263  0.8737                         
    matrix_multiply:core/reg(return.mult_generic<AC_RND_CONV,false>:op1_normal#2.sva.1)                                                                                                                                 MUL-2:return.extract:return.extract:return.extract:or.itm                                                                                                                                0.3971  0.6029                         
    matrix_multiply:core/reg(return.mult_generic<AC_RND_CONV,false>:exp:acc#1.itm.1)                                                                                                                                    return.mult_generic<AC_RND_CONV,false>:exp:acc#1.itm                                                                                                                                     0.0345  0.9655                         
    matrix_multiply:core/reg(tmp.sva.1(14:0))                                                                                                                                                                           ac_ieee_float_base<binary16>::to_helper_t:slc(A.d:rsc(0)(0)i.q_d)(14-0).itm                                                                                                              0.5000  0.5000                         
    matrix_multiply:core/reg(return.mult_generic<AC_RND_CONV,false>:op1_normal#1.sva.1)                                                                                                                                 MUL-1:return.extract:return.extract:return.extract:or.itm                                                                                                                                0.3971  0.6029                         
    matrix_multiply:core/reg(ROW.stage_0)                                                                                                                                                                               MUL:MUL:MUL:nand.itm                                                                                                                                                                     0.0048  0.9952                         
    matrix_multiply:core/reg(ROW:i(10:0).sva(9:0))                                                                                                                                                                      ROW:i:ROW:i:and.itm                                                                                                                                                                      0.1873  0.8127                         
    matrix_multiply:core/reg(COL:j(4:0).sva(3:0))                                                                                                                                                                       COL:j:COL:j:and.itm                                                                                                                                                                      0.6371  0.3629                         
    matrix_multiply:core/reg(ROW.stage_0.2)                                                                                                                                                                             ac_ieee_float_base<binary16>::to_helper_t#1:ac_ieee_float_base<binary16>::to_helper_t#1:and#1.cse                                                                                        0.8125  0.1875                         
    matrix_multiply:core/reg(ROW.stage_0.3)                                                                                                                                                                             ac_ieee_float_base<binary16>::to_helper_t#1:ac_ieee_float_base<binary16>::to_helper_t#1:and#2.itm                                                                                        0.8125  0.1875                         
    matrix_multiply:core/reg(ROW.stage_0.4)                                                                                                                                                                             ac_ieee_float_base<binary16>::to_helper_t#1:ac_ieee_float_base<binary16>::to_helper_t#1:and#3.itm                                                                                        0.8125  0.1875                         
    matrix_multiply:core/reg(ROW.stage_0.5)                                                                                                                                                                             ac_ieee_float_base<binary16>::to_helper_t#1:ac_ieee_float_base<binary16>::to_helper_t#1:and#4.itm                                                                                        0.8125  0.1875                         
    matrix_multiply:core/reg(ROW.stage_0.6)                                                                                                                                                                             ac_ieee_float_base<binary16>::to_helper_t#1:ac_ieee_float_base<binary16>::to_helper_t#1:and#5.itm                                                                                        0.8125  0.1875                         
    matrix_multiply:core/reg(ROW.stage_0.7)                                                                                                                                                                             ac_ieee_float_base<binary16>::to_helper_t#1:ac_ieee_float_base<binary16>::to_helper_t#1:and#6.itm                                                                                        0.8125  0.1875                         
    matrix_multiply:core/reg(ROW.stage_0.8)                                                                                                                                                                             ac_ieee_float_base<binary16>::to_helper_t#1:ac_ieee_float_base<binary16>::to_helper_t#1:and#7.itm                                                                                        0.8125  0.1875                         
    matrix_multiply:core/reg(ROW.stage_0.9)                                                                                                                                                                             ac_ieee_float_base<binary16>::to_helper_t#1:ac_ieee_float_base<binary16>::to_helper_t#1:and#8.itm                                                                                        0.8125  0.1875                         
    matrix_multiply:core/reg(ROW.stage_0.10)                                                                                                                                                                            ac_ieee_float_base<binary16>::to_helper_t#1:ac_ieee_float_base<binary16>::to_helper_t#1:and#9.itm                                                                                        0.8125  0.1875                         
    matrix_multiply:core/reg(ROW.stage_0.11)                                                                                                                                                                            ac_ieee_float_base<binary16>::to_helper_t#1:ac_ieee_float_base<binary16>::to_helper_t#1:and#10.itm                                                                                       0.8125  0.1875                         
    matrix_multiply:core/reg(ROW.stage_0.12)                                                                                                                                                                            ac_ieee_float_base<binary16>::to_helper_t#1:ac_ieee_float_base<binary16>::to_helper_t#1:and#11.itm                                                                                       0.8125  0.1875                         
    matrix_multiply:core/reg(ROW.stage_0.13)                                                                                                                                                                            ac_ieee_float_base<binary16>::to_helper_t#1:ac_ieee_float_base<binary16>::to_helper_t#1:and#12.itm                                                                                       0.8125  0.1875                         
    matrix_multiply:core/reg(ROW.stage_0.14)                                                                                                                                                                            ac_ieee_float_base<binary16>::to_helper_t#1:ac_ieee_float_base<binary16>::to_helper_t#1:and#13.itm                                                                                       0.8125  0.1875                         
    matrix_multiply:core/reg(ROW.stage_0.15)                                                                                                                                                                            ac_ieee_float_base<binary16>::to_helper_t#1:ac_ieee_float_base<binary16>::to_helper_t#1:and#14.itm                                                                                       0.8125  0.1875                         
    matrix_multiply:core/reg(ROW.stage_0.16)                                                                                                                                                                            ac_ieee_float_base<binary16>::to_helper_t#1:ac_ieee_float_base<binary16>::to_helper_t#1:and#15.itm                                                                                       0.8125  0.1875                         
    matrix_multiply:core/reg(ROW.stage_0.17)                                                                                                                                                                            ac_ieee_float_base<binary16>::to_helper_t#1:ac_ieee_float_base<binary16>::to_helper_t#1:and#16.itm                                                                                       0.8125  0.1875                         
    matrix_multiply:core/reg(ROW.stage_0.18)                                                                                                                                                                            ac_ieee_float_base<binary16>::to_helper_t#1:ac_ieee_float_base<binary16>::to_helper_t#1:and#17.itm                                                                                       0.8125  0.1875                         
    matrix_multiply:core/reg(ROW.stage_0.19)                                                                                                                                                                            ac_ieee_float_base<binary16>::to_helper_t#1:ac_ieee_float_base<binary16>::to_helper_t#1:and#18.itm                                                                                       0.8125  0.1875                         
    matrix_multiply:core/reg(ROW.stage_0.20)                                                                                                                                                                            ac_ieee_float_base<binary16>::to_helper_t#1:ac_ieee_float_base<binary16>::to_helper_t#1:and#19.itm                                                                                       0.8125  0.1875                         
    matrix_multiply:core/reg(ROW.stage_0.21)                                                                                                                                                                            ac_ieee_float_base<binary16>::to_helper_t#1:ac_ieee_float_base<binary16>::to_helper_t#1:and#20.itm                                                                                       0.8125  0.1875                         
    matrix_multiply:core/reg(ROW.stage_0.22)                                                                                                                                                                            ac_ieee_float_base<binary16>::to_helper_t#1:ac_ieee_float_base<binary16>::to_helper_t#1:and#21.itm                                                                                       0.8125  0.1875                         
    matrix_multiply:core/reg(ROW.stage_0.23)                                                                                                                                                                            ac_ieee_float_base<binary16>::to_helper_t#1:ac_ieee_float_base<binary16>::to_helper_t#1:and#22.itm                                                                                       0.8125  0.1875                         
    matrix_multiply:core/reg(ROW.stage_0.24)                                                                                                                                                                            ac_ieee_float_base<binary16>::to_helper_t#1:ac_ieee_float_base<binary16>::to_helper_t#1:and#23.itm                                                                                       0.8125  0.1875                         
    matrix_multiply:core/reg(ROW.stage_0.25)                                                                                                                                                                            ac_ieee_float_base<binary16>::to_helper_t#1:ac_ieee_float_base<binary16>::to_helper_t#1:and#24.itm                                                                                       0.8125  0.1875                         
    matrix_multiply:core/reg(C.d.triosy:obj.ld)                                                                                                                                                                         and#430.itm                                                                                                                                                                              0.6171  0.3829                         
    matrix_multiply:core/reg(MUL-4:return.add_generic<AC_RND_CONV,false>:e_r:qelse:or.svs)                                                                                                                              MUL-4:return.add_generic<AC_RND_CONV,false>:e_r:qelse:or.svs#1                                                                                                                          -0.1770  1.1770 (clock period exceeded) 
    matrix_multiply:core/reg(return.add_generic<AC_RND_CONV,false>:r_zero#1.sva.2)                                                                                                                                      return.add_generic<AC_RND_CONV,false>:r_zero#1.sva.1                                                                                                                                     0.7239  0.2761                         
    matrix_multiply:core/reg(return.add_generic<AC_RND_CONV,false>:do_sub.sva.9)                                                                                                                                        return.add_generic<AC_RND_CONV,false>:do_sub.sva.8                                                                                                                                       0.8870  0.1130                         
    matrix_multiply:core/reg(return.add_generic<AC_RND_CONV,false>:else#4:unequal)                                                                                                                                      return.add_generic<AC_RND_CONV,false>:else#4:return.add_generic<AC_RND_CONV,false>:else#4:nand#3.itm                                                                                     0.2646  0.7354                         
    matrix_multiply:core/reg(operator==<5,true>:return#2.sva.3)                                                                                                                                                         operator==<5,true>:return#2.sva.2                                                                                                                                                        0.8870  0.1130                         
    matrix_multiply:core/reg(return.extract#2:m_zero.sva.3)                                                                                                                                                             return.extract#2:m_zero.sva.2                                                                                                                                                            0.8870  0.1130                         
    matrix_multiply:core/reg(return.add_generic<AC_RND_CONV,false>:res_mant#4.sva.1)                                                                                                                                    MUL-4:return.add_generic<AC_RND_CONV,false>:acc.itm                                                                                                                                     -0.0302  1.0302 (clock period exceeded) 
    matrix_multiply:core/reg(MUL-3:return.add_generic<AC_RND_CONV,false>:e_r:qelse:or.svs)                                                                                                                              MUL-3:return.add_generic<AC_RND_CONV,false>:e_r:qelse:or.svs#1                                                                                                                          -0.1770  1.1770 (clock period exceeded) 
    matrix_multiply:core/reg(return.add_generic<AC_RND_CONV,false>:r_zero#4.sva.2)                                                                                                                                      return.add_generic<AC_RND_CONV,false>:r_zero#4.sva.1                                                                                                                                     0.7323  0.2677                         
    matrix_multiply:core/reg(return.add_generic<AC_RND_CONV,false>:else#4:unequal)#1                                                                                                                                    return.add_generic<AC_RND_CONV,false>:else#4:return.add_generic<AC_RND_CONV,false>:else#4:nand#2.itm                                                                                     0.2612  0.7388                         
    matrix_multiply:core/reg(operator==<5,true>:return#11.sva.3)                                                                                                                                                        operator==<5,true>:return#11.sva.2                                                                                                                                                       0.8870  0.1130                         
    matrix_multiply:core/reg(return.extract#2:m_zero#2.sva.3)                                                                                                                                                           return.extract#2:m_zero#2.sva.2                                                                                                                                                          0.8870  0.1130                         
    matrix_multiply:core/reg(return.add_generic<AC_RND_CONV,false>:res_mant#7.sva.1)                                                                                                                                    MUL-3:return.add_generic<AC_RND_CONV,false>:acc.itm                                                                                                                                     -0.0302  1.0302 (clock period exceeded) 
    matrix_multiply:core/reg(MUL-2:return.add_generic<AC_RND_CONV,false>:e_r:qelse:or.svs)                                                                                                                              MUL-2:return.add_generic<AC_RND_CONV,false>:e_r:qelse:or.svs#1                                                                                                                          -0.1770  1.1770 (clock period exceeded) 
    matrix_multiply:core/reg(return.add_generic<AC_RND_CONV,false>:r_zero#3.sva.2)                                                                                                                                      return.add_generic<AC_RND_CONV,false>:r_zero#3.sva.1                                                                                                                                     0.7239  0.2761                         
    matrix_multiply:core/reg(return.add_generic<AC_RND_CONV,false>:else#4:unequal)#2                                                                                                                                    return.add_generic<AC_RND_CONV,false>:else#4:return.add_generic<AC_RND_CONV,false>:else#4:nand#1.itm                                                                                     0.2646  0.7354                         
    matrix_multiply:core/reg(operator==<5,true>:return#10.sva.3)                                                                                                                                                        operator==<5,true>:return#10.sva.2                                                                                                                                                       0.8870  0.1130                         
    matrix_multiply:core/reg(return.extract#2:m_zero#1.sva.3)                                                                                                                                                           return.extract#2:m_zero#1.sva.2                                                                                                                                                          0.8870  0.1130                         
    matrix_multiply:core/reg(return.add_generic<AC_RND_CONV,false>:res_mant#6.sva.1)                                                                                                                                    MUL-2:return.add_generic<AC_RND_CONV,false>:acc.itm                                                                                                                                     -0.0302  1.0302 (clock period exceeded) 
    matrix_multiply:core/reg(MUL-1:return.add_generic<AC_RND_CONV,false>:e_r:qelse:or.svs)                                                                                                                              MUL-1:return.add_generic<AC_RND_CONV,false>:e_r:qelse:or.svs#1                                                                                                                          -0.0943  1.0943 (clock period exceeded) 
    matrix_multiply:core/reg(return.add_generic<AC_RND_CONV,false>:r_zero#2.sva.2)                                                                                                                                      return.add_generic<AC_RND_CONV,false>:r_zero#2.sva.1                                                                                                                                     0.8870  0.1130                         
    matrix_multiply:core/reg(return.add_generic<AC_RND_CONV,false>:else#4:unequal)#3                                                                                                                                    return.add_generic<AC_RND_CONV,false>:else#4:return.add_generic<AC_RND_CONV,false>:else#4:nand.itm                                                                                       0.2612  0.7388                         
    matrix_multiply:core/reg(return.add_generic<AC_RND_CONV,false>:res_mant#5.sva.1)                                                                                                                                    MUL-1:return.add_generic<AC_RND_CONV,false>:acc.itm                                                                                                                                     -0.0302  1.0302 (clock period exceeded) 
    matrix_multiply:core/reg(return.mult_generic<AC_RND_CONV,false>:op1_zero#1.sva.2)                                                                                                                                   return.mult_generic<AC_RND_CONV,false>:op1_zero#1.sva.1                                                                                                                                  0.5473  0.4527                         
    matrix_multiply:core/reg(return.mult_generic<AC_RND_CONV,false>:op2_zero#1.sva.2)                                                                                                                                   return.mult_generic<AC_RND_CONV,false>:op2_zero#1.sva.1                                                                                                                                  0.5473  0.4527                         
    matrix_multiply:core/reg(return.extract#1:return.extract#1:or.sva.1)                                                                                                                                                MUL-4:return.extract#1:return.extract#1:or#1.itm                                                                                                                                         0.3971  0.6029                         
    matrix_multiply:core/reg(return.mult_generic<AC_RND_CONV,false>:if:mux#13.itm.1)                                                                                                                                    ac_ieee_float_base<binary16>::to_helper_t#1:mux#28.itm                                                                                                                                   0.1864  0.8136                         
    matrix_multiply:core/reg(tmp#7.sva.1(9:0))                                                                                                                                                                          ac_ieee_float_base<binary16>::to_helper_t#1:slc(B.d:rsc(3)(0)i.q_d)(9-0).itm                                                                                                             0.5000  0.5000                         
    matrix_multiply:core/reg(return.extract#1:return.extract#1:or#4.sva.1)                                                                                                                                              MUL-3:return.extract#1:return.extract#1:or#1.itm                                                                                                                                         0.3971  0.6029                         
    matrix_multiply:core/reg(return.mult_generic<AC_RND_CONV,false>:if:mux#9.itm.1)                                                                                                                                     ac_ieee_float_base<binary16>::to_helper_t#1:mux#29.itm                                                                                                                                   0.1864  0.8136                         
    matrix_multiply:core/reg(tmp#6.sva.1(9:0))                                                                                                                                                                          ac_ieee_float_base<binary16>::to_helper_t#1:slc(B.d:rsc(2)(0)i.q_d)(9-0).itm                                                                                                             0.5000  0.5000                         
    matrix_multiply:core/reg(return.extract#1:return.extract#1:or#3.sva.1)                                                                                                                                              MUL-2:return.extract#1:return.extract#1:or#1.itm                                                                                                                                         0.3971  0.6029                         
    matrix_multiply:core/reg(return.mult_generic<AC_RND_CONV,false>:if:mux#5.itm.1)                                                                                                                                     ac_ieee_float_base<binary16>::to_helper_t#1:mux#30.itm                                                                                                                                   0.1864  0.8136                         
    matrix_multiply:core/reg(tmp#5.sva.1(9:0))                                                                                                                                                                          ac_ieee_float_base<binary16>::to_helper_t#1:slc(B.d:rsc(1)(0)i.q_d)(9-0).itm                                                                                                             0.5000  0.5000                         
    matrix_multiply:core/reg(return.extract#1:return.extract#1:or#2.sva.1)                                                                                                                                              MUL-1:return.extract#1:return.extract#1:or#1.itm                                                                                                                                         0.3971  0.6029                         
    matrix_multiply:core/reg(return.mult_generic<AC_RND_CONV,false>:if:mux#1.itm.1)                                                                                                                                     ac_ieee_float_base<binary16>::to_helper_t#1:mux#31.itm                                                                                                                                   0.1864  0.8136                         
    matrix_multiply:core/reg(tmp#4.sva.1(9:0))                                                                                                                                                                          ac_ieee_float_base<binary16>::to_helper_t#1:slc(B.d:rsc(0)(0)i.q_d)(9-0).itm                                                                                                             0.5000  0.5000                         
    matrix_multiply:core/reg(return.add_generic<AC_RND_CONV,false>:do_sub.sva.st.5)                                                                                                                                     return.add_generic<AC_RND_CONV,false>:do_sub.sva.st.4                                                                                                                                    0.8870  0.1130                         
    matrix_multiply:core/reg(return.add_generic<AC_RND_CONV,false>:do_sub#3.sva.st.5)                                                                                                                                   return.add_generic<AC_RND_CONV,false>:do_sub#3.sva.st.4                                                                                                                                  0.8870  0.1130                         
    matrix_multiply:core/reg(return.add_generic<AC_RND_CONV,false>:do_sub#2.sva.st.5)                                                                                                                                   return.add_generic<AC_RND_CONV,false>:do_sub#2.sva.st.4                                                                                                                                  0.8870  0.1130                         
    matrix_multiply:core/reg(return.add_generic<AC_RND_CONV,false>:op2_sign#1.sva.st.3)                                                                                                                                 return.add_generic<AC_RND_CONV,false>:op2_sign#1.sva.st.2                                                                                                                                0.8870  0.1130                         
    matrix_multiply:core/reg(COL:j:slc(COL:j(4:0))(3-0)#1.itm.23)                                                                                                                                                       COL:j:slc(COL:j(4:0))(3-0)#1.itm.22                                                                                                                                                      0.8870  0.1130                         
    matrix_multiply:core/reg(ROW:i:slc(ROW:i(10:0))(9-0)#1.itm.23)                                                                                                                                                      ROW:i:slc(ROW:i(10:0))(9-0)#1.itm.22                                                                                                                                                     0.8870  0.1130                         
    matrix_multiply:core/reg(return.add_generic<AC_RND_CONV,false>:mux#76.itm.4)                                                                                                                                        return.add_generic<AC_RND_CONV,false>:mux#76.itm.3                                                                                                                                       0.8870  0.1130                         
    matrix_multiply:core/reg(return.add_generic<AC_RND_CONV,false>:res_mant#4.sva.2)                                                                                                                                    return.add_generic<AC_RND_CONV,false>:res_mant#4.sva.1                                                                                                                                   0.3092  0.6908                         
    matrix_multiply:core/reg(drf(_qr.lval)#1.smx(0).lpi#2.dfm.2)                                                                                                                                                        drf(_qr.lval)#1.smx(0).lpi#2.dfm.1                                                                                                                                                       0.8870  0.1130                         
    matrix_multiply:core/reg(drf(_qr.lval)#1.smx(4:1).lpi#2.dfm.2)                                                                                                                                                      drf(_qr.lval)#1.smx(4:1).lpi#2.dfm.1                                                                                                                                                     0.8870  0.1130                         
    matrix_multiply:core/reg(return.add_generic<AC_RND_CONV,false>:op2_nan.sva.3)                                                                                                                                       return.add_generic<AC_RND_CONV,false>:op2_nan.sva.2                                                                                                                                      0.8870  0.1130                         
    matrix_multiply:core/reg(return.add_generic<AC_RND_CONV,false>:op2_inf.sva.3)                                                                                                                                       return.add_generic<AC_RND_CONV,false>:op2_inf.sva.2                                                                                                                                      0.8870  0.1130                         
    matrix_multiply:core/reg(return.mult_generic<AC_RND_CONV,false>:exp#1(5:0).lpi#2.dfm#3.14(4:0))                                                                                                                     return.mult_generic<AC_RND_CONV,false>:exp#1(5:0).lpi#2.dfm#3.13(4:0)                                                                                                                    0.8870  0.1130                         
    matrix_multiply:core/reg(return.mult_generic<AC_RND_CONV,false>:r_nan.sva.1)                                                                                                                                        MUL-4:return.mult_generic<AC_RND_CONV,false>:r_nan:or.itm                                                                                                                                0.1263  0.8737                         
    matrix_multiply:core/reg(return.mult_generic<AC_RND_CONV,false>:op2_inf.sva.1)                                                                                                                                      return.mult_generic<AC_RND_CONV,false>:op2_inf.sva#1                                                                                                                                     0.1263  0.8737                         
    matrix_multiply:core/reg(return.mult_generic<AC_RND_CONV,false>:op1_inf.sva.1)                                                                                                                                      return.mult_generic<AC_RND_CONV,false>:op1_inf.sva#1                                                                                                                                     0.1263  0.8737                         
    matrix_multiply:core/reg(return.add_generic<AC_RND_CONV,false>:res_mant#7.sva.2)                                                                                                                                    return.add_generic<AC_RND_CONV,false>:res_mant#7.sva.1                                                                                                                                   0.3092  0.6908                         
    matrix_multiply:core/reg(drf(_qr.lval)#1.smx#3(0).lpi#2.dfm.2)                                                                                                                                                      drf(_qr.lval)#1.smx#3(0).lpi#2.dfm.1                                                                                                                                                     0.8870  0.1130                         
    matrix_multiply:core/reg(drf(_qr.lval)#1.smx#3(4:1).lpi#2.dfm.2)                                                                                                                                                    drf(_qr.lval)#1.smx#3(4:1).lpi#2.dfm.1                                                                                                                                                   0.8870  0.1130                         
    matrix_multiply:core/reg(return.add_generic<AC_RND_CONV,false>:op2_nan#3.sva.2)                                                                                                                                     return.add_generic<AC_RND_CONV,false>:op2_nan#3.sva.1                                                                                                                                    0.8870  0.1130                         
    matrix_multiply:core/reg(return.add_generic<AC_RND_CONV,false>:op2_inf#3.sva.2)                                                                                                                                     return.add_generic<AC_RND_CONV,false>:op2_inf#3.sva.1                                                                                                                                    0.8870  0.1130                         
    matrix_multiply:core/reg(return.mult_generic<AC_RND_CONV,false>:exp#1(5:0)#3.lpi#2.dfm#3.9(4:0))                                                                                                                    return.mult_generic<AC_RND_CONV,false>:exp#1(5:0)#3.lpi#2.dfm#3.8(4:0)                                                                                                                   0.8870  0.1130                         
    matrix_multiply:core/reg(return.mult_generic<AC_RND_CONV,false>:r_nan#3.sva.1)                                                                                                                                      MUL-3:return.mult_generic<AC_RND_CONV,false>:r_nan:or.itm                                                                                                                                0.1263  0.8737                         
    matrix_multiply:core/reg(return.mult_generic<AC_RND_CONV,false>:op2_inf#3.sva.1)                                                                                                                                    return.mult_generic<AC_RND_CONV,false>:op2_inf#3.sva#1                                                                                                                                   0.1263  0.8737                         
    matrix_multiply:core/reg(return.mult_generic<AC_RND_CONV,false>:op1_inf#3.sva.1)                                                                                                                                    return.mult_generic<AC_RND_CONV,false>:op1_inf#3.sva#1                                                                                                                                   0.1263  0.8737                         
    matrix_multiply:core/reg(return.add_generic<AC_RND_CONV,false>:res_mant#6.sva.2)                                                                                                                                    return.add_generic<AC_RND_CONV,false>:res_mant#6.sva.1                                                                                                                                   0.3092  0.6908                         
    matrix_multiply:core/reg(drf(_qr.lval)#1.smx#2(0).lpi#2.dfm.2)                                                                                                                                                      drf(_qr.lval)#1.smx#2(0).lpi#2.dfm.1                                                                                                                                                     0.8870  0.1130                         
    matrix_multiply:core/reg(drf(_qr.lval)#1.smx#2(4:1).lpi#2.dfm.2)                                                                                                                                                    drf(_qr.lval)#1.smx#2(4:1).lpi#2.dfm.1                                                                                                                                                   0.8870  0.1130                         
    matrix_multiply:core/reg(return.add_generic<AC_RND_CONV,false>:op2_nan#2.sva.1)                                                                                                                                     MUL-2:return.extract#3:and#2.itm                                                                                                                                                         0.7715  0.2285                         
    matrix_multiply:core/reg(return.add_generic<AC_RND_CONV,false>:op2_inf#2.sva.1)                                                                                                                                     MUL-2:return.extract#3:and#1.itm                                                                                                                                                         0.8125  0.1875                         
    matrix_multiply:core/reg(return.mult_generic<AC_RND_CONV,false>:exp#1(5:0)#2.lpi#2.dfm#3.4(4:0))                                                                                                                    return.mult_generic<AC_RND_CONV,false>:exp#1(5:0)#2.lpi#2.dfm#3.3(4:0)                                                                                                                   0.8870  0.1130                         
    matrix_multiply:core/reg(return.mult_generic<AC_RND_CONV,false>:r_nan#2.sva.1)                                                                                                                                      MUL-2:return.mult_generic<AC_RND_CONV,false>:r_nan:or.itm                                                                                                                                0.1263  0.8737                         
    matrix_multiply:core/reg(return.mult_generic<AC_RND_CONV,false>:op2_inf#2.sva.1)                                                                                                                                    return.mult_generic<AC_RND_CONV,false>:op2_inf#2.sva#1                                                                                                                                   0.1263  0.8737                         
    matrix_multiply:core/reg(return.mult_generic<AC_RND_CONV,false>:op1_inf#2.sva.1)                                                                                                                                    return.mult_generic<AC_RND_CONV,false>:op1_inf#2.sva#1                                                                                                                                   0.1263  0.8737                         
    matrix_multiply:core/reg(return.add_generic<AC_RND_CONV,false>:res_mant#5.sva.2)                                                                                                                                    return.add_generic<AC_RND_CONV,false>:res_mant#5.sva.1                                                                                                                                   0.8870  0.1130                         
    matrix_multiply:core/reg(drf(_qr.lval)#1.smx#1.lpi#2.dfm.2)                                                                                                                                                         drf(_qr.lval)#1.smx#1.lpi#2.dfm.1                                                                                                                                                        0.8870  0.1130                         
    matrix_multiply:core/reg(return.extract#3:m_zero#1.sva.3)                                                                                                                                                           return.extract#3:m_zero#1.sva.2                                                                                                                                                          0.8870  0.1130                         
    matrix_multiply:core/reg(operator==<5,true>:return#12.sva.3)                                                                                                                                                        operator==<5,true>:return#12.sva.2                                                                                                                                                       0.8870  0.1130                         
    matrix_multiply:core/reg(return.mult_generic<AC_RND_CONV,false>:r_nan#1.sva.1)                                                                                                                                      MUL-1:return.mult_generic<AC_RND_CONV,false>:r_nan:or.itm                                                                                                                                0.1263  0.8737                         
    matrix_multiply:core/reg(return.mult_generic<AC_RND_CONV,false>:op2_inf#1.sva.1)                                                                                                                                    return.mult_generic<AC_RND_CONV,false>:op2_inf#1.sva#1                                                                                                                                   0.1263  0.8737                         
    matrix_multiply:core/reg(return.mult_generic<AC_RND_CONV,false>:op1_inf#1.sva.1)                                                                                                                                    return.mult_generic<AC_RND_CONV,false>:op1_inf#1.sva#1                                                                                                                                   0.1263  0.8737                         
    matrix_multiply:core/reg(return.add_generic<AC_RND_CONV,false>:do_sub.sva.8)                                                                                                                                        return.add_generic<AC_RND_CONV,false>:do_sub.sva.7                                                                                                                                       0.8870  0.1130                         
    matrix_multiply:core/reg(return.add_generic<AC_RND_CONV,false>:op_bigger:mux#29.itm.1)                                                                                                                              return.add_generic<AC_RND_CONV,false>:op2_mu:mux.itm                                                                                                                                     0.1682  0.8318                         
    matrix_multiply:core/reg(return.add_generic<AC_RND_CONV,false>:op_bigger:mux#30.itm.1)                                                                                                                              return.add_generic<AC_RND_CONV,false>:op2_mu:mux#1.itm                                                                                                                                   0.1682  0.8318                         
    matrix_multiply:core/reg(return.add_generic<AC_RND_CONV,false>:op_bigger:mux#31.itm.1)                                                                                                                              return.add_generic<AC_RND_CONV,false>:op_bigger:mux.itm                                                                                                                                  0.0935  0.9065                         
    matrix_multiply:core/reg(return.add_generic<AC_RND_CONV,false>:op_bigger:mux#32.itm.1)                                                                                                                              return.add_generic<AC_RND_CONV,false>:op_bigger:mux#1.itm                                                                                                                                0.1682  0.8318                         
    matrix_multiply:core/reg(return.add_generic<AC_RND_CONV,false>:op_smaller:_qr(10).lpi#2.dfm.1)                                                                                                                      return.add_generic<AC_RND_CONV,false>:op_bigger:mux#2.itm                                                                                                                                0.1682  0.8318                         
    matrix_multiply:core/reg(return.add_generic<AC_RND_CONV,false>:op_smaller:_qr(9).lpi#2.dfm.1)                                                                                                                       return.add_generic<AC_RND_CONV,false>:op_bigger:mux#3.itm                                                                                                                                0.1682  0.8318                         
    matrix_multiply:core/reg(return.add_generic<AC_RND_CONV,false>:op_smaller:_qr(8:1).lpi#2.dfm.1)                                                                                                                     return.add_generic<AC_RND_CONV,false>:op_bigger:mux#4.itm                                                                                                                                0.0935  0.9065                         
    matrix_multiply:core/reg(return.add_generic<AC_RND_CONV,false>:op_smaller:_qr(0).lpi#2.dfm.1)                                                                                                                       return.add_generic<AC_RND_CONV,false>:op_bigger:mux#5.itm                                                                                                                                0.1682  0.8318                         
    matrix_multiply:core/reg(return.add_generic<AC_RND_CONV,false>:e_dif_sat.sva.1)                                                                                                                                     MUL-4:return.add_generic<AC_RND_CONV,false>:e_dif_sat:or.itm                                                                                                                             0.0028  0.9972                         
    matrix_multiply:core/reg(return.add_generic<AC_RND_CONV,false>:r_zero#4.sva.1)                                                                                                                                      leading_sign_15_0_1_0_e5c871125d0d1a1d63eeac9b3df3e1831c53#9                                                                                                                             0.5756  0.4244                         
    matrix_multiply:core/reg(return.add_generic<AC_RND_CONV,false>:op_bigger:mux#19.itm.1)                                                                                                                              return.add_generic<AC_RND_CONV,false>:op2_mu:mux#2.itm                                                                                                                                   0.1682  0.8318                         
    matrix_multiply:core/reg(return.add_generic<AC_RND_CONV,false>:op_bigger:mux#20.itm.1)                                                                                                                              return.add_generic<AC_RND_CONV,false>:op2_mu:mux#3.itm                                                                                                                                   0.1682  0.8318                         
    matrix_multiply:core/reg(return.add_generic<AC_RND_CONV,false>:op_bigger:mux#21.itm.1)                                                                                                                              return.add_generic<AC_RND_CONV,false>:op_bigger:mux#6.itm                                                                                                                                0.0935  0.9065                         
    matrix_multiply:core/reg(return.add_generic<AC_RND_CONV,false>:op_bigger:mux#22.itm.1)                                                                                                                              return.add_generic<AC_RND_CONV,false>:op_bigger:mux#7.itm                                                                                                                                0.1682  0.8318                         
    matrix_multiply:core/reg(return.add_generic<AC_RND_CONV,false>:op_smaller:_qr(10)#3.lpi#2.dfm.1)                                                                                                                    return.add_generic<AC_RND_CONV,false>:op_bigger:mux#8.itm                                                                                                                                0.1682  0.8318                         
    matrix_multiply:core/reg(return.add_generic<AC_RND_CONV,false>:op_smaller:_qr(9)#3.lpi#2.dfm.1)                                                                                                                     return.add_generic<AC_RND_CONV,false>:op_bigger:mux#9.itm                                                                                                                                0.1682  0.8318                         
    matrix_multiply:core/reg(return.add_generic<AC_RND_CONV,false>:op_smaller:_qr(8:1)#3.lpi#2.dfm.1)                                                                                                                   return.add_generic<AC_RND_CONV,false>:op_bigger:mux#10.itm                                                                                                                               0.0935  0.9065                         
    matrix_multiply:core/reg(return.add_generic<AC_RND_CONV,false>:op_smaller:_qr(0)#3.lpi#2.dfm.1)                                                                                                                     return.add_generic<AC_RND_CONV,false>:op_bigger:mux#11.itm                                                                                                                               0.1682  0.8318                         
    matrix_multiply:core/reg(return.add_generic<AC_RND_CONV,false>:e_dif_sat#3.sva.1)                                                                                                                                   MUL-3:return.add_generic<AC_RND_CONV,false>:e_dif_sat:or.itm                                                                                                                             0.0028  0.9972                         
    matrix_multiply:core/reg(return.add_generic<AC_RND_CONV,false>:r_zero#3.sva.1)                                                                                                                                      leading_sign_15_0_1_0_e5c871125d0d1a1d63eeac9b3df3e1831c53#10                                                                                                                            0.5756  0.4244                         
    matrix_multiply:core/reg(operator==<5,true>:return#13.sva.7)                                                                                                                                                        operator==<5,true>:return#13.sva.6                                                                                                                                                       0.8870  0.1130                         
    matrix_multiply:core/reg(return.extract#3:m_zero#2.sva.7)                                                                                                                                                           return.extract#3:m_zero#2.sva.6                                                                                                                                                          0.8870  0.1130                         
    matrix_multiply:core/reg(return.add_generic<AC_RND_CONV,false>:op_bigger:mux#9.itm.1)                                                                                                                               return.add_generic<AC_RND_CONV,false>:op2_mu:mux#4.itm                                                                                                                                   0.1682  0.8318                         
    matrix_multiply:core/reg(return.add_generic<AC_RND_CONV,false>:op_bigger:mux#10.itm.1)                                                                                                                              return.add_generic<AC_RND_CONV,false>:op2_mu:mux#5.itm                                                                                                                                   0.1682  0.8318                         
    matrix_multiply:core/reg(return.add_generic<AC_RND_CONV,false>:op_bigger:mux#11.itm.1)                                                                                                                              return.add_generic<AC_RND_CONV,false>:op_bigger:mux#12.itm                                                                                                                               0.0935  0.9065                         
    matrix_multiply:core/reg(return.add_generic<AC_RND_CONV,false>:op_bigger:mux#12.itm.1)                                                                                                                              return.add_generic<AC_RND_CONV,false>:op_bigger:mux#13.itm                                                                                                                               0.1682  0.8318                         
    matrix_multiply:core/reg(return.add_generic<AC_RND_CONV,false>:op_smaller:_qr(10)#2.lpi#2.dfm.1)                                                                                                                    return.add_generic<AC_RND_CONV,false>:op_bigger:mux#14.itm                                                                                                                               0.1682  0.8318                         
    matrix_multiply:core/reg(return.add_generic<AC_RND_CONV,false>:op_smaller:_qr(9)#2.lpi#2.dfm.1)                                                                                                                     return.add_generic<AC_RND_CONV,false>:op_bigger:mux#15.itm                                                                                                                               0.1682  0.8318                         
    matrix_multiply:core/reg(return.add_generic<AC_RND_CONV,false>:op_smaller:_qr(8:1)#2.lpi#2.dfm.1)                                                                                                                   return.add_generic<AC_RND_CONV,false>:op_bigger:mux#16.itm                                                                                                                               0.0935  0.9065                         
    matrix_multiply:core/reg(return.add_generic<AC_RND_CONV,false>:op_smaller:_qr(0)#2.lpi#2.dfm.1)                                                                                                                     return.add_generic<AC_RND_CONV,false>:op_bigger:mux#17.itm                                                                                                                               0.1682  0.8318                         
    matrix_multiply:core/reg(return.add_generic<AC_RND_CONV,false>:e_dif_sat#2.sva.1)                                                                                                                                   MUL-2:return.add_generic<AC_RND_CONV,false>:e_dif_sat:or.itm                                                                                                                             0.0028  0.9972                         
    matrix_multiply:core/reg(return.add_generic<AC_RND_CONV,false>:r_zero#2.sva.1)                                                                                                                                      leading_sign_15_0_1_0_e5c871125d0d1a1d63eeac9b3df3e1831c53#11                                                                                                                            0.5756  0.4244                         
    matrix_multiply:core/reg(return.add_generic<AC_RND_CONV,false>:op2_mu#1(10)#1.lpi#2.dfm.1)                                                                                                                          return.add_generic<AC_RND_CONV,false>:op2_mu#1(10)#1.lpi#2.dfm#1                                                                                                                         0.1102  0.8898                         
    matrix_multiply:core/reg(return.add_generic<AC_RND_CONV,false>:op1_smaller:lor#1.lpi#2.dfm#1.1)                                                                                                                     return.add_generic<AC_RND_CONV,false>:op1_smaller:lor#1.lpi#2.dfm#2                                                                                                                      0.0032  0.9968                         
    matrix_multiply:core/reg(return.add_generic<AC_RND_CONV,false>:op2_mu#1(9)#1.lpi#2.dfm.1)                                                                                                                           return.add_generic<AC_RND_CONV,false>:op2_mu#1(9)#1.lpi#2.dfm.1:mx0                                                                                                                      0.1284  0.8716                         
    matrix_multiply:core/reg(return.add_generic<AC_RND_CONV,false>:op_bigger:return.add_generic<AC_RND_CONV,false>:op_bigger:and#3.itm.1)                                                                               return.add_generic<AC_RND_CONV,false>:op_bigger:return.add_generic<AC_RND_CONV,false>:op_bigger:and#3.itm                                                                                0.1166  0.8834                         
    matrix_multiply:core/reg(return.add_generic<AC_RND_CONV,false>:op2_mu#1(0)#1.lpi#2.dfm.1)                                                                                                                           return.add_generic<AC_RND_CONV,false>:return.add_generic<AC_RND_CONV,false>:and.itm                                                                                                      0.4371  0.5629                         
    matrix_multiply:core/reg(return.add_generic<AC_RND_CONV,false>:op_smaller:_qr(8:1)#1.lpi#2.dfm.1)                                                                                                                   return.add_generic<AC_RND_CONV,false>:op_bigger:return.add_generic<AC_RND_CONV,false>:op_bigger:and#7.itm                                                                                0.0756  0.9244                         
    matrix_multiply:core/reg(return.add_generic<AC_RND_CONV,false>:e_dif_sat#1.sva.1)                                                                                                                                   MUL-1:return.add_generic<AC_RND_CONV,false>:e_dif_sat:or.itm                                                                                                                             0.7090  0.2910                         
    matrix_multiply:core/reg(return.mult_generic<AC_RND_CONV,false>:op2_zero#1.sva.1)                                                                                                                                   return.mult_generic<AC_RND_CONV,false>:op2_zero#1.sva#1                                                                                                                                  0.1263  0.8737                         
    matrix_multiply:core/reg(return.mult_generic<AC_RND_CONV,false>:op1_zero#1.sva.1)                                                                                                                                   return.mult_generic<AC_RND_CONV,false>:op1_zero#1.sva#1                                                                                                                                  0.1263  0.8737                         
    matrix_multiply:core/reg(return.add_generic<AC_RND_CONV,false>:do_sub.sva.st.4)                                                                                                                                     return.add_generic<AC_RND_CONV,false>:do_sub.sva.st.3                                                                                                                                    0.8870  0.1130                         
    matrix_multiply:core/reg(return.add_generic<AC_RND_CONV,false>:do_sub#3.sva.st.4)                                                                                                                                   return.add_generic<AC_RND_CONV,false>:do_sub#3.sva.st.3                                                                                                                                  0.8870  0.1130                         
    matrix_multiply:core/reg(return.add_generic<AC_RND_CONV,false>:do_sub#2.sva.st.4)                                                                                                                                   return.add_generic<AC_RND_CONV,false>:do_sub#2.sva.st.3                                                                                                                                  0.8870  0.1130                         
    matrix_multiply:core/reg(return.add_generic<AC_RND_CONV,false>:op2_sign#1.sva.st.2)                                                                                                                                 return.add_generic<AC_RND_CONV,false>:op2_sign#1.sva.st.1                                                                                                                                0.8870  0.1130                         
    matrix_multiply:core/reg(COL:j:slc(COL:j(4:0))(3-0)#1.itm.22)                                                                                                                                                       COL:j:slc(COL:j(4:0))(3-0)#1.itm.21                                                                                                                                                      0.8870  0.1130                         
    matrix_multiply:core/reg(ROW:i:slc(ROW:i(10:0))(9-0)#1.itm.22)                                                                                                                                                      ROW:i:slc(ROW:i(10:0))(9-0)#1.itm.21                                                                                                                                                     0.8870  0.1130                         
    matrix_multiply:core/reg(return.add_generic<AC_RND_CONV,false>:mux#76.itm.3)                                                                                                                                        return.add_generic<AC_RND_CONV,false>:mux#76.itm.2                                                                                                                                       0.8870  0.1130                         
    matrix_multiply:core/reg(return.add_generic<AC_RND_CONV,false>:r_zero#1.sva.1)                                                                                                                                      leading_sign_15_0_1_0_e5c871125d0d1a1d63eeac9b3df3e1831c53#8                                                                                                                             0.5756  0.4244                         
    matrix_multiply:core/reg(drf(_qr.lval)#1.smx(0).lpi#2.dfm.1)                                                                                                                                                        return.mult_generic<AC_RND_CONV,false>:exp:mux.itm                                                                                                                                       0.1682  0.8318                         
    matrix_multiply:core/reg(drf(_qr.lval)#1.smx(4:1).lpi#2.dfm.1)                                                                                                                                                      return.mult_generic<AC_RND_CONV,false>:exp:mux#1.itm                                                                                                                                     0.1198  0.8802                         
    matrix_multiply:core/reg(return.add_generic<AC_RND_CONV,false>:op2_nan.sva.2)                                                                                                                                       return.add_generic<AC_RND_CONV,false>:op2_nan.sva.1                                                                                                                                      0.8870  0.1130                         
    matrix_multiply:core/reg(return.add_generic<AC_RND_CONV,false>:op2_inf.sva.2)                                                                                                                                       return.add_generic<AC_RND_CONV,false>:op2_inf.sva.1                                                                                                                                      0.8870  0.1130                         
    matrix_multiply:core/reg(return.extract#2:m_zero.sva.2)                                                                                                                                                             return.extract#2:m_zero.sva.1                                                                                                                                                            0.8870  0.1130                         
    matrix_multiply:core/reg(operator==<5,true>:return#2.sva.2)                                                                                                                                                         operator==<5,true>:return#2.sva.1                                                                                                                                                        0.8870  0.1130                         
    matrix_multiply:core/reg(return.mult_generic<AC_RND_CONV,false>:exp#1(5:0).lpi#2.dfm#3.13(4:0))                                                                                                                     return.mult_generic<AC_RND_CONV,false>:exp#1(5:0).lpi#2.dfm#3.12(4:0)                                                                                                                    0.8870  0.1130                         
    matrix_multiply:core/reg(drf(_qr.lval)#1.smx#3(0).lpi#2.dfm.1)                                                                                                                                                      return.mult_generic<AC_RND_CONV,false>:exp:mux#2.itm                                                                                                                                     0.1682  0.8318                         
    matrix_multiply:core/reg(drf(_qr.lval)#1.smx#3(4:1).lpi#2.dfm.1)                                                                                                                                                    return.mult_generic<AC_RND_CONV,false>:exp:mux#3.itm                                                                                                                                     0.1198  0.8802                         
    matrix_multiply:core/reg(return.add_generic<AC_RND_CONV,false>:op2_nan#3.sva.1)                                                                                                                                     MUL-3:return.extract#3:and#2.itm                                                                                                                                                         0.7715  0.2285                         
    matrix_multiply:core/reg(return.add_generic<AC_RND_CONV,false>:op2_inf#3.sva.1)                                                                                                                                     MUL-3:return.extract#3:and#1.itm                                                                                                                                                         0.8125  0.1875                         
    matrix_multiply:core/reg(return.extract#2:m_zero#2.sva.2)                                                                                                                                                           return.extract#2:m_zero#2.sva.1                                                                                                                                                          0.8870  0.1130                         
    matrix_multiply:core/reg(operator==<5,true>:return#11.sva.2)                                                                                                                                                        operator==<5,true>:return#11.sva.1                                                                                                                                                       0.8870  0.1130                         
    matrix_multiply:core/reg(return.mult_generic<AC_RND_CONV,false>:exp#1(5:0)#3.lpi#2.dfm#3.8(4:0))                                                                                                                    return.mult_generic<AC_RND_CONV,false>:exp#1(5:0)#3.lpi#2.dfm#3.7(4:0)                                                                                                                   0.8870  0.1130                         
    matrix_multiply:core/reg(drf(_qr.lval)#1.smx#2(0).lpi#2.dfm.1)                                                                                                                                                      return.mult_generic<AC_RND_CONV,false>:exp:mux#4.itm                                                                                                                                     0.1682  0.8318                         
    matrix_multiply:core/reg(drf(_qr.lval)#1.smx#2(4:1).lpi#2.dfm.1)                                                                                                                                                    return.mult_generic<AC_RND_CONV,false>:exp:mux#5.itm                                                                                                                                     0.1198  0.8802                         
    matrix_multiply:core/reg(return.extract#2:m_zero#1.sva.2)                                                                                                                                                           return.extract#2:m_zero#1.sva.1                                                                                                                                                          0.8870  0.1130                         
    matrix_multiply:core/reg(operator==<5,true>:return#10.sva.2)                                                                                                                                                        operator==<5,true>:return#10.sva.1                                                                                                                                                       0.8870  0.1130                         
    matrix_multiply:core/reg(return.mult_generic<AC_RND_CONV,false>:exp#1(5:0)#2.lpi#2.dfm#3.3(4:0))                                                                                                                    return.mult_generic<AC_RND_CONV,false>:exp#1(5:0)#2.lpi#2.dfm#3.2(4:0)                                                                                                                   0.8870  0.1130                         
    matrix_multiply:core/reg(drf(_qr.lval)#1.smx#1.lpi#2.dfm.1)                                                                                                                                                         return.mult_generic<AC_RND_CONV,false>:exp#1(5:0)#1.lpi#2.dfm#3(4:0)#1                                                                                                                   0.1348  0.8652                         
    matrix_multiply:core/reg(return.extract#3:m_zero#1.sva.2)                                                                                                                                                           return.extract#3:m_zero#1.sva.1                                                                                                                                                          0.8870  0.1130                         
    matrix_multiply:core/reg(operator==<5,true>:return#12.sva.2)                                                                                                                                                        operator==<5,true>:return#12.sva.1                                                                                                                                                       0.8870  0.1130                         
    matrix_multiply:core/reg(return.add_generic<AC_RND_CONV,false>:m_r(9)#3.lpi#2.dfm.1)                                                                                                                                return.add_generic<AC_RND_CONV,false>:r_nan:mux.itm                                                                                                                                     -0.2469  1.2469 (clock period exceeded) 
    matrix_multiply:core/reg(return.add_generic<AC_RND_CONV,false>:op2_mu#1(9).lpi#2.dfm.15)                                                                                                                            return.add_generic<AC_RND_CONV,false>:op2_mu#1(9).lpi#2.dfm.14                                                                                                                           0.8870  0.1130                         
    matrix_multiply:core/reg(return.add_generic<AC_RND_CONV,false>:op2_mu#1(10).lpi#2.dfm.15)                                                                                                                           return.add_generic<AC_RND_CONV,false>:op2_mu#1(10).lpi#2.dfm.14                                                                                                                          0.8870  0.1130                         
    matrix_multiply:core/reg(return.mult_generic<AC_RND_CONV,false>:m_r(9).lpi#2.dfm.15)                                                                                                                                return.mult_generic<AC_RND_CONV,false>:m_r(9).lpi#2.dfm.14                                                                                                                               0.8870  0.1130                         
    matrix_multiply:core/reg(return.mult_generic<AC_RND_CONV,false>:m_r(8:0).lpi#2.dfm.15)                                                                                                                              return.mult_generic<AC_RND_CONV,false>:m_r(8:0).lpi#2.dfm.14                                                                                                                             0.8870  0.1130                         
    matrix_multiply:core/reg(return.add_generic<AC_RND_CONV,false>:unequal.tmp#6.15)                                                                                                                                    return.add_generic<AC_RND_CONV,false>:unequal.tmp#6.14                                                                                                                                   0.8870  0.1130                         
    matrix_multiply:core/reg(MUL-3:return.add_generic<AC_RND_CONV,false>:slc(return.add_generic<AC_RND_CONV,false>:res_rounded)(9-0)#1.itm.1)                                                                           return.add_generic<AC_RND_CONV,false>:res_rounded:slc(return.add_generic<AC_RND_CONV,false>:res_rounded#3.sva#1)(8-0).itm                                                                0.1669  0.8331                         
    matrix_multiply:core/reg(MUL-3:return.add_generic<AC_RND_CONV,false>:or#1.svs.1)                                                                                                                                    MUL-3:return.add_generic<AC_RND_CONV,false>:or#1.itm                                                                                                                                    -0.0930  1.0930 (clock period exceeded) 
    matrix_multiply:core/reg(operator==<5,true>:return#14.sva.11)                                                                                                                                                       operator==<5,true>:return#14.sva.10                                                                                                                                                      0.8870  0.1130                         
    matrix_multiply:core/reg(return.extract#3:m_zero#3.sva.11)                                                                                                                                                          return.extract#3:m_zero#3.sva.10                                                                                                                                                         0.8870  0.1130                         
    matrix_multiply:core/reg(return.add_generic<AC_RND_CONV,false>:m_r(9)#2.lpi#2.dfm.1)                                                                                                                                return.add_generic<AC_RND_CONV,false>:r_nan:mux#1.itm                                                                                                                                   -0.2469  1.2469 (clock period exceeded) 
    matrix_multiply:core/reg(return.add_generic<AC_RND_CONV,false>:op2_mu#1(9)#3.lpi#2.dfm.10)                                                                                                                          return.add_generic<AC_RND_CONV,false>:op2_mu#1(9)#3.lpi#2.dfm.9                                                                                                                          0.8870  0.1130                         
    matrix_multiply:core/reg(return.add_generic<AC_RND_CONV,false>:op2_mu#1(10)#3.lpi#2.dfm.10)                                                                                                                         return.add_generic<AC_RND_CONV,false>:op2_mu#1(10)#3.lpi#2.dfm.9                                                                                                                         0.8870  0.1130                         
    matrix_multiply:core/reg(return.mult_generic<AC_RND_CONV,false>:m_r(9)#3.lpi#2.dfm.10)                                                                                                                              return.mult_generic<AC_RND_CONV,false>:m_r(9)#3.lpi#2.dfm.9                                                                                                                              0.8870  0.1130                         
    matrix_multiply:core/reg(return.mult_generic<AC_RND_CONV,false>:m_r(8:0)#3.lpi#2.dfm.10)                                                                                                                            return.mult_generic<AC_RND_CONV,false>:m_r(8:0)#3.lpi#2.dfm.9                                                                                                                            0.8870  0.1130                         
    matrix_multiply:core/reg(return.add_generic<AC_RND_CONV,false>:unequal.tmp#4.10)                                                                                                                                    return.add_generic<AC_RND_CONV,false>:unequal.tmp#4.9                                                                                                                                    0.8870  0.1130                         
    matrix_multiply:core/reg(MUL-2:return.add_generic<AC_RND_CONV,false>:slc(return.add_generic<AC_RND_CONV,false>:res_rounded)(9-0)#1.itm.1)                                                                           return.add_generic<AC_RND_CONV,false>:res_rounded:slc(return.add_generic<AC_RND_CONV,false>:res_rounded#2.sva#1)(8-0).itm                                                                0.1669  0.8331                         
    matrix_multiply:core/reg(MUL-2:return.add_generic<AC_RND_CONV,false>:or#1.svs.1)                                                                                                                                    MUL-2:return.add_generic<AC_RND_CONV,false>:or#1.itm                                                                                                                                    -0.0930  1.0930 (clock period exceeded) 
    matrix_multiply:core/reg(return.add_generic<AC_RND_CONV,false>:m_r(9)#1.lpi#2.dfm.1)                                                                                                                                return.add_generic<AC_RND_CONV,false>:mux#93.itm                                                                                                                                        -0.1940  1.1940 (clock period exceeded) 
    matrix_multiply:core/reg(return.add_generic<AC_RND_CONV,false>:op2_mu#1(9)#2.lpi#2.dfm.5)                                                                                                                           return.add_generic<AC_RND_CONV,false>:op2_mu#1(9)#2.lpi#2.dfm.4                                                                                                                          0.8870  0.1130                         
    matrix_multiply:core/reg(return.add_generic<AC_RND_CONV,false>:op2_mu#1(10)#2.lpi#2.dfm.5)                                                                                                                          return.add_generic<AC_RND_CONV,false>:op2_mu#1(10)#2.lpi#2.dfm.4                                                                                                                         0.8870  0.1130                         
    matrix_multiply:core/reg(return.mult_generic<AC_RND_CONV,false>:m_r(9)#2.lpi#2.dfm.5)                                                                                                                               return.mult_generic<AC_RND_CONV,false>:m_r(9)#2.lpi#2.dfm.4                                                                                                                              0.8870  0.1130                         
    matrix_multiply:core/reg(return.mult_generic<AC_RND_CONV,false>:m_r(8:0)#2.lpi#2.dfm.5)                                                                                                                             return.mult_generic<AC_RND_CONV,false>:m_r(8:0)#2.lpi#2.dfm.4                                                                                                                            0.8870  0.1130                         
    matrix_multiply:core/reg(return.add_generic<AC_RND_CONV,false>:unequal.tmp#2.5)                                                                                                                                     return.add_generic<AC_RND_CONV,false>:unequal.tmp#2.4                                                                                                                                    0.8870  0.1130                         
    matrix_multiply:core/reg(MUL-1:return.add_generic<AC_RND_CONV,false>:slc(return.add_generic<AC_RND_CONV,false>:res_rounded)(9-0)#1.itm.1)                                                                           return.add_generic<AC_RND_CONV,false>:res_rounded:slc(return.add_generic<AC_RND_CONV,false>:res_rounded#1.sva#1)(8-0).itm                                                                0.2496  0.7504                         
    matrix_multiply:core/reg(MUL-1:return.add_generic<AC_RND_CONV,false>:or#1.svs.1)                                                                                                                                    MUL-1:return.add_generic<AC_RND_CONV,false>:or#1.itm                                                                                                                                    -0.0023  1.0023 (clock period exceeded) 
    matrix_multiply:core/reg(return.mult_generic<AC_RND_CONV,false>:lor#14.lpi#2.dfm.1)                                                                                                                                 return.mult_generic<AC_RND_CONV,false>:if#3:return.mult_generic<AC_RND_CONV,false>:if#3:or#1.itm                                                                                        -0.1178  1.1178 (clock period exceeded) 
    matrix_multiply:core/reg(return.mult_generic<AC_RND_CONV,false>:r_nan#1.sva.3)                                                                                                                                      return.mult_generic<AC_RND_CONV,false>:r_nan#1.sva.2                                                                                                                                     0.7088  0.2912                         
    matrix_multiply:core/reg(return.mult_generic<AC_RND_CONV,false>:res_bef_rnd#3(11:1)#1.lpi#2.dfm.1)                                                                                                                  return.mult_generic<AC_RND_CONV,false>:res_bef_rnd#3(11:1)#1.lpi#2.dfm#1                                                                                                                 0.1640  0.8360                         
    matrix_multiply:core/reg(MUL-1:return.mult_generic<AC_RND_CONV,false>:or.itm.1)                                                                                                                                     MUL-1:return.mult_generic<AC_RND_CONV,false>:or.itm                                                                                                                                      0.1640  0.8360                         
    matrix_multiply:core/reg(return.add_generic<AC_RND_CONV,false>:do_sub.sva.st.3)                                                                                                                                     return.add_generic<AC_RND_CONV,false>:do_sub.sva.st.2                                                                                                                                    0.8870  0.1130                         
    matrix_multiply:core/reg(return.add_generic<AC_RND_CONV,false>:do_sub#3.sva.st.3)                                                                                                                                   return.add_generic<AC_RND_CONV,false>:do_sub#3.sva.st.2                                                                                                                                  0.8870  0.1130                         
    matrix_multiply:core/reg(return.add_generic<AC_RND_CONV,false>:do_sub#2.sva.st.3)                                                                                                                                   return.add_generic<AC_RND_CONV,false>:do_sub#2.sva.st.2                                                                                                                                  0.8870  0.1130                         
    matrix_multiply:core/reg(return.add_generic<AC_RND_CONV,false>:op2_sign#1.sva.st.1)                                                                                                                                 MUL-1:return.mult_generic<AC_RND_CONV,false>:r_sign:return.mult_generic<AC_RND_CONV,false>:r_sign:xor.itm                                                                                0.3540  0.6460                         
    matrix_multiply:core/reg(COL:j:slc(COL:j(4:0))(3-0)#1.itm.21)                                                                                                                                                       COL:j:slc(COL:j(4:0))(3-0)#1.itm.20                                                                                                                                                      0.8870  0.1130                         
    matrix_multiply:core/reg(ROW:i:slc(ROW:i(10:0))(9-0)#1.itm.21)                                                                                                                                                      ROW:i:slc(ROW:i(10:0))(9-0)#1.itm.20                                                                                                                                                     0.8870  0.1130                         
    matrix_multiply:core/reg(return.add_generic<AC_RND_CONV,false>:mux#76.itm.2)                                                                                                                                        return.add_generic<AC_RND_CONV,false>:mux#76.itm.1                                                                                                                                       0.8870  0.1130                         
    matrix_multiply:core/reg(return.add_generic<AC_RND_CONV,false>:do_sub.sva.7)                                                                                                                                        return.add_generic<AC_RND_CONV,false>:do_sub.sva.st.6                                                                                                                                    0.3532  0.6468                         
    matrix_multiply:core/reg(return.add_generic<AC_RND_CONV,false>:op2_nan.sva.1)                                                                                                                                       MUL-4:return.extract#3:and#2.itm                                                                                                                                                         0.7715  0.2285                         
    matrix_multiply:core/reg(return.add_generic<AC_RND_CONV,false>:op2_inf.sva.1)                                                                                                                                       MUL-4:return.extract#3:and#1.itm                                                                                                                                                         0.8125  0.1875                         
    matrix_multiply:core/reg(return.extract#2:m_zero.sva.1)                                                                                                                                                             MUL-4:return.extract#2:m_zero:return.extract#2:m_zero:nor.itm                                                                                                                            0.6451  0.3549                         
    matrix_multiply:core/reg(operator==<5,true>:return#2.sva.1)                                                                                                                                                         MUL-4:operator==<5,true>#2:operator==<5,true>#2:and.itm                                                                                                                                  0.6133  0.3867                         
    matrix_multiply:core/reg(return.mult_generic<AC_RND_CONV,false>:exp#1(5:0).lpi#2.dfm#3.12(4:0))                                                                                                                     return.mult_generic<AC_RND_CONV,false>:exp#1(5:0).lpi#2.dfm#3.11(4:0)                                                                                                                    0.8870  0.1130                         
    matrix_multiply:core/reg(return.extract#2:m_zero#2.sva.1)                                                                                                                                                           MUL-3:return.extract#2:m_zero:return.extract#2:m_zero:nor.itm                                                                                                                            0.6521  0.3479                         
    matrix_multiply:core/reg(operator==<5,true>:return#11.sva.1)                                                                                                                                                        MUL-3:operator==<5,true>#2:operator==<5,true>#2:and.itm                                                                                                                                  0.6133  0.3867                         
    matrix_multiply:core/reg(return.mult_generic<AC_RND_CONV,false>:exp#1(5:0)#3.lpi#2.dfm#3.7(4:0))                                                                                                                    return.mult_generic<AC_RND_CONV,false>:exp#1(5:0)#3.lpi#2.dfm#3.6(4:0)                                                                                                                   0.8870  0.1130                         
    matrix_multiply:core/reg(return.extract#3:m_zero#2.sva.6)                                                                                                                                                           return.extract#3:m_zero#2.sva.5                                                                                                                                                          0.8870  0.1130                         
    matrix_multiply:core/reg(operator==<5,true>:return#13.sva.6)                                                                                                                                                        operator==<5,true>:return#13.sva.5                                                                                                                                                       0.8870  0.1130                         
    matrix_multiply:core/reg(return.extract#2:m_zero#1.sva.1)                                                                                                                                                           MUL-2:return.extract#2:m_zero:return.extract#2:m_zero:nor.itm                                                                                                                            0.6521  0.3479                         
    matrix_multiply:core/reg(operator==<5,true>:return#10.sva.1)                                                                                                                                                        MUL-2:operator==<5,true>#2:operator==<5,true>#2:and.itm                                                                                                                                  0.6133  0.3867                         
    matrix_multiply:core/reg(return.mult_generic<AC_RND_CONV,false>:exp#1(5:0)#2.lpi#2.dfm#3.2(4:0))                                                                                                                    return.mult_generic<AC_RND_CONV,false>:exp#1(5:0)#2.lpi#2.dfm#3.1(4:0)                                                                                                                   0.8870  0.1130                         
    matrix_multiply:core/reg(return.extract#3:m_zero#1.sva.1)                                                                                                                                                           MUL-1:return.extract#3:m_zero:return.extract#3:m_zero:nor.itm                                                                                                                            0.3851  0.6149                         
    matrix_multiply:core/reg(operator==<5,true>:return#12.sva.1)                                                                                                                                                        MUL-1:operator==<5,true>#3:operator==<5,true>#3:and.itm                                                                                                                                  0.7094  0.2906                         
    matrix_multiply:core/reg(operator==<5,true>:return#3.sva.15)                                                                                                                                                        operator==<5,true>:return#3.sva.14                                                                                                                                                       0.8870  0.1130                         
    matrix_multiply:core/reg(return.extract#3:m_zero.sva.15)                                                                                                                                                            return.extract#3:m_zero.sva.14                                                                                                                                                           0.8870  0.1130                         
    matrix_multiply:core/reg(return.add_generic<AC_RND_CONV,false>:do_sub#3.sva.9)                                                                                                                                      return.add_generic<AC_RND_CONV,false>:do_sub#3.sva.8                                                                                                                                     0.8870  0.1130                         
    matrix_multiply:core/reg(return.add_generic<AC_RND_CONV,false>:do_sub#2.sva.9)                                                                                                                                      return.add_generic<AC_RND_CONV,false>:do_sub#2.sva.8                                                                                                                                     0.8870  0.1130                         
    matrix_multiply:core/reg(return.mult_generic<AC_RND_CONV,false>:do_shift_left_1#1)                                                                                                                                  MUL-1:return.mult_generic<AC_RND_CONV,false>:if:acc#1.itm(6)                                                                                                                            -0.0461  1.0461 (clock period exceeded) 
    matrix_multiply:core/reg(MUL-1:return.mult_generic<AC_RND_CONV,false>:else#1:sticky_bit:return.mult_generic<AC_RND_CONV,false>:else#1:sticky_bit:return.mult_generic<AC_RND_CONV,false>:else#1:sticky_bit:or.itm.1) MUL-1:return.mult_generic<AC_RND_CONV,false>:else#1:sticky_bit:return.mult_generic<AC_RND_CONV,false>:else#1:sticky_bit:return.mult_generic<AC_RND_CONV,false>:else#1:sticky_bit:or.itm -0.1084  1.1084 (clock period exceeded) 
    matrix_multiply:core/reg(return.add_generic<AC_RND_CONV,false>:do_sub.sva.st.2)                                                                                                                                     return.add_generic<AC_RND_CONV,false>:do_sub.sva.st.1                                                                                                                                    0.8870  0.1130                         
    matrix_multiply:core/reg(return.add_generic<AC_RND_CONV,false>:do_sub#3.sva.st.2)                                                                                                                                   return.add_generic<AC_RND_CONV,false>:do_sub#3.sva.st.1                                                                                                                                  0.8870  0.1130                         
    matrix_multiply:core/reg(return.add_generic<AC_RND_CONV,false>:do_sub#2.sva.st.2)                                                                                                                                   return.add_generic<AC_RND_CONV,false>:do_sub#2.sva.st.1                                                                                                                                  0.8870  0.1130                         
    matrix_multiply:core/reg(COL:j:slc(COL:j(4:0))(3-0)#1.itm.20)                                                                                                                                                       COL:j:slc(COL:j(4:0))(3-0)#1.itm.19                                                                                                                                                      0.8870  0.1130                         
    matrix_multiply:core/reg(ROW:i:slc(ROW:i(10:0))(9-0)#1.itm.20)                                                                                                                                                      ROW:i:slc(ROW:i(10:0))(9-0)#1.itm.19                                                                                                                                                     0.8870  0.1130                         
    matrix_multiply:core/reg(return.add_generic<AC_RND_CONV,false>:mux#76.itm.1)                                                                                                                                        return.add_generic<AC_RND_CONV,false>:if#2:mux.itm                                                                                                                                       0.0717  0.9283                         
    matrix_multiply:core/reg(return.add_generic<AC_RND_CONV,false>:op2_mu#1(9).lpi#2.dfm.14)                                                                                                                            return.add_generic<AC_RND_CONV,false>:op2_mu#1(9).lpi#2.dfm.13                                                                                                                           0.8870  0.1130                         
    matrix_multiply:core/reg(return.add_generic<AC_RND_CONV,false>:op2_mu#1(10).lpi#2.dfm.14)                                                                                                                           return.add_generic<AC_RND_CONV,false>:op2_mu#1(10).lpi#2.dfm.13                                                                                                                          0.8870  0.1130                         
    matrix_multiply:core/reg(return.add_generic<AC_RND_CONV,false>:unequal.tmp#6.14)                                                                                                                                    return.add_generic<AC_RND_CONV,false>:unequal.tmp#6.13                                                                                                                                   0.8870  0.1130                         
    matrix_multiply:core/reg(return.mult_generic<AC_RND_CONV,false>:m_r(8:0).lpi#2.dfm.14)                                                                                                                              return.mult_generic<AC_RND_CONV,false>:m_r(8:0).lpi#2.dfm.13                                                                                                                             0.8870  0.1130                         
    matrix_multiply:core/reg(return.mult_generic<AC_RND_CONV,false>:m_r(9).lpi#2.dfm.14)                                                                                                                                return.mult_generic<AC_RND_CONV,false>:m_r(9).lpi#2.dfm.13                                                                                                                               0.8870  0.1130                         
    matrix_multiply:core/reg(return.mult_generic<AC_RND_CONV,false>:exp#1(5:0).lpi#2.dfm#3.11(4:0))                                                                                                                     return.mult_generic<AC_RND_CONV,false>:exp#1(5:0).lpi#2.dfm#3.10(4:0)                                                                                                                    0.8870  0.1130                         
    matrix_multiply:core/reg(return.add_generic<AC_RND_CONV,false>:op2_mu#1(9)#3.lpi#2.dfm.9)                                                                                                                           return.add_generic<AC_RND_CONV,false>:op2_mu#1(9)#3.lpi#2.dfm.8                                                                                                                          0.8870  0.1130                         
    matrix_multiply:core/reg(return.add_generic<AC_RND_CONV,false>:op2_mu#1(10)#3.lpi#2.dfm.9)                                                                                                                          return.add_generic<AC_RND_CONV,false>:op2_mu#1(10)#3.lpi#2.dfm.8                                                                                                                         0.8870  0.1130                         
    matrix_multiply:core/reg(return.add_generic<AC_RND_CONV,false>:unequal.tmp#4.9)                                                                                                                                     return.add_generic<AC_RND_CONV,false>:unequal.tmp#4.8                                                                                                                                    0.8870  0.1130                         
    matrix_multiply:core/reg(return.extract#3:m_zero#3.sva.10)                                                                                                                                                          return.extract#3:m_zero#3.sva.9                                                                                                                                                          0.8870  0.1130                         
    matrix_multiply:core/reg(operator==<5,true>:return#14.sva.10)                                                                                                                                                       operator==<5,true>:return#14.sva.9                                                                                                                                                       0.8870  0.1130                         
    matrix_multiply:core/reg(return.mult_generic<AC_RND_CONV,false>:m_r(8:0)#3.lpi#2.dfm.9)                                                                                                                             return.mult_generic<AC_RND_CONV,false>:m_r(8:0)#3.lpi#2.dfm.8                                                                                                                            0.8870  0.1130                         
    matrix_multiply:core/reg(return.mult_generic<AC_RND_CONV,false>:m_r(9)#3.lpi#2.dfm.9)                                                                                                                               return.mult_generic<AC_RND_CONV,false>:m_r(9)#3.lpi#2.dfm.8                                                                                                                              0.8870  0.1130                         
    matrix_multiply:core/reg(return.mult_generic<AC_RND_CONV,false>:exp#1(5:0)#3.lpi#2.dfm#3.6(4:0))                                                                                                                    return.mult_generic<AC_RND_CONV,false>:exp#1(5:0)#3.lpi#2.dfm#3.5(4:0)                                                                                                                   0.8870  0.1130                         
    matrix_multiply:core/reg(return.add_generic<AC_RND_CONV,false>:op2_mu#1(9)#2.lpi#2.dfm.4)                                                                                                                           return.add_generic<AC_RND_CONV,false>:op2_mu#1(9)#2.lpi#2.dfm.3                                                                                                                          0.8870  0.1130                         
    matrix_multiply:core/reg(return.add_generic<AC_RND_CONV,false>:op2_mu#1(10)#2.lpi#2.dfm.4)                                                                                                                          return.add_generic<AC_RND_CONV,false>:op2_mu#1(10)#2.lpi#2.dfm.3                                                                                                                         0.8870  0.1130                         
    matrix_multiply:core/reg(return.add_generic<AC_RND_CONV,false>:unequal.tmp#2.4)                                                                                                                                     return.add_generic<AC_RND_CONV,false>:unequal.tmp#2.3                                                                                                                                    0.8870  0.1130                         
    matrix_multiply:core/reg(return.extract#3:m_zero#2.sva.5)                                                                                                                                                           return.extract#3:m_zero#2.sva.4                                                                                                                                                          0.8870  0.1130                         
    matrix_multiply:core/reg(operator==<5,true>:return#13.sva.5)                                                                                                                                                        operator==<5,true>:return#13.sva.4                                                                                                                                                       0.8870  0.1130                         
    matrix_multiply:core/reg(return.mult_generic<AC_RND_CONV,false>:m_r(8:0)#2.lpi#2.dfm.4)                                                                                                                             return.mult_generic<AC_RND_CONV,false>:m_r(8:0)#2.lpi#2.dfm.3                                                                                                                            0.8870  0.1130                         
    matrix_multiply:core/reg(return.mult_generic<AC_RND_CONV,false>:m_r(9)#2.lpi#2.dfm.4)                                                                                                                               return.mult_generic<AC_RND_CONV,false>:m_r(9)#2.lpi#2.dfm.3                                                                                                                              0.8870  0.1130                         
    matrix_multiply:core/reg(return.mult_generic<AC_RND_CONV,false>:exp#1(5:0)#2.lpi#2.dfm#3.1(4:0))                                                                                                                    return.mult_generic<AC_RND_CONV,false>:exp#1(5:0)#2.lpi#2.dfm#3(4:0)#1                                                                                                                   0.6061  0.3939                         
    matrix_multiply:core/reg(return.add_generic<AC_RND_CONV,false>:r_sign#3.lpi#2.dfm#1.5)                                                                                                                              return.add_generic<AC_RND_CONV,false>:r_sign#3.lpi#2.dfm#1.4                                                                                                                             0.8870  0.1130                         
    matrix_multiply:core/reg(return.add_generic<AC_RND_CONV,false>:op2_sign.sva.16)                                                                                                                                     return.add_generic<AC_RND_CONV,false>:op2_sign.sva.15                                                                                                                                    0.8870  0.1130                         
    matrix_multiply:core/reg(return.add_generic<AC_RND_CONV,false>:do_sub#3.sva.8)                                                                                                                                      return.add_generic<AC_RND_CONV,false>:do_sub#3.sva.7                                                                                                                                     0.8870  0.1130                         
    matrix_multiply:core/reg(return.add_generic<AC_RND_CONV,false>:do_sub#2.sva.8)                                                                                                                                      return.add_generic<AC_RND_CONV,false>:do_sub#2.sva.7                                                                                                                                     0.8870  0.1130                         
    matrix_multiply:core/reg(return.mult_generic<AC_RND_CONV,false>:exp#1(5:0)#2.lpi#2.dfm#2.1(4:0))                                                                                                                    return.mult_generic<AC_RND_CONV,false>:else#2:else:return.mult_generic<AC_RND_CONV,false>:else#2:else:and#1.itm                                                                         -0.0499  1.0499 (clock period exceeded) 
    matrix_multiply:core/reg(return.mult_generic<AC_RND_CONV,false>:lor#9.lpi#2.dfm.1)                                                                                                                                  return.mult_generic<AC_RND_CONV,false>:if#2:return.mult_generic<AC_RND_CONV,false>:if#2:or#1.itm                                                                                        -0.1138  1.1138 (clock period exceeded) 
    matrix_multiply:core/reg(return.add_generic<AC_RND_CONV,false>:do_sub.sva.st.1)                                                                                                                                     MUL-4:return.add_generic<AC_RND_CONV,false>:do_sub:return.add_generic<AC_RND_CONV,false>:do_sub:xor.itm                                                                                  0.0004  0.9996                         
    matrix_multiply:core/reg(return.add_generic<AC_RND_CONV,false>:do_sub#3.sva.st.1)                                                                                                                                   MUL-3:return.add_generic<AC_RND_CONV,false>:do_sub:return.add_generic<AC_RND_CONV,false>:do_sub:xor.itm                                                                                  0.0004  0.9996                         
    matrix_multiply:core/reg(return.add_generic<AC_RND_CONV,false>:do_sub#2.sva.st.1)                                                                                                                                   MUL-2:return.add_generic<AC_RND_CONV,false>:do_sub:return.add_generic<AC_RND_CONV,false>:do_sub:xor.itm                                                                                  0.0032  0.9968                         
    matrix_multiply:core/reg(COL:j:slc(COL:j(4:0))(3-0)#1.itm.19)                                                                                                                                                       COL:j:slc(COL:j(4:0))(3-0)#1.itm.18                                                                                                                                                      0.8870  0.1130                         
    matrix_multiply:core/reg(ROW:i:slc(ROW:i(10:0))(9-0)#1.itm.19)                                                                                                                                                      ROW:i:slc(ROW:i(10:0))(9-0)#1.itm.18                                                                                                                                                     0.8870  0.1130                         
    matrix_multiply:core/reg(return.add_generic<AC_RND_CONV,false>:op2_mu#1(9).lpi#2.dfm.13)                                                                                                                            return.add_generic<AC_RND_CONV,false>:op2_mu#1(9).lpi#2.dfm.12                                                                                                                           0.8870  0.1130                         
    matrix_multiply:core/reg(return.add_generic<AC_RND_CONV,false>:op2_mu#1(10).lpi#2.dfm.13)                                                                                                                           return.add_generic<AC_RND_CONV,false>:op2_mu#1(10).lpi#2.dfm.12                                                                                                                          0.8870  0.1130                         
    matrix_multiply:core/reg(return.add_generic<AC_RND_CONV,false>:unequal.tmp#6.13)                                                                                                                                    return.add_generic<AC_RND_CONV,false>:unequal.tmp#6.12                                                                                                                                   0.8870  0.1130                         
    matrix_multiply:core/reg(return.extract#3:m_zero.sva.14)                                                                                                                                                            return.extract#3:m_zero.sva.13                                                                                                                                                           0.8870  0.1130                         
    matrix_multiply:core/reg(operator==<5,true>:return#3.sva.14)                                                                                                                                                        operator==<5,true>:return#3.sva.13                                                                                                                                                       0.8870  0.1130                         
    matrix_multiply:core/reg(return.mult_generic<AC_RND_CONV,false>:m_r(8:0).lpi#2.dfm.13)                                                                                                                              return.mult_generic<AC_RND_CONV,false>:m_r(8:0).lpi#2.dfm.12                                                                                                                             0.8870  0.1130                         
    matrix_multiply:core/reg(return.mult_generic<AC_RND_CONV,false>:m_r(9).lpi#2.dfm.13)                                                                                                                                return.mult_generic<AC_RND_CONV,false>:m_r(9).lpi#2.dfm.12                                                                                                                               0.8870  0.1130                         
    matrix_multiply:core/reg(return.mult_generic<AC_RND_CONV,false>:exp#1(5:0).lpi#2.dfm#3.10(4:0))                                                                                                                     return.mult_generic<AC_RND_CONV,false>:exp#1(5:0).lpi#2.dfm#3.9(4:0)                                                                                                                     0.8870  0.1130                         
    matrix_multiply:core/reg(return.add_generic<AC_RND_CONV,false>:op2_mu#1(9)#3.lpi#2.dfm.8)                                                                                                                           return.add_generic<AC_RND_CONV,false>:op2_mu#1(9)#3.lpi#2.dfm.7                                                                                                                          0.8870  0.1130                         
    matrix_multiply:core/reg(return.add_generic<AC_RND_CONV,false>:op2_mu#1(10)#3.lpi#2.dfm.8)                                                                                                                          return.add_generic<AC_RND_CONV,false>:op2_mu#1(10)#3.lpi#2.dfm.7                                                                                                                         0.8870  0.1130                         
    matrix_multiply:core/reg(return.add_generic<AC_RND_CONV,false>:unequal.tmp#4.8)                                                                                                                                     return.add_generic<AC_RND_CONV,false>:unequal.tmp#4.7                                                                                                                                    0.8870  0.1130                         
    matrix_multiply:core/reg(return.extract#3:m_zero#3.sva.9)                                                                                                                                                           return.extract#3:m_zero#3.sva.8                                                                                                                                                          0.8870  0.1130                         
    matrix_multiply:core/reg(operator==<5,true>:return#14.sva.9)                                                                                                                                                        operator==<5,true>:return#14.sva.8                                                                                                                                                       0.8870  0.1130                         
    matrix_multiply:core/reg(return.mult_generic<AC_RND_CONV,false>:m_r(8:0)#3.lpi#2.dfm.8)                                                                                                                             return.mult_generic<AC_RND_CONV,false>:m_r(8:0)#3.lpi#2.dfm.7                                                                                                                            0.8870  0.1130                         
    matrix_multiply:core/reg(return.mult_generic<AC_RND_CONV,false>:m_r(9)#3.lpi#2.dfm.8)                                                                                                                               return.mult_generic<AC_RND_CONV,false>:m_r(9)#3.lpi#2.dfm.7                                                                                                                              0.8870  0.1130                         
    matrix_multiply:core/reg(return.mult_generic<AC_RND_CONV,false>:exp#1(5:0)#3.lpi#2.dfm#3.5(4:0))                                                                                                                    return.mult_generic<AC_RND_CONV,false>:exp#1(5:0)#3.lpi#2.dfm#3.4(4:0)                                                                                                                   0.8870  0.1130                         
    matrix_multiply:core/reg(return.add_generic<AC_RND_CONV,false>:op2_mu#1(9)#2.lpi#2.dfm.3)                                                                                                                           return.add_generic<AC_RND_CONV,false>:op2_mu#1(9)#2.lpi#2.dfm.2                                                                                                                          0.8870  0.1130                         
    matrix_multiply:core/reg(return.add_generic<AC_RND_CONV,false>:op2_mu#1(10)#2.lpi#2.dfm.3)                                                                                                                          return.add_generic<AC_RND_CONV,false>:op2_mu#1(10)#2.lpi#2.dfm.2                                                                                                                         0.8870  0.1130                         
    matrix_multiply:core/reg(return.add_generic<AC_RND_CONV,false>:unequal.tmp#2.3)                                                                                                                                     return.add_generic<AC_RND_CONV,false>:unequal.tmp#2.2                                                                                                                                    0.8870  0.1130                         
    matrix_multiply:core/reg(return.extract#3:m_zero#2.sva.4)                                                                                                                                                           return.extract#3:m_zero#2.sva.3                                                                                                                                                          0.8870  0.1130                         
    matrix_multiply:core/reg(operator==<5,true>:return#13.sva.4)                                                                                                                                                        operator==<5,true>:return#13.sva.3                                                                                                                                                       0.8870  0.1130                         
    matrix_multiply:core/reg(return.mult_generic<AC_RND_CONV,false>:m_r(8:0)#2.lpi#2.dfm.3)                                                                                                                             return.mult_generic<AC_RND_CONV,false>:m_r(8:0)#2.lpi#2.dfm.2                                                                                                                            0.8870  0.1130                         
    matrix_multiply:core/reg(return.mult_generic<AC_RND_CONV,false>:m_r(9)#2.lpi#2.dfm.3)                                                                                                                               return.mult_generic<AC_RND_CONV,false>:m_r(9)#2.lpi#2.dfm.2                                                                                                                              0.8870  0.1130                         
    matrix_multiply:core/reg(return.add_generic<AC_RND_CONV,false>:r_sign#2.lpi#2.dfm#1.5)                                                                                                                              return.add_generic<AC_RND_CONV,false>:r_sign#2.lpi#2.dfm#1.4                                                                                                                             0.8870  0.1130                         
    matrix_multiply:core/reg(return.add_generic<AC_RND_CONV,false>:op2_sign#3.sva.11)                                                                                                                                   return.add_generic<AC_RND_CONV,false>:op2_sign#3.sva.10                                                                                                                                  0.8870  0.1130                         
    matrix_multiply:core/reg(return.add_generic<AC_RND_CONV,false>:op2_sign.sva.11)                                                                                                                                     return.add_generic<AC_RND_CONV,false>:op2_sign.sva.10                                                                                                                                    0.8870  0.1130                         
    matrix_multiply:core/reg(return.add_generic<AC_RND_CONV,false>:r_sign#1.lpi#2.dfm.5)                                                                                                                                return.add_generic<AC_RND_CONV,false>:r_sign#1.lpi#2.dfm.4                                                                                                                               0.8870  0.1130                         
    matrix_multiply:core/reg(return.add_generic<AC_RND_CONV,false>:op2_sign#2.sva.6)                                                                                                                                    return.add_generic<AC_RND_CONV,false>:op2_sign#2.sva.5                                                                                                                                   0.8870  0.1130                         
    matrix_multiply:core/reg(return.add_generic<AC_RND_CONV,false>:op2_sign#3.sva.6)                                                                                                                                    return.add_generic<AC_RND_CONV,false>:op2_sign#3.sva.5                                                                                                                                   0.8870  0.1130                         
    matrix_multiply:core/reg(return.add_generic<AC_RND_CONV,false>:op2_sign#2.sva.1)                                                                                                                                    MUL-2:return.mult_generic<AC_RND_CONV,false>:r_sign:return.mult_generic<AC_RND_CONV,false>:r_sign:xor.itm                                                                                0.7410  0.2590                         
    matrix_multiply:core/reg(return.mult_generic<AC_RND_CONV,false>:op1_zero#2.sva.2)                                                                                                                                   return.mult_generic<AC_RND_CONV,false>:op1_zero#2.sva.1                                                                                                                                  0.5473  0.4527                         
    matrix_multiply:core/reg(return.mult_generic<AC_RND_CONV,false>:op2_zero#2.sva.2)                                                                                                                                   return.mult_generic<AC_RND_CONV,false>:op2_zero#2.sva.1                                                                                                                                  0.5473  0.4527                         
    matrix_multiply:core/reg(COL:j:slc(COL:j(4:0))(3-0)#1.itm.18)                                                                                                                                                       COL:j:slc(COL:j(4:0))(3-0)#1.itm.17                                                                                                                                                      0.8870  0.1130                         
    matrix_multiply:core/reg(ROW:i:slc(ROW:i(10:0))(9-0)#1.itm.18)                                                                                                                                                      ROW:i:slc(ROW:i(10:0))(9-0)#1.itm.17                                                                                                                                                     0.8870  0.1130                         
    matrix_multiply:core/reg(return.add_generic<AC_RND_CONV,false>:op2_mu#1(9).lpi#2.dfm.12)                                                                                                                            return.add_generic<AC_RND_CONV,false>:op2_mu#1(9).lpi#2.dfm.11                                                                                                                           0.8870  0.1130                         
    matrix_multiply:core/reg(return.add_generic<AC_RND_CONV,false>:op2_mu#1(10).lpi#2.dfm.12)                                                                                                                           return.add_generic<AC_RND_CONV,false>:op2_mu#1(10).lpi#2.dfm.11                                                                                                                          0.8870  0.1130                         
    matrix_multiply:core/reg(return.add_generic<AC_RND_CONV,false>:unequal.tmp#6.12)                                                                                                                                    return.add_generic<AC_RND_CONV,false>:unequal.tmp#6.11                                                                                                                                   0.8870  0.1130                         
    matrix_multiply:core/reg(return.add_generic<AC_RND_CONV,false>:op2_sign.sva.15)                                                                                                                                     return.add_generic<AC_RND_CONV,false>:op2_sign.sva.14                                                                                                                                    0.8870  0.1130                         
    matrix_multiply:core/reg(return.extract#3:m_zero.sva.13)                                                                                                                                                            return.extract#3:m_zero.sva.12                                                                                                                                                           0.8870  0.1130                         
    matrix_multiply:core/reg(operator==<5,true>:return#3.sva.13)                                                                                                                                                        operator==<5,true>:return#3.sva.12                                                                                                                                                       0.8870  0.1130                         
    matrix_multiply:core/reg(return.mult_generic<AC_RND_CONV,false>:m_r(8:0).lpi#2.dfm.12)                                                                                                                              return.mult_generic<AC_RND_CONV,false>:m_r(8:0).lpi#2.dfm.11                                                                                                                             0.8870  0.1130                         
    matrix_multiply:core/reg(return.mult_generic<AC_RND_CONV,false>:m_r(9).lpi#2.dfm.12)                                                                                                                                return.mult_generic<AC_RND_CONV,false>:m_r(9).lpi#2.dfm.11                                                                                                                               0.8870  0.1130                         
    matrix_multiply:core/reg(return.mult_generic<AC_RND_CONV,false>:exp#1(5:0).lpi#2.dfm#3.9(4:0))                                                                                                                      return.mult_generic<AC_RND_CONV,false>:exp#1(5:0).lpi#2.dfm#3.8(4:0)                                                                                                                     0.8870  0.1130                         
    matrix_multiply:core/reg(return.add_generic<AC_RND_CONV,false>:r_sign#3.lpi#2.dfm#1.4)                                                                                                                              return.add_generic<AC_RND_CONV,false>:r_sign#3.lpi#2.dfm#1.3                                                                                                                             0.8870  0.1130                         
    matrix_multiply:core/reg(return.add_generic<AC_RND_CONV,false>:op2_mu#1(9)#3.lpi#2.dfm.7)                                                                                                                           return.add_generic<AC_RND_CONV,false>:op2_mu#1(9)#3.lpi#2.dfm.6                                                                                                                          0.8870  0.1130                         
    matrix_multiply:core/reg(return.add_generic<AC_RND_CONV,false>:op2_mu#1(10)#3.lpi#2.dfm.7)                                                                                                                          return.add_generic<AC_RND_CONV,false>:op2_mu#1(10)#3.lpi#2.dfm.6                                                                                                                         0.8870  0.1130                         
    matrix_multiply:core/reg(return.add_generic<AC_RND_CONV,false>:unequal.tmp#4.7)                                                                                                                                     return.add_generic<AC_RND_CONV,false>:unequal.tmp#4.6                                                                                                                                    0.8870  0.1130                         
    matrix_multiply:core/reg(return.add_generic<AC_RND_CONV,false>:do_sub#3.sva.7)                                                                                                                                      return.add_generic<AC_RND_CONV,false>:do_sub#3.sva.st.6                                                                                                                                  0.3532  0.6468                         
    matrix_multiply:core/reg(return.extract#3:m_zero#3.sva.8)                                                                                                                                                           return.extract#3:m_zero#3.sva.7                                                                                                                                                          0.8870  0.1130                         
    matrix_multiply:core/reg(operator==<5,true>:return#14.sva.8)                                                                                                                                                        operator==<5,true>:return#14.sva.7                                                                                                                                                       0.8870  0.1130                         
    matrix_multiply:core/reg(return.mult_generic<AC_RND_CONV,false>:m_r(8:0)#3.lpi#2.dfm.7)                                                                                                                             return.mult_generic<AC_RND_CONV,false>:m_r(8:0)#3.lpi#2.dfm.6                                                                                                                            0.8870  0.1130                         
    matrix_multiply:core/reg(return.mult_generic<AC_RND_CONV,false>:m_r(9)#3.lpi#2.dfm.7)                                                                                                                               return.mult_generic<AC_RND_CONV,false>:m_r(9)#3.lpi#2.dfm.6                                                                                                                              0.8870  0.1130                         
    matrix_multiply:core/reg(return.mult_generic<AC_RND_CONV,false>:exp#1(5:0)#3.lpi#2.dfm#3.4(4:0))                                                                                                                    return.mult_generic<AC_RND_CONV,false>:exp#1(5:0)#3.lpi#2.dfm#3.3(4:0)                                                                                                                   0.8870  0.1130                         
    matrix_multiply:core/reg(return.add_generic<AC_RND_CONV,false>:op2_mu#1(9)#2.lpi#2.dfm.2)                                                                                                                           return.add_generic<AC_RND_CONV,false>:op2_mu#1(9)#2.lpi#2.dfm.1                                                                                                                          0.8870  0.1130                         
    matrix_multiply:core/reg(return.add_generic<AC_RND_CONV,false>:op2_mu#1(10)#2.lpi#2.dfm.2)                                                                                                                          return.add_generic<AC_RND_CONV,false>:op2_mu#1(10)#2.lpi#2.dfm.1                                                                                                                         0.8870  0.1130                         
    matrix_multiply:core/reg(return.add_generic<AC_RND_CONV,false>:unequal.tmp#2.2)                                                                                                                                     return.add_generic<AC_RND_CONV,false>:unequal.tmp#2.1                                                                                                                                    0.8870  0.1130                         
    matrix_multiply:core/reg(return.add_generic<AC_RND_CONV,false>:do_sub#2.sva.7)                                                                                                                                      return.add_generic<AC_RND_CONV,false>:do_sub#2.sva.st.6                                                                                                                                  0.3532  0.6468                         
    matrix_multiply:core/reg(return.extract#3:m_zero#2.sva.3)                                                                                                                                                           return.extract#3:m_zero#2.sva.2                                                                                                                                                          0.8870  0.1130                         
    matrix_multiply:core/reg(operator==<5,true>:return#13.sva.3)                                                                                                                                                        operator==<5,true>:return#13.sva.2                                                                                                                                                       0.8870  0.1130                         
    matrix_multiply:core/reg(return.mult_generic<AC_RND_CONV,false>:m_r(8:0)#2.lpi#2.dfm.2)                                                                                                                             return.mult_generic<AC_RND_CONV,false>:m_r(8:0)#2.lpi#2.dfm.1                                                                                                                            0.8870  0.1130                         
    matrix_multiply:core/reg(return.mult_generic<AC_RND_CONV,false>:m_r(9)#2.lpi#2.dfm.2)                                                                                                                               return.mult_generic<AC_RND_CONV,false>:m_r(9)#2.lpi#2.dfm.1                                                                                                                              0.8870  0.1130                         
    matrix_multiply:core/reg(tmp#1.sva.2(15))                                                                                                                                                                           ac_ieee_float_base<binary16>::to_helper_t:slc(tmp#1.sva.1)(15).itm                                                                                                                       0.8870  0.1130                         
    matrix_multiply:core/reg(tmp#5.sva.2(15))                                                                                                                                                                           tmp#5.sva.1(15)                                                                                                                                                                          0.8870  0.1130                         
    matrix_multiply:core/reg(return.mult_generic<AC_RND_CONV,false>:op2_zero#2.sva.1)                                                                                                                                   return.mult_generic<AC_RND_CONV,false>:op2_zero#2.sva#1                                                                                                                                  0.1263  0.8737                         
    matrix_multiply:core/reg(return.mult_generic<AC_RND_CONV,false>:op1_zero#2.sva.1)                                                                                                                                   return.mult_generic<AC_RND_CONV,false>:op1_zero#2.sva#1                                                                                                                                  0.1263  0.8737                         
    matrix_multiply:core/reg(COL:j:slc(COL:j(4:0))(3-0)#1.itm.17)                                                                                                                                                       COL:j:slc(COL:j(4:0))(3-0)#1.itm.16                                                                                                                                                      0.8870  0.1130                         
    matrix_multiply:core/reg(ROW:i:slc(ROW:i(10:0))(9-0)#1.itm.17)                                                                                                                                                      ROW:i:slc(ROW:i(10:0))(9-0)#1.itm.16                                                                                                                                                     0.8870  0.1130                         
    matrix_multiply:core/reg(return.add_generic<AC_RND_CONV,false>:op2_mu#1(9).lpi#2.dfm.11)                                                                                                                            return.add_generic<AC_RND_CONV,false>:op2_mu#1(9).lpi#2.dfm.10                                                                                                                           0.8870  0.1130                         
    matrix_multiply:core/reg(return.add_generic<AC_RND_CONV,false>:op2_mu#1(10).lpi#2.dfm.11)                                                                                                                           return.add_generic<AC_RND_CONV,false>:op2_mu#1(10).lpi#2.dfm.10                                                                                                                          0.8870  0.1130                         
    matrix_multiply:core/reg(return.add_generic<AC_RND_CONV,false>:unequal.tmp#6.11)                                                                                                                                    return.add_generic<AC_RND_CONV,false>:unequal.tmp#6.10                                                                                                                                   0.8870  0.1130                         
    matrix_multiply:core/reg(return.add_generic<AC_RND_CONV,false>:op2_sign.sva.10)                                                                                                                                     return.add_generic<AC_RND_CONV,false>:op2_sign.sva.9                                                                                                                                     0.8870  0.1130                         
    matrix_multiply:core/reg(return.add_generic<AC_RND_CONV,false>:op2_sign.sva.14)                                                                                                                                     return.add_generic<AC_RND_CONV,false>:op2_sign.sva.13                                                                                                                                    0.8870  0.1130                         
    matrix_multiply:core/reg(return.extract#3:m_zero.sva.12)                                                                                                                                                            return.extract#3:m_zero.sva.11                                                                                                                                                           0.8870  0.1130                         
    matrix_multiply:core/reg(operator==<5,true>:return#3.sva.12)                                                                                                                                                        operator==<5,true>:return#3.sva.11                                                                                                                                                       0.8870  0.1130                         
    matrix_multiply:core/reg(return.mult_generic<AC_RND_CONV,false>:m_r(8:0).lpi#2.dfm.11)                                                                                                                              return.mult_generic<AC_RND_CONV,false>:m_r(8:0).lpi#2.dfm.10                                                                                                                             0.8870  0.1130                         
    matrix_multiply:core/reg(return.mult_generic<AC_RND_CONV,false>:m_r(9).lpi#2.dfm.11)                                                                                                                                return.mult_generic<AC_RND_CONV,false>:m_r(9).lpi#2.dfm.10                                                                                                                               0.8870  0.1130                         
    matrix_multiply:core/reg(return.mult_generic<AC_RND_CONV,false>:exp#1(5:0).lpi#2.dfm#3.8(4:0))                                                                                                                      return.mult_generic<AC_RND_CONV,false>:exp#1(5:0).lpi#2.dfm#3.7(4:0)                                                                                                                     0.8870  0.1130                         
    matrix_multiply:core/reg(return.add_generic<AC_RND_CONV,false>:r_sign#3.lpi#2.dfm#1.3)                                                                                                                              return.add_generic<AC_RND_CONV,false>:r_sign#3.lpi#2.dfm#1.2                                                                                                                             0.8870  0.1130                         
    matrix_multiply:core/reg(return.add_generic<AC_RND_CONV,false>:op2_mu#1(9)#3.lpi#2.dfm.6)                                                                                                                           return.add_generic<AC_RND_CONV,false>:op2_mu#1(9)#3.lpi#2.dfm.5                                                                                                                          0.8870  0.1130                         
    matrix_multiply:core/reg(return.add_generic<AC_RND_CONV,false>:op2_mu#1(10)#3.lpi#2.dfm.6)                                                                                                                          return.add_generic<AC_RND_CONV,false>:op2_mu#1(10)#3.lpi#2.dfm.5                                                                                                                         0.8870  0.1130                         
    matrix_multiply:core/reg(return.add_generic<AC_RND_CONV,false>:unequal.tmp#4.6)                                                                                                                                     return.add_generic<AC_RND_CONV,false>:unequal.tmp#4.5                                                                                                                                    0.8870  0.1130                         
    matrix_multiply:core/reg(return.add_generic<AC_RND_CONV,false>:op2_sign#3.sva.5)                                                                                                                                    return.add_generic<AC_RND_CONV,false>:op2_sign#3.sva.4                                                                                                                                   0.8870  0.1130                         
    matrix_multiply:core/reg(return.add_generic<AC_RND_CONV,false>:op2_sign#3.sva.10)                                                                                                                                   return.add_generic<AC_RND_CONV,false>:op2_sign#3.sva.9                                                                                                                                   0.8870  0.1130                         
    matrix_multiply:core/reg(return.extract#3:m_zero#3.sva.7)                                                                                                                                                           return.extract#3:m_zero#3.sva.6                                                                                                                                                          0.8870  0.1130                         
    matrix_multiply:core/reg(operator==<5,true>:return#14.sva.7)                                                                                                                                                        operator==<5,true>:return#14.sva.6                                                                                                                                                       0.8870  0.1130                         
    matrix_multiply:core/reg(return.mult_generic<AC_RND_CONV,false>:m_r(8:0)#3.lpi#2.dfm.6)                                                                                                                             return.mult_generic<AC_RND_CONV,false>:m_r(8:0)#3.lpi#2.dfm.5                                                                                                                            0.8870  0.1130                         
    matrix_multiply:core/reg(return.mult_generic<AC_RND_CONV,false>:m_r(9)#3.lpi#2.dfm.6)                                                                                                                               return.mult_generic<AC_RND_CONV,false>:m_r(9)#3.lpi#2.dfm.5                                                                                                                              0.8870  0.1130                         
    matrix_multiply:core/reg(return.mult_generic<AC_RND_CONV,false>:exp#1(5:0)#3.lpi#2.dfm#3.3(4:0))                                                                                                                    return.mult_generic<AC_RND_CONV,false>:exp#1(5:0)#3.lpi#2.dfm#3.2(4:0)                                                                                                                   0.8870  0.1130                         
    matrix_multiply:core/reg(return.add_generic<AC_RND_CONV,false>:r_sign#2.lpi#2.dfm#1.4)                                                                                                                              return.add_generic<AC_RND_CONV,false>:r_sign#2.lpi#2.dfm#1.3                                                                                                                             0.8870  0.1130                         
    matrix_multiply:core/reg(return.add_generic<AC_RND_CONV,false>:op2_mu#1(9)#2.lpi#2.dfm.1)                                                                                                                           return.add_generic<AC_RND_CONV,false>:mux#94.itm                                                                                                                                         0.2259  0.7741                         
    matrix_multiply:core/reg(return.add_generic<AC_RND_CONV,false>:op2_mu#1(10)#2.lpi#2.dfm.1)                                                                                                                          return.add_generic<AC_RND_CONV,false>:return.add_generic<AC_RND_CONV,false>:or#19.itm                                                                                                    0.2114  0.7886                         
    matrix_multiply:core/reg(return.add_generic<AC_RND_CONV,false>:unequal.tmp#2.1)                                                                                                                                     return.add_generic<AC_RND_CONV,false>:unequal.tmp#7                                                                                                                                      0.6061  0.3939                         
    matrix_multiply:core/reg(return.add_generic<AC_RND_CONV,false>:op2_sign#2.sva.5)                                                                                                                                    return.add_generic<AC_RND_CONV,false>:op2_sign#2.sva.4                                                                                                                                   0.8870  0.1130                         
    matrix_multiply:core/reg(return.extract#3:m_zero#2.sva.2)                                                                                                                                                           return.extract#3:m_zero#2.sva.1                                                                                                                                                          0.8870  0.1130                         
    matrix_multiply:core/reg(operator==<5,true>:return#13.sva.2)                                                                                                                                                        operator==<5,true>:return#13.sva.1                                                                                                                                                       0.8870  0.1130                         
    matrix_multiply:core/reg(return.mult_generic<AC_RND_CONV,false>:m_r(8:0)#2.lpi#2.dfm.1)                                                                                                                             return.mult_generic<AC_RND_CONV,false>:m_r(8:0)#2.lpi#2.dfm#1                                                                                                                            0.1641  0.8359                         
    matrix_multiply:core/reg(return.mult_generic<AC_RND_CONV,false>:m_r(9)#2.lpi#2.dfm.1)                                                                                                                               return.mult_generic<AC_RND_CONV,false>:m_r(9)#2.lpi#2.dfm.1:mx0                                                                                                                          0.1740  0.8260                         
    matrix_multiply:core/reg(return.add_generic<AC_RND_CONV,false>:r_sign#1.lpi#2.dfm.4)                                                                                                                                return.add_generic<AC_RND_CONV,false>:r_sign#1.lpi#2.dfm.3                                                                                                                               0.8870  0.1130                         
    matrix_multiply:core/reg(return.mult_generic<AC_RND_CONV,false>:lor#15.lpi#2.dfm.1)                                                                                                                                 return.mult_generic<AC_RND_CONV,false>:if#3:return.mult_generic<AC_RND_CONV,false>:if#3:or#3.itm                                                                                        -0.1178  1.1178 (clock period exceeded) 
    matrix_multiply:core/reg(return.mult_generic<AC_RND_CONV,false>:r_nan#2.sva.3)                                                                                                                                      return.mult_generic<AC_RND_CONV,false>:r_nan#2.sva.2                                                                                                                                     0.7088  0.2912                         
    matrix_multiply:core/reg(return.mult_generic<AC_RND_CONV,false>:res_bef_rnd#3(11:1)#2.lpi#2.dfm.1)                                                                                                                  return.mult_generic<AC_RND_CONV,false>:res_bef_rnd#3(11:1)#2.lpi#2.dfm#1                                                                                                                 0.1640  0.8360                         
    matrix_multiply:core/reg(MUL-2:return.mult_generic<AC_RND_CONV,false>:or.itm.1)                                                                                                                                     MUL-2:return.mult_generic<AC_RND_CONV,false>:or.itm                                                                                                                                      0.1640  0.8360                         
    matrix_multiply:core/reg(COL:j:slc(COL:j(4:0))(3-0)#1.itm.16)                                                                                                                                                       COL:j:slc(COL:j(4:0))(3-0)#1.itm.15                                                                                                                                                      0.8870  0.1130                         
    matrix_multiply:core/reg(ROW:i:slc(ROW:i(10:0))(9-0)#1.itm.16)                                                                                                                                                      ROW:i:slc(ROW:i(10:0))(9-0)#1.itm.15                                                                                                                                                     0.8870  0.1130                         
    matrix_multiply:core/reg(return.add_generic<AC_RND_CONV,false>:op2_mu#1(9).lpi#2.dfm.10)                                                                                                                            return.add_generic<AC_RND_CONV,false>:op2_mu#1(9).lpi#2.dfm.9                                                                                                                            0.8870  0.1130                         
    matrix_multiply:core/reg(return.add_generic<AC_RND_CONV,false>:op2_mu#1(10).lpi#2.dfm.10)                                                                                                                           return.add_generic<AC_RND_CONV,false>:op2_mu#1(10).lpi#2.dfm.9                                                                                                                           0.8870  0.1130                         
    matrix_multiply:core/reg(return.add_generic<AC_RND_CONV,false>:unequal.tmp#6.10)                                                                                                                                    return.add_generic<AC_RND_CONV,false>:unequal.tmp#6.9                                                                                                                                    0.8870  0.1130                         
    matrix_multiply:core/reg(return.add_generic<AC_RND_CONV,false>:op2_sign.sva.9)                                                                                                                                      return.add_generic<AC_RND_CONV,false>:op2_sign.sva.8                                                                                                                                     0.8870  0.1130                         
    matrix_multiply:core/reg(return.add_generic<AC_RND_CONV,false>:op2_sign.sva.13)                                                                                                                                     return.add_generic<AC_RND_CONV,false>:op2_sign.sva.12                                                                                                                                    0.8870  0.1130                         
    matrix_multiply:core/reg(return.extract#3:m_zero.sva.11)                                                                                                                                                            return.extract#3:m_zero.sva.10                                                                                                                                                           0.8870  0.1130                         
    matrix_multiply:core/reg(operator==<5,true>:return#3.sva.11)                                                                                                                                                        operator==<5,true>:return#3.sva.10                                                                                                                                                       0.8870  0.1130                         
    matrix_multiply:core/reg(return.mult_generic<AC_RND_CONV,false>:m_r(8:0).lpi#2.dfm.10)                                                                                                                              return.mult_generic<AC_RND_CONV,false>:m_r(8:0).lpi#2.dfm.9                                                                                                                              0.8870  0.1130                         
    matrix_multiply:core/reg(return.mult_generic<AC_RND_CONV,false>:m_r(9).lpi#2.dfm.10)                                                                                                                                return.mult_generic<AC_RND_CONV,false>:m_r(9).lpi#2.dfm.9                                                                                                                                0.8870  0.1130                         
    matrix_multiply:core/reg(return.mult_generic<AC_RND_CONV,false>:exp#1(5:0).lpi#2.dfm#3.7(4:0))                                                                                                                      return.mult_generic<AC_RND_CONV,false>:exp#1(5:0).lpi#2.dfm#3.6(4:0)                                                                                                                     0.8870  0.1130                         
    matrix_multiply:core/reg(return.add_generic<AC_RND_CONV,false>:r_sign#3.lpi#2.dfm#1.2)                                                                                                                              return.add_generic<AC_RND_CONV,false>:r_sign#3.lpi#2.dfm#1.1                                                                                                                             0.8870  0.1130                         
    matrix_multiply:core/reg(return.add_generic<AC_RND_CONV,false>:op2_mu#1(9)#3.lpi#2.dfm.5)                                                                                                                           return.add_generic<AC_RND_CONV,false>:op2_mu#1(9)#3.lpi#2.dfm.4                                                                                                                          0.8870  0.1130                         
    matrix_multiply:core/reg(return.add_generic<AC_RND_CONV,false>:op2_mu#1(10)#3.lpi#2.dfm.5)                                                                                                                          return.add_generic<AC_RND_CONV,false>:op2_mu#1(10)#3.lpi#2.dfm.4                                                                                                                         0.8870  0.1130                         
    matrix_multiply:core/reg(return.add_generic<AC_RND_CONV,false>:unequal.tmp#4.5)                                                                                                                                     return.add_generic<AC_RND_CONV,false>:unequal.tmp#4.4                                                                                                                                    0.8870  0.1130                         
    matrix_multiply:core/reg(return.add_generic<AC_RND_CONV,false>:op2_sign#3.sva.4)                                                                                                                                    return.add_generic<AC_RND_CONV,false>:op2_sign#3.sva.3                                                                                                                                   0.8870  0.1130                         
    matrix_multiply:core/reg(return.add_generic<AC_RND_CONV,false>:op2_sign#3.sva.9)                                                                                                                                    return.add_generic<AC_RND_CONV,false>:op2_sign#3.sva.8                                                                                                                                   0.8870  0.1130                         
    matrix_multiply:core/reg(return.extract#3:m_zero#3.sva.6)                                                                                                                                                           return.extract#3:m_zero#3.sva.5                                                                                                                                                          0.8870  0.1130                         
    matrix_multiply:core/reg(operator==<5,true>:return#14.sva.6)                                                                                                                                                        operator==<5,true>:return#14.sva.5                                                                                                                                                       0.8870  0.1130                         
    matrix_multiply:core/reg(return.mult_generic<AC_RND_CONV,false>:m_r(8:0)#3.lpi#2.dfm.5)                                                                                                                             return.mult_generic<AC_RND_CONV,false>:m_r(8:0)#3.lpi#2.dfm.4                                                                                                                            0.8870  0.1130                         
    matrix_multiply:core/reg(return.mult_generic<AC_RND_CONV,false>:m_r(9)#3.lpi#2.dfm.5)                                                                                                                               return.mult_generic<AC_RND_CONV,false>:m_r(9)#3.lpi#2.dfm.4                                                                                                                              0.8870  0.1130                         
    matrix_multiply:core/reg(return.mult_generic<AC_RND_CONV,false>:exp#1(5:0)#3.lpi#2.dfm#3.2(4:0))                                                                                                                    return.mult_generic<AC_RND_CONV,false>:exp#1(5:0)#3.lpi#2.dfm#3.1(4:0)                                                                                                                   0.8870  0.1130                         
    matrix_multiply:core/reg(return.add_generic<AC_RND_CONV,false>:r_sign#2.lpi#2.dfm#1.3)                                                                                                                              return.add_generic<AC_RND_CONV,false>:r_sign#2.lpi#2.dfm#1.2                                                                                                                             0.8870  0.1130                         
    matrix_multiply:core/reg(return.add_generic<AC_RND_CONV,false>:op2_sign#2.sva.4)                                                                                                                                    return.add_generic<AC_RND_CONV,false>:op2_sign#2.sva.3                                                                                                                                   0.8870  0.1130                         
    matrix_multiply:core/reg(return.extract#3:m_zero#2.sva.1)                                                                                                                                                           MUL-2:return.extract#3:m_zero:return.extract#3:m_zero:nor.itm                                                                                                                            0.1641  0.8359                         
    matrix_multiply:core/reg(operator==<5,true>:return#13.sva.1)                                                                                                                                                        MUL-2:operator==<5,true>#3:operator==<5,true>#3:and.itm                                                                                                                                  0.7094  0.2906                         
    matrix_multiply:core/reg(tmp#5.sva.1(15))                                                                                                                                                                           ac_ieee_float_base<binary16>::to_helper_t#1:slc(B.d:rsc(1)(0)i.q_d)(15).itm                                                                                                              0.5000  0.5000                         
    matrix_multiply:core/reg(return.add_generic<AC_RND_CONV,false>:r_sign#1.lpi#2.dfm.3)                                                                                                                                return.add_generic<AC_RND_CONV,false>:r_sign#1.lpi#2.dfm.2                                                                                                                               0.8870  0.1130                         
    matrix_multiply:core/reg(return.mult_generic<AC_RND_CONV,false>:do_shift_left_1#2)                                                                                                                                  MUL-2:return.mult_generic<AC_RND_CONV,false>:if:acc#1.itm(6)                                                                                                                            -0.0615  1.0615 (clock period exceeded) 
    matrix_multiply:core/reg(MUL-2:return.mult_generic<AC_RND_CONV,false>:else#1:sticky_bit:return.mult_generic<AC_RND_CONV,false>:else#1:sticky_bit:return.mult_generic<AC_RND_CONV,false>:else#1:sticky_bit:or.itm.1) MUL-2:return.mult_generic<AC_RND_CONV,false>:else#1:sticky_bit:return.mult_generic<AC_RND_CONV,false>:else#1:sticky_bit:return.mult_generic<AC_RND_CONV,false>:else#1:sticky_bit:or.itm -0.1084  1.1084 (clock period exceeded) 
    matrix_multiply:core/reg(COL:j:slc(COL:j(4:0))(3-0)#1.itm.15)                                                                                                                                                       COL:j:slc(COL:j(4:0))(3-0)#1.itm.14                                                                                                                                                      0.8870  0.1130                         
    matrix_multiply:core/reg(ROW:i:slc(ROW:i(10:0))(9-0)#1.itm.15)                                                                                                                                                      ROW:i:slc(ROW:i(10:0))(9-0)#1.itm.14                                                                                                                                                     0.8870  0.1130                         
    matrix_multiply:core/reg(return.add_generic<AC_RND_CONV,false>:op2_mu#1(9).lpi#2.dfm.9)                                                                                                                             return.add_generic<AC_RND_CONV,false>:op2_mu#1(9).lpi#2.dfm.8                                                                                                                            0.8870  0.1130                         
    matrix_multiply:core/reg(return.add_generic<AC_RND_CONV,false>:op2_mu#1(10).lpi#2.dfm.9)                                                                                                                            return.add_generic<AC_RND_CONV,false>:op2_mu#1(10).lpi#2.dfm.8                                                                                                                           0.8870  0.1130                         
    matrix_multiply:core/reg(return.add_generic<AC_RND_CONV,false>:unequal.tmp#6.9)                                                                                                                                     return.add_generic<AC_RND_CONV,false>:unequal.tmp#6.8                                                                                                                                    0.8870  0.1130                         
    matrix_multiply:core/reg(return.add_generic<AC_RND_CONV,false>:op2_sign.sva.8)                                                                                                                                      return.add_generic<AC_RND_CONV,false>:op2_sign.sva.7                                                                                                                                     0.8870  0.1130                         
    matrix_multiply:core/reg(return.add_generic<AC_RND_CONV,false>:op2_sign.sva.12)                                                                                                                                     return.add_generic<AC_RND_CONV,false>:op2_sign.sva.11                                                                                                                                    0.7742  0.2258                         
    matrix_multiply:core/reg(return.extract#3:m_zero.sva.10)                                                                                                                                                            return.extract#3:m_zero.sva.9                                                                                                                                                            0.8870  0.1130                         
    matrix_multiply:core/reg(operator==<5,true>:return#3.sva.10)                                                                                                                                                        operator==<5,true>:return#3.sva.9                                                                                                                                                        0.8870  0.1130                         
    matrix_multiply:core/reg(return.mult_generic<AC_RND_CONV,false>:m_r(8:0).lpi#2.dfm.9)                                                                                                                               return.mult_generic<AC_RND_CONV,false>:m_r(8:0).lpi#2.dfm.8                                                                                                                              0.8870  0.1130                         
    matrix_multiply:core/reg(return.mult_generic<AC_RND_CONV,false>:m_r(9).lpi#2.dfm.9)                                                                                                                                 return.mult_generic<AC_RND_CONV,false>:m_r(9).lpi#2.dfm.8                                                                                                                                0.8870  0.1130                         
    matrix_multiply:core/reg(return.mult_generic<AC_RND_CONV,false>:exp#1(5:0).lpi#2.dfm#3.6(4:0))                                                                                                                      return.mult_generic<AC_RND_CONV,false>:exp#1(5:0).lpi#2.dfm#3.5(4:0)                                                                                                                     0.8870  0.1130                         
    matrix_multiply:core/reg(return.add_generic<AC_RND_CONV,false>:r_sign#3.lpi#2.dfm#1.1)                                                                                                                              return.add_generic<AC_RND_CONV,false>:r_sign#3.lpi#2.dfm#1.1:mx0                                                                                                                         0.0004  0.9996                         
    matrix_multiply:core/reg(return.add_generic<AC_RND_CONV,false>:op2_mu#1(9)#3.lpi#2.dfm.4)                                                                                                                           return.add_generic<AC_RND_CONV,false>:op2_mu#1(9)#3.lpi#2.dfm.3                                                                                                                          0.8870  0.1130                         
    matrix_multiply:core/reg(return.add_generic<AC_RND_CONV,false>:op2_mu#1(10)#3.lpi#2.dfm.4)                                                                                                                          return.add_generic<AC_RND_CONV,false>:op2_mu#1(10)#3.lpi#2.dfm.3                                                                                                                         0.8870  0.1130                         
    matrix_multiply:core/reg(return.add_generic<AC_RND_CONV,false>:unequal.tmp#4.4)                                                                                                                                     return.add_generic<AC_RND_CONV,false>:unequal.tmp#4.3                                                                                                                                    0.8870  0.1130                         
    matrix_multiply:core/reg(return.add_generic<AC_RND_CONV,false>:op2_sign#3.sva.3)                                                                                                                                    return.add_generic<AC_RND_CONV,false>:op2_sign#3.sva.2                                                                                                                                   0.8870  0.1130                         
    matrix_multiply:core/reg(return.add_generic<AC_RND_CONV,false>:op2_sign#3.sva.8)                                                                                                                                    return.add_generic<AC_RND_CONV,false>:op2_sign#3.sva.7                                                                                                                                   0.8870  0.1130                         
    matrix_multiply:core/reg(return.extract#3:m_zero#3.sva.5)                                                                                                                                                           return.extract#3:m_zero#3.sva.4                                                                                                                                                          0.8870  0.1130                         
    matrix_multiply:core/reg(operator==<5,true>:return#14.sva.5)                                                                                                                                                        operator==<5,true>:return#14.sva.4                                                                                                                                                       0.8870  0.1130                         
    matrix_multiply:core/reg(return.mult_generic<AC_RND_CONV,false>:m_r(8:0)#3.lpi#2.dfm.4)                                                                                                                             return.mult_generic<AC_RND_CONV,false>:m_r(8:0)#3.lpi#2.dfm.3                                                                                                                            0.8870  0.1130                         
    matrix_multiply:core/reg(return.mult_generic<AC_RND_CONV,false>:m_r(9)#3.lpi#2.dfm.4)                                                                                                                               return.mult_generic<AC_RND_CONV,false>:m_r(9)#3.lpi#2.dfm.3                                                                                                                              0.8870  0.1130                         
    matrix_multiply:core/reg(return.mult_generic<AC_RND_CONV,false>:exp#1(5:0)#3.lpi#2.dfm#3.1(4:0))                                                                                                                    return.mult_generic<AC_RND_CONV,false>:exp#1(5:0)#3.lpi#2.dfm#3(4:0)#1                                                                                                                   0.6061  0.3939                         
    matrix_multiply:core/reg(return.add_generic<AC_RND_CONV,false>:r_sign#2.lpi#2.dfm#1.2)                                                                                                                              return.add_generic<AC_RND_CONV,false>:r_sign#2.lpi#2.dfm#1.1                                                                                                                             0.8870  0.1130                         
    matrix_multiply:core/reg(return.add_generic<AC_RND_CONV,false>:op2_sign#2.sva.3)                                                                                                                                    return.add_generic<AC_RND_CONV,false>:op2_sign#2.sva.2                                                                                                                                   0.8870  0.1130                         
    matrix_multiply:core/reg(return.add_generic<AC_RND_CONV,false>:r_sign#1.lpi#2.dfm.2)                                                                                                                                return.add_generic<AC_RND_CONV,false>:r_sign#1.lpi#2.dfm.1                                                                                                                               0.8870  0.1130                         
    matrix_multiply:core/reg(return.mult_generic<AC_RND_CONV,false>:exp#1(5:0)#3.lpi#2.dfm#2.1(4:0))                                                                                                                    return.mult_generic<AC_RND_CONV,false>:else#2:else:return.mult_generic<AC_RND_CONV,false>:else#2:else:and#2.itm                                                                         -0.0499  1.0499 (clock period exceeded) 
    matrix_multiply:core/reg(return.mult_generic<AC_RND_CONV,false>:lor#10.lpi#2.dfm.1)                                                                                                                                 return.mult_generic<AC_RND_CONV,false>:if#2:return.mult_generic<AC_RND_CONV,false>:if#2:or#2.itm                                                                                        -0.1138  1.1138 (clock period exceeded) 
    matrix_multiply:core/reg(COL:j:slc(COL:j(4:0))(3-0)#1.itm.14)                                                                                                                                                       COL:j:slc(COL:j(4:0))(3-0)#1.itm.13                                                                                                                                                      0.8870  0.1130                         
    matrix_multiply:core/reg(ROW:i:slc(ROW:i(10:0))(9-0)#1.itm.14)                                                                                                                                                      ROW:i:slc(ROW:i(10:0))(9-0)#1.itm.13                                                                                                                                                     0.8870  0.1130                         
    matrix_multiply:core/reg(return.add_generic<AC_RND_CONV,false>:op2_mu#1(9).lpi#2.dfm.8)                                                                                                                             return.add_generic<AC_RND_CONV,false>:op2_mu#1(9).lpi#2.dfm.7                                                                                                                            0.8870  0.1130                         
    matrix_multiply:core/reg(return.add_generic<AC_RND_CONV,false>:op2_mu#1(10).lpi#2.dfm.8)                                                                                                                            return.add_generic<AC_RND_CONV,false>:op2_mu#1(10).lpi#2.dfm.7                                                                                                                           0.8870  0.1130                         
    matrix_multiply:core/reg(return.add_generic<AC_RND_CONV,false>:unequal.tmp#6.8)                                                                                                                                     return.add_generic<AC_RND_CONV,false>:unequal.tmp#6.7                                                                                                                                    0.8870  0.1130                         
    matrix_multiply:core/reg(return.add_generic<AC_RND_CONV,false>:op2_sign.sva.7)                                                                                                                                      return.add_generic<AC_RND_CONV,false>:op2_sign.sva.6                                                                                                                                     0.8870  0.1130                         
    matrix_multiply:core/reg(return.extract#3:m_zero.sva.9)                                                                                                                                                             return.extract#3:m_zero.sva.8                                                                                                                                                            0.8870  0.1130                         
    matrix_multiply:core/reg(operator==<5,true>:return#3.sva.9)                                                                                                                                                         operator==<5,true>:return#3.sva.8                                                                                                                                                        0.8870  0.1130                         
    matrix_multiply:core/reg(return.mult_generic<AC_RND_CONV,false>:m_r(8:0).lpi#2.dfm.8)                                                                                                                               return.mult_generic<AC_RND_CONV,false>:m_r(8:0).lpi#2.dfm.7                                                                                                                              0.8870  0.1130                         
    matrix_multiply:core/reg(return.mult_generic<AC_RND_CONV,false>:m_r(9).lpi#2.dfm.8)                                                                                                                                 return.mult_generic<AC_RND_CONV,false>:m_r(9).lpi#2.dfm.7                                                                                                                                0.8870  0.1130                         
    matrix_multiply:core/reg(return.mult_generic<AC_RND_CONV,false>:exp#1(5:0).lpi#2.dfm#3.5(4:0))                                                                                                                      return.mult_generic<AC_RND_CONV,false>:exp#1(5:0).lpi#2.dfm#3.4(4:0)                                                                                                                     0.8870  0.1130                         
    matrix_multiply:core/reg(return.add_generic<AC_RND_CONV,false>:op2_mu#1(9)#3.lpi#2.dfm.3)                                                                                                                           return.add_generic<AC_RND_CONV,false>:op2_mu#1(9)#3.lpi#2.dfm.2                                                                                                                          0.8870  0.1130                         
    matrix_multiply:core/reg(return.add_generic<AC_RND_CONV,false>:op2_mu#1(10)#3.lpi#2.dfm.3)                                                                                                                          return.add_generic<AC_RND_CONV,false>:op2_mu#1(10)#3.lpi#2.dfm.2                                                                                                                         0.8870  0.1130                         
    matrix_multiply:core/reg(return.add_generic<AC_RND_CONV,false>:unequal.tmp#4.3)                                                                                                                                     return.add_generic<AC_RND_CONV,false>:unequal.tmp#4.2                                                                                                                                    0.8870  0.1130                         
    matrix_multiply:core/reg(return.add_generic<AC_RND_CONV,false>:op2_sign#3.sva.2)                                                                                                                                    return.add_generic<AC_RND_CONV,false>:op2_sign#3.sva.1                                                                                                                                   0.8870  0.1130                         
    matrix_multiply:core/reg(return.add_generic<AC_RND_CONV,false>:op2_sign#3.sva.7)                                                                                                                                    return.add_generic<AC_RND_CONV,false>:op2_sign#3.sva.6                                                                                                                                   0.7742  0.2258                         
    matrix_multiply:core/reg(return.extract#3:m_zero#3.sva.4)                                                                                                                                                           return.extract#3:m_zero#3.sva.3                                                                                                                                                          0.8870  0.1130                         
    matrix_multiply:core/reg(operator==<5,true>:return#14.sva.4)                                                                                                                                                        operator==<5,true>:return#14.sva.3                                                                                                                                                       0.8870  0.1130                         
    matrix_multiply:core/reg(return.mult_generic<AC_RND_CONV,false>:m_r(8:0)#3.lpi#2.dfm.3)                                                                                                                             return.mult_generic<AC_RND_CONV,false>:m_r(8:0)#3.lpi#2.dfm.2                                                                                                                            0.8870  0.1130                         
    matrix_multiply:core/reg(return.mult_generic<AC_RND_CONV,false>:m_r(9)#3.lpi#2.dfm.3)                                                                                                                               return.mult_generic<AC_RND_CONV,false>:m_r(9)#3.lpi#2.dfm.2                                                                                                                              0.8870  0.1130                         
    matrix_multiply:core/reg(return.add_generic<AC_RND_CONV,false>:r_sign#2.lpi#2.dfm#1.1)                                                                                                                              return.add_generic<AC_RND_CONV,false>:r_sign#2.lpi#2.dfm#1.1:mx0                                                                                                                         0.0004  0.9996                         
    matrix_multiply:core/reg(return.add_generic<AC_RND_CONV,false>:op2_sign#2.sva.2)                                                                                                                                    return.add_generic<AC_RND_CONV,false>:op2_sign#2.sva.1                                                                                                                                   0.7742  0.2258                         
    matrix_multiply:core/reg(return.add_generic<AC_RND_CONV,false>:r_sign#1.lpi#2.dfm.1)                                                                                                                                return.add_generic<AC_RND_CONV,false>:r_sign#1.lpi#2.dfm#1                                                                                                                               0.0032  0.9968                         
    matrix_multiply:core/reg(return.mult_generic<AC_RND_CONV,false>:op1_zero#3.sva.2)                                                                                                                                   return.mult_generic<AC_RND_CONV,false>:op1_zero#3.sva.1                                                                                                                                  0.5473  0.4527                         
    matrix_multiply:core/reg(return.mult_generic<AC_RND_CONV,false>:op2_zero#3.sva.2)                                                                                                                                   return.mult_generic<AC_RND_CONV,false>:op2_zero#3.sva.1                                                                                                                                  0.5473  0.4527                         
    matrix_multiply:core/reg(COL:j:slc(COL:j(4:0))(3-0)#1.itm.13)                                                                                                                                                       COL:j:slc(COL:j(4:0))(3-0)#1.itm.12                                                                                                                                                      0.8870  0.1130                         
    matrix_multiply:core/reg(ROW:i:slc(ROW:i(10:0))(9-0)#1.itm.13)                                                                                                                                                      ROW:i:slc(ROW:i(10:0))(9-0)#1.itm.12                                                                                                                                                     0.8870  0.1130                         
    matrix_multiply:core/reg(return.add_generic<AC_RND_CONV,false>:op2_mu#1(9).lpi#2.dfm.7)                                                                                                                             return.add_generic<AC_RND_CONV,false>:op2_mu#1(9).lpi#2.dfm.6                                                                                                                            0.8870  0.1130                         
    matrix_multiply:core/reg(return.add_generic<AC_RND_CONV,false>:op2_mu#1(10).lpi#2.dfm.7)                                                                                                                            return.add_generic<AC_RND_CONV,false>:op2_mu#1(10).lpi#2.dfm.6                                                                                                                           0.8870  0.1130                         
    matrix_multiply:core/reg(return.add_generic<AC_RND_CONV,false>:unequal.tmp#6.7)                                                                                                                                     return.add_generic<AC_RND_CONV,false>:unequal.tmp#6.6                                                                                                                                    0.8870  0.1130                         
    matrix_multiply:core/reg(return.add_generic<AC_RND_CONV,false>:op2_sign.sva.6)                                                                                                                                      return.add_generic<AC_RND_CONV,false>:op2_sign.sva.5                                                                                                                                     0.8870  0.1130                         
    matrix_multiply:core/reg(return.extract#3:m_zero.sva.8)                                                                                                                                                             return.extract#3:m_zero.sva.7                                                                                                                                                            0.8870  0.1130                         
    matrix_multiply:core/reg(operator==<5,true>:return#3.sva.8)                                                                                                                                                         operator==<5,true>:return#3.sva.7                                                                                                                                                        0.8870  0.1130                         
    matrix_multiply:core/reg(return.mult_generic<AC_RND_CONV,false>:m_r(8:0).lpi#2.dfm.7)                                                                                                                               return.mult_generic<AC_RND_CONV,false>:m_r(8:0).lpi#2.dfm.6                                                                                                                              0.8870  0.1130                         
    matrix_multiply:core/reg(return.mult_generic<AC_RND_CONV,false>:m_r(9).lpi#2.dfm.7)                                                                                                                                 return.mult_generic<AC_RND_CONV,false>:m_r(9).lpi#2.dfm.6                                                                                                                                0.8870  0.1130                         
    matrix_multiply:core/reg(return.mult_generic<AC_RND_CONV,false>:exp#1(5:0).lpi#2.dfm#3.4(4:0))                                                                                                                      return.mult_generic<AC_RND_CONV,false>:exp#1(5:0).lpi#2.dfm#3.3(4:0)                                                                                                                     0.8870  0.1130                         
    matrix_multiply:core/reg(return.add_generic<AC_RND_CONV,false>:op2_mu#1(9)#3.lpi#2.dfm.2)                                                                                                                           return.add_generic<AC_RND_CONV,false>:op2_mu#1(9)#3.lpi#2.dfm.1                                                                                                                          0.8870  0.1130                         
    matrix_multiply:core/reg(return.add_generic<AC_RND_CONV,false>:op2_mu#1(10)#3.lpi#2.dfm.2)                                                                                                                          return.add_generic<AC_RND_CONV,false>:op2_mu#1(10)#3.lpi#2.dfm.1                                                                                                                         0.8870  0.1130                         
    matrix_multiply:core/reg(return.add_generic<AC_RND_CONV,false>:unequal.tmp#4.2)                                                                                                                                     return.add_generic<AC_RND_CONV,false>:unequal.tmp#4.1                                                                                                                                    0.8870  0.1130                         
    matrix_multiply:core/reg(return.add_generic<AC_RND_CONV,false>:op2_sign#3.sva.1)                                                                                                                                    MUL-3:return.mult_generic<AC_RND_CONV,false>:r_sign:return.mult_generic<AC_RND_CONV,false>:r_sign:xor.itm                                                                                0.7410  0.2590                         
    matrix_multiply:core/reg(return.extract#3:m_zero#3.sva.3)                                                                                                                                                           return.extract#3:m_zero#3.sva.2                                                                                                                                                          0.8870  0.1130                         
    matrix_multiply:core/reg(operator==<5,true>:return#14.sva.3)                                                                                                                                                        operator==<5,true>:return#14.sva.2                                                                                                                                                       0.8870  0.1130                         
    matrix_multiply:core/reg(return.mult_generic<AC_RND_CONV,false>:m_r(8:0)#3.lpi#2.dfm.2)                                                                                                                             return.mult_generic<AC_RND_CONV,false>:m_r(8:0)#3.lpi#2.dfm.1                                                                                                                            0.8870  0.1130                         
    matrix_multiply:core/reg(return.mult_generic<AC_RND_CONV,false>:m_r(9)#3.lpi#2.dfm.2)                                                                                                                               return.mult_generic<AC_RND_CONV,false>:m_r(9)#3.lpi#2.dfm.1                                                                                                                              0.8870  0.1130                         
    matrix_multiply:core/reg(tmp#2.sva.2(15))                                                                                                                                                                           ac_ieee_float_base<binary16>::to_helper_t:slc(tmp#2.sva.1)(15).itm                                                                                                                       0.8870  0.1130                         
    matrix_multiply:core/reg(tmp#6.sva.2(15))                                                                                                                                                                           tmp#6.sva.1(15)                                                                                                                                                                          0.8870  0.1130                         
    matrix_multiply:core/reg(return.mult_generic<AC_RND_CONV,false>:op2_zero#3.sva.1)                                                                                                                                   return.mult_generic<AC_RND_CONV,false>:op2_zero#3.sva#1                                                                                                                                  0.1263  0.8737                         
    matrix_multiply:core/reg(return.mult_generic<AC_RND_CONV,false>:op1_zero#3.sva.1)                                                                                                                                   return.mult_generic<AC_RND_CONV,false>:op1_zero#3.sva#1                                                                                                                                  0.1263  0.8737                         
    matrix_multiply:core/reg(COL:j:slc(COL:j(4:0))(3-0)#1.itm.12)                                                                                                                                                       COL:j:slc(COL:j(4:0))(3-0)#1.itm.11                                                                                                                                                      0.8870  0.1130                         
    matrix_multiply:core/reg(ROW:i:slc(ROW:i(10:0))(9-0)#1.itm.12)                                                                                                                                                      ROW:i:slc(ROW:i(10:0))(9-0)#1.itm.11                                                                                                                                                     0.8870  0.1130                         
    matrix_multiply:core/reg(return.add_generic<AC_RND_CONV,false>:op2_mu#1(9).lpi#2.dfm.6)                                                                                                                             return.add_generic<AC_RND_CONV,false>:op2_mu#1(9).lpi#2.dfm.5                                                                                                                            0.8870  0.1130                         
    matrix_multiply:core/reg(return.add_generic<AC_RND_CONV,false>:op2_mu#1(10).lpi#2.dfm.6)                                                                                                                            return.add_generic<AC_RND_CONV,false>:op2_mu#1(10).lpi#2.dfm.5                                                                                                                           0.8870  0.1130                         
    matrix_multiply:core/reg(return.add_generic<AC_RND_CONV,false>:unequal.tmp#6.6)                                                                                                                                     return.add_generic<AC_RND_CONV,false>:unequal.tmp#6.5                                                                                                                                    0.8870  0.1130                         
    matrix_multiply:core/reg(return.add_generic<AC_RND_CONV,false>:op2_sign.sva.5)                                                                                                                                      return.add_generic<AC_RND_CONV,false>:op2_sign.sva.4                                                                                                                                     0.8870  0.1130                         
    matrix_multiply:core/reg(return.extract#3:m_zero.sva.7)                                                                                                                                                             return.extract#3:m_zero.sva.6                                                                                                                                                            0.8870  0.1130                         
    matrix_multiply:core/reg(operator==<5,true>:return#3.sva.7)                                                                                                                                                         operator==<5,true>:return#3.sva.6                                                                                                                                                        0.8870  0.1130                         
    matrix_multiply:core/reg(return.mult_generic<AC_RND_CONV,false>:m_r(8:0).lpi#2.dfm.6)                                                                                                                               return.mult_generic<AC_RND_CONV,false>:m_r(8:0).lpi#2.dfm.5                                                                                                                              0.8870  0.1130                         
    matrix_multiply:core/reg(return.mult_generic<AC_RND_CONV,false>:m_r(9).lpi#2.dfm.6)                                                                                                                                 return.mult_generic<AC_RND_CONV,false>:m_r(9).lpi#2.dfm.5                                                                                                                                0.8870  0.1130                         
    matrix_multiply:core/reg(return.mult_generic<AC_RND_CONV,false>:exp#1(5:0).lpi#2.dfm#3.3(4:0))                                                                                                                      return.mult_generic<AC_RND_CONV,false>:exp#1(5:0).lpi#2.dfm#3.2(4:0)                                                                                                                     0.8870  0.1130                         
    matrix_multiply:core/reg(return.add_generic<AC_RND_CONV,false>:op2_mu#1(9)#3.lpi#2.dfm.1)                                                                                                                           return.add_generic<AC_RND_CONV,false>:mux#95.itm                                                                                                                                         0.2259  0.7741                         
    matrix_multiply:core/reg(return.add_generic<AC_RND_CONV,false>:op2_mu#1(10)#3.lpi#2.dfm.1)                                                                                                                          return.add_generic<AC_RND_CONV,false>:return.add_generic<AC_RND_CONV,false>:or#20.itm                                                                                                    0.2114  0.7886                         
    matrix_multiply:core/reg(return.add_generic<AC_RND_CONV,false>:unequal.tmp#4.1)                                                                                                                                     return.add_generic<AC_RND_CONV,false>:unequal.tmp#8                                                                                                                                      0.6061  0.3939                         
    matrix_multiply:core/reg(return.extract#3:m_zero#3.sva.2)                                                                                                                                                           return.extract#3:m_zero#3.sva.1                                                                                                                                                          0.8870  0.1130                         
    matrix_multiply:core/reg(operator==<5,true>:return#14.sva.2)                                                                                                                                                        operator==<5,true>:return#14.sva.1                                                                                                                                                       0.8870  0.1130                         
    matrix_multiply:core/reg(return.mult_generic<AC_RND_CONV,false>:m_r(8:0)#3.lpi#2.dfm.1)                                                                                                                             return.mult_generic<AC_RND_CONV,false>:m_r(8:0)#3.lpi#2.dfm#1                                                                                                                            0.1641  0.8359                         
    matrix_multiply:core/reg(return.mult_generic<AC_RND_CONV,false>:m_r(9)#3.lpi#2.dfm.1)                                                                                                                               return.mult_generic<AC_RND_CONV,false>:m_r(9)#3.lpi#2.dfm.1:mx0                                                                                                                          0.1740  0.8260                         
    matrix_multiply:core/reg(return.mult_generic<AC_RND_CONV,false>:lor#16.lpi#2.dfm.1)                                                                                                                                 return.mult_generic<AC_RND_CONV,false>:if#3:return.mult_generic<AC_RND_CONV,false>:if#3:or#5.itm                                                                                        -0.1178  1.1178 (clock period exceeded) 
    matrix_multiply:core/reg(return.mult_generic<AC_RND_CONV,false>:r_nan#3.sva.3)                                                                                                                                      return.mult_generic<AC_RND_CONV,false>:r_nan#3.sva.2                                                                                                                                     0.7088  0.2912                         
    matrix_multiply:core/reg(return.mult_generic<AC_RND_CONV,false>:res_bef_rnd#3(11:1)#3.lpi#2.dfm.1)                                                                                                                  return.mult_generic<AC_RND_CONV,false>:res_bef_rnd#3(11:1)#3.lpi#2.dfm#1                                                                                                                 0.1640  0.8360                         
    matrix_multiply:core/reg(MUL-3:return.mult_generic<AC_RND_CONV,false>:or.itm.1)                                                                                                                                     MUL-3:return.mult_generic<AC_RND_CONV,false>:or.itm                                                                                                                                      0.1640  0.8360                         
    matrix_multiply:core/reg(COL:j:slc(COL:j(4:0))(3-0)#1.itm.11)                                                                                                                                                       COL:j:slc(COL:j(4:0))(3-0)#1.itm.10                                                                                                                                                      0.8870  0.1130                         
    matrix_multiply:core/reg(ROW:i:slc(ROW:i(10:0))(9-0)#1.itm.11)                                                                                                                                                      ROW:i:slc(ROW:i(10:0))(9-0)#1.itm.10                                                                                                                                                     0.8870  0.1130                         
    matrix_multiply:core/reg(return.add_generic<AC_RND_CONV,false>:op2_mu#1(9).lpi#2.dfm.5)                                                                                                                             return.add_generic<AC_RND_CONV,false>:op2_mu#1(9).lpi#2.dfm.4                                                                                                                            0.8870  0.1130                         
    matrix_multiply:core/reg(return.add_generic<AC_RND_CONV,false>:op2_mu#1(10).lpi#2.dfm.5)                                                                                                                            return.add_generic<AC_RND_CONV,false>:op2_mu#1(10).lpi#2.dfm.4                                                                                                                           0.8870  0.1130                         
    matrix_multiply:core/reg(return.add_generic<AC_RND_CONV,false>:unequal.tmp#6.5)                                                                                                                                     return.add_generic<AC_RND_CONV,false>:unequal.tmp#6.4                                                                                                                                    0.8870  0.1130                         
    matrix_multiply:core/reg(return.add_generic<AC_RND_CONV,false>:op2_sign.sva.4)                                                                                                                                      return.add_generic<AC_RND_CONV,false>:op2_sign.sva.3                                                                                                                                     0.8870  0.1130                         
    matrix_multiply:core/reg(return.extract#3:m_zero.sva.6)                                                                                                                                                             return.extract#3:m_zero.sva.5                                                                                                                                                            0.8870  0.1130                         
    matrix_multiply:core/reg(operator==<5,true>:return#3.sva.6)                                                                                                                                                         operator==<5,true>:return#3.sva.5                                                                                                                                                        0.8870  0.1130                         
    matrix_multiply:core/reg(return.mult_generic<AC_RND_CONV,false>:m_r(8:0).lpi#2.dfm.5)                                                                                                                               return.mult_generic<AC_RND_CONV,false>:m_r(8:0).lpi#2.dfm.4                                                                                                                              0.8870  0.1130                         
    matrix_multiply:core/reg(return.mult_generic<AC_RND_CONV,false>:m_r(9).lpi#2.dfm.5)                                                                                                                                 return.mult_generic<AC_RND_CONV,false>:m_r(9).lpi#2.dfm.4                                                                                                                                0.8870  0.1130                         
    matrix_multiply:core/reg(return.mult_generic<AC_RND_CONV,false>:exp#1(5:0).lpi#2.dfm#3.2(4:0))                                                                                                                      return.mult_generic<AC_RND_CONV,false>:exp#1(5:0).lpi#2.dfm#3.1(4:0)                                                                                                                     0.8870  0.1130                         
    matrix_multiply:core/reg(return.extract#3:m_zero#3.sva.1)                                                                                                                                                           MUL-3:return.extract#3:m_zero:return.extract#3:m_zero:nor.itm                                                                                                                            0.1641  0.8359                         
    matrix_multiply:core/reg(operator==<5,true>:return#14.sva.1)                                                                                                                                                        MUL-3:operator==<5,true>#3:operator==<5,true>#3:and.itm                                                                                                                                  0.7094  0.2906                         
    matrix_multiply:core/reg(tmp#6.sva.1(15))                                                                                                                                                                           ac_ieee_float_base<binary16>::to_helper_t#1:slc(B.d:rsc(2)(0)i.q_d)(15).itm                                                                                                              0.5000  0.5000                         
    matrix_multiply:core/reg(return.mult_generic<AC_RND_CONV,false>:do_shift_left_1#3)                                                                                                                                  MUL-3:return.mult_generic<AC_RND_CONV,false>:if:acc#1.itm(6)                                                                                                                            -0.0461  1.0461 (clock period exceeded) 
    matrix_multiply:core/reg(MUL-3:return.mult_generic<AC_RND_CONV,false>:else#1:sticky_bit:return.mult_generic<AC_RND_CONV,false>:else#1:sticky_bit:return.mult_generic<AC_RND_CONV,false>:else#1:sticky_bit:or.itm.1) MUL-3:return.mult_generic<AC_RND_CONV,false>:else#1:sticky_bit:return.mult_generic<AC_RND_CONV,false>:else#1:sticky_bit:return.mult_generic<AC_RND_CONV,false>:else#1:sticky_bit:or.itm -0.1084  1.1084 (clock period exceeded) 
    matrix_multiply:core/reg(COL:j:slc(COL:j(4:0))(3-0)#1.itm.10)                                                                                                                                                       COL:j:slc(COL:j(4:0))(3-0)#1.itm.9                                                                                                                                                       0.8870  0.1130                         
    matrix_multiply:core/reg(ROW:i:slc(ROW:i(10:0))(9-0)#1.itm.10)                                                                                                                                                      ROW:i:slc(ROW:i(10:0))(9-0)#1.itm.9                                                                                                                                                      0.8870  0.1130                         
    matrix_multiply:core/reg(return.add_generic<AC_RND_CONV,false>:op2_mu#1(9).lpi#2.dfm.4)                                                                                                                             return.add_generic<AC_RND_CONV,false>:op2_mu#1(9).lpi#2.dfm.3                                                                                                                            0.8870  0.1130                         
    matrix_multiply:core/reg(return.add_generic<AC_RND_CONV,false>:op2_mu#1(10).lpi#2.dfm.4)                                                                                                                            return.add_generic<AC_RND_CONV,false>:op2_mu#1(10).lpi#2.dfm.3                                                                                                                           0.8870  0.1130                         
    matrix_multiply:core/reg(return.add_generic<AC_RND_CONV,false>:unequal.tmp#6.4)                                                                                                                                     return.add_generic<AC_RND_CONV,false>:unequal.tmp#6.3                                                                                                                                    0.8870  0.1130                         
    matrix_multiply:core/reg(return.add_generic<AC_RND_CONV,false>:op2_sign.sva.3)                                                                                                                                      return.add_generic<AC_RND_CONV,false>:op2_sign.sva.2                                                                                                                                     0.8870  0.1130                         
    matrix_multiply:core/reg(return.extract#3:m_zero.sva.5)                                                                                                                                                             return.extract#3:m_zero.sva.4                                                                                                                                                            0.8870  0.1130                         
    matrix_multiply:core/reg(operator==<5,true>:return#3.sva.5)                                                                                                                                                         operator==<5,true>:return#3.sva.4                                                                                                                                                        0.8870  0.1130                         
    matrix_multiply:core/reg(return.mult_generic<AC_RND_CONV,false>:m_r(8:0).lpi#2.dfm.4)                                                                                                                               return.mult_generic<AC_RND_CONV,false>:m_r(8:0).lpi#2.dfm.3                                                                                                                              0.8870  0.1130                         
    matrix_multiply:core/reg(return.mult_generic<AC_RND_CONV,false>:m_r(9).lpi#2.dfm.4)                                                                                                                                 return.mult_generic<AC_RND_CONV,false>:m_r(9).lpi#2.dfm.3                                                                                                                                0.8870  0.1130                         
    matrix_multiply:core/reg(return.mult_generic<AC_RND_CONV,false>:exp#1(5:0).lpi#2.dfm#3.1(4:0))                                                                                                                      return.mult_generic<AC_RND_CONV,false>:exp#1(5:0).lpi#2.dfm#3(4:0)#1                                                                                                                     0.6061  0.3939                         
    matrix_multiply:core/reg(return.mult_generic<AC_RND_CONV,false>:exp#1(5:0).lpi#2.dfm#2.1(4:0))                                                                                                                      return.mult_generic<AC_RND_CONV,false>:else#2:else:return.mult_generic<AC_RND_CONV,false>:else#2:else:and#3.itm                                                                         -0.0499  1.0499 (clock period exceeded) 
    matrix_multiply:core/reg(return.mult_generic<AC_RND_CONV,false>:lor#1.lpi#2.dfm.1)                                                                                                                                  return.mult_generic<AC_RND_CONV,false>:if#2:return.mult_generic<AC_RND_CONV,false>:if#2:or#3.itm                                                                                        -0.1138  1.1138 (clock period exceeded) 
    matrix_multiply:core/reg(COL:j:slc(COL:j(4:0))(3-0)#1.itm.9)                                                                                                                                                        COL:j:slc(COL:j(4:0))(3-0)#1.itm.8                                                                                                                                                       0.8870  0.1130                         
    matrix_multiply:core/reg(ROW:i:slc(ROW:i(10:0))(9-0)#1.itm.9)                                                                                                                                                       ROW:i:slc(ROW:i(10:0))(9-0)#1.itm.8                                                                                                                                                      0.8870  0.1130                         
    matrix_multiply:core/reg(return.add_generic<AC_RND_CONV,false>:op2_mu#1(9).lpi#2.dfm.3)                                                                                                                             return.add_generic<AC_RND_CONV,false>:op2_mu#1(9).lpi#2.dfm.2                                                                                                                            0.8870  0.1130                         
    matrix_multiply:core/reg(return.add_generic<AC_RND_CONV,false>:op2_mu#1(10).lpi#2.dfm.3)                                                                                                                            return.add_generic<AC_RND_CONV,false>:op2_mu#1(10).lpi#2.dfm.2                                                                                                                           0.8870  0.1130                         
    matrix_multiply:core/reg(return.add_generic<AC_RND_CONV,false>:unequal.tmp#6.3)                                                                                                                                     return.add_generic<AC_RND_CONV,false>:unequal.tmp#6.2                                                                                                                                    0.8870  0.1130                         
    matrix_multiply:core/reg(return.add_generic<AC_RND_CONV,false>:op2_sign.sva.2)                                                                                                                                      return.add_generic<AC_RND_CONV,false>:op2_sign.sva.1                                                                                                                                     0.8870  0.1130                         
    matrix_multiply:core/reg(return.extract#3:m_zero.sva.4)                                                                                                                                                             return.extract#3:m_zero.sva.3                                                                                                                                                            0.8870  0.1130                         
    matrix_multiply:core/reg(operator==<5,true>:return#3.sva.4)                                                                                                                                                         operator==<5,true>:return#3.sva.3                                                                                                                                                        0.8870  0.1130                         
    matrix_multiply:core/reg(return.mult_generic<AC_RND_CONV,false>:m_r(8:0).lpi#2.dfm.3)                                                                                                                               return.mult_generic<AC_RND_CONV,false>:m_r(8:0).lpi#2.dfm.2                                                                                                                              0.8870  0.1130                         
    matrix_multiply:core/reg(return.mult_generic<AC_RND_CONV,false>:m_r(9).lpi#2.dfm.3)                                                                                                                                 return.mult_generic<AC_RND_CONV,false>:m_r(9).lpi#2.dfm.2                                                                                                                                0.8870  0.1130                         
    matrix_multiply:core/reg(return.mult_generic<AC_RND_CONV,false>:op1_zero.sva.2)                                                                                                                                     return.mult_generic<AC_RND_CONV,false>:op1_zero.sva.1                                                                                                                                    0.5473  0.4527                         
    matrix_multiply:core/reg(return.mult_generic<AC_RND_CONV,false>:op2_zero.sva.2)                                                                                                                                     return.mult_generic<AC_RND_CONV,false>:op2_zero.sva.1                                                                                                                                    0.5473  0.4527                         
    matrix_multiply:core/reg(COL:j:slc(COL:j(4:0))(3-0)#1.itm.8)                                                                                                                                                        COL:j:slc(COL:j(4:0))(3-0)#1.itm.7                                                                                                                                                       0.8870  0.1130                         
    matrix_multiply:core/reg(ROW:i:slc(ROW:i(10:0))(9-0)#1.itm.8)                                                                                                                                                       ROW:i:slc(ROW:i(10:0))(9-0)#1.itm.7                                                                                                                                                      0.8870  0.1130                         
    matrix_multiply:core/reg(return.add_generic<AC_RND_CONV,false>:op2_mu#1(9).lpi#2.dfm.2)                                                                                                                             return.add_generic<AC_RND_CONV,false>:op2_mu#1(9).lpi#2.dfm.1                                                                                                                            0.8870  0.1130                         
    matrix_multiply:core/reg(return.add_generic<AC_RND_CONV,false>:op2_mu#1(10).lpi#2.dfm.2)                                                                                                                            return.add_generic<AC_RND_CONV,false>:op2_mu#1(10).lpi#2.dfm.1                                                                                                                           0.8870  0.1130                         
    matrix_multiply:core/reg(return.add_generic<AC_RND_CONV,false>:unequal.tmp#6.2)                                                                                                                                     return.add_generic<AC_RND_CONV,false>:unequal.tmp#6.1                                                                                                                                    0.8870  0.1130                         
    matrix_multiply:core/reg(return.add_generic<AC_RND_CONV,false>:op2_sign.sva.1)                                                                                                                                      MUL-4:return.mult_generic<AC_RND_CONV,false>:r_sign:return.mult_generic<AC_RND_CONV,false>:r_sign:xor.itm                                                                                0.7410  0.2590                         
    matrix_multiply:core/reg(return.extract#3:m_zero.sva.3)                                                                                                                                                             return.extract#3:m_zero.sva.2                                                                                                                                                            0.8870  0.1130                         
    matrix_multiply:core/reg(operator==<5,true>:return#3.sva.3)                                                                                                                                                         operator==<5,true>:return#3.sva.2                                                                                                                                                        0.8870  0.1130                         
    matrix_multiply:core/reg(return.mult_generic<AC_RND_CONV,false>:m_r(8:0).lpi#2.dfm.2)                                                                                                                               return.mult_generic<AC_RND_CONV,false>:m_r(8:0).lpi#2.dfm.1                                                                                                                              0.8870  0.1130                         
    matrix_multiply:core/reg(return.mult_generic<AC_RND_CONV,false>:m_r(9).lpi#2.dfm.2)                                                                                                                                 return.mult_generic<AC_RND_CONV,false>:m_r(9).lpi#2.dfm.1                                                                                                                                0.8870  0.1130                         
    matrix_multiply:core/reg(tmp#3.sva.2(15))                                                                                                                                                                           ac_ieee_float_base<binary16>::to_helper_t:slc(tmp#3.sva.1)(15).itm                                                                                                                       0.8870  0.1130                         
    matrix_multiply:core/reg(tmp#7.sva.2(15))                                                                                                                                                                           tmp#7.sva.1(15)                                                                                                                                                                          0.8870  0.1130                         
    matrix_multiply:core/reg(return.mult_generic<AC_RND_CONV,false>:op2_zero.sva.1)                                                                                                                                     return.mult_generic<AC_RND_CONV,false>:op2_zero.sva#1                                                                                                                                    0.1263  0.8737                         
    matrix_multiply:core/reg(return.mult_generic<AC_RND_CONV,false>:op1_zero.sva.1)                                                                                                                                     return.mult_generic<AC_RND_CONV,false>:op1_zero.sva#1                                                                                                                                    0.1263  0.8737                         
    matrix_multiply:core/reg(COL:j:slc(COL:j(4:0))(3-0)#1.itm.7)                                                                                                                                                        COL:j:slc(COL:j(4:0))(3-0)#1.itm.6                                                                                                                                                       0.8870  0.1130                         
    matrix_multiply:core/reg(ROW:i:slc(ROW:i(10:0))(9-0)#1.itm.7)                                                                                                                                                       ROW:i:slc(ROW:i(10:0))(9-0)#1.itm.6                                                                                                                                                      0.8870  0.1130                         
    matrix_multiply:core/reg(return.add_generic<AC_RND_CONV,false>:op2_mu#1(9).lpi#2.dfm.1)                                                                                                                             return.add_generic<AC_RND_CONV,false>:mux#96.itm                                                                                                                                         0.2259  0.7741                         
    matrix_multiply:core/reg(return.add_generic<AC_RND_CONV,false>:op2_mu#1(10).lpi#2.dfm.1)                                                                                                                            return.add_generic<AC_RND_CONV,false>:return.add_generic<AC_RND_CONV,false>:or#21.itm                                                                                                    0.2114  0.7886                         
    matrix_multiply:core/reg(return.add_generic<AC_RND_CONV,false>:unequal.tmp#6.1)                                                                                                                                     return.add_generic<AC_RND_CONV,false>:unequal.tmp#9                                                                                                                                      0.6061  0.3939                         
    matrix_multiply:core/reg(return.extract#3:m_zero.sva.2)                                                                                                                                                             return.extract#3:m_zero.sva.1                                                                                                                                                            0.8870  0.1130                         
    matrix_multiply:core/reg(operator==<5,true>:return#3.sva.2)                                                                                                                                                         operator==<5,true>:return#3.sva.1                                                                                                                                                        0.8870  0.1130                         
    matrix_multiply:core/reg(return.mult_generic<AC_RND_CONV,false>:m_r(8:0).lpi#2.dfm.1)                                                                                                                               return.mult_generic<AC_RND_CONV,false>:m_r(8:0).lpi#2.dfm#1                                                                                                                              0.1641  0.8359                         
    matrix_multiply:core/reg(return.mult_generic<AC_RND_CONV,false>:m_r(9).lpi#2.dfm.1)                                                                                                                                 return.mult_generic<AC_RND_CONV,false>:m_r(9).lpi#2.dfm.1:mx0                                                                                                                            0.1740  0.8260                         
    matrix_multiply:core/reg(return.mult_generic<AC_RND_CONV,false>:lor#4.lpi#2.dfm.1)                                                                                                                                  return.mult_generic<AC_RND_CONV,false>:if#3:return.mult_generic<AC_RND_CONV,false>:if#3:or#7.itm                                                                                        -0.1178  1.1178 (clock period exceeded) 
    matrix_multiply:core/reg(return.mult_generic<AC_RND_CONV,false>:r_nan.sva.3)                                                                                                                                        return.mult_generic<AC_RND_CONV,false>:r_nan.sva.2                                                                                                                                       0.7088  0.2912                         
    matrix_multiply:core/reg(return.mult_generic<AC_RND_CONV,false>:res_bef_rnd#3(11:1).lpi#2.dfm.1)                                                                                                                    return.mult_generic<AC_RND_CONV,false>:res_bef_rnd#3(11:1).lpi#2.dfm#1                                                                                                                   0.1640  0.8360                         
    matrix_multiply:core/reg(MUL-4:return.mult_generic<AC_RND_CONV,false>:or.itm.1)                                                                                                                                     MUL-4:return.mult_generic<AC_RND_CONV,false>:or.itm                                                                                                                                      0.1640  0.8360                         
    matrix_multiply:core/reg(COL:j:slc(COL:j(4:0))(3-0)#1.itm.6)                                                                                                                                                        COL:j:slc(COL:j(4:0))(3-0)#1.itm.5                                                                                                                                                       0.8870  0.1130                         
    matrix_multiply:core/reg(ROW:i:slc(ROW:i(10:0))(9-0)#1.itm.6)                                                                                                                                                       ROW:i:slc(ROW:i(10:0))(9-0)#1.itm.5                                                                                                                                                      0.8870  0.1130                         
    matrix_multiply:core/reg(return.extract#3:m_zero.sva.1)                                                                                                                                                             MUL-4:return.extract#3:m_zero:return.extract#3:m_zero:nor.itm                                                                                                                            0.1641  0.8359                         
    matrix_multiply:core/reg(operator==<5,true>:return#3.sva.1)                                                                                                                                                         MUL-4:operator==<5,true>#3:operator==<5,true>#3:and.itm                                                                                                                                  0.7094  0.2906                         
    matrix_multiply:core/reg(tmp#7.sva.1(15))                                                                                                                                                                           ac_ieee_float_base<binary16>::to_helper_t#1:slc(B.d:rsc(3)(0)i.q_d)(15).itm                                                                                                              0.5000  0.5000                         
    matrix_multiply:core/reg(return.mult_generic<AC_RND_CONV,false>:do_shift_left_1)                                                                                                                                    MUL-4:return.mult_generic<AC_RND_CONV,false>:if:acc#1.itm(6)                                                                                                                            -0.0461  1.0461 (clock period exceeded) 
    matrix_multiply:core/reg(MUL-4:return.mult_generic<AC_RND_CONV,false>:else#1:sticky_bit:return.mult_generic<AC_RND_CONV,false>:else#1:sticky_bit:return.mult_generic<AC_RND_CONV,false>:else#1:sticky_bit:or.itm.1) MUL-4:return.mult_generic<AC_RND_CONV,false>:else#1:sticky_bit:return.mult_generic<AC_RND_CONV,false>:else#1:sticky_bit:return.mult_generic<AC_RND_CONV,false>:else#1:sticky_bit:or.itm -0.1084  1.1084 (clock period exceeded) 
    matrix_multiply:core/reg(COL:j:slc(COL:j(4:0))(3-0)#1.itm.5)                                                                                                                                                        COL:j:slc(COL:j(4:0))(3-0)#1.itm.4                                                                                                                                                       0.8870  0.1130                         
    matrix_multiply:core/reg(ROW:i:slc(ROW:i(10:0))(9-0)#1.itm.5)                                                                                                                                                       ROW:i:slc(ROW:i(10:0))(9-0)#1.itm.4                                                                                                                                                      0.8870  0.1130                         
    matrix_multiply:core/reg(COL:j:slc(COL:j(4:0))(3-0)#1.itm.4)                                                                                                                                                        COL:j:slc(COL:j(4:0))(3-0)#1.itm.3                                                                                                                                                       0.8870  0.1130                         
    matrix_multiply:core/reg(ROW:i:slc(ROW:i(10:0))(9-0)#1.itm.4)                                                                                                                                                       ROW:i:slc(ROW:i(10:0))(9-0)#1.itm.3                                                                                                                                                      0.8870  0.1130                         
    matrix_multiply:core/reg(COL:j:slc(COL:j(4:0))(3-0)#1.itm.3)                                                                                                                                                        COL:j:slc(COL:j(4:0))(3-0)#1.itm.2                                                                                                                                                       0.8870  0.1130                         
    matrix_multiply:core/reg(ROW:i:slc(ROW:i(10:0))(9-0)#1.itm.3)                                                                                                                                                       ROW:i:slc(ROW:i(10:0))(9-0)#1.itm.2                                                                                                                                                      0.8870  0.1130                         
    matrix_multiply:core/reg(COL:j:slc(COL:j(4:0))(3-0)#1.itm.2)                                                                                                                                                        COL:j:slc(COL:j(4:0))(3-0)#1.itm.1                                                                                                                                                       0.8870  0.1130                         
    matrix_multiply:core/reg(ROW:i:slc(ROW:i(10:0))(9-0)#1.itm.2)                                                                                                                                                       ROW:i:slc(ROW:i(10:0))(9-0)#1.itm.1                                                                                                                                                      0.8870  0.1130                         
    matrix_multiply:core/reg(COL:j:slc(COL:j(4:0))(3-0)#1.itm.1)                                                                                                                                                        COL:j(4:0).sva(3:0)                                                                                                                                                                      0.4546  0.5454                         
    matrix_multiply:core/reg(ROW:i:slc(ROW:i(10:0))(9-0)#1.itm.1)                                                                                                                                                       ROW:i(10:0).sva(9:0)                                                                                                                                                                     0.0048  0.9952                         
    matrix_multiply:core/reg(return.add_generic<AC_RND_CONV,false>:ls.sva.2)                                                                                                                                            return.add_generic<AC_RND_CONV,false>:ls:slc(return.add_generic<AC_RND_CONV,false>:ls.sva.1)(3).itm                                                                                      0.8870  0.1130                         
    matrix_multiply:core/reg(return.add_generic<AC_RND_CONV,false>:ls.sva.2)#1                                                                                                                                          return.add_generic<AC_RND_CONV,false>:ls:mux#3.itm                                                                                                                                       0.1328  0.8672                         
    matrix_multiply:core/reg(return.add_generic<AC_RND_CONV,false>:ls#3.sva.2)                                                                                                                                          return.add_generic<AC_RND_CONV,false>:ls:slc(return.add_generic<AC_RND_CONV,false>:ls#3.sva.1)(3).itm                                                                                    0.8870  0.1130                         
    matrix_multiply:core/reg(return.add_generic<AC_RND_CONV,false>:ls#3.sva.2)#1                                                                                                                                        return.add_generic<AC_RND_CONV,false>:ls:mux#4.itm                                                                                                                                       0.1294  0.8706                         
    matrix_multiply:core/reg(return.add_generic<AC_RND_CONV,false>:ls#2.sva.2)                                                                                                                                          return.add_generic<AC_RND_CONV,false>:ls:slc(return.add_generic<AC_RND_CONV,false>:ls#2.sva.1)(3).itm                                                                                    0.8870  0.1130                         
    matrix_multiply:core/reg(return.add_generic<AC_RND_CONV,false>:ls#2.sva.2)#1                                                                                                                                        return.add_generic<AC_RND_CONV,false>:ls:mux#5.itm                                                                                                                                       0.1328  0.8672                         
    matrix_multiply                                                                                                                                                                                                     A.d:rsc(0)(0).radr                                                                                                                                                                       0.8770  0.1230                         
    matrix_multiply                                                                                                                                                                                                     A.d:rsc(0)(0).re                                                                                                                                                                         0.8025  0.1975                         
    matrix_multiply                                                                                                                                                                                                     A.d.tri(0)(0)osy.lz                                                                                                                                                                      0.8870  0.1130                         
    matrix_multiply                                                                                                                                                                                                     A.d:rsc(0)(1).radr                                                                                                                                                                       0.8770  0.1230                         
    matrix_multiply                                                                                                                                                                                                     A.d:rsc(0)(1).re                                                                                                                                                                         0.8025  0.1975                         
    matrix_multiply                                                                                                                                                                                                     A.d.tri(0)(1)osy.lz                                                                                                                                                                      0.8870  0.1130                         
    matrix_multiply                                                                                                                                                                                                     A.d:rsc(0)(2).radr                                                                                                                                                                       0.8770  0.1230                         
    matrix_multiply                                                                                                                                                                                                     A.d:rsc(0)(2).re                                                                                                                                                                         0.8025  0.1975                         
    matrix_multiply                                                                                                                                                                                                     A.d.tri(0)(2)osy.lz                                                                                                                                                                      0.8870  0.1130                         
    matrix_multiply                                                                                                                                                                                                     A.d:rsc(0)(3).radr                                                                                                                                                                       0.8770  0.1230                         
    matrix_multiply                                                                                                                                                                                                     A.d:rsc(0)(3).re                                                                                                                                                                         0.8025  0.1975                         
    matrix_multiply                                                                                                                                                                                                     A.d.tri(0)(3)osy.lz                                                                                                                                                                      0.8870  0.1130                         
    matrix_multiply                                                                                                                                                                                                     B.d:rsc(0)(0).radr                                                                                                                                                                       0.8770  0.1230                         
    matrix_multiply                                                                                                                                                                                                     B.d:rsc(0)(0).re                                                                                                                                                                         0.8025  0.1975                         
    matrix_multiply                                                                                                                                                                                                     B.d.tri(0)(0)osy.lz                                                                                                                                                                      0.8870  0.1130                         
    matrix_multiply                                                                                                                                                                                                     B.d:rsc(1)(0).radr                                                                                                                                                                       0.8770  0.1230                         
    matrix_multiply                                                                                                                                                                                                     B.d:rsc(1)(0).re                                                                                                                                                                         0.8025  0.1975                         
    matrix_multiply                                                                                                                                                                                                     B.d.tri(1)(0)osy.lz                                                                                                                                                                      0.8870  0.1130                         
    matrix_multiply                                                                                                                                                                                                     B.d:rsc(2)(0).radr                                                                                                                                                                       0.8770  0.1230                         
    matrix_multiply                                                                                                                                                                                                     B.d:rsc(2)(0).re                                                                                                                                                                         0.8025  0.1975                         
    matrix_multiply                                                                                                                                                                                                     B.d.tri(2)(0)osy.lz                                                                                                                                                                      0.8870  0.1130                         
    matrix_multiply                                                                                                                                                                                                     B.d:rsc(3)(0).radr                                                                                                                                                                       0.8770  0.1230                         
    matrix_multiply                                                                                                                                                                                                     B.d:rsc(3)(0).re                                                                                                                                                                         0.8025  0.1975                         
    matrix_multiply                                                                                                                                                                                                     B.d.tri(3)(0)osy.lz                                                                                                                                                                      0.8870  0.1130                         
    matrix_multiply                                                                                                                                                                                                     C.d:rsc.wadr                                                                                                                                                                             0.8770  0.1230                         
    matrix_multiply                                                                                                                                                                                                     C.d:rsc.d                                                                                                                                                                                0.6725  0.3275                         
    matrix_multiply                                                                                                                                                                                                     C.d:rsc.we                                                                                                                                                                               0.8025  0.1975                         
    matrix_multiply                                                                                                                                                                                                     C.d.triosy.lz                                                                                                                                                                            0.8870  0.1130                         
    
Operator Bitwidth Summary
  Operation                                                  Size (bits) Count 
  ---------------------------------------------------------- ----------- -----
  add                                                                          
  -                                                                    7    16 
  -                                                                    6    27 
  -                                                                    5     1 
  -                                                                    4     4 
  -                                                                   15     4 
  -                                                                   12     4 
  -                                                                   11     5 
  -                                                                   10     4 
  and                                                                          
  -                                                                    9     8 
  -                                                                    8     2 
  -                                                                    6     8 
  -                                                                    5     4 
  -                                                                    4     9 
  -                                                                   10     2 
  -                                                                    1   344 
  equal                                                                        
  -                                                                    1     6 
  leading_sign_11_0_383f46be475a326c2ce5b300dcbc95271636                       
  -                                                                    4     4 
  leading_sign_15_0_1_0_e5c871125d0d1a1d63eeac9b3df3e1831c53                   
  -                                                                    1     4 
  lshift                                                                       
  -                                                                   22     4 
  -                                                                   15     4 
  -                                                                   13     4 
  -                                                                   11     4 
  mul                                                                          
  -                                                                   22     4 
  mux                                                                          
  -                                                                    8    13 
  -                                                                    6     3 
  -                                                                    5     4 
  -                                                                    4    12 
  -                                                                    3     3 
  -                                                                    2     3 
  -                                                                   13     4 
  -                                                                   10     4 
  -                                                                    1    81 
  mux1h                                                                        
  -                                                                   11     4 
  nand                                                                         
  -                                                                    1    50 
  nor                                                                          
  -                                                                    1   148 
  not                                                                          
  -                                                                    9     4 
  -                                                                    7     4 
  -                                                                    6     4 
  -                                                                    5     4 
  -                                                                    4    19 
  -                                                                    3     4 
  -                                                                   13     4 
  -                                                                    1   259 
  or                                                                           
  -                                                                    5     4 
  -                                                                    4     8 
  -                                                                    1   162 
  read_sync                                                                    
  -                                                                    0     9 
  reg                                                                          
  -                                                                    9    33 
  -                                                                    8     8 
  -                                                                    7     8 
  -                                                                    6     8 
  -                                                                    5    37 
  -                                                                    4    51 
  -                                                                    3     3 
  -                                                                   22     4 
  -                                                                   16     3 
  -                                                                   15    13 
  -                                                                   11     4 
  -                                                                   10    34 
  -                                                                    1   513 
  rshift                                                                       
  -                                                                   14     4 
  -                                                                   12     4 
  xor                                                                          
  -                                                                    1     7 
  
End of Report
