
                            Design Compiler (R) NXT 

              Version T-2022.03-SP5-5 for linux64 - Jun 13, 2023 

                    Copyright (c) 1988 - 2023 Synopsys, Inc.
   This software and the associated documentation are proprietary to Synopsys,
 Inc. This software may only be used in accordance with the terms and conditions
 of a written license agreement with Synopsys, Inc. All other use, reproduction,
   or distribution of this software is strictly prohibited.  Licensed Products
     communicate with Synopsys servers for the purpose of providing software
    updates, detecting software piracy and verifying that customers are using
    Licensed Products in conformity with the applicable License Key for such
  Licensed Products. Synopsys will use information gathered in connection with
    this process to deliver software updates and pursue software pirates and
                                   infringers.

 Inclusivity & Diversity - Visit SolvNetPlus to read the "Synopsys Statement on
            Inclusivity and Diversity" (Refer to article 000036315 at
                        https://solvnetplus.synopsys.com)
Initializing...
Starting shell in Topographical mode...
Initializing gui preferences from file  /home/ajh9498/.synopsys_dc_gui/preferences.tcl
source setup.tcl
Information: Loading technology file '/home/ajh9498/Documents/SALSA_HLS/FIR/syn/ref/tech/saed32nm_1p9m.tf' (FILE-007)
Warning: Technology used to create frame-view and current technology have inconsistency: Fat table contents are different. (FRAM-054)
Warning: Technology 'saed32nm_1p9m_mw.tf' used for frame-view creation in library 'saed32_lvt|saed32_lvt_std', is inconsistent with the current technology 'saed32nm_1p9m.tf' of library 'fir_core.dlib'. Please run derive_design_level_via_regions to generate up-do-date via region in the design library. (NDM-102)
Warning: Technology used to create frame-view and current technology have inconsistency: Fat table contents are different. (FRAM-054)
Warning: Technology 'saed32nm_1p9m_mw.tf' used for frame-view creation in library 'saed32_lvt|saed32_lvt_lsup', is inconsistent with the current technology 'saed32nm_1p9m.tf' of library 'fir_core.dlib'. Please run derive_design_level_via_regions to generate up-do-date via region in the design library. (NDM-102)
Warning: Technology used to create frame-view and current technology have inconsistency: Fat table contents are different. (FRAM-054)
Warning: Technology 'saed32nm_1p9m_mw.tf' used for frame-view creation in library 'saed32_lvt|saed32_lvt_lsdn', is inconsistent with the current technology 'saed32nm_1p9m.tf' of library 'fir_core.dlib'. Please run derive_design_level_via_regions to generate up-do-date via region in the design library. (NDM-102)
Warning: Technology used to create frame-view and current technology have inconsistency: Fat table contents are different. (FRAM-054)
Warning: Technology 'saed32nm_1p9m_mw.tf' used for frame-view creation in library 'saed32_lvt|saed32_lvt_pg', is inconsistent with the current technology 'saed32nm_1p9m.tf' of library 'fir_core.dlib'. Please run derive_design_level_via_regions to generate up-do-date via region in the design library. (NDM-102)
Information: Using technology 'saed32nm_1p9m.tf' to derive design library via region in the frame-views of library 'saed32_lvt|saed32_lvt_std'. (FRAM-088)
Warning: There is no via region created in block 'AND2X1_LVT.frame'. Please check your design and settings.  (FRAM-069)
Warning: There is no via region created in block 'AND2X2_LVT.frame'. Please check your design and settings.  (FRAM-069)
Warning: There is no via region created in block 'AND2X4_LVT.frame'. Please check your design and settings.  (FRAM-069)
Warning: There is no via region created in block 'AND3X1_LVT.frame'. Please check your design and settings.  (FRAM-069)
Warning: There is no via region created in block 'AND3X2_LVT.frame'. Please check your design and settings.  (FRAM-069)
Warning: There is no via region created in block 'AND3X4_LVT.frame'. Please check your design and settings.  (FRAM-069)
Warning: There is no via region created in block 'AND4X1_LVT.frame'. Please check your design and settings.  (FRAM-069)
Warning: There is no via region created in block 'AND4X2_LVT.frame'. Please check your design and settings.  (FRAM-069)
Warning: There is no via region created in block 'AND4X4_LVT.frame'. Please check your design and settings.  (FRAM-069)
Warning: There is no via region created in block 'ANTENNA_LVT.frame'. Please check your design and settings.  (FRAM-069)
Warning: There is no via region created in block 'AO222X2_LVT.frame'. Please check your design and settings.  (FRAM-069)
Warning: There is no via region created in block 'AOBUFX1_LVT.frame'. Please check your design and settings.  (FRAM-069)
Warning: There is no via region created in block 'AOBUFX2_LVT.frame'. Please check your design and settings.  (FRAM-069)
Warning: There is no via region created in block 'AOBUFX4_LVT.frame'. Please check your design and settings.  (FRAM-069)
Warning: There is no via region created in block 'AOINVX1_LVT.frame'. Please check your design and settings.  (FRAM-069)
Warning: There is no via region created in block 'AOINVX2_LVT.frame'. Please check your design and settings.  (FRAM-069)
Warning: There is no via region created in block 'AOINVX4_LVT.frame'. Please check your design and settings.  (FRAM-069)
Warning: There is no via region created in block 'BSLEX1_LVT.frame'. Please check your design and settings.  (FRAM-069)
Warning: There is no via region created in block 'BSLEX2_LVT.frame'. Please check your design and settings.  (FRAM-069)
Warning: There is no via region created in block 'BSLEX4_LVT.frame'. Please check your design and settings.  (FRAM-069)
Warning: There is no via region created in block 'BUSKP_LVT.frame'. Please check your design and settings.  (FRAM-069)
Warning: There is no via region created in block 'CLOAD1_LVT.frame'. Please check your design and settings.  (FRAM-069)
Warning: There is no via region created in block 'DEC24X1_LVT.frame'. Please check your design and settings.  (FRAM-069)
Warning: There is no via region created in block 'DEC24X2_LVT.frame'. Please check your design and settings.  (FRAM-069)
Warning: There is no via region created in block 'DELLN1X2_LVT.frame'. Please check your design and settings.  (FRAM-069)
Warning: There is no via region created in block 'DELLN2X2_LVT.frame'. Please check your design and settings.  (FRAM-069)
Warning: There is no via region created in block 'DELLN3X2_LVT.frame'. Please check your design and settings.  (FRAM-069)
Warning: There is no via region created in block 'FADDX1_LVT.frame'. Please check your design and settings.  (FRAM-069)
Warning: There is no via region created in block 'FADDX2_LVT.frame'. Please check your design and settings.  (FRAM-069)
Warning: There is no via region created in block 'HADDX1_LVT.frame'. Please check your design and settings.  (FRAM-069)
Warning: There is no via region created in block 'HADDX2_LVT.frame'. Please check your design and settings.  (FRAM-069)
Warning: There is no via region created in block 'IBUFFX16_LVT.frame'. Please check your design and settings.  (FRAM-069)
Warning: There is no via region created in block 'IBUFFX2_LVT.frame'. Please check your design and settings.  (FRAM-069)
Warning: There is no via region created in block 'IBUFFX32_LVT.frame'. Please check your design and settings.  (FRAM-069)
Warning: There is no via region created in block 'IBUFFX4_LVT.frame'. Please check your design and settings.  (FRAM-069)
Warning: There is no via region created in block 'IBUFFX8_LVT.frame'. Please check your design and settings.  (FRAM-069)
Warning: There is no via region created in block 'INVX0_LVT.frame'. Please check your design and settings.  (FRAM-069)
Warning: There is no via region created in block 'INVX16_LVT.frame'. Please check your design and settings.  (FRAM-069)
Warning: There is no via region created in block 'INVX1_LVT.frame'. Please check your design and settings.  (FRAM-069)
Warning: There is no via region created in block 'INVX2_LVT.frame'. Please check your design and settings.  (FRAM-069)
Warning: There is no via region created in block 'INVX32_LVT.frame'. Please check your design and settings.  (FRAM-069)
Warning: There is no via region created in block 'INVX4_LVT.frame'. Please check your design and settings.  (FRAM-069)
Warning: There is no via region created in block 'INVX8_LVT.frame'. Please check your design and settings.  (FRAM-069)
Warning: There is no via region created in block 'ISOLANDAOX1_LVT.frame'. Please check your design and settings.  (FRAM-069)
Warning: There is no via region created in block 'ISOLANDAOX2_LVT.frame'. Please check your design and settings.  (FRAM-069)
Warning: There is no via region created in block 'ISOLANDAOX4_LVT.frame'. Please check your design and settings.  (FRAM-069)
Warning: There is no via region created in block 'ISOLANDAOX8_LVT.frame'. Please check your design and settings.  (FRAM-069)
Warning: There is no via region created in block 'ISOLANDX1_LVT.frame'. Please check your design and settings.  (FRAM-069)
Warning: There is no via region created in block 'ISOLANDX2_LVT.frame'. Please check your design and settings.  (FRAM-069)
Warning: There is no via region created in block 'ISOLANDX4_LVT.frame'. Please check your design and settings.  (FRAM-069)
Warning: There is no via region created in block 'ISOLANDX8_LVT.frame'. Please check your design and settings.  (FRAM-069)
Warning: There is no via region created in block 'ISOLORAOX1_LVT.frame'. Please check your design and settings.  (FRAM-069)
Warning: There is no via region created in block 'ISOLORAOX2_LVT.frame'. Please check your design and settings.  (FRAM-069)
Warning: There is no via region created in block 'ISOLORAOX4_LVT.frame'. Please check your design and settings.  (FRAM-069)
Warning: There is no via region created in block 'ISOLORAOX8_LVT.frame'. Please check your design and settings.  (FRAM-069)
Warning: There is no via region created in block 'ISOLORX1_LVT.frame'. Please check your design and settings.  (FRAM-069)
Warning: There is no via region created in block 'ISOLORX2_LVT.frame'. Please check your design and settings.  (FRAM-069)
Warning: There is no via region created in block 'ISOLORX4_LVT.frame'. Please check your design and settings.  (FRAM-069)
Warning: There is no via region created in block 'ISOLORX8_LVT.frame'. Please check your design and settings.  (FRAM-069)
Warning: There is no via region created in block 'LNANDX1_LVT.frame'. Please check your design and settings.  (FRAM-069)
Warning: There is no via region created in block 'LNANDX2_LVT.frame'. Please check your design and settings.  (FRAM-069)
Warning: There is no via region created in block 'NAND2X0_LVT.frame'. Please check your design and settings.  (FRAM-069)
Warning: There is no via region created in block 'NAND2X2_LVT.frame'. Please check your design and settings.  (FRAM-069)
Warning: There is no via region created in block 'NAND2X4_LVT.frame'. Please check your design and settings.  (FRAM-069)
Warning: There is no via region created in block 'NAND3X0_LVT.frame'. Please check your design and settings.  (FRAM-069)
Warning: There is no via region created in block 'NAND3X1_LVT.frame'. Please check your design and settings.  (FRAM-069)
Warning: There is no via region created in block 'NAND3X2_LVT.frame'. Please check your design and settings.  (FRAM-069)
Warning: There is no via region created in block 'NAND3X4_LVT.frame'. Please check your design and settings.  (FRAM-069)
Warning: There is no via region created in block 'NAND4X0_LVT.frame'. Please check your design and settings.  (FRAM-069)
Warning: There is no via region created in block 'NAND4X1_LVT.frame'. Please check your design and settings.  (FRAM-069)
Warning: There is no via region created in block 'NBUFFX16_LVT.frame'. Please check your design and settings.  (FRAM-069)
Warning: There is no via region created in block 'NBUFFX2_LVT.frame'. Please check your design and settings.  (FRAM-069)
Warning: There is no via region created in block 'NBUFFX32_LVT.frame'. Please check your design and settings.  (FRAM-069)
Warning: There is no via region created in block 'NBUFFX4_LVT.frame'. Please check your design and settings.  (FRAM-069)
Warning: There is no via region created in block 'NBUFFX8_LVT.frame'. Please check your design and settings.  (FRAM-069)
Warning: There is no via region created in block 'NMT1_LVT.frame'. Please check your design and settings.  (FRAM-069)
Warning: There is no via region created in block 'NMT2_LVT.frame'. Please check your design and settings.  (FRAM-069)
Warning: There is no via region created in block 'NMT3_LVT.frame'. Please check your design and settings.  (FRAM-069)
Warning: There is no via region created in block 'OA21X1_LVT.frame'. Please check your design and settings.  (FRAM-069)
Warning: There is no via region created in block 'OA21X2_LVT.frame'. Please check your design and settings.  (FRAM-069)
Warning: There is no via region created in block 'OA221X1_LVT.frame'. Please check your design and settings.  (FRAM-069)
Warning: There is no via region created in block 'OA221X2_LVT.frame'. Please check your design and settings.  (FRAM-069)
Warning: There is no via region created in block 'OA222X1_LVT.frame'. Please check your design and settings.  (FRAM-069)
Warning: There is no via region created in block 'OA222X2_LVT.frame'. Please check your design and settings.  (FRAM-069)
Warning: There is no via region created in block 'OA22X1_LVT.frame'. Please check your design and settings.  (FRAM-069)
Warning: There is no via region created in block 'OA22X2_LVT.frame'. Please check your design and settings.  (FRAM-069)
Warning: There is no via region created in block 'OAI21X1_LVT.frame'. Please check your design and settings.  (FRAM-069)
Warning: There is no via region created in block 'OAI21X2_LVT.frame'. Please check your design and settings.  (FRAM-069)
Warning: There is no via region created in block 'OAI221X1_LVT.frame'. Please check your design and settings.  (FRAM-069)
Warning: There is no via region created in block 'OAI221X2_LVT.frame'. Please check your design and settings.  (FRAM-069)
Warning: There is no via region created in block 'OAI222X1_LVT.frame'. Please check your design and settings.  (FRAM-069)
Warning: There is no via region created in block 'OAI222X2_LVT.frame'. Please check your design and settings.  (FRAM-069)
Warning: There is no via region created in block 'OAI22X1_LVT.frame'. Please check your design and settings.  (FRAM-069)
Warning: There is no via region created in block 'OAI22X2_LVT.frame'. Please check your design and settings.  (FRAM-069)
Warning: There is no via region created in block 'OR4X1_LVT.frame'. Please check your design and settings.  (FRAM-069)
Warning: There is no via region created in block 'OR4X2_LVT.frame'. Please check your design and settings.  (FRAM-069)
Warning: There is no via region created in block 'PGX1_LVT.frame'. Please check your design and settings.  (FRAM-069)
Warning: There is no via region created in block 'PGX2_LVT.frame'. Please check your design and settings.  (FRAM-069)
Warning: There is no via region created in block 'PGX4_LVT.frame'. Please check your design and settings.  (FRAM-069)
Warning: There is no via region created in block 'PMT1_LVT.frame'. Please check your design and settings.  (FRAM-069)
Warning: There is no via region created in block 'PMT2_LVT.frame'. Please check your design and settings.  (FRAM-069)
Warning: There is no via region created in block 'PMT3_LVT.frame'. Please check your design and settings.  (FRAM-069)
Warning: There is no via region created in block 'TIEH_LVT.frame'. Please check your design and settings.  (FRAM-069)
Warning: There is no via region created in block 'TIEL_LVT.frame'. Please check your design and settings.  (FRAM-069)
Warning: There is no via region created in block 'TNBUFFX16_LVT.frame'. Please check your design and settings.  (FRAM-069)
Warning: There is no via region created in block 'TNBUFFX1_LVT.frame'. Please check your design and settings.  (FRAM-069)
Warning: There is no via region created in block 'TNBUFFX2_LVT.frame'. Please check your design and settings.  (FRAM-069)
Warning: There is no via region created in block 'TNBUFFX32_LVT.frame'. Please check your design and settings.  (FRAM-069)
Warning: There is no via region created in block 'TNBUFFX4_LVT.frame'. Please check your design and settings.  (FRAM-069)
Warning: There is no via region created in block 'TNBUFFX8_LVT.frame'. Please check your design and settings.  (FRAM-069)
Warning: There is no via region created in block 'XNOR2X1_LVT.frame'. Please check your design and settings.  (FRAM-069)
Warning: There is no via region created in block 'XNOR2X2_LVT.frame'. Please check your design and settings.  (FRAM-069)
Warning: There is no via region created in block 'XOR2X1_LVT.frame'. Please check your design and settings.  (FRAM-069)
Warning: There is no via region created in block 'XOR2X2_LVT.frame'. Please check your design and settings.  (FRAM-069)
Warning: There is no via region created in block 'XOR3X1_LVT.frame'. Please check your design and settings.  (FRAM-069)
Warning: There is no via region created in block 'XOR3X2_LVT.frame'. Please check your design and settings.  (FRAM-069)
Via regions for library saed32_lvt|saed32_lvt_std created successfully
Information: Using technology 'saed32nm_1p9m.tf' to derive design library via region in the frame-views of library 'saed32_lvt|saed32_lvt_lsup'. (FRAM-088)
Warning: There is no via region created in block 'LSUPX1_LVT.frame'. Please check your design and settings.  (FRAM-069)
Warning: There is no via region created in block 'LSUPX2_LVT.frame'. Please check your design and settings.  (FRAM-069)
Warning: There is no via region created in block 'LSUPX4_LVT.frame'. Please check your design and settings.  (FRAM-069)
Warning: There is no via region created in block 'LSUPX8_LVT.frame'. Please check your design and settings.  (FRAM-069)
Via regions for library saed32_lvt|saed32_lvt_lsup created successfully
Information: Using technology 'saed32nm_1p9m.tf' to derive design library via region in the frame-views of library 'saed32_lvt|saed32_lvt_lsdn'. (FRAM-088)
Warning: There is no via region created in block 'LSDNENCLSSX1_LVT.frame'. Please check your design and settings.  (FRAM-069)
Warning: There is no via region created in block 'LSDNENCLSSX2_LVT.frame'. Please check your design and settings.  (FRAM-069)
Warning: There is no via region created in block 'LSDNENCLSSX4_LVT.frame'. Please check your design and settings.  (FRAM-069)
Warning: There is no via region created in block 'LSDNENCLSSX8_LVT.frame'. Please check your design and settings.  (FRAM-069)
Warning: There is no via region created in block 'LSDNENSSX4_LVT.frame'. Please check your design and settings.  (FRAM-069)
Warning: There is no via region created in block 'LSDNENSSX8_LVT.frame'. Please check your design and settings.  (FRAM-069)
Warning: There is no via region created in block 'LSDNSSX1_LVT.frame'. Please check your design and settings.  (FRAM-069)
Warning: There is no via region created in block 'LSDNSSX2_LVT.frame'. Please check your design and settings.  (FRAM-069)
Warning: There is no via region created in block 'LSDNSSX4_LVT.frame'. Please check your design and settings.  (FRAM-069)
Warning: There is no via region created in block 'LSDNSSX8_LVT.frame'. Please check your design and settings.  (FRAM-069)
Warning: There is no via region created in block 'LSDNX1_LVT.frame'. Please check your design and settings.  (FRAM-069)
Warning: There is no via region created in block 'LSDNX2_LVT.frame'. Please check your design and settings.  (FRAM-069)
Warning: There is no via region created in block 'LSDNX4_LVT.frame'. Please check your design and settings.  (FRAM-069)
Warning: There is no via region created in block 'LSDNX8_LVT.frame'. Please check your design and settings.  (FRAM-069)
Via regions for library saed32_lvt|saed32_lvt_lsdn created successfully
Information: Using technology 'saed32nm_1p9m.tf' to derive design library via region in the frame-views of library 'saed32_lvt|saed32_lvt_pg'. (FRAM-088)
Warning: There is no via region created in block 'FOOT2X16_LVT.frame'. Please check your design and settings.  (FRAM-069)
Warning: There is no via region created in block 'FOOT2X32_LVT.frame'. Please check your design and settings.  (FRAM-069)
Warning: There is no via region created in block 'FOOT2X4_LVT.frame'. Please check your design and settings.  (FRAM-069)
Warning: There is no via region created in block 'FOOT2X8_LVT.frame'. Please check your design and settings.  (FRAM-069)
Warning: There is no via region created in block 'FOOTX16_LVT.frame'. Please check your design and settings.  (FRAM-069)
Warning: There is no via region created in block 'FOOTX2_LVT.frame'. Please check your design and settings.  (FRAM-069)
Warning: There is no via region created in block 'FOOTX32_LVT.frame'. Please check your design and settings.  (FRAM-069)
Warning: There is no via region created in block 'FOOTX4_LVT.frame'. Please check your design and settings.  (FRAM-069)
Warning: There is no via region created in block 'FOOTX8_LVT.frame'. Please check your design and settings.  (FRAM-069)
Warning: There is no via region created in block 'HEAD2X16_LVT.frame'. Please check your design and settings.  (FRAM-069)
Warning: There is no via region created in block 'HEAD2X2_LVT.frame'. Please check your design and settings.  (FRAM-069)
Warning: There is no via region created in block 'HEAD2X32_LVT.frame'. Please check your design and settings.  (FRAM-069)
Warning: There is no via region created in block 'HEAD2X8_LVT.frame'. Please check your design and settings.  (FRAM-069)
Warning: There is no via region created in block 'HEADX16_LVT.frame'. Please check your design and settings.  (FRAM-069)
Warning: There is no via region created in block 'HEADX2_LVT.frame'. Please check your design and settings.  (FRAM-069)
Warning: There is no via region created in block 'HEADX32_LVT.frame'. Please check your design and settings.  (FRAM-069)
Warning: There is no via region created in block 'HEADX4_LVT.frame'. Please check your design and settings.  (FRAM-069)
Warning: There is no via region created in block 'HEADX8_LVT.frame'. Please check your design and settings.  (FRAM-069)
Via regions for library saed32_lvt|saed32_lvt_pg created successfully
Saving library 'fir_core.dlib'
Information: Using the 'create_lib' command has enabled NDM mode for the current Design Compiler NXT session. (DCT-294)
Information: Incrementing open_count of library 'fir_core.dlib' to 2. (LIB-017)

==================================================================

Library Settings:
search_path:              . /eda/synopsys/syn/T-2022.03-SP5-5/libraries/syn /eda/synopsys/syn/T-2022.03-SP5-5/dw/syn_ver /eda/synopsys/syn/T-2022.03-SP5-5/dw/sim_ver ../ref/DBs ../ref/CLIBs ../ref/tech  ./rtl ./sdc
link_library:             * saed32lvt_ss0p75v125c.db
target_library:           saed32lvt_ss0p75v125c.db
physical libraries:       saed32_lvt.ndm
physical design library:  fir_core.dlib

==================================================================
analyze -f verilog fir_core.v
Running PRESTO HDLC
Compiling source file ./rtl/fir_core.v
Presto compilation completed successfully.
Loading db file '/home/ajh9498/Documents/SALSA_HLS/FIR/syn/ref/DBs/saed32lvt_ss0p75v125c.db'
1
elaborate fir_core
Loading db file '/eda/synopsys/syn/T-2022.03-SP5-5/libraries/syn/gtech.db'
Loading db file '/eda/synopsys/syn/T-2022.03-SP5-5/libraries/syn/standard.sldb'
  Loading link library 'saed32lvt_ss0p75v125c'
  Loading link library 'gtech'
Running PRESTO HDLC
Warning:  ./rtl/fir_core.v:14246: signed to unsigned assignment occurs. (VER-318)
Warning:  ./rtl/fir_core.v:14248: signed to unsigned assignment occurs. (VER-318)
Warning:  ./rtl/fir_core.v:14250: signed to unsigned assignment occurs. (VER-318)
Warning:  ./rtl/fir_core.v:14252: signed to unsigned assignment occurs. (VER-318)
Warning:  ./rtl/fir_core.v:14254: signed to unsigned assignment occurs. (VER-318)
Warning:  ./rtl/fir_core.v:14256: signed to unsigned assignment occurs. (VER-318)
Warning:  ./rtl/fir_core.v:14258: signed to unsigned assignment occurs. (VER-318)
Warning:  ./rtl/fir_core.v:14260: signed to unsigned assignment occurs. (VER-318)
Warning:  ./rtl/fir_core.v:14262: signed to unsigned assignment occurs. (VER-318)
Warning:  ./rtl/fir_core.v:14264: signed to unsigned assignment occurs. (VER-318)
Warning:  ./rtl/fir_core.v:14266: signed to unsigned assignment occurs. (VER-318)
Warning:  ./rtl/fir_core.v:14268: signed to unsigned assignment occurs. (VER-318)
Warning:  ./rtl/fir_core.v:14270: signed to unsigned assignment occurs. (VER-318)
Warning:  ./rtl/fir_core.v:14272: signed to unsigned assignment occurs. (VER-318)
Warning:  ./rtl/fir_core.v:14274: signed to unsigned assignment occurs. (VER-318)
Warning:  ./rtl/fir_core.v:14276: signed to unsigned assignment occurs. (VER-318)
Warning:  ./rtl/fir_core.v:14278: signed to unsigned assignment occurs. (VER-318)
Warning:  ./rtl/fir_core.v:14280: signed to unsigned assignment occurs. (VER-318)
Warning:  ./rtl/fir_core.v:14282: signed to unsigned assignment occurs. (VER-318)
Warning:  ./rtl/fir_core.v:14284: signed to unsigned assignment occurs. (VER-318)
Warning:  ./rtl/fir_core.v:14286: signed to unsigned assignment occurs. (VER-318)
Warning:  ./rtl/fir_core.v:14288: signed to unsigned assignment occurs. (VER-318)
Warning:  ./rtl/fir_core.v:14290: signed to unsigned assignment occurs. (VER-318)
Warning:  ./rtl/fir_core.v:14292: signed to unsigned assignment occurs. (VER-318)
Warning:  ./rtl/fir_core.v:14294: signed to unsigned assignment occurs. (VER-318)
Warning:  ./rtl/fir_core.v:14296: signed to unsigned assignment occurs. (VER-318)
Warning:  ./rtl/fir_core.v:14298: signed to unsigned assignment occurs. (VER-318)
Warning:  ./rtl/fir_core.v:14300: signed to unsigned assignment occurs. (VER-318)
Warning:  ./rtl/fir_core.v:14302: signed to unsigned assignment occurs. (VER-318)
Warning:  ./rtl/fir_core.v:14304: signed to unsigned assignment occurs. (VER-318)
Warning:  ./rtl/fir_core.v:14306: signed to unsigned assignment occurs. (VER-318)
Warning:  ./rtl/fir_core.v:14308: signed to unsigned assignment occurs. (VER-318)
Warning:  ./rtl/fir_core.v:14310: signed to unsigned assignment occurs. (VER-318)
Warning:  ./rtl/fir_core.v:14312: signed to unsigned assignment occurs. (VER-318)
Warning:  ./rtl/fir_core.v:14314: signed to unsigned assignment occurs. (VER-318)
Warning:  ./rtl/fir_core.v:14316: signed to unsigned assignment occurs. (VER-318)
Warning:  ./rtl/fir_core.v:14318: signed to unsigned assignment occurs. (VER-318)
Warning:  ./rtl/fir_core.v:14320: signed to unsigned assignment occurs. (VER-318)
Warning:  ./rtl/fir_core.v:14322: signed to unsigned assignment occurs. (VER-318)
Warning:  ./rtl/fir_core.v:14324: signed to unsigned assignment occurs. (VER-318)
Warning:  ./rtl/fir_core.v:14326: signed to unsigned assignment occurs. (VER-318)
Warning:  ./rtl/fir_core.v:14328: signed to unsigned assignment occurs. (VER-318)
Warning:  ./rtl/fir_core.v:14330: signed to unsigned assignment occurs. (VER-318)
Warning:  ./rtl/fir_core.v:14332: signed to unsigned assignment occurs. (VER-318)
Warning:  ./rtl/fir_core.v:14334: signed to unsigned assignment occurs. (VER-318)
Warning:  ./rtl/fir_core.v:14336: signed to unsigned assignment occurs. (VER-318)
Warning:  ./rtl/fir_core.v:14338: signed to unsigned assignment occurs. (VER-318)
Warning:  ./rtl/fir_core.v:14340: signed to unsigned assignment occurs. (VER-318)
Warning:  ./rtl/fir_core.v:14342: signed to unsigned assignment occurs. (VER-318)
Warning:  ./rtl/fir_core.v:14344: signed to unsigned assignment occurs. (VER-318)
Warning:  ./rtl/fir_core.v:14346: signed to unsigned assignment occurs. (VER-318)
Warning:  ./rtl/fir_core.v:14348: signed to unsigned assignment occurs. (VER-318)
Warning:  ./rtl/fir_core.v:14350: signed to unsigned assignment occurs. (VER-318)
Warning:  ./rtl/fir_core.v:14352: signed to unsigned assignment occurs. (VER-318)
Warning:  ./rtl/fir_core.v:14354: signed to unsigned assignment occurs. (VER-318)
Warning:  ./rtl/fir_core.v:14356: signed to unsigned assignment occurs. (VER-318)
Warning:  ./rtl/fir_core.v:14358: signed to unsigned assignment occurs. (VER-318)
Warning:  ./rtl/fir_core.v:14360: signed to unsigned assignment occurs. (VER-318)
Warning:  ./rtl/fir_core.v:14362: signed to unsigned assignment occurs. (VER-318)
Warning:  ./rtl/fir_core.v:14364: signed to unsigned assignment occurs. (VER-318)
Warning:  ./rtl/fir_core.v:14366: signed to unsigned assignment occurs. (VER-318)
Warning:  ./rtl/fir_core.v:14368: signed to unsigned assignment occurs. (VER-318)
Warning:  ./rtl/fir_core.v:14370: signed to unsigned assignment occurs. (VER-318)
Warning:  ./rtl/fir_core.v:14372: signed to unsigned assignment occurs. (VER-318)
Warning:  ./rtl/fir_core.v:14392: signed to unsigned assignment occurs. (VER-318)
Warning:  ./rtl/fir_core.v:14397: signed to unsigned assignment occurs. (VER-318)
Warning:  ./rtl/fir_core.v:14399: signed to unsigned assignment occurs. (VER-318)
Warning:  ./rtl/fir_core.v:14401: signed to unsigned assignment occurs. (VER-318)
Warning:  ./rtl/fir_core.v:14403: signed to unsigned assignment occurs. (VER-318)
Warning:  ./rtl/fir_core.v:14407: signed to unsigned assignment occurs. (VER-318)
Warning:  ./rtl/fir_core.v:14415: signed to unsigned assignment occurs. (VER-318)
Warning:  ./rtl/fir_core.v:14420: signed to unsigned assignment occurs. (VER-318)
Warning:  ./rtl/fir_core.v:14450: signed to unsigned assignment occurs. (VER-318)
Warning:  ./rtl/fir_core.v:14459: signed to unsigned assignment occurs. (VER-318)
Warning:  ./rtl/fir_core.v:14468: signed to unsigned assignment occurs. (VER-318)
Warning:  ./rtl/fir_core.v:14474: signed to unsigned assignment occurs. (VER-318)
Warning:  ./rtl/fir_core.v:14483: signed to unsigned assignment occurs. (VER-318)
Warning:  ./rtl/fir_core.v:14489: signed to unsigned assignment occurs. (VER-318)
Warning:  ./rtl/fir_core.v:14498: signed to unsigned assignment occurs. (VER-318)
Warning:  ./rtl/fir_core.v:14501: signed to unsigned assignment occurs. (VER-318)
Warning:  ./rtl/fir_core.v:14509: signed to unsigned assignment occurs. (VER-318)
Warning:  ./rtl/fir_core.v:14515: signed to unsigned assignment occurs. (VER-318)
Warning:  ./rtl/fir_core.v:14524: signed to unsigned assignment occurs. (VER-318)
Warning:  ./rtl/fir_core.v:14530: signed to unsigned assignment occurs. (VER-318)
Warning:  ./rtl/fir_core.v:15927: signed to unsigned assignment occurs. (VER-318)
Warning:  ./rtl/fir_core.v:16057: signed to unsigned assignment occurs. (VER-318)
Warning:  ./rtl/fir_core.v:17321: signed to unsigned assignment occurs. (VER-318)
Warning:  ./rtl/fir_core.v:17323: signed to unsigned assignment occurs. (VER-318)
Warning:  ./rtl/fir_core.v:17504: signed to unsigned assignment occurs. (VER-318)
Warning:  ./rtl/fir_core.v:17506: signed to unsigned assignment occurs. (VER-318)
Warning:  ./rtl/fir_core.v:17508: signed to unsigned assignment occurs. (VER-318)
Warning:  ./rtl/fir_core.v:17510: signed to unsigned assignment occurs. (VER-318)
Warning:  ./rtl/fir_core.v:17513: signed to unsigned assignment occurs. (VER-318)
Warning:  ./rtl/fir_core.v:17516: signed to unsigned assignment occurs. (VER-318)
Warning:  ./rtl/fir_core.v:17843: signed to unsigned assignment occurs. (VER-318)
Warning:  ./rtl/fir_core.v:17847: signed to unsigned assignment occurs. (VER-318)
Warning:  ./rtl/fir_core.v:17850: signed to unsigned assignment occurs. (VER-318)
Warning:  ./rtl/fir_core.v:17852: signed to unsigned assignment occurs. (VER-318)
Warning:  ./rtl/fir_core.v:17855: signed to unsigned assignment occurs. (VER-318)
Warning:  ./rtl/fir_core.v:17864: signed to unsigned assignment occurs. (VER-318)
Warning:  ./rtl/fir_core.v:17866: signed to unsigned assignment occurs. (VER-318)
Warning:  ./rtl/fir_core.v:17869: signed to unsigned assignment occurs. (VER-318)
Warning:  ./rtl/fir_core.v:17878: signed to unsigned assignment occurs. (VER-318)
Warning:  ./rtl/fir_core.v:17880: signed to unsigned assignment occurs. (VER-318)
Warning:  ./rtl/fir_core.v:17883: signed to unsigned assignment occurs. (VER-318)
Warning:  ./rtl/fir_core.v:17885: signed to unsigned assignment occurs. (VER-318)
Warning:  ./rtl/fir_core.v:17888: signed to unsigned assignment occurs. (VER-318)
Warning:  ./rtl/fir_core.v:17898: signed to unsigned assignment occurs. (VER-318)
Warning:  ./rtl/fir_core.v:17906: signed to unsigned assignment occurs. (VER-318)
Warning:  ./rtl/fir_core.v:17914: signed to unsigned assignment occurs. (VER-318)
Warning:  ./rtl/fir_core.v:17916: signed to unsigned assignment occurs. (VER-318)
Warning:  ./rtl/fir_core.v:17919: signed to unsigned assignment occurs. (VER-318)
Warning:  ./rtl/fir_core.v:17927: signed to unsigned assignment occurs. (VER-318)
Warning:  ./rtl/fir_core.v:17929: signed to unsigned assignment occurs. (VER-318)
Warning:  ./rtl/fir_core.v:17932: signed to unsigned assignment occurs. (VER-318)
Warning:  ./rtl/fir_core.v:17934: signed to unsigned assignment occurs. (VER-318)

Statistics for case statements in always block at line 8241 in file
	'./rtl/fir_core.v'
===============================================
|           Line           |  full/ parallel  |
===============================================
|          33228           |    auto/auto     |
===============================================

Statistics for case statements in always block at line 8244 in file
	'./rtl/fir_core.v'
===============================================
|           Line           |  full/ parallel  |
===============================================
|          33304           |    auto/auto     |
===============================================

Statistics for case statements in always block at line 9053 in file
	'./rtl/fir_core.v'
===============================================
|           Line           |  full/ parallel  |
===============================================
|          33323           |    auto/auto     |
===============================================

Statistics for case statements in always block at line 9515 in file
	'./rtl/fir_core.v'
===============================================
|           Line           |  full/ parallel  |
===============================================
|          33285           |    auto/auto     |
===============================================

Statistics for case statements in always block at line 12383 in file
	'./rtl/fir_core.v'
===============================================
|           Line           |  full/ parallel  |
===============================================
|          33342           |    auto/auto     |
===============================================

Statistics for case statements in always block at line 12483 in file
	'./rtl/fir_core.v'
===============================================
|           Line           |  full/ parallel  |
===============================================
|          33361           |    auto/auto     |
===============================================

Statistics for case statements in always block at line 15947 in file
	'./rtl/fir_core.v'
===============================================
|           Line           |  full/ parallel  |
===============================================
|          33247           |    auto/auto     |
===============================================

Statistics for case statements in always block at line 31412 in file
	'./rtl/fir_core.v'
===============================================
|           Line           |  full/ parallel  |
===============================================
|          33266           |    auto/auto     |
===============================================

Inferred memory devices in process
	in routine fir_core line 20862 in file
		'./rtl/fir_core.v'.
=======================================================================================================================
|                        Register Name                        |   Type    | Width | Bus | MB | AR | AS | SR | SS | ST |
=======================================================================================================================
| ac_float_11_1_5_AC_TRN_operator_11_1_5_AC_TRN_r_m_1_sva_reg | Flip-flop |  22   |  Y  | N  | N  | N  | N  | N  | N  |
=======================================================================================================================

Inferred memory devices in process
	in routine fir_core line 20870 in file
		'./rtl/fir_core.v'.
=========================================================================================================================
|                         Register Name                         |   Type    | Width | Bus | MB | AR | AS | SR | SS | ST |
=========================================================================================================================
| ac_float_11_1_5_AC_TRN_operator_11_1_5_AC_TRN_1_r_m_1_sva_reg | Flip-flop |  22   |  Y  | N  | N  | N  | N  | N  | N  |
=========================================================================================================================

Inferred memory devices in process
	in routine fir_core line 20878 in file
		'./rtl/fir_core.v'.
=========================================================================================================================
|                         Register Name                         |   Type    | Width | Bus | MB | AR | AS | SR | SS | ST |
=========================================================================================================================
| ac_float_11_1_5_AC_TRN_operator_11_1_5_AC_TRN_2_r_m_1_sva_reg | Flip-flop |  22   |  Y  | N  | N  | N  | N  | N  | N  |
=========================================================================================================================

Inferred memory devices in process
	in routine fir_core line 20886 in file
		'./rtl/fir_core.v'.
=========================================================================================================================
|                         Register Name                         |   Type    | Width | Bus | MB | AR | AS | SR | SS | ST |
=========================================================================================================================
| ac_float_11_1_5_AC_TRN_operator_11_1_5_AC_TRN_3_r_m_1_sva_reg | Flip-flop |  22   |  Y  | N  | N  | N  | N  | N  | N  |
=========================================================================================================================

Inferred memory devices in process
	in routine fir_core line 20894 in file
		'./rtl/fir_core.v'.
=======================================================================================================================
|                        Register Name                        |   Type    | Width | Bus | MB | AR | AS | SR | SS | ST |
=======================================================================================================================
| ac_float_11_1_5_AC_TRN_operator_11_1_5_AC_TRN_r_m_2_sva_reg | Flip-flop |  22   |  Y  | N  | N  | N  | N  | N  | N  |
=======================================================================================================================

Inferred memory devices in process
	in routine fir_core line 20902 in file
		'./rtl/fir_core.v'.
=========================================================================================================================
|                         Register Name                         |   Type    | Width | Bus | MB | AR | AS | SR | SS | ST |
=========================================================================================================================
| ac_float_11_1_5_AC_TRN_operator_11_1_5_AC_TRN_1_r_m_2_sva_reg | Flip-flop |  22   |  Y  | N  | N  | N  | N  | N  | N  |
=========================================================================================================================

Inferred memory devices in process
	in routine fir_core line 20910 in file
		'./rtl/fir_core.v'.
=========================================================================================================================
|                         Register Name                         |   Type    | Width | Bus | MB | AR | AS | SR | SS | ST |
=========================================================================================================================
| ac_float_11_1_5_AC_TRN_operator_11_1_5_AC_TRN_2_r_m_2_sva_reg | Flip-flop |  22   |  Y  | N  | N  | N  | N  | N  | N  |
=========================================================================================================================

Inferred memory devices in process
	in routine fir_core line 20918 in file
		'./rtl/fir_core.v'.
=========================================================================================================================
|                         Register Name                         |   Type    | Width | Bus | MB | AR | AS | SR | SS | ST |
=========================================================================================================================
| ac_float_11_1_5_AC_TRN_operator_11_1_5_AC_TRN_3_r_m_2_sva_reg | Flip-flop |  22   |  Y  | N  | N  | N  | N  | N  | N  |
=========================================================================================================================

Inferred memory devices in process
	in routine fir_core line 20926 in file
		'./rtl/fir_core.v'.
=======================================================================================================================
|                        Register Name                        |   Type    | Width | Bus | MB | AR | AS | SR | SS | ST |
=======================================================================================================================
| ac_float_11_1_5_AC_TRN_operator_11_1_5_AC_TRN_r_m_3_sva_reg | Flip-flop |  22   |  Y  | N  | N  | N  | N  | N  | N  |
=======================================================================================================================

Inferred memory devices in process
	in routine fir_core line 20934 in file
		'./rtl/fir_core.v'.
=========================================================================================================================
|                         Register Name                         |   Type    | Width | Bus | MB | AR | AS | SR | SS | ST |
=========================================================================================================================
| ac_float_11_1_5_AC_TRN_operator_11_1_5_AC_TRN_1_r_m_3_sva_reg | Flip-flop |  22   |  Y  | N  | N  | N  | N  | N  | N  |
=========================================================================================================================

Inferred memory devices in process
	in routine fir_core line 20942 in file
		'./rtl/fir_core.v'.
=========================================================================================================================
|                         Register Name                         |   Type    | Width | Bus | MB | AR | AS | SR | SS | ST |
=========================================================================================================================
| ac_float_11_1_5_AC_TRN_operator_11_1_5_AC_TRN_2_r_m_3_sva_reg | Flip-flop |  22   |  Y  | N  | N  | N  | N  | N  | N  |
=========================================================================================================================

Inferred memory devices in process
	in routine fir_core line 20950 in file
		'./rtl/fir_core.v'.
=========================================================================================================================
|                         Register Name                         |   Type    | Width | Bus | MB | AR | AS | SR | SS | ST |
=========================================================================================================================
| ac_float_11_1_5_AC_TRN_operator_11_1_5_AC_TRN_3_r_m_3_sva_reg | Flip-flop |  22   |  Y  | N  | N  | N  | N  | N  | N  |
=========================================================================================================================

Inferred memory devices in process
	in routine fir_core line 20958 in file
		'./rtl/fir_core.v'.
=======================================================================================================================
|                        Register Name                        |   Type    | Width | Bus | MB | AR | AS | SR | SS | ST |
=======================================================================================================================
| ac_float_11_1_5_AC_TRN_operator_11_1_5_AC_TRN_r_m_4_sva_reg | Flip-flop |  22   |  Y  | N  | N  | N  | N  | N  | N  |
=======================================================================================================================

Inferred memory devices in process
	in routine fir_core line 20966 in file
		'./rtl/fir_core.v'.
=========================================================================================================================
|                         Register Name                         |   Type    | Width | Bus | MB | AR | AS | SR | SS | ST |
=========================================================================================================================
| ac_float_11_1_5_AC_TRN_operator_11_1_5_AC_TRN_1_r_m_4_sva_reg | Flip-flop |  22   |  Y  | N  | N  | N  | N  | N  | N  |
=========================================================================================================================

Inferred memory devices in process
	in routine fir_core line 20974 in file
		'./rtl/fir_core.v'.
=========================================================================================================================
|                         Register Name                         |   Type    | Width | Bus | MB | AR | AS | SR | SS | ST |
=========================================================================================================================
| ac_float_11_1_5_AC_TRN_operator_11_1_5_AC_TRN_2_r_m_4_sva_reg | Flip-flop |  22   |  Y  | N  | N  | N  | N  | N  | N  |
=========================================================================================================================

Inferred memory devices in process
	in routine fir_core line 20982 in file
		'./rtl/fir_core.v'.
=========================================================================================================================
|                         Register Name                         |   Type    | Width | Bus | MB | AR | AS | SR | SS | ST |
=========================================================================================================================
| ac_float_11_1_5_AC_TRN_operator_11_1_5_AC_TRN_3_r_m_4_sva_reg | Flip-flop |  22   |  Y  | N  | N  | N  | N  | N  | N  |
=========================================================================================================================

Inferred memory devices in process
	in routine fir_core line 20990 in file
		'./rtl/fir_core.v'.
=======================================================================================================================
|                        Register Name                        |   Type    | Width | Bus | MB | AR | AS | SR | SS | ST |
=======================================================================================================================
| ac_float_11_1_5_AC_TRN_operator_11_1_5_AC_TRN_r_m_5_sva_reg | Flip-flop |  22   |  Y  | N  | N  | N  | N  | N  | N  |
=======================================================================================================================

Inferred memory devices in process
	in routine fir_core line 20998 in file
		'./rtl/fir_core.v'.
=========================================================================================================================
|                         Register Name                         |   Type    | Width | Bus | MB | AR | AS | SR | SS | ST |
=========================================================================================================================
| ac_float_11_1_5_AC_TRN_operator_11_1_5_AC_TRN_1_r_m_5_sva_reg | Flip-flop |  22   |  Y  | N  | N  | N  | N  | N  | N  |
=========================================================================================================================

Inferred memory devices in process
	in routine fir_core line 21006 in file
		'./rtl/fir_core.v'.
=========================================================================================================================
|                         Register Name                         |   Type    | Width | Bus | MB | AR | AS | SR | SS | ST |
=========================================================================================================================
| ac_float_11_1_5_AC_TRN_operator_11_1_5_AC_TRN_2_r_m_5_sva_reg | Flip-flop |  22   |  Y  | N  | N  | N  | N  | N  | N  |
=========================================================================================================================

Inferred memory devices in process
	in routine fir_core line 21014 in file
		'./rtl/fir_core.v'.
=========================================================================================================================
|                         Register Name                         |   Type    | Width | Bus | MB | AR | AS | SR | SS | ST |
=========================================================================================================================
| ac_float_11_1_5_AC_TRN_operator_11_1_5_AC_TRN_3_r_m_5_sva_reg | Flip-flop |  22   |  Y  | N  | N  | N  | N  | N  | N  |
=========================================================================================================================

Inferred memory devices in process
	in routine fir_core line 21022 in file
		'./rtl/fir_core.v'.
=======================================================================================================================
|                        Register Name                        |   Type    | Width | Bus | MB | AR | AS | SR | SS | ST |
=======================================================================================================================
| ac_float_11_1_5_AC_TRN_operator_11_1_5_AC_TRN_r_m_6_sva_reg | Flip-flop |  22   |  Y  | N  | N  | N  | N  | N  | N  |
=======================================================================================================================

Inferred memory devices in process
	in routine fir_core line 21030 in file
		'./rtl/fir_core.v'.
=========================================================================================================================
|                         Register Name                         |   Type    | Width | Bus | MB | AR | AS | SR | SS | ST |
=========================================================================================================================
| ac_float_11_1_5_AC_TRN_operator_11_1_5_AC_TRN_1_r_m_6_sva_reg | Flip-flop |  22   |  Y  | N  | N  | N  | N  | N  | N  |
=========================================================================================================================

Inferred memory devices in process
	in routine fir_core line 21038 in file
		'./rtl/fir_core.v'.
=========================================================================================================================
|                         Register Name                         |   Type    | Width | Bus | MB | AR | AS | SR | SS | ST |
=========================================================================================================================
| ac_float_11_1_5_AC_TRN_operator_11_1_5_AC_TRN_2_r_m_6_sva_reg | Flip-flop |  22   |  Y  | N  | N  | N  | N  | N  | N  |
=========================================================================================================================

Inferred memory devices in process
	in routine fir_core line 21046 in file
		'./rtl/fir_core.v'.
=========================================================================================================================
|                         Register Name                         |   Type    | Width | Bus | MB | AR | AS | SR | SS | ST |
=========================================================================================================================
| ac_float_11_1_5_AC_TRN_operator_11_1_5_AC_TRN_3_r_m_6_sva_reg | Flip-flop |  22   |  Y  | N  | N  | N  | N  | N  | N  |
=========================================================================================================================

Inferred memory devices in process
	in routine fir_core line 21054 in file
		'./rtl/fir_core.v'.
=======================================================================================================================
|                        Register Name                        |   Type    | Width | Bus | MB | AR | AS | SR | SS | ST |
=======================================================================================================================
| ac_float_11_1_5_AC_TRN_operator_11_1_5_AC_TRN_r_m_7_sva_reg | Flip-flop |  22   |  Y  | N  | N  | N  | N  | N  | N  |
=======================================================================================================================

Inferred memory devices in process
	in routine fir_core line 21062 in file
		'./rtl/fir_core.v'.
=========================================================================================================================
|                         Register Name                         |   Type    | Width | Bus | MB | AR | AS | SR | SS | ST |
=========================================================================================================================
| ac_float_11_1_5_AC_TRN_operator_11_1_5_AC_TRN_1_r_m_7_sva_reg | Flip-flop |  22   |  Y  | N  | N  | N  | N  | N  | N  |
=========================================================================================================================

Inferred memory devices in process
	in routine fir_core line 21070 in file
		'./rtl/fir_core.v'.
=========================================================================================================================
|                         Register Name                         |   Type    | Width | Bus | MB | AR | AS | SR | SS | ST |
=========================================================================================================================
| ac_float_11_1_5_AC_TRN_operator_11_1_5_AC_TRN_2_r_m_7_sva_reg | Flip-flop |  22   |  Y  | N  | N  | N  | N  | N  | N  |
=========================================================================================================================

Inferred memory devices in process
	in routine fir_core line 21078 in file
		'./rtl/fir_core.v'.
=========================================================================================================================
|                         Register Name                         |   Type    | Width | Bus | MB | AR | AS | SR | SS | ST |
=========================================================================================================================
| ac_float_11_1_5_AC_TRN_operator_11_1_5_AC_TRN_3_r_m_7_sva_reg | Flip-flop |  22   |  Y  | N  | N  | N  | N  | N  | N  |
=========================================================================================================================

Inferred memory devices in process
	in routine fir_core line 21086 in file
		'./rtl/fir_core.v'.
=======================================================================================================================
|                        Register Name                        |   Type    | Width | Bus | MB | AR | AS | SR | SS | ST |
=======================================================================================================================
| ac_float_11_1_5_AC_TRN_operator_11_1_5_AC_TRN_r_m_8_sva_reg | Flip-flop |  22   |  Y  | N  | N  | N  | N  | N  | N  |
=======================================================================================================================

Inferred memory devices in process
	in routine fir_core line 21094 in file
		'./rtl/fir_core.v'.
=========================================================================================================================
|                         Register Name                         |   Type    | Width | Bus | MB | AR | AS | SR | SS | ST |
=========================================================================================================================
| ac_float_11_1_5_AC_TRN_operator_11_1_5_AC_TRN_1_r_m_8_sva_reg | Flip-flop |  22   |  Y  | N  | N  | N  | N  | N  | N  |
=========================================================================================================================

Inferred memory devices in process
	in routine fir_core line 21102 in file
		'./rtl/fir_core.v'.
=========================================================================================================================
|                         Register Name                         |   Type    | Width | Bus | MB | AR | AS | SR | SS | ST |
=========================================================================================================================
| ac_float_11_1_5_AC_TRN_operator_11_1_5_AC_TRN_2_r_m_8_sva_reg | Flip-flop |  22   |  Y  | N  | N  | N  | N  | N  | N  |
=========================================================================================================================

Inferred memory devices in process
	in routine fir_core line 21110 in file
		'./rtl/fir_core.v'.
=========================================================================================================================
|                         Register Name                         |   Type    | Width | Bus | MB | AR | AS | SR | SS | ST |
=========================================================================================================================
| ac_float_11_1_5_AC_TRN_operator_11_1_5_AC_TRN_3_r_m_8_sva_reg | Flip-flop |  22   |  Y  | N  | N  | N  | N  | N  | N  |
=========================================================================================================================

Inferred memory devices in process
	in routine fir_core line 21118 in file
		'./rtl/fir_core.v'.
========================================================================================================================
|                        Register Name                         |   Type    | Width | Bus | MB | AR | AS | SR | SS | ST |
========================================================================================================================
| ac_float_11_1_5_AC_TRN_operator_11_1_5_AC_TRN_r_m_15_sva_reg | Flip-flop |  22   |  Y  | N  | N  | N  | N  | N  | N  |
========================================================================================================================

Inferred memory devices in process
	in routine fir_core line 21126 in file
		'./rtl/fir_core.v'.
==========================================================================================================================
|                         Register Name                          |   Type    | Width | Bus | MB | AR | AS | SR | SS | ST |
==========================================================================================================================
| ac_float_11_1_5_AC_TRN_operator_11_1_5_AC_TRN_1_r_m_15_sva_reg | Flip-flop |  22   |  Y  | N  | N  | N  | N  | N  | N  |
==========================================================================================================================

Inferred memory devices in process
	in routine fir_core line 21134 in file
		'./rtl/fir_core.v'.
=====================================================================================================================
|                       Register Name                       |   Type    | Width | Bus | MB | AR | AS | SR | SS | ST |
=====================================================================================================================
| ac_float_11_1_5_AC_TRN_operator_11_1_5_AC_TRN_r_m_sva_reg | Flip-flop |  22   |  Y  | N  | N  | N  | N  | N  | N  |
=====================================================================================================================

Inferred memory devices in process
	in routine fir_core line 21142 in file
		'./rtl/fir_core.v'.
=======================================================================================================================
|                        Register Name                        |   Type    | Width | Bus | MB | AR | AS | SR | SS | ST |
=======================================================================================================================
| ac_float_11_1_5_AC_TRN_operator_11_1_5_AC_TRN_1_r_m_sva_reg | Flip-flop |  22   |  Y  | N  | N  | N  | N  | N  | N  |
=======================================================================================================================

Inferred memory devices in process
	in routine fir_core line 21150 in file
		'./rtl/fir_core.v'.
=======================================================================================================================
|                        Register Name                        |   Type    | Width | Bus | MB | AR | AS | SR | SS | ST |
=======================================================================================================================
| ac_float_11_1_5_AC_TRN_operator_11_1_5_AC_TRN_r_m_9_sva_reg | Flip-flop |  22   |  Y  | N  | N  | N  | N  | N  | N  |
=======================================================================================================================

Inferred memory devices in process
	in routine fir_core line 21158 in file
		'./rtl/fir_core.v'.
=========================================================================================================================
|                         Register Name                         |   Type    | Width | Bus | MB | AR | AS | SR | SS | ST |
=========================================================================================================================
| ac_float_11_1_5_AC_TRN_operator_11_1_5_AC_TRN_1_r_m_9_sva_reg | Flip-flop |  22   |  Y  | N  | N  | N  | N  | N  | N  |
=========================================================================================================================

Inferred memory devices in process
	in routine fir_core line 21166 in file
		'./rtl/fir_core.v'.
=========================================================================================================================
|                         Register Name                         |   Type    | Width | Bus | MB | AR | AS | SR | SS | ST |
=========================================================================================================================
| ac_float_11_1_5_AC_TRN_operator_11_1_5_AC_TRN_2_r_m_9_sva_reg | Flip-flop |  22   |  Y  | N  | N  | N  | N  | N  | N  |
=========================================================================================================================

Inferred memory devices in process
	in routine fir_core line 21174 in file
		'./rtl/fir_core.v'.
=========================================================================================================================
|                         Register Name                         |   Type    | Width | Bus | MB | AR | AS | SR | SS | ST |
=========================================================================================================================
| ac_float_11_1_5_AC_TRN_operator_11_1_5_AC_TRN_3_r_m_9_sva_reg | Flip-flop |  22   |  Y  | N  | N  | N  | N  | N  | N  |
=========================================================================================================================

Inferred memory devices in process
	in routine fir_core line 21182 in file
		'./rtl/fir_core.v'.
========================================================================================================================
|                        Register Name                         |   Type    | Width | Bus | MB | AR | AS | SR | SS | ST |
========================================================================================================================
| ac_float_11_1_5_AC_TRN_operator_11_1_5_AC_TRN_r_m_10_sva_reg | Flip-flop |  22   |  Y  | N  | N  | N  | N  | N  | N  |
========================================================================================================================

Inferred memory devices in process
	in routine fir_core line 21190 in file
		'./rtl/fir_core.v'.
==========================================================================================================================
|                         Register Name                          |   Type    | Width | Bus | MB | AR | AS | SR | SS | ST |
==========================================================================================================================
| ac_float_11_1_5_AC_TRN_operator_11_1_5_AC_TRN_1_r_m_10_sva_reg | Flip-flop |  22   |  Y  | N  | N  | N  | N  | N  | N  |
==========================================================================================================================

Inferred memory devices in process
	in routine fir_core line 21198 in file
		'./rtl/fir_core.v'.
==========================================================================================================================
|                         Register Name                          |   Type    | Width | Bus | MB | AR | AS | SR | SS | ST |
==========================================================================================================================
| ac_float_11_1_5_AC_TRN_operator_11_1_5_AC_TRN_2_r_m_10_sva_reg | Flip-flop |  22   |  Y  | N  | N  | N  | N  | N  | N  |
==========================================================================================================================

Inferred memory devices in process
	in routine fir_core line 21206 in file
		'./rtl/fir_core.v'.
==========================================================================================================================
|                         Register Name                          |   Type    | Width | Bus | MB | AR | AS | SR | SS | ST |
==========================================================================================================================
| ac_float_11_1_5_AC_TRN_operator_11_1_5_AC_TRN_3_r_m_10_sva_reg | Flip-flop |  22   |  Y  | N  | N  | N  | N  | N  | N  |
==========================================================================================================================

Inferred memory devices in process
	in routine fir_core line 21214 in file
		'./rtl/fir_core.v'.
========================================================================================================================
|                        Register Name                         |   Type    | Width | Bus | MB | AR | AS | SR | SS | ST |
========================================================================================================================
| ac_float_11_1_5_AC_TRN_operator_11_1_5_AC_TRN_r_m_11_sva_reg | Flip-flop |  22   |  Y  | N  | N  | N  | N  | N  | N  |
========================================================================================================================

Inferred memory devices in process
	in routine fir_core line 21222 in file
		'./rtl/fir_core.v'.
==========================================================================================================================
|                         Register Name                          |   Type    | Width | Bus | MB | AR | AS | SR | SS | ST |
==========================================================================================================================
| ac_float_11_1_5_AC_TRN_operator_11_1_5_AC_TRN_1_r_m_11_sva_reg | Flip-flop |  22   |  Y  | N  | N  | N  | N  | N  | N  |
==========================================================================================================================

Inferred memory devices in process
	in routine fir_core line 21230 in file
		'./rtl/fir_core.v'.
==========================================================================================================================
|                         Register Name                          |   Type    | Width | Bus | MB | AR | AS | SR | SS | ST |
==========================================================================================================================
| ac_float_11_1_5_AC_TRN_operator_11_1_5_AC_TRN_2_r_m_11_sva_reg | Flip-flop |  22   |  Y  | N  | N  | N  | N  | N  | N  |
==========================================================================================================================

Inferred memory devices in process
	in routine fir_core line 21238 in file
		'./rtl/fir_core.v'.
==========================================================================================================================
|                         Register Name                          |   Type    | Width | Bus | MB | AR | AS | SR | SS | ST |
==========================================================================================================================
| ac_float_11_1_5_AC_TRN_operator_11_1_5_AC_TRN_3_r_m_11_sva_reg | Flip-flop |  22   |  Y  | N  | N  | N  | N  | N  | N  |
==========================================================================================================================

Inferred memory devices in process
	in routine fir_core line 21246 in file
		'./rtl/fir_core.v'.
========================================================================================================================
|                        Register Name                         |   Type    | Width | Bus | MB | AR | AS | SR | SS | ST |
========================================================================================================================
| ac_float_11_1_5_AC_TRN_operator_11_1_5_AC_TRN_r_m_12_sva_reg | Flip-flop |  22   |  Y  | N  | N  | N  | N  | N  | N  |
========================================================================================================================

Inferred memory devices in process
	in routine fir_core line 21254 in file
		'./rtl/fir_core.v'.
==========================================================================================================================
|                         Register Name                          |   Type    | Width | Bus | MB | AR | AS | SR | SS | ST |
==========================================================================================================================
| ac_float_11_1_5_AC_TRN_operator_11_1_5_AC_TRN_1_r_m_12_sva_reg | Flip-flop |  22   |  Y  | N  | N  | N  | N  | N  | N  |
==========================================================================================================================

Inferred memory devices in process
	in routine fir_core line 21262 in file
		'./rtl/fir_core.v'.
==========================================================================================================================
|                         Register Name                          |   Type    | Width | Bus | MB | AR | AS | SR | SS | ST |
==========================================================================================================================
| ac_float_11_1_5_AC_TRN_operator_11_1_5_AC_TRN_2_r_m_12_sva_reg | Flip-flop |  22   |  Y  | N  | N  | N  | N  | N  | N  |
==========================================================================================================================

Inferred memory devices in process
	in routine fir_core line 21270 in file
		'./rtl/fir_core.v'.
==========================================================================================================================
|                         Register Name                          |   Type    | Width | Bus | MB | AR | AS | SR | SS | ST |
==========================================================================================================================
| ac_float_11_1_5_AC_TRN_operator_11_1_5_AC_TRN_3_r_m_12_sva_reg | Flip-flop |  22   |  Y  | N  | N  | N  | N  | N  | N  |
==========================================================================================================================

Inferred memory devices in process
	in routine fir_core line 21278 in file
		'./rtl/fir_core.v'.
========================================================================================================================
|                        Register Name                         |   Type    | Width | Bus | MB | AR | AS | SR | SS | ST |
========================================================================================================================
| ac_float_11_1_5_AC_TRN_operator_11_1_5_AC_TRN_r_m_13_sva_reg | Flip-flop |  22   |  Y  | N  | N  | N  | N  | N  | N  |
========================================================================================================================

Inferred memory devices in process
	in routine fir_core line 21286 in file
		'./rtl/fir_core.v'.
==========================================================================================================================
|                         Register Name                          |   Type    | Width | Bus | MB | AR | AS | SR | SS | ST |
==========================================================================================================================
| ac_float_11_1_5_AC_TRN_operator_11_1_5_AC_TRN_1_r_m_13_sva_reg | Flip-flop |  22   |  Y  | N  | N  | N  | N  | N  | N  |
==========================================================================================================================

Inferred memory devices in process
	in routine fir_core line 21294 in file
		'./rtl/fir_core.v'.
==========================================================================================================================
|                         Register Name                          |   Type    | Width | Bus | MB | AR | AS | SR | SS | ST |
==========================================================================================================================
| ac_float_11_1_5_AC_TRN_operator_11_1_5_AC_TRN_2_r_m_13_sva_reg | Flip-flop |  22   |  Y  | N  | N  | N  | N  | N  | N  |
==========================================================================================================================

Inferred memory devices in process
	in routine fir_core line 21302 in file
		'./rtl/fir_core.v'.
==========================================================================================================================
|                         Register Name                          |   Type    | Width | Bus | MB | AR | AS | SR | SS | ST |
==========================================================================================================================
| ac_float_11_1_5_AC_TRN_operator_11_1_5_AC_TRN_3_r_m_13_sva_reg | Flip-flop |  22   |  Y  | N  | N  | N  | N  | N  | N  |
==========================================================================================================================

Inferred memory devices in process
	in routine fir_core line 21310 in file
		'./rtl/fir_core.v'.
========================================================================================================================
|                        Register Name                         |   Type    | Width | Bus | MB | AR | AS | SR | SS | ST |
========================================================================================================================
| ac_float_11_1_5_AC_TRN_operator_11_1_5_AC_TRN_r_m_14_sva_reg | Flip-flop |  22   |  Y  | N  | N  | N  | N  | N  | N  |
========================================================================================================================

Inferred memory devices in process
	in routine fir_core line 21318 in file
		'./rtl/fir_core.v'.
==========================================================================================================================
|                         Register Name                          |   Type    | Width | Bus | MB | AR | AS | SR | SS | ST |
==========================================================================================================================
| ac_float_11_1_5_AC_TRN_operator_11_1_5_AC_TRN_1_r_m_14_sva_reg | Flip-flop |  22   |  Y  | N  | N  | N  | N  | N  | N  |
==========================================================================================================================

Inferred memory devices in process
	in routine fir_core line 21326 in file
		'./rtl/fir_core.v'.
==========================================================================================================================
|                         Register Name                          |   Type    | Width | Bus | MB | AR | AS | SR | SS | ST |
==========================================================================================================================
| ac_float_11_1_5_AC_TRN_operator_11_1_5_AC_TRN_2_r_m_14_sva_reg | Flip-flop |  22   |  Y  | N  | N  | N  | N  | N  | N  |
==========================================================================================================================

Inferred memory devices in process
	in routine fir_core line 21334 in file
		'./rtl/fir_core.v'.
==========================================================================================================================
|                         Register Name                          |   Type    | Width | Bus | MB | AR | AS | SR | SS | ST |
==========================================================================================================================
| ac_float_11_1_5_AC_TRN_operator_11_1_5_AC_TRN_3_r_m_14_sva_reg | Flip-flop |  22   |  Y  | N  | N  | N  | N  | N  | N  |
==========================================================================================================================

Inferred memory devices in process
	in routine fir_core line 21342 in file
		'./rtl/fir_core.v'.
==========================================================================================================================
|                         Register Name                          |   Type    | Width | Bus | MB | AR | AS | SR | SS | ST |
==========================================================================================================================
| ac_float_11_1_5_AC_TRN_operator_11_1_5_AC_TRN_2_r_m_15_sva_reg | Flip-flop |  22   |  Y  | N  | N  | N  | N  | N  | N  |
==========================================================================================================================

Inferred memory devices in process
	in routine fir_core line 21350 in file
		'./rtl/fir_core.v'.
==========================================================================================================================
|                         Register Name                          |   Type    | Width | Bus | MB | AR | AS | SR | SS | ST |
==========================================================================================================================
| ac_float_11_1_5_AC_TRN_operator_11_1_5_AC_TRN_3_r_m_15_sva_reg | Flip-flop |  22   |  Y  | N  | N  | N  | N  | N  | N  |
==========================================================================================================================

Inferred memory devices in process
	in routine fir_core line 21358 in file
		'./rtl/fir_core.v'.
=======================================================================================================================
|                        Register Name                        |   Type    | Width | Bus | MB | AR | AS | SR | SS | ST |
=======================================================================================================================
| ac_float_11_1_5_AC_TRN_operator_11_1_5_AC_TRN_2_r_m_sva_reg | Flip-flop |  22   |  Y  | N  | N  | N  | N  | N  | N  |
=======================================================================================================================

Inferred memory devices in process
	in routine fir_core line 21366 in file
		'./rtl/fir_core.v'.
=======================================================================================================================
|                        Register Name                        |   Type    | Width | Bus | MB | AR | AS | SR | SS | ST |
=======================================================================================================================
| ac_float_11_1_5_AC_TRN_operator_11_1_5_AC_TRN_3_r_m_sva_reg | Flip-flop |  22   |  Y  | N  | N  | N  | N  | N  | N  |
=======================================================================================================================

Inferred memory devices in process
	in routine fir_core line 21374 in file
		'./rtl/fir_core.v'.
=======================================================================================
|        Register Name        |   Type    | Width | Bus | MB | AR | AS | SR | SS | ST |
=======================================================================================
| return_imag_e_rsci_idat_reg | Flip-flop |   5   |  Y  | N  | N  | N  | N  | N  | N  |
=======================================================================================

Inferred memory devices in process
	in routine fir_core line 21385 in file
		'./rtl/fir_core.v'.
=======================================================================================
|        Register Name        |   Type    | Width | Bus | MB | AR | AS | SR | SS | ST |
=======================================================================================
| return_imag_m_rsci_idat_reg | Flip-flop |  11   |  Y  | N  | N  | N  | N  | N  | N  |
=======================================================================================

Inferred memory devices in process
	in routine fir_core line 21395 in file
		'./rtl/fir_core.v'.
=======================================================================================
|        Register Name        |   Type    | Width | Bus | MB | AR | AS | SR | SS | ST |
=======================================================================================
| return_real_e_rsci_idat_reg | Flip-flop |   5   |  Y  | N  | N  | N  | N  | N  | N  |
=======================================================================================

Inferred memory devices in process
	in routine fir_core line 21407 in file
		'./rtl/fir_core.v'.
=======================================================================================
|        Register Name        |   Type    | Width | Bus | MB | AR | AS | SR | SS | ST |
=======================================================================================
| return_real_m_rsci_idat_reg | Flip-flop |  11   |  Y  | N  | N  | N  | N  | N  | N  |
=======================================================================================

Inferred memory devices in process
	in routine fir_core line 21417 in file
		'./rtl/fir_core.v'.
==============================================================================================================================================================================================================
|                                                                   Register Name                                                                    |   Type    | Width | Bus | MB | AR | AS | SR | SS | ST |
==============================================================================================================================================================================================================
| MAC_16_ac_float_cctor_assign_from_n32_31_22_2_AC_TRN_AC_WRAP_3_else_if_ac_float_cctor_assign_from_n32_31_22_2_AC_TRN_AC_WRAP_3_else_if_nor_itm_reg | Flip-flop |   1   |  N  | N  | N  | N  | N  | N  | N  |
==============================================================================================================================================================================================================

Inferred memory devices in process
	in routine fir_core line 21427 in file
		'./rtl/fir_core.v'.
==============================================================================================================================================================================================================
|                                                                   Register Name                                                                    |   Type    | Width | Bus | MB | AR | AS | SR | SS | ST |
==============================================================================================================================================================================================================
| MAC_16_ac_float_cctor_assign_from_n32_31_22_2_AC_TRN_AC_WRAP_2_else_if_ac_float_cctor_assign_from_n32_31_22_2_AC_TRN_AC_WRAP_2_else_if_nor_itm_reg | Flip-flop |   1   |  N  | N  | N  | N  | N  | N  | N  |
==============================================================================================================================================================================================================

Inferred memory devices in process
	in routine fir_core line 21437 in file
		'./rtl/fir_core.v'.
==============================================================================================================================================================================================================
|                                                                   Register Name                                                                    |   Type    | Width | Bus | MB | AR | AS | SR | SS | ST |
==============================================================================================================================================================================================================
| MAC_16_ac_float_cctor_assign_from_n32_31_22_2_AC_TRN_AC_WRAP_1_else_if_ac_float_cctor_assign_from_n32_31_22_2_AC_TRN_AC_WRAP_1_else_if_nor_itm_reg | Flip-flop |   1   |  N  | N  | N  | N  | N  | N  | N  |
==============================================================================================================================================================================================================

Inferred memory devices in process
	in routine fir_core line 21447 in file
		'./rtl/fir_core.v'.
==========================================================================================================================================================================================================
|                                                                 Register Name                                                                  |   Type    | Width | Bus | MB | AR | AS | SR | SS | ST |
==========================================================================================================================================================================================================
| MAC_16_ac_float_cctor_assign_from_n32_31_22_2_AC_TRN_AC_WRAP_else_if_ac_float_cctor_assign_from_n32_31_22_2_AC_TRN_AC_WRAP_else_if_nor_itm_reg | Flip-flop |   1   |  N  | N  | N  | N  | N  | N  | N  |
==========================================================================================================================================================================================================

Inferred memory devices in process
	in routine fir_core line 21457 in file
		'./rtl/fir_core.v'.
==============================================================================================================================================================================================================
|                                                                   Register Name                                                                    |   Type    | Width | Bus | MB | AR | AS | SR | SS | ST |
==============================================================================================================================================================================================================
| MAC_15_ac_float_cctor_assign_from_n32_31_22_2_AC_TRN_AC_WRAP_3_else_if_ac_float_cctor_assign_from_n32_31_22_2_AC_TRN_AC_WRAP_3_else_if_nor_itm_reg | Flip-flop |   1   |  N  | N  | N  | N  | N  | N  | N  |
==============================================================================================================================================================================================================

Inferred memory devices in process
	in routine fir_core line 21467 in file
		'./rtl/fir_core.v'.
==============================================================================================================================================================================================================
|                                                                   Register Name                                                                    |   Type    | Width | Bus | MB | AR | AS | SR | SS | ST |
==============================================================================================================================================================================================================
| MAC_15_ac_float_cctor_assign_from_n32_31_22_2_AC_TRN_AC_WRAP_2_else_if_ac_float_cctor_assign_from_n32_31_22_2_AC_TRN_AC_WRAP_2_else_if_nor_itm_reg | Flip-flop |   1   |  N  | N  | N  | N  | N  | N  | N  |
==============================================================================================================================================================================================================

Inferred memory devices in process
	in routine fir_core line 21477 in file
		'./rtl/fir_core.v'.
==============================================================================================================================================================================================================
|                                                                   Register Name                                                                    |   Type    | Width | Bus | MB | AR | AS | SR | SS | ST |
==============================================================================================================================================================================================================
| MAC_15_ac_float_cctor_assign_from_n32_31_22_2_AC_TRN_AC_WRAP_1_else_if_ac_float_cctor_assign_from_n32_31_22_2_AC_TRN_AC_WRAP_1_else_if_nor_itm_reg | Flip-flop |   1   |  N  | N  | N  | N  | N  | N  | N  |
==============================================================================================================================================================================================================

Inferred memory devices in process
	in routine fir_core line 21487 in file
		'./rtl/fir_core.v'.
==========================================================================================================================================================================================================
|                                                                 Register Name                                                                  |   Type    | Width | Bus | MB | AR | AS | SR | SS | ST |
==========================================================================================================================================================================================================
| MAC_15_ac_float_cctor_assign_from_n32_31_22_2_AC_TRN_AC_WRAP_else_if_ac_float_cctor_assign_from_n32_31_22_2_AC_TRN_AC_WRAP_else_if_nor_itm_reg | Flip-flop |   1   |  N  | N  | N  | N  | N  | N  | N  |
==========================================================================================================================================================================================================

Inferred memory devices in process
	in routine fir_core line 21497 in file
		'./rtl/fir_core.v'.
==============================================================================================================================================================================================================
|                                                                   Register Name                                                                    |   Type    | Width | Bus | MB | AR | AS | SR | SS | ST |
==============================================================================================================================================================================================================
| MAC_14_ac_float_cctor_assign_from_n32_31_22_2_AC_TRN_AC_WRAP_3_else_if_ac_float_cctor_assign_from_n32_31_22_2_AC_TRN_AC_WRAP_3_else_if_nor_itm_reg | Flip-flop |   1   |  N  | N  | N  | N  | N  | N  | N  |
==============================================================================================================================================================================================================

Inferred memory devices in process
	in routine fir_core line 21507 in file
		'./rtl/fir_core.v'.
==============================================================================================================================================================================================================
|                                                                   Register Name                                                                    |   Type    | Width | Bus | MB | AR | AS | SR | SS | ST |
==============================================================================================================================================================================================================
| MAC_14_ac_float_cctor_assign_from_n32_31_22_2_AC_TRN_AC_WRAP_2_else_if_ac_float_cctor_assign_from_n32_31_22_2_AC_TRN_AC_WRAP_2_else_if_nor_itm_reg | Flip-flop |   1   |  N  | N  | N  | N  | N  | N  | N  |
==============================================================================================================================================================================================================

Inferred memory devices in process
	in routine fir_core line 21517 in file
		'./rtl/fir_core.v'.
==============================================================================================================================================================================================================
|                                                                   Register Name                                                                    |   Type    | Width | Bus | MB | AR | AS | SR | SS | ST |
==============================================================================================================================================================================================================
| MAC_14_ac_float_cctor_assign_from_n32_31_22_2_AC_TRN_AC_WRAP_1_else_if_ac_float_cctor_assign_from_n32_31_22_2_AC_TRN_AC_WRAP_1_else_if_nor_itm_reg | Flip-flop |   1   |  N  | N  | N  | N  | N  | N  | N  |
==============================================================================================================================================================================================================

Inferred memory devices in process
	in routine fir_core line 21527 in file
		'./rtl/fir_core.v'.
==========================================================================================================================================================================================================
|                                                                 Register Name                                                                  |   Type    | Width | Bus | MB | AR | AS | SR | SS | ST |
==========================================================================================================================================================================================================
| MAC_14_ac_float_cctor_assign_from_n32_31_22_2_AC_TRN_AC_WRAP_else_if_ac_float_cctor_assign_from_n32_31_22_2_AC_TRN_AC_WRAP_else_if_nor_itm_reg | Flip-flop |   1   |  N  | N  | N  | N  | N  | N  | N  |
==========================================================================================================================================================================================================

Inferred memory devices in process
	in routine fir_core line 21537 in file
		'./rtl/fir_core.v'.
==============================================================================================================================================================================================================
|                                                                   Register Name                                                                    |   Type    | Width | Bus | MB | AR | AS | SR | SS | ST |
==============================================================================================================================================================================================================
|   MAC_10_ac_float_cctor_assign_from_n32_31_22_2_AC_TRN_AC_WRAP_else_if_ac_float_cctor_assign_from_n32_31_22_2_AC_TRN_AC_WRAP_else_if_nor_itm_reg   | Flip-flop |   1   |  N  | N  | N  | N  | N  | N  | N  |
| MAC_13_ac_float_cctor_assign_from_n32_31_22_2_AC_TRN_AC_WRAP_3_else_if_ac_float_cctor_assign_from_n32_31_22_2_AC_TRN_AC_WRAP_3_else_if_nor_itm_reg | Flip-flop |   1   |  N  | N  | N  | N  | N  | N  | N  |
| MAC_13_ac_float_cctor_assign_from_n32_31_22_2_AC_TRN_AC_WRAP_2_else_if_ac_float_cctor_assign_from_n32_31_22_2_AC_TRN_AC_WRAP_2_else_if_nor_itm_reg | Flip-flop |   1   |  N  | N  | N  | N  | N  | N  | N  |
| MAC_13_ac_float_cctor_assign_from_n32_31_22_2_AC_TRN_AC_WRAP_1_else_if_ac_float_cctor_assign_from_n32_31_22_2_AC_TRN_AC_WRAP_1_else_if_nor_itm_reg | Flip-flop |   1   |  N  | N  | N  | N  | N  | N  | N  |
|   MAC_13_ac_float_cctor_assign_from_n32_31_22_2_AC_TRN_AC_WRAP_else_if_ac_float_cctor_assign_from_n32_31_22_2_AC_TRN_AC_WRAP_else_if_nor_itm_reg   | Flip-flop |   1   |  N  | N  | N  | N  | N  | N  | N  |
| MAC_12_ac_float_cctor_assign_from_n32_31_22_2_AC_TRN_AC_WRAP_3_else_if_ac_float_cctor_assign_from_n32_31_22_2_AC_TRN_AC_WRAP_3_else_if_nor_itm_reg | Flip-flop |   1   |  N  | N  | N  | N  | N  | N  | N  |
| MAC_12_ac_float_cctor_assign_from_n32_31_22_2_AC_TRN_AC_WRAP_2_else_if_ac_float_cctor_assign_from_n32_31_22_2_AC_TRN_AC_WRAP_2_else_if_nor_itm_reg | Flip-flop |   1   |  N  | N  | N  | N  | N  | N  | N  |
| MAC_12_ac_float_cctor_assign_from_n32_31_22_2_AC_TRN_AC_WRAP_1_else_if_ac_float_cctor_assign_from_n32_31_22_2_AC_TRN_AC_WRAP_1_else_if_nor_itm_reg | Flip-flop |   1   |  N  | N  | N  | N  | N  | N  | N  |
|   MAC_12_ac_float_cctor_assign_from_n32_31_22_2_AC_TRN_AC_WRAP_else_if_ac_float_cctor_assign_from_n32_31_22_2_AC_TRN_AC_WRAP_else_if_nor_itm_reg   | Flip-flop |   1   |  N  | N  | N  | N  | N  | N  | N  |
| MAC_11_ac_float_cctor_assign_from_n32_31_22_2_AC_TRN_AC_WRAP_3_else_if_ac_float_cctor_assign_from_n32_31_22_2_AC_TRN_AC_WRAP_3_else_if_nor_itm_reg | Flip-flop |   1   |  N  | N  | N  | N  | N  | N  | N  |
| MAC_11_ac_float_cctor_assign_from_n32_31_22_2_AC_TRN_AC_WRAP_2_else_if_ac_float_cctor_assign_from_n32_31_22_2_AC_TRN_AC_WRAP_2_else_if_nor_itm_reg | Flip-flop |   1   |  N  | N  | N  | N  | N  | N  | N  |
| MAC_11_ac_float_cctor_assign_from_n32_31_22_2_AC_TRN_AC_WRAP_1_else_if_ac_float_cctor_assign_from_n32_31_22_2_AC_TRN_AC_WRAP_1_else_if_nor_itm_reg | Flip-flop |   1   |  N  | N  | N  | N  | N  | N  | N  |
|   MAC_11_ac_float_cctor_assign_from_n32_31_22_2_AC_TRN_AC_WRAP_else_if_ac_float_cctor_assign_from_n32_31_22_2_AC_TRN_AC_WRAP_else_if_nor_itm_reg   | Flip-flop |   1   |  N  | N  | N  | N  | N  | N  | N  |
| MAC_10_ac_float_cctor_assign_from_n32_31_22_2_AC_TRN_AC_WRAP_3_else_if_ac_float_cctor_assign_from_n32_31_22_2_AC_TRN_AC_WRAP_3_else_if_nor_itm_reg | Flip-flop |   1   |  N  | N  | N  | N  | N  | N  | N  |
| MAC_10_ac_float_cctor_assign_from_n32_31_22_2_AC_TRN_AC_WRAP_2_else_if_ac_float_cctor_assign_from_n32_31_22_2_AC_TRN_AC_WRAP_2_else_if_nor_itm_reg | Flip-flop |   1   |  N  | N  | N  | N  | N  | N  | N  |
| MAC_10_ac_float_cctor_assign_from_n32_31_22_2_AC_TRN_AC_WRAP_1_else_if_ac_float_cctor_assign_from_n32_31_22_2_AC_TRN_AC_WRAP_1_else_if_nor_itm_reg | Flip-flop |   1   |  N  | N  | N  | N  | N  | N  | N  |
==============================================================================================================================================================================================================

Inferred memory devices in process
	in routine fir_core line 21640 in file
		'./rtl/fir_core.v'.
=============================================================================================================================================================================================================
|                                                                   Register Name                                                                   |   Type    | Width | Bus | MB | AR | AS | SR | SS | ST |
=============================================================================================================================================================================================================
| MAC_9_ac_float_cctor_assign_from_n32_31_22_2_AC_TRN_AC_WRAP_3_else_if_ac_float_cctor_assign_from_n32_31_22_2_AC_TRN_AC_WRAP_3_else_if_nor_itm_reg | Flip-flop |   1   |  N  | N  | N  | N  | N  | N  | N  |
=============================================================================================================================================================================================================

Inferred memory devices in process
	in routine fir_core line 21650 in file
		'./rtl/fir_core.v'.
=============================================================================================================================================================================================================
|                                                                   Register Name                                                                   |   Type    | Width | Bus | MB | AR | AS | SR | SS | ST |
=============================================================================================================================================================================================================
| MAC_9_ac_float_cctor_assign_from_n32_31_22_2_AC_TRN_AC_WRAP_2_else_if_ac_float_cctor_assign_from_n32_31_22_2_AC_TRN_AC_WRAP_2_else_if_nor_itm_reg | Flip-flop |   1   |  N  | N  | N  | N  | N  | N  | N  |
=============================================================================================================================================================================================================

Inferred memory devices in process
	in routine fir_core line 21660 in file
		'./rtl/fir_core.v'.
=============================================================================================================================================================================================================
|                                                                   Register Name                                                                   |   Type    | Width | Bus | MB | AR | AS | SR | SS | ST |
=============================================================================================================================================================================================================
| MAC_9_ac_float_cctor_assign_from_n32_31_22_2_AC_TRN_AC_WRAP_1_else_if_ac_float_cctor_assign_from_n32_31_22_2_AC_TRN_AC_WRAP_1_else_if_nor_itm_reg | Flip-flop |   1   |  N  | N  | N  | N  | N  | N  | N  |
=============================================================================================================================================================================================================

Inferred memory devices in process
	in routine fir_core line 21670 in file
		'./rtl/fir_core.v'.
=========================================================================================================================================================================================================
|                                                                 Register Name                                                                 |   Type    | Width | Bus | MB | AR | AS | SR | SS | ST |
=========================================================================================================================================================================================================
| MAC_9_ac_float_cctor_assign_from_n32_31_22_2_AC_TRN_AC_WRAP_else_if_ac_float_cctor_assign_from_n32_31_22_2_AC_TRN_AC_WRAP_else_if_nor_itm_reg | Flip-flop |   1   |  N  | N  | N  | N  | N  | N  | N  |
=========================================================================================================================================================================================================

Inferred memory devices in process
	in routine fir_core line 21680 in file
		'./rtl/fir_core.v'.
=============================================================================================================================================================================================================
|                                                                   Register Name                                                                   |   Type    | Width | Bus | MB | AR | AS | SR | SS | ST |
=============================================================================================================================================================================================================
| MAC_8_ac_float_cctor_assign_from_n32_31_22_2_AC_TRN_AC_WRAP_3_else_if_ac_float_cctor_assign_from_n32_31_22_2_AC_TRN_AC_WRAP_3_else_if_nor_itm_reg | Flip-flop |   1   |  N  | N  | N  | N  | N  | N  | N  |
=============================================================================================================================================================================================================

Inferred memory devices in process
	in routine fir_core line 21690 in file
		'./rtl/fir_core.v'.
=============================================================================================================================================================================================================
|                                                                   Register Name                                                                   |   Type    | Width | Bus | MB | AR | AS | SR | SS | ST |
=============================================================================================================================================================================================================
| MAC_8_ac_float_cctor_assign_from_n32_31_22_2_AC_TRN_AC_WRAP_2_else_if_ac_float_cctor_assign_from_n32_31_22_2_AC_TRN_AC_WRAP_2_else_if_nor_itm_reg | Flip-flop |   1   |  N  | N  | N  | N  | N  | N  | N  |
=============================================================================================================================================================================================================

Inferred memory devices in process
	in routine fir_core line 21700 in file
		'./rtl/fir_core.v'.
=============================================================================================================================================================================================================
|                                                                   Register Name                                                                   |   Type    | Width | Bus | MB | AR | AS | SR | SS | ST |
=============================================================================================================================================================================================================
| MAC_8_ac_float_cctor_assign_from_n32_31_22_2_AC_TRN_AC_WRAP_1_else_if_ac_float_cctor_assign_from_n32_31_22_2_AC_TRN_AC_WRAP_1_else_if_nor_itm_reg | Flip-flop |   1   |  N  | N  | N  | N  | N  | N  | N  |
=============================================================================================================================================================================================================

Inferred memory devices in process
	in routine fir_core line 21710 in file
		'./rtl/fir_core.v'.
=========================================================================================================================================================================================================
|                                                                 Register Name                                                                 |   Type    | Width | Bus | MB | AR | AS | SR | SS | ST |
=========================================================================================================================================================================================================
| MAC_8_ac_float_cctor_assign_from_n32_31_22_2_AC_TRN_AC_WRAP_else_if_ac_float_cctor_assign_from_n32_31_22_2_AC_TRN_AC_WRAP_else_if_nor_itm_reg | Flip-flop |   1   |  N  | N  | N  | N  | N  | N  | N  |
=========================================================================================================================================================================================================

Inferred memory devices in process
	in routine fir_core line 21720 in file
		'./rtl/fir_core.v'.
=============================================================================================================================================================================================================
|                                                                   Register Name                                                                   |   Type    | Width | Bus | MB | AR | AS | SR | SS | ST |
=============================================================================================================================================================================================================
| MAC_7_ac_float_cctor_assign_from_n32_31_22_2_AC_TRN_AC_WRAP_3_else_if_ac_float_cctor_assign_from_n32_31_22_2_AC_TRN_AC_WRAP_3_else_if_nor_itm_reg | Flip-flop |   1   |  N  | N  | N  | N  | N  | N  | N  |
=============================================================================================================================================================================================================

Inferred memory devices in process
	in routine fir_core line 21730 in file
		'./rtl/fir_core.v'.
=============================================================================================================================================================================================================
|                                                                   Register Name                                                                   |   Type    | Width | Bus | MB | AR | AS | SR | SS | ST |
=============================================================================================================================================================================================================
| MAC_7_ac_float_cctor_assign_from_n32_31_22_2_AC_TRN_AC_WRAP_2_else_if_ac_float_cctor_assign_from_n32_31_22_2_AC_TRN_AC_WRAP_2_else_if_nor_itm_reg | Flip-flop |   1   |  N  | N  | N  | N  | N  | N  | N  |
=============================================================================================================================================================================================================

Inferred memory devices in process
	in routine fir_core line 21740 in file
		'./rtl/fir_core.v'.
=============================================================================================================================================================================================================
|                                                                   Register Name                                                                   |   Type    | Width | Bus | MB | AR | AS | SR | SS | ST |
=============================================================================================================================================================================================================
| MAC_7_ac_float_cctor_assign_from_n32_31_22_2_AC_TRN_AC_WRAP_1_else_if_ac_float_cctor_assign_from_n32_31_22_2_AC_TRN_AC_WRAP_1_else_if_nor_itm_reg | Flip-flop |   1   |  N  | N  | N  | N  | N  | N  | N  |
=============================================================================================================================================================================================================

Inferred memory devices in process
	in routine fir_core line 21750 in file
		'./rtl/fir_core.v'.
=========================================================================================================================================================================================================
|                                                                 Register Name                                                                 |   Type    | Width | Bus | MB | AR | AS | SR | SS | ST |
=========================================================================================================================================================================================================
| MAC_7_ac_float_cctor_assign_from_n32_31_22_2_AC_TRN_AC_WRAP_else_if_ac_float_cctor_assign_from_n32_31_22_2_AC_TRN_AC_WRAP_else_if_nor_itm_reg | Flip-flop |   1   |  N  | N  | N  | N  | N  | N  | N  |
=========================================================================================================================================================================================================

Inferred memory devices in process
	in routine fir_core line 21760 in file
		'./rtl/fir_core.v'.
=============================================================================================================================================================================================================
|                                                                   Register Name                                                                   |   Type    | Width | Bus | MB | AR | AS | SR | SS | ST |
=============================================================================================================================================================================================================
| MAC_6_ac_float_cctor_assign_from_n32_31_22_2_AC_TRN_AC_WRAP_3_else_if_ac_float_cctor_assign_from_n32_31_22_2_AC_TRN_AC_WRAP_3_else_if_nor_itm_reg | Flip-flop |   1   |  N  | N  | N  | N  | N  | N  | N  |
=============================================================================================================================================================================================================

Inferred memory devices in process
	in routine fir_core line 21770 in file
		'./rtl/fir_core.v'.
=============================================================================================================================================================================================================
|                                                                   Register Name                                                                   |   Type    | Width | Bus | MB | AR | AS | SR | SS | ST |
=============================================================================================================================================================================================================
| MAC_6_ac_float_cctor_assign_from_n32_31_22_2_AC_TRN_AC_WRAP_2_else_if_ac_float_cctor_assign_from_n32_31_22_2_AC_TRN_AC_WRAP_2_else_if_nor_itm_reg | Flip-flop |   1   |  N  | N  | N  | N  | N  | N  | N  |
=============================================================================================================================================================================================================

Inferred memory devices in process
	in routine fir_core line 21780 in file
		'./rtl/fir_core.v'.
=============================================================================================================================================================================================================
|                                                                   Register Name                                                                   |   Type    | Width | Bus | MB | AR | AS | SR | SS | ST |
=============================================================================================================================================================================================================
| MAC_6_ac_float_cctor_assign_from_n32_31_22_2_AC_TRN_AC_WRAP_1_else_if_ac_float_cctor_assign_from_n32_31_22_2_AC_TRN_AC_WRAP_1_else_if_nor_itm_reg | Flip-flop |   1   |  N  | N  | N  | N  | N  | N  | N  |
=============================================================================================================================================================================================================

Inferred memory devices in process
	in routine fir_core line 21790 in file
		'./rtl/fir_core.v'.
=========================================================================================================================================================================================================
|                                                                 Register Name                                                                 |   Type    | Width | Bus | MB | AR | AS | SR | SS | ST |
=========================================================================================================================================================================================================
| MAC_6_ac_float_cctor_assign_from_n32_31_22_2_AC_TRN_AC_WRAP_else_if_ac_float_cctor_assign_from_n32_31_22_2_AC_TRN_AC_WRAP_else_if_nor_itm_reg | Flip-flop |   1   |  N  | N  | N  | N  | N  | N  | N  |
=========================================================================================================================================================================================================

Inferred memory devices in process
	in routine fir_core line 21800 in file
		'./rtl/fir_core.v'.
=============================================================================================================================================================================================================
|                                                                   Register Name                                                                   |   Type    | Width | Bus | MB | AR | AS | SR | SS | ST |
=============================================================================================================================================================================================================
| MAC_5_ac_float_cctor_assign_from_n32_31_22_2_AC_TRN_AC_WRAP_3_else_if_ac_float_cctor_assign_from_n32_31_22_2_AC_TRN_AC_WRAP_3_else_if_nor_itm_reg | Flip-flop |   1   |  N  | N  | N  | N  | N  | N  | N  |
=============================================================================================================================================================================================================

Inferred memory devices in process
	in routine fir_core line 21810 in file
		'./rtl/fir_core.v'.
=============================================================================================================================================================================================================
|                                                                   Register Name                                                                   |   Type    | Width | Bus | MB | AR | AS | SR | SS | ST |
=============================================================================================================================================================================================================
| MAC_5_ac_float_cctor_assign_from_n32_31_22_2_AC_TRN_AC_WRAP_2_else_if_ac_float_cctor_assign_from_n32_31_22_2_AC_TRN_AC_WRAP_2_else_if_nor_itm_reg | Flip-flop |   1   |  N  | N  | N  | N  | N  | N  | N  |
=============================================================================================================================================================================================================

Inferred memory devices in process
	in routine fir_core line 21820 in file
		'./rtl/fir_core.v'.
=============================================================================================================================================================================================================
|                                                                   Register Name                                                                   |   Type    | Width | Bus | MB | AR | AS | SR | SS | ST |
=============================================================================================================================================================================================================
| MAC_5_ac_float_cctor_assign_from_n32_31_22_2_AC_TRN_AC_WRAP_1_else_if_ac_float_cctor_assign_from_n32_31_22_2_AC_TRN_AC_WRAP_1_else_if_nor_itm_reg | Flip-flop |   1   |  N  | N  | N  | N  | N  | N  | N  |
=============================================================================================================================================================================================================

Inferred memory devices in process
	in routine fir_core line 21830 in file
		'./rtl/fir_core.v'.
=========================================================================================================================================================================================================
|                                                                 Register Name                                                                 |   Type    | Width | Bus | MB | AR | AS | SR | SS | ST |
=========================================================================================================================================================================================================
| MAC_5_ac_float_cctor_assign_from_n32_31_22_2_AC_TRN_AC_WRAP_else_if_ac_float_cctor_assign_from_n32_31_22_2_AC_TRN_AC_WRAP_else_if_nor_itm_reg | Flip-flop |   1   |  N  | N  | N  | N  | N  | N  | N  |
=========================================================================================================================================================================================================

Inferred memory devices in process
	in routine fir_core line 21840 in file
		'./rtl/fir_core.v'.
=============================================================================================================================================================================================================
|                                                                   Register Name                                                                   |   Type    | Width | Bus | MB | AR | AS | SR | SS | ST |
=============================================================================================================================================================================================================
| MAC_4_ac_float_cctor_assign_from_n32_31_22_2_AC_TRN_AC_WRAP_3_else_if_ac_float_cctor_assign_from_n32_31_22_2_AC_TRN_AC_WRAP_3_else_if_nor_itm_reg | Flip-flop |   1   |  N  | N  | N  | N  | N  | N  | N  |
=============================================================================================================================================================================================================

Inferred memory devices in process
	in routine fir_core line 21850 in file
		'./rtl/fir_core.v'.
=============================================================================================================================================================================================================
|                                                                   Register Name                                                                   |   Type    | Width | Bus | MB | AR | AS | SR | SS | ST |
=============================================================================================================================================================================================================
| MAC_4_ac_float_cctor_assign_from_n32_31_22_2_AC_TRN_AC_WRAP_2_else_if_ac_float_cctor_assign_from_n32_31_22_2_AC_TRN_AC_WRAP_2_else_if_nor_itm_reg | Flip-flop |   1   |  N  | N  | N  | N  | N  | N  | N  |
=============================================================================================================================================================================================================

Inferred memory devices in process
	in routine fir_core line 21860 in file
		'./rtl/fir_core.v'.
=============================================================================================================================================================================================================
|                                                                   Register Name                                                                   |   Type    | Width | Bus | MB | AR | AS | SR | SS | ST |
=============================================================================================================================================================================================================
| MAC_4_ac_float_cctor_assign_from_n32_31_22_2_AC_TRN_AC_WRAP_1_else_if_ac_float_cctor_assign_from_n32_31_22_2_AC_TRN_AC_WRAP_1_else_if_nor_itm_reg | Flip-flop |   1   |  N  | N  | N  | N  | N  | N  | N  |
=============================================================================================================================================================================================================

Inferred memory devices in process
	in routine fir_core line 21870 in file
		'./rtl/fir_core.v'.
=========================================================================================================================================================================================================
|                                                                 Register Name                                                                 |   Type    | Width | Bus | MB | AR | AS | SR | SS | ST |
=========================================================================================================================================================================================================
| MAC_4_ac_float_cctor_assign_from_n32_31_22_2_AC_TRN_AC_WRAP_else_if_ac_float_cctor_assign_from_n32_31_22_2_AC_TRN_AC_WRAP_else_if_nor_itm_reg | Flip-flop |   1   |  N  | N  | N  | N  | N  | N  | N  |
=========================================================================================================================================================================================================

Inferred memory devices in process
	in routine fir_core line 21880 in file
		'./rtl/fir_core.v'.
=============================================================================================================================================================================================================
|                                                                   Register Name                                                                   |   Type    | Width | Bus | MB | AR | AS | SR | SS | ST |
=============================================================================================================================================================================================================
| MAC_3_ac_float_cctor_assign_from_n32_31_22_2_AC_TRN_AC_WRAP_3_else_if_ac_float_cctor_assign_from_n32_31_22_2_AC_TRN_AC_WRAP_3_else_if_nor_itm_reg | Flip-flop |   1   |  N  | N  | N  | N  | N  | N  | N  |
=============================================================================================================================================================================================================

Inferred memory devices in process
	in routine fir_core line 21890 in file
		'./rtl/fir_core.v'.
=============================================================================================================================================================================================================
|                                                                   Register Name                                                                   |   Type    | Width | Bus | MB | AR | AS | SR | SS | ST |
=============================================================================================================================================================================================================
| MAC_3_ac_float_cctor_assign_from_n32_31_22_2_AC_TRN_AC_WRAP_2_else_if_ac_float_cctor_assign_from_n32_31_22_2_AC_TRN_AC_WRAP_2_else_if_nor_itm_reg | Flip-flop |   1   |  N  | N  | N  | N  | N  | N  | N  |
=============================================================================================================================================================================================================

Inferred memory devices in process
	in routine fir_core line 21900 in file
		'./rtl/fir_core.v'.
=============================================================================================================================================================================================================
|                                                                   Register Name                                                                   |   Type    | Width | Bus | MB | AR | AS | SR | SS | ST |
=============================================================================================================================================================================================================
| MAC_3_ac_float_cctor_assign_from_n32_31_22_2_AC_TRN_AC_WRAP_1_else_if_ac_float_cctor_assign_from_n32_31_22_2_AC_TRN_AC_WRAP_1_else_if_nor_itm_reg | Flip-flop |   1   |  N  | N  | N  | N  | N  | N  | N  |
=============================================================================================================================================================================================================

Inferred memory devices in process
	in routine fir_core line 21910 in file
		'./rtl/fir_core.v'.
=========================================================================================================================================================================================================
|                                                                 Register Name                                                                 |   Type    | Width | Bus | MB | AR | AS | SR | SS | ST |
=========================================================================================================================================================================================================
| MAC_3_ac_float_cctor_assign_from_n32_31_22_2_AC_TRN_AC_WRAP_else_if_ac_float_cctor_assign_from_n32_31_22_2_AC_TRN_AC_WRAP_else_if_nor_itm_reg | Flip-flop |   1   |  N  | N  | N  | N  | N  | N  | N  |
=========================================================================================================================================================================================================

Inferred memory devices in process
	in routine fir_core line 21920 in file
		'./rtl/fir_core.v'.
=============================================================================================================================================================================================================
|                                                                   Register Name                                                                   |   Type    | Width | Bus | MB | AR | AS | SR | SS | ST |
=============================================================================================================================================================================================================
| MAC_2_ac_float_cctor_assign_from_n32_31_22_2_AC_TRN_AC_WRAP_3_else_if_ac_float_cctor_assign_from_n32_31_22_2_AC_TRN_AC_WRAP_3_else_if_nor_itm_reg | Flip-flop |   1   |  N  | N  | N  | N  | N  | N  | N  |
=============================================================================================================================================================================================================

Inferred memory devices in process
	in routine fir_core line 21930 in file
		'./rtl/fir_core.v'.
=============================================================================================================================================================================================================
|                                                                   Register Name                                                                   |   Type    | Width | Bus | MB | AR | AS | SR | SS | ST |
=============================================================================================================================================================================================================
| MAC_2_ac_float_cctor_assign_from_n32_31_22_2_AC_TRN_AC_WRAP_2_else_if_ac_float_cctor_assign_from_n32_31_22_2_AC_TRN_AC_WRAP_2_else_if_nor_itm_reg | Flip-flop |   1   |  N  | N  | N  | N  | N  | N  | N  |
=============================================================================================================================================================================================================

Inferred memory devices in process
	in routine fir_core line 21940 in file
		'./rtl/fir_core.v'.
=============================================================================================================================================================================================================
|                                                                   Register Name                                                                   |   Type    | Width | Bus | MB | AR | AS | SR | SS | ST |
=============================================================================================================================================================================================================
| MAC_2_ac_float_cctor_assign_from_n32_31_22_2_AC_TRN_AC_WRAP_1_else_if_ac_float_cctor_assign_from_n32_31_22_2_AC_TRN_AC_WRAP_1_else_if_nor_itm_reg | Flip-flop |   1   |  N  | N  | N  | N  | N  | N  | N  |
=============================================================================================================================================================================================================

Inferred memory devices in process
	in routine fir_core line 21950 in file
		'./rtl/fir_core.v'.
=========================================================================================================================================================================================================
|                                                                 Register Name                                                                 |   Type    | Width | Bus | MB | AR | AS | SR | SS | ST |
=========================================================================================================================================================================================================
| MAC_2_ac_float_cctor_assign_from_n32_31_22_2_AC_TRN_AC_WRAP_else_if_ac_float_cctor_assign_from_n32_31_22_2_AC_TRN_AC_WRAP_else_if_nor_itm_reg | Flip-flop |   1   |  N  | N  | N  | N  | N  | N  | N  |
=========================================================================================================================================================================================================

Inferred memory devices in process
	in routine fir_core line 21960 in file
		'./rtl/fir_core.v'.
=============================================================================================================================================================================================================
|                                                                   Register Name                                                                   |   Type    | Width | Bus | MB | AR | AS | SR | SS | ST |
=============================================================================================================================================================================================================
| MAC_1_ac_float_cctor_assign_from_n32_31_22_2_AC_TRN_AC_WRAP_3_else_if_ac_float_cctor_assign_from_n32_31_22_2_AC_TRN_AC_WRAP_3_else_if_nor_itm_reg | Flip-flop |   1   |  N  | N  | N  | N  | N  | N  | N  |
=============================================================================================================================================================================================================

Inferred memory devices in process
	in routine fir_core line 21970 in file
		'./rtl/fir_core.v'.
=============================================================================================================================================================================================================
|                                                                   Register Name                                                                   |   Type    | Width | Bus | MB | AR | AS | SR | SS | ST |
=============================================================================================================================================================================================================
| MAC_1_ac_float_cctor_assign_from_n32_31_22_2_AC_TRN_AC_WRAP_2_else_if_ac_float_cctor_assign_from_n32_31_22_2_AC_TRN_AC_WRAP_2_else_if_nor_itm_reg | Flip-flop |   1   |  N  | N  | N  | N  | N  | N  | N  |
=============================================================================================================================================================================================================

Inferred memory devices in process
	in routine fir_core line 21980 in file
		'./rtl/fir_core.v'.
=============================================================================================================================================================================================================
|                                                                   Register Name                                                                   |   Type    | Width | Bus | MB | AR | AS | SR | SS | ST |
=============================================================================================================================================================================================================
| MAC_1_ac_float_cctor_assign_from_n32_31_22_2_AC_TRN_AC_WRAP_1_else_if_ac_float_cctor_assign_from_n32_31_22_2_AC_TRN_AC_WRAP_1_else_if_nor_itm_reg | Flip-flop |   1   |  N  | N  | N  | N  | N  | N  | N  |
=============================================================================================================================================================================================================

Inferred memory devices in process
	in routine fir_core line 21990 in file
		'./rtl/fir_core.v'.
=========================================================================================================================================================================================================
|                                                                 Register Name                                                                 |   Type    | Width | Bus | MB | AR | AS | SR | SS | ST |
=========================================================================================================================================================================================================
| MAC_1_ac_float_cctor_assign_from_n32_31_22_2_AC_TRN_AC_WRAP_else_if_ac_float_cctor_assign_from_n32_31_22_2_AC_TRN_AC_WRAP_else_if_nor_itm_reg | Flip-flop |   1   |  N  | N  | N  | N  | N  | N  | N  |
=========================================================================================================================================================================================================

Inferred memory devices in process
	in routine fir_core line 22000 in file
		'./rtl/fir_core.v'.
===========================================================================================================================================================================================================
|                                                                  Register Name                                                                  |   Type    | Width | Bus | MB | AR | AS | SR | SS | ST |
===========================================================================================================================================================================================================
| ac_float_cctor_assign_from_n32_31_22_2_AC_TRN_AC_WRAP_3_else_if_ac_float_cctor_assign_from_n32_31_22_2_AC_TRN_AC_WRAP_3_else_if_nand_13_itm_reg | Flip-flop |   1   |  N  | N  | N  | N  | N  | N  | N  |
| ac_float_cctor_assign_from_n32_31_22_2_AC_TRN_AC_WRAP_3_else_if_ac_float_cctor_assign_from_n32_31_22_2_AC_TRN_AC_WRAP_3_else_if_nand_11_itm_reg | Flip-flop |   1   |  N  | N  | N  | N  | N  | N  | N  |
| ac_float_cctor_assign_from_n32_31_22_2_AC_TRN_AC_WRAP_3_else_if_ac_float_cctor_assign_from_n32_31_22_2_AC_TRN_AC_WRAP_3_else_if_nand_10_itm_reg | Flip-flop |   1   |  N  | N  | N  | N  | N  | N  | N  |
| ac_float_cctor_assign_from_n32_31_22_2_AC_TRN_AC_WRAP_3_else_if_ac_float_cctor_assign_from_n32_31_22_2_AC_TRN_AC_WRAP_3_else_if_nand_8_itm_reg  | Flip-flop |   1   |  N  | N  | N  | N  | N  | N  | N  |
| ac_float_cctor_assign_from_n32_31_22_2_AC_TRN_AC_WRAP_2_else_if_ac_float_cctor_assign_from_n32_31_22_2_AC_TRN_AC_WRAP_2_else_if_nand_8_itm_reg  | Flip-flop |   1   |  N  | N  | N  | N  | N  | N  | N  |
|   ac_float_cctor_assign_from_n32_31_22_2_AC_TRN_AC_WRAP_else_if_ac_float_cctor_assign_from_n32_31_22_2_AC_TRN_AC_WRAP_else_if_nand_8_itm_reg    | Flip-flop |   1   |  N  | N  | N  | N  | N  | N  | N  |
| ac_float_cctor_assign_from_n32_31_22_2_AC_TRN_AC_WRAP_3_else_if_ac_float_cctor_assign_from_n32_31_22_2_AC_TRN_AC_WRAP_3_else_if_nand_7_itm_reg  | Flip-flop |   1   |  N  | N  | N  | N  | N  | N  | N  |
| ac_float_cctor_assign_from_n32_31_22_2_AC_TRN_AC_WRAP_2_else_if_ac_float_cctor_assign_from_n32_31_22_2_AC_TRN_AC_WRAP_2_else_if_nand_7_itm_reg  | Flip-flop |   1   |  N  | N  | N  | N  | N  | N  | N  |
|   ac_float_cctor_assign_from_n32_31_22_2_AC_TRN_AC_WRAP_else_if_ac_float_cctor_assign_from_n32_31_22_2_AC_TRN_AC_WRAP_else_if_nand_7_itm_reg    | Flip-flop |   1   |  N  | N  | N  | N  | N  | N  | N  |
| ac_float_cctor_assign_from_n32_31_22_2_AC_TRN_AC_WRAP_3_else_if_ac_float_cctor_assign_from_n32_31_22_2_AC_TRN_AC_WRAP_3_else_if_nand_6_itm_reg  | Flip-flop |   1   |  N  | N  | N  | N  | N  | N  | N  |
| ac_float_cctor_assign_from_n32_31_22_2_AC_TRN_AC_WRAP_2_else_if_ac_float_cctor_assign_from_n32_31_22_2_AC_TRN_AC_WRAP_2_else_if_nand_6_itm_reg  | Flip-flop |   1   |  N  | N  | N  | N  | N  | N  | N  |
|   ac_float_cctor_assign_from_n32_31_22_2_AC_TRN_AC_WRAP_else_if_ac_float_cctor_assign_from_n32_31_22_2_AC_TRN_AC_WRAP_else_if_nand_6_itm_reg    | Flip-flop |   1   |  N  | N  | N  | N  | N  | N  | N  |
| ac_float_cctor_assign_from_n32_31_22_2_AC_TRN_AC_WRAP_3_else_if_ac_float_cctor_assign_from_n32_31_22_2_AC_TRN_AC_WRAP_3_else_if_nand_5_itm_reg  | Flip-flop |   1   |  N  | N  | N  | N  | N  | N  | N  |
| ac_float_cctor_assign_from_n32_31_22_2_AC_TRN_AC_WRAP_2_else_if_ac_float_cctor_assign_from_n32_31_22_2_AC_TRN_AC_WRAP_2_else_if_nand_5_itm_reg  | Flip-flop |   1   |  N  | N  | N  | N  | N  | N  | N  |
|   ac_float_cctor_assign_from_n32_31_22_2_AC_TRN_AC_WRAP_else_if_ac_float_cctor_assign_from_n32_31_22_2_AC_TRN_AC_WRAP_else_if_nand_5_itm_reg    | Flip-flop |   1   |  N  | N  | N  | N  | N  | N  | N  |
| ac_float_cctor_assign_from_n32_31_22_2_AC_TRN_AC_WRAP_3_else_if_ac_float_cctor_assign_from_n32_31_22_2_AC_TRN_AC_WRAP_3_else_if_nand_4_itm_reg  | Flip-flop |   1   |  N  | N  | N  | N  | N  | N  | N  |
|   ac_float_cctor_assign_from_n32_31_22_2_AC_TRN_AC_WRAP_else_if_ac_float_cctor_assign_from_n32_31_22_2_AC_TRN_AC_WRAP_else_if_nand_4_itm_reg    | Flip-flop |   1   |  N  | N  | N  | N  | N  | N  | N  |
| ac_float_cctor_assign_from_n32_31_22_2_AC_TRN_AC_WRAP_3_else_if_ac_float_cctor_assign_from_n32_31_22_2_AC_TRN_AC_WRAP_3_else_if_nand_3_itm_reg  | Flip-flop |   1   |  N  | N  | N  | N  | N  | N  | N  |
|   ac_float_cctor_assign_from_n32_31_22_2_AC_TRN_AC_WRAP_else_if_ac_float_cctor_assign_from_n32_31_22_2_AC_TRN_AC_WRAP_else_if_nand_3_itm_reg    | Flip-flop |   1   |  N  | N  | N  | N  | N  | N  | N  |
| ac_float_cctor_assign_from_n32_31_22_2_AC_TRN_AC_WRAP_3_else_if_ac_float_cctor_assign_from_n32_31_22_2_AC_TRN_AC_WRAP_3_else_if_nand_2_itm_reg  | Flip-flop |   1   |  N  | N  | N  | N  | N  | N  | N  |
|   ac_float_cctor_assign_from_n32_31_22_2_AC_TRN_AC_WRAP_else_if_ac_float_cctor_assign_from_n32_31_22_2_AC_TRN_AC_WRAP_else_if_nand_2_itm_reg    | Flip-flop |   1   |  N  | N  | N  | N  | N  | N  | N  |
| ac_float_cctor_assign_from_n32_31_22_2_AC_TRN_AC_WRAP_3_else_if_ac_float_cctor_assign_from_n32_31_22_2_AC_TRN_AC_WRAP_3_else_if_nand_1_itm_reg  | Flip-flop |   1   |  N  | N  | N  | N  | N  | N  | N  |
|   ac_float_cctor_assign_from_n32_31_22_2_AC_TRN_AC_WRAP_else_if_ac_float_cctor_assign_from_n32_31_22_2_AC_TRN_AC_WRAP_else_if_nand_1_itm_reg    | Flip-flop |   1   |  N  | N  | N  | N  | N  | N  | N  |
|                                    MAC_10_ac_float_cctor_plus_minus_11_1_5_AC_TRN_11_1_5_AC_TRN_1_or_svs_reg                                    | Flip-flop |   1   |  N  | N  | N  | N  | N  | N  | N  |
|                                     MAC_10_ac_float_cctor_plus_minus_11_1_5_AC_TRN_11_1_5_AC_TRN_or_svs_reg                                     | Flip-flop |   1   |  N  | N  | N  | N  | N  | N  | N  |
|        ac_float_cctor_plus_minus_11_1_5_AC_TRN_11_1_5_AC_TRN_1_ac_float_cctor_plus_minus_11_1_5_AC_TRN_11_1_5_AC_TRN_1_and_14_itm_4_reg         | Flip-flop |   1   |  N  | N  | N  | N  | N  | N  | N  |
|       ac_float_cctor_plus_minus_11_1_5_AC_TRN_11_1_5_AC_TRN_1_ac_float_cctor_plus_minus_11_1_5_AC_TRN_11_1_5_AC_TRN_1_and_14_itm_3_0_reg        | Flip-flop |   4   |  Y  | N  | N  | N  | N  | N  | N  |
|     ac_float_cctor_assign_from_n32_31_22_2_AC_TRN_AC_WRAP_1_ac_float_cctor_assign_from_n32_31_22_2_AC_TRN_AC_WRAP_1_mux1h_10_itm_rsp_0_reg      | Flip-flop |   1   |  N  | N  | N  | N  | N  | N  | N  |
|     ac_float_cctor_assign_from_n32_31_22_2_AC_TRN_AC_WRAP_1_ac_float_cctor_assign_from_n32_31_22_2_AC_TRN_AC_WRAP_1_mux1h_12_itm_rsp_0_reg      | Flip-flop |   1   |  N  | N  | N  | N  | N  | N  | N  |
|     ac_float_cctor_assign_from_n32_31_22_2_AC_TRN_AC_WRAP_1_ac_float_cctor_assign_from_n32_31_22_2_AC_TRN_AC_WRAP_1_mux1h_14_itm_rsp_0_reg      | Flip-flop |   1   |  N  | N  | N  | N  | N  | N  | N  |
|      ac_float_cctor_assign_from_n32_31_22_2_AC_TRN_AC_WRAP_1_ac_float_cctor_assign_from_n32_31_22_2_AC_TRN_AC_WRAP_1_mux1h_2_itm_rsp_0_reg      | Flip-flop |   1   |  N  | N  | N  | N  | N  | N  | N  |
|      ac_float_cctor_assign_from_n32_31_22_2_AC_TRN_AC_WRAP_1_ac_float_cctor_assign_from_n32_31_22_2_AC_TRN_AC_WRAP_1_mux1h_4_itm_rsp_0_reg      | Flip-flop |   1   |  N  | N  | N  | N  | N  | N  | N  |
|      ac_float_cctor_assign_from_n32_31_22_2_AC_TRN_AC_WRAP_1_ac_float_cctor_assign_from_n32_31_22_2_AC_TRN_AC_WRAP_1_mux1h_6_itm_rsp_0_reg      | Flip-flop |   1   |  N  | N  | N  | N  | N  | N  | N  |
|      ac_float_cctor_assign_from_n32_31_22_2_AC_TRN_AC_WRAP_1_ac_float_cctor_assign_from_n32_31_22_2_AC_TRN_AC_WRAP_1_mux1h_8_itm_rsp_0_reg      | Flip-flop |   1   |  N  | N  | N  | N  | N  | N  | N  |
|     ac_float_cctor_assign_from_n32_31_22_2_AC_TRN_AC_WRAP_2_ac_float_cctor_assign_from_n32_31_22_2_AC_TRN_AC_WRAP_2_mux1h_10_itm_rsp_0_reg      | Flip-flop |   1   |  N  | N  | N  | N  | N  | N  | N  |
|     ac_float_cctor_assign_from_n32_31_22_2_AC_TRN_AC_WRAP_2_ac_float_cctor_assign_from_n32_31_22_2_AC_TRN_AC_WRAP_2_mux1h_12_itm_rsp_0_reg      | Flip-flop |   1   |  N  | N  | N  | N  | N  | N  | N  |
|     ac_float_cctor_assign_from_n32_31_22_2_AC_TRN_AC_WRAP_2_ac_float_cctor_assign_from_n32_31_22_2_AC_TRN_AC_WRAP_2_mux1h_14_itm_rsp_0_reg      | Flip-flop |   1   |  N  | N  | N  | N  | N  | N  | N  |
|      ac_float_cctor_assign_from_n32_31_22_2_AC_TRN_AC_WRAP_2_ac_float_cctor_assign_from_n32_31_22_2_AC_TRN_AC_WRAP_2_mux1h_2_itm_rsp_0_reg      | Flip-flop |   1   |  N  | N  | N  | N  | N  | N  | N  |
|      ac_float_cctor_assign_from_n32_31_22_2_AC_TRN_AC_WRAP_2_ac_float_cctor_assign_from_n32_31_22_2_AC_TRN_AC_WRAP_2_mux1h_4_itm_rsp_0_reg      | Flip-flop |   1   |  N  | N  | N  | N  | N  | N  | N  |
|      ac_float_cctor_assign_from_n32_31_22_2_AC_TRN_AC_WRAP_2_ac_float_cctor_assign_from_n32_31_22_2_AC_TRN_AC_WRAP_2_mux1h_6_itm_rsp_0_reg      | Flip-flop |   1   |  N  | N  | N  | N  | N  | N  | N  |
|      ac_float_cctor_assign_from_n32_31_22_2_AC_TRN_AC_WRAP_2_ac_float_cctor_assign_from_n32_31_22_2_AC_TRN_AC_WRAP_2_mux1h_8_itm_rsp_0_reg      | Flip-flop |   1   |  N  | N  | N  | N  | N  | N  | N  |
|      ac_float_cctor_assign_from_n32_31_22_2_AC_TRN_AC_WRAP_ac_float_cctor_assign_from_n32_31_22_2_AC_TRN_AC_WRAP_mux1h_2_itm_5_0_rsp_0_reg      | Flip-flop |   1   |  N  | N  | N  | N  | N  | N  | N  |
|      ac_float_cctor_assign_from_n32_31_22_2_AC_TRN_AC_WRAP_ac_float_cctor_assign_from_n32_31_22_2_AC_TRN_AC_WRAP_mux1h_2_itm_5_0_rsp_1_reg      | Flip-flop |   5   |  Y  | N  | N  | N  | N  | N  | N  |
|      ac_float_cctor_assign_from_n32_31_22_2_AC_TRN_AC_WRAP_ac_float_cctor_assign_from_n32_31_22_2_AC_TRN_AC_WRAP_mux1h_4_itm_5_0_rsp_0_reg      | Flip-flop |   1   |  N  | N  | N  | N  | N  | N  | N  |
|      ac_float_cctor_assign_from_n32_31_22_2_AC_TRN_AC_WRAP_ac_float_cctor_assign_from_n32_31_22_2_AC_TRN_AC_WRAP_mux1h_6_itm_5_0_rsp_0_reg      | Flip-flop |   1   |  N  | N  | N  | N  | N  | N  | N  |
|                                ac_float_cctor_assign_from_n32_31_22_2_AC_TRN_AC_WRAP_1_op2_21_11_1_sva_rsp_0_reg                                | Flip-flop |   5   |  Y  | N  | N  | N  | N  | N  | N  |
|                                ac_float_cctor_assign_from_n32_31_22_2_AC_TRN_AC_WRAP_1_op2_21_11_1_sva_rsp_1_reg                                | Flip-flop |   6   |  Y  | N  | N  | N  | N  | N  | N  |
|                                ac_float_cctor_assign_from_n32_31_22_2_AC_TRN_AC_WRAP_2_op2_21_11_5_sva_rsp_0_reg                                | Flip-flop |   5   |  Y  | N  | N  | N  | N  | N  | N  |
|                                ac_float_cctor_assign_from_n32_31_22_2_AC_TRN_AC_WRAP_3_op2_21_11_4_sva_10_6_reg                                 | Flip-flop |   5   |  Y  | N  | N  | N  | N  | N  | N  |
|                                 ac_float_cctor_assign_from_n32_31_22_2_AC_TRN_AC_WRAP_3_op2_21_11_4_sva_5_4_reg                                 | Flip-flop |   2   |  Y  | N  | N  | N  | N  | N  | N  |
|                                 ac_float_cctor_assign_from_n32_31_22_2_AC_TRN_AC_WRAP_3_op2_21_11_4_sva_3_0_reg                                 | Flip-flop |   4   |  Y  | N  | N  | N  | N  | N  | N  |
|                             ac_float_cctor_assign_from_n32_31_22_2_AC_TRN_AC_WRAP_2_op2_21_11_5_sva_rsp_1_rsp_0_reg                             | Flip-flop |   2   |  Y  | N  | N  | N  | N  | N  | N  |
| ac_float_cctor_assign_from_n32_31_22_2_AC_TRN_AC_WRAP_3_else_if_ac_float_cctor_assign_from_n32_31_22_2_AC_TRN_AC_WRAP_3_else_if_nand_12_itm_reg | Flip-flop |   1   |  N  | N  | N  | N  | N  | N  | N  |
|                             ac_float_cctor_assign_from_n32_31_22_2_AC_TRN_AC_WRAP_2_op2_21_11_5_sva_rsp_1_rsp_1_reg                             | Flip-flop |   4   |  Y  | N  | N  | N  | N  | N  | N  |
|                                     MAC_16_r_ac_float_4_else_r_ac_float_4_else_r_ac_float_4_else_or_itm_reg                                     | Flip-flop |   1   |  N  | N  | N  | N  | N  | N  | N  |
|                                     MAC_16_r_ac_float_3_else_r_ac_float_3_else_r_ac_float_3_else_or_itm_reg                                     | Flip-flop |   1   |  N  | N  | N  | N  | N  | N  | N  |
|                                     MAC_16_r_ac_float_2_else_r_ac_float_2_else_r_ac_float_2_else_or_itm_reg                                     | Flip-flop |   1   |  N  | N  | N  | N  | N  | N  | N  |
|                                     MAC_16_r_ac_float_1_else_r_ac_float_1_else_r_ac_float_1_else_or_itm_reg                                     | Flip-flop |   1   |  N  | N  | N  | N  | N  | N  | N  |
|                                     MAC_15_r_ac_float_4_else_r_ac_float_4_else_r_ac_float_4_else_or_itm_reg                                     | Flip-flop |   1   |  N  | N  | N  | N  | N  | N  | N  |
|                                     MAC_15_r_ac_float_3_else_r_ac_float_3_else_r_ac_float_3_else_or_itm_reg                                     | Flip-flop |   1   |  N  | N  | N  | N  | N  | N  | N  |
|                                     MAC_15_r_ac_float_2_else_r_ac_float_2_else_r_ac_float_2_else_or_itm_reg                                     | Flip-flop |   1   |  N  | N  | N  | N  | N  | N  | N  |
|                                     MAC_15_r_ac_float_1_else_r_ac_float_1_else_r_ac_float_1_else_or_itm_reg                                     | Flip-flop |   1   |  N  | N  | N  | N  | N  | N  | N  |
|                                     MAC_14_r_ac_float_4_else_r_ac_float_4_else_r_ac_float_4_else_or_itm_reg                                     | Flip-flop |   1   |  N  | N  | N  | N  | N  | N  | N  |
|                                     MAC_14_r_ac_float_3_else_r_ac_float_3_else_r_ac_float_3_else_or_itm_reg                                     | Flip-flop |   1   |  N  | N  | N  | N  | N  | N  | N  |
|                                     MAC_14_r_ac_float_2_else_r_ac_float_2_else_r_ac_float_2_else_or_itm_reg                                     | Flip-flop |   1   |  N  | N  | N  | N  | N  | N  | N  |
|                                     MAC_14_r_ac_float_1_else_r_ac_float_1_else_r_ac_float_1_else_or_itm_reg                                     | Flip-flop |   1   |  N  | N  | N  | N  | N  | N  | N  |
|                                     MAC_13_r_ac_float_4_else_r_ac_float_4_else_r_ac_float_4_else_or_itm_reg                                     | Flip-flop |   1   |  N  | N  | N  | N  | N  | N  | N  |
|                                     MAC_13_r_ac_float_3_else_r_ac_float_3_else_r_ac_float_3_else_or_itm_reg                                     | Flip-flop |   1   |  N  | N  | N  | N  | N  | N  | N  |
|                                     MAC_13_r_ac_float_2_else_r_ac_float_2_else_r_ac_float_2_else_or_itm_reg                                     | Flip-flop |   1   |  N  | N  | N  | N  | N  | N  | N  |
|                                     MAC_13_r_ac_float_1_else_r_ac_float_1_else_r_ac_float_1_else_or_itm_reg                                     | Flip-flop |   1   |  N  | N  | N  | N  | N  | N  | N  |
|                                     MAC_12_r_ac_float_4_else_r_ac_float_4_else_r_ac_float_4_else_or_itm_reg                                     | Flip-flop |   1   |  N  | N  | N  | N  | N  | N  | N  |
|                                     MAC_12_r_ac_float_3_else_r_ac_float_3_else_r_ac_float_3_else_or_itm_reg                                     | Flip-flop |   1   |  N  | N  | N  | N  | N  | N  | N  |
|                                     MAC_12_r_ac_float_2_else_r_ac_float_2_else_r_ac_float_2_else_or_itm_reg                                     | Flip-flop |   1   |  N  | N  | N  | N  | N  | N  | N  |
|                                     MAC_12_r_ac_float_1_else_r_ac_float_1_else_r_ac_float_1_else_or_itm_reg                                     | Flip-flop |   1   |  N  | N  | N  | N  | N  | N  | N  |
|                                     MAC_11_r_ac_float_4_else_r_ac_float_4_else_r_ac_float_4_else_or_itm_reg                                     | Flip-flop |   1   |  N  | N  | N  | N  | N  | N  | N  |
|                                     MAC_11_r_ac_float_3_else_r_ac_float_3_else_r_ac_float_3_else_or_itm_reg                                     | Flip-flop |   1   |  N  | N  | N  | N  | N  | N  | N  |
|                                     MAC_11_r_ac_float_2_else_r_ac_float_2_else_r_ac_float_2_else_or_itm_reg                                     | Flip-flop |   1   |  N  | N  | N  | N  | N  | N  | N  |
|                                     MAC_11_r_ac_float_1_else_r_ac_float_1_else_r_ac_float_1_else_or_itm_reg                                     | Flip-flop |   1   |  N  | N  | N  | N  | N  | N  | N  |
|                                     MAC_10_r_ac_float_4_else_r_ac_float_4_else_r_ac_float_4_else_or_itm_reg                                     | Flip-flop |   1   |  N  | N  | N  | N  | N  | N  | N  |
|                                     MAC_10_r_ac_float_3_else_r_ac_float_3_else_r_ac_float_3_else_or_itm_reg                                     | Flip-flop |   1   |  N  | N  | N  | N  | N  | N  | N  |
|                                     MAC_10_r_ac_float_2_else_r_ac_float_2_else_r_ac_float_2_else_or_itm_reg                                     | Flip-flop |   1   |  N  | N  | N  | N  | N  | N  | N  |
|                                     MAC_10_r_ac_float_1_else_r_ac_float_1_else_r_ac_float_1_else_or_itm_reg                                     | Flip-flop |   1   |  N  | N  | N  | N  | N  | N  | N  |
|                                     MAC_9_r_ac_float_4_else_r_ac_float_4_else_r_ac_float_4_else_or_itm_reg                                      | Flip-flop |   1   |  N  | N  | N  | N  | N  | N  | N  |
|                                     MAC_9_r_ac_float_3_else_r_ac_float_3_else_r_ac_float_3_else_or_itm_reg                                      | Flip-flop |   1   |  N  | N  | N  | N  | N  | N  | N  |
|                                     MAC_9_r_ac_float_2_else_r_ac_float_2_else_r_ac_float_2_else_or_itm_reg                                      | Flip-flop |   1   |  N  | N  | N  | N  | N  | N  | N  |
|                                     MAC_9_r_ac_float_1_else_r_ac_float_1_else_r_ac_float_1_else_or_itm_reg                                      | Flip-flop |   1   |  N  | N  | N  | N  | N  | N  | N  |
|                                     MAC_8_r_ac_float_4_else_r_ac_float_4_else_r_ac_float_4_else_or_itm_reg                                      | Flip-flop |   1   |  N  | N  | N  | N  | N  | N  | N  |
|                                     MAC_8_r_ac_float_3_else_r_ac_float_3_else_r_ac_float_3_else_or_itm_reg                                      | Flip-flop |   1   |  N  | N  | N  | N  | N  | N  | N  |
|                                     MAC_8_r_ac_float_2_else_r_ac_float_2_else_r_ac_float_2_else_or_itm_reg                                      | Flip-flop |   1   |  N  | N  | N  | N  | N  | N  | N  |
|                                     MAC_8_r_ac_float_1_else_r_ac_float_1_else_r_ac_float_1_else_or_itm_reg                                      | Flip-flop |   1   |  N  | N  | N  | N  | N  | N  | N  |
|                                     MAC_7_r_ac_float_4_else_r_ac_float_4_else_r_ac_float_4_else_or_itm_reg                                      | Flip-flop |   1   |  N  | N  | N  | N  | N  | N  | N  |
|                                     MAC_7_r_ac_float_3_else_r_ac_float_3_else_r_ac_float_3_else_or_itm_reg                                      | Flip-flop |   1   |  N  | N  | N  | N  | N  | N  | N  |
|                                     MAC_7_r_ac_float_2_else_r_ac_float_2_else_r_ac_float_2_else_or_itm_reg                                      | Flip-flop |   1   |  N  | N  | N  | N  | N  | N  | N  |
|                                     MAC_7_r_ac_float_1_else_r_ac_float_1_else_r_ac_float_1_else_or_itm_reg                                      | Flip-flop |   1   |  N  | N  | N  | N  | N  | N  | N  |
|                                     MAC_6_r_ac_float_4_else_r_ac_float_4_else_r_ac_float_4_else_or_itm_reg                                      | Flip-flop |   1   |  N  | N  | N  | N  | N  | N  | N  |
|                                       MAC_6_ac_float_11_1_5_AC_TRN_operator_11_1_5_AC_TRN_2_acc_itm_5_reg                                       | Flip-flop |   1   |  N  | N  | N  | N  | N  | N  | N  |
|                                       MAC_6_ac_float_11_1_5_AC_TRN_operator_11_1_5_AC_TRN_2_acc_itm_4_reg                                       | Flip-flop |   1   |  N  | N  | N  | N  | N  | N  | N  |
|                                      MAC_6_ac_float_11_1_5_AC_TRN_operator_11_1_5_AC_TRN_2_acc_itm_3_0_reg                                      | Flip-flop |   4   |  Y  | N  | N  | N  | N  | N  | N  |
|                                     MAC_6_r_ac_float_3_else_r_ac_float_3_else_r_ac_float_3_else_or_itm_reg                                      | Flip-flop |   1   |  N  | N  | N  | N  | N  | N  | N  |
|                                     MAC_6_r_ac_float_2_else_r_ac_float_2_else_r_ac_float_2_else_or_itm_reg                                      | Flip-flop |   1   |  N  | N  | N  | N  | N  | N  | N  |
|                                     MAC_6_r_ac_float_1_else_r_ac_float_1_else_r_ac_float_1_else_or_itm_reg                                      | Flip-flop |   1   |  N  | N  | N  | N  | N  | N  | N  |
|                                       MAC_5_ac_float_11_1_5_AC_TRN_operator_11_1_5_AC_TRN_3_acc_itm_5_reg                                       | Flip-flop |   1   |  N  | N  | N  | N  | N  | N  | N  |
|                                       MAC_5_ac_float_11_1_5_AC_TRN_operator_11_1_5_AC_TRN_3_acc_itm_4_reg                                       | Flip-flop |   1   |  N  | N  | N  | N  | N  | N  | N  |
|                                      MAC_5_ac_float_11_1_5_AC_TRN_operator_11_1_5_AC_TRN_3_acc_itm_3_0_reg                                      | Flip-flop |   4   |  Y  | N  | N  | N  | N  | N  | N  |
|                                     MAC_5_r_ac_float_4_else_r_ac_float_4_else_r_ac_float_4_else_or_itm_reg                                      | Flip-flop |   1   |  N  | N  | N  | N  | N  | N  | N  |
|                                       MAC_5_ac_float_11_1_5_AC_TRN_operator_11_1_5_AC_TRN_2_acc_itm_5_reg                                       | Flip-flop |   1   |  N  | N  | N  | N  | N  | N  | N  |
|                                       MAC_5_ac_float_11_1_5_AC_TRN_operator_11_1_5_AC_TRN_2_acc_itm_4_reg                                       | Flip-flop |   1   |  N  | N  | N  | N  | N  | N  | N  |
|                                      MAC_5_ac_float_11_1_5_AC_TRN_operator_11_1_5_AC_TRN_2_acc_itm_3_0_reg                                      | Flip-flop |   4   |  Y  | N  | N  | N  | N  | N  | N  |
|                                     MAC_5_r_ac_float_3_else_r_ac_float_3_else_r_ac_float_3_else_or_itm_reg                                      | Flip-flop |   1   |  N  | N  | N  | N  | N  | N  | N  |
|                                     MAC_5_r_ac_float_2_else_r_ac_float_2_else_r_ac_float_2_else_or_itm_reg                                      | Flip-flop |   1   |  N  | N  | N  | N  | N  | N  | N  |
|                                     MAC_5_r_ac_float_1_else_r_ac_float_1_else_r_ac_float_1_else_or_itm_reg                                      | Flip-flop |   1   |  N  | N  | N  | N  | N  | N  | N  |
|                                     MAC_4_r_ac_float_4_else_r_ac_float_4_else_r_ac_float_4_else_or_itm_reg                                      | Flip-flop |   1   |  N  | N  | N  | N  | N  | N  | N  |
|                                     MAC_4_r_ac_float_3_else_r_ac_float_3_else_r_ac_float_3_else_or_itm_reg                                      | Flip-flop |   1   |  N  | N  | N  | N  | N  | N  | N  |
|                                     MAC_4_r_ac_float_2_else_r_ac_float_2_else_r_ac_float_2_else_or_itm_reg                                      | Flip-flop |   1   |  N  | N  | N  | N  | N  | N  | N  |
|                                     MAC_4_r_ac_float_1_else_r_ac_float_1_else_r_ac_float_1_else_or_itm_reg                                      | Flip-flop |   1   |  N  | N  | N  | N  | N  | N  | N  |
|                                     MAC_3_r_ac_float_4_else_r_ac_float_4_else_r_ac_float_4_else_or_itm_reg                                      | Flip-flop |   1   |  N  | N  | N  | N  | N  | N  | N  |
|                                     MAC_3_r_ac_float_3_else_r_ac_float_3_else_r_ac_float_3_else_or_itm_reg                                      | Flip-flop |   1   |  N  | N  | N  | N  | N  | N  | N  |
|                                     MAC_3_r_ac_float_2_else_r_ac_float_2_else_r_ac_float_2_else_or_itm_reg                                      | Flip-flop |   1   |  N  | N  | N  | N  | N  | N  | N  |
|                                     MAC_3_r_ac_float_1_else_r_ac_float_1_else_r_ac_float_1_else_or_itm_reg                                      | Flip-flop |   1   |  N  | N  | N  | N  | N  | N  | N  |
|                                     MAC_2_r_ac_float_4_else_r_ac_float_4_else_r_ac_float_4_else_or_itm_reg                                      | Flip-flop |   1   |  N  | N  | N  | N  | N  | N  | N  |
|                                     MAC_2_r_ac_float_3_else_r_ac_float_3_else_r_ac_float_3_else_or_itm_reg                                      | Flip-flop |   1   |  N  | N  | N  | N  | N  | N  | N  |
|                                     MAC_2_r_ac_float_2_else_r_ac_float_2_else_r_ac_float_2_else_or_itm_reg                                      | Flip-flop |   1   |  N  | N  | N  | N  | N  | N  | N  |
|                                     MAC_2_r_ac_float_1_else_r_ac_float_1_else_r_ac_float_1_else_or_itm_reg                                      | Flip-flop |   1   |  N  | N  | N  | N  | N  | N  | N  |
|                                     MAC_1_r_ac_float_4_else_r_ac_float_4_else_r_ac_float_4_else_or_itm_reg                                      | Flip-flop |   1   |  N  | N  | N  | N  | N  | N  | N  |
|                                     MAC_1_r_ac_float_3_else_r_ac_float_3_else_r_ac_float_3_else_or_itm_reg                                      | Flip-flop |   1   |  N  | N  | N  | N  | N  | N  | N  |
|                                     MAC_1_r_ac_float_2_else_r_ac_float_2_else_r_ac_float_2_else_or_itm_reg                                      | Flip-flop |   1   |  N  | N  | N  | N  | N  | N  | N  |
|                                     MAC_1_r_ac_float_1_else_r_ac_float_1_else_r_ac_float_1_else_or_itm_reg                                      | Flip-flop |   1   |  N  | N  | N  | N  | N  | N  | N  |
|                                                     reg_return_imag_e_triosy_obj_ld_cse_reg                                                     | Flip-flop |   1   |  N  | N  | N  | N  | N  | N  | N  |
|                                                      reg_taps_imag_e_triosy_obj_ld_cse_reg                                                      | Flip-flop |   1   |  N  | N  | N  | N  | N  | N  | N  |
|                                                 MAC_1_leading_sign_18_1_1_0_cmp_63_mantissa_reg                                                 | Flip-flop |  18   |  Y  | N  | N  | N  | N  | N  | N  |
|                                                 MAC_1_leading_sign_18_1_1_0_cmp_62_mantissa_reg                                                 | Flip-flop |  18   |  Y  | N  | N  | N  | N  | N  | N  |
|                                                 MAC_1_leading_sign_18_1_1_0_cmp_61_mantissa_reg                                                 | Flip-flop |  18   |  Y  | N  | N  | N  | N  | N  | N  |
|                                                 MAC_1_leading_sign_18_1_1_0_cmp_60_mantissa_reg                                                 | Flip-flop |  18   |  Y  | N  | N  | N  | N  | N  | N  |
|                                                 MAC_1_leading_sign_18_1_1_0_cmp_59_mantissa_reg                                                 | Flip-flop |  18   |  Y  | N  | N  | N  | N  | N  | N  |
|                                                 MAC_1_leading_sign_18_1_1_0_cmp_58_mantissa_reg                                                 | Flip-flop |  18   |  Y  | N  | N  | N  | N  | N  | N  |
|                                                 MAC_1_leading_sign_18_1_1_0_cmp_57_mantissa_reg                                                 | Flip-flop |  18   |  Y  | N  | N  | N  | N  | N  | N  |
|                                                 MAC_1_leading_sign_18_1_1_0_cmp_56_mantissa_reg                                                 | Flip-flop |  18   |  Y  | N  | N  | N  | N  | N  | N  |
|                                                 MAC_1_leading_sign_18_1_1_0_cmp_55_mantissa_reg                                                 | Flip-flop |  18   |  Y  | N  | N  | N  | N  | N  | N  |
|                                                 MAC_1_leading_sign_18_1_1_0_cmp_54_mantissa_reg                                                 | Flip-flop |  18   |  Y  | N  | N  | N  | N  | N  | N  |
|                                                 MAC_1_leading_sign_18_1_1_0_cmp_53_mantissa_reg                                                 | Flip-flop |  18   |  Y  | N  | N  | N  | N  | N  | N  |
|                                                 MAC_1_leading_sign_18_1_1_0_cmp_52_mantissa_reg                                                 | Flip-flop |  18   |  Y  | N  | N  | N  | N  | N  | N  |
|                                                 MAC_1_leading_sign_18_1_1_0_cmp_51_mantissa_reg                                                 | Flip-flop |  18   |  Y  | N  | N  | N  | N  | N  | N  |
|                                                 MAC_1_leading_sign_18_1_1_0_cmp_50_mantissa_reg                                                 | Flip-flop |  18   |  Y  | N  | N  | N  | N  | N  | N  |
|                                                 MAC_1_leading_sign_18_1_1_0_cmp_49_mantissa_reg                                                 | Flip-flop |  18   |  Y  | N  | N  | N  | N  | N  | N  |
|                                                 MAC_1_leading_sign_18_1_1_0_cmp_48_mantissa_reg                                                 | Flip-flop |  18   |  Y  | N  | N  | N  | N  | N  | N  |
|                                                 MAC_1_leading_sign_18_1_1_0_cmp_47_mantissa_reg                                                 | Flip-flop |  18   |  Y  | N  | N  | N  | N  | N  | N  |
|                                                 MAC_1_leading_sign_18_1_1_0_cmp_46_mantissa_reg                                                 | Flip-flop |  18   |  Y  | N  | N  | N  | N  | N  | N  |
|                                                 MAC_1_leading_sign_18_1_1_0_cmp_45_mantissa_reg                                                 | Flip-flop |  18   |  Y  | N  | N  | N  | N  | N  | N  |
|                                                 MAC_1_leading_sign_18_1_1_0_cmp_44_mantissa_reg                                                 | Flip-flop |  18   |  Y  | N  | N  | N  | N  | N  | N  |
|                                                 MAC_1_leading_sign_18_1_1_0_cmp_43_mantissa_reg                                                 | Flip-flop |  18   |  Y  | N  | N  | N  | N  | N  | N  |
|                                                 MAC_1_leading_sign_18_1_1_0_cmp_42_mantissa_reg                                                 | Flip-flop |  18   |  Y  | N  | N  | N  | N  | N  | N  |
|                                                 MAC_1_leading_sign_18_1_1_0_cmp_41_mantissa_reg                                                 | Flip-flop |  18   |  Y  | N  | N  | N  | N  | N  | N  |
|                                                 MAC_1_leading_sign_18_1_1_0_cmp_40_mantissa_reg                                                 | Flip-flop |  18   |  Y  | N  | N  | N  | N  | N  | N  |
|                                                 MAC_1_leading_sign_18_1_1_0_cmp_39_mantissa_reg                                                 | Flip-flop |  18   |  Y  | N  | N  | N  | N  | N  | N  |
|                                                 MAC_1_leading_sign_18_1_1_0_cmp_38_mantissa_reg                                                 | Flip-flop |  18   |  Y  | N  | N  | N  | N  | N  | N  |
|                                                 MAC_1_leading_sign_18_1_1_0_cmp_37_mantissa_reg                                                 | Flip-flop |  18   |  Y  | N  | N  | N  | N  | N  | N  |
|                                                 MAC_1_leading_sign_18_1_1_0_cmp_36_mantissa_reg                                                 | Flip-flop |  18   |  Y  | N  | N  | N  | N  | N  | N  |
|                                                 MAC_1_leading_sign_18_1_1_0_cmp_35_mantissa_reg                                                 | Flip-flop |  18   |  Y  | N  | N  | N  | N  | N  | N  |
|                                                 MAC_1_leading_sign_18_1_1_0_cmp_34_mantissa_reg                                                 | Flip-flop |  18   |  Y  | N  | N  | N  | N  | N  | N  |
|                                                 MAC_1_leading_sign_18_1_1_0_cmp_33_mantissa_reg                                                 | Flip-flop |  18   |  Y  | N  | N  | N  | N  | N  | N  |
|                                                 MAC_1_leading_sign_18_1_1_0_cmp_32_mantissa_reg                                                 | Flip-flop |  18   |  Y  | N  | N  | N  | N  | N  | N  |
|                                                 MAC_1_leading_sign_18_1_1_0_cmp_31_mantissa_reg                                                 | Flip-flop |  18   |  Y  | N  | N  | N  | N  | N  | N  |
|                                                 MAC_1_leading_sign_18_1_1_0_cmp_30_mantissa_reg                                                 | Flip-flop |  18   |  Y  | N  | N  | N  | N  | N  | N  |
|                                                 MAC_1_leading_sign_18_1_1_0_cmp_29_mantissa_reg                                                 | Flip-flop |  18   |  Y  | N  | N  | N  | N  | N  | N  |
|                                                 MAC_1_leading_sign_18_1_1_0_cmp_28_mantissa_reg                                                 | Flip-flop |  18   |  Y  | N  | N  | N  | N  | N  | N  |
|                                                 MAC_1_leading_sign_18_1_1_0_cmp_27_mantissa_reg                                                 | Flip-flop |  18   |  Y  | N  | N  | N  | N  | N  | N  |
|                                                 MAC_1_leading_sign_18_1_1_0_cmp_26_mantissa_reg                                                 | Flip-flop |  18   |  Y  | N  | N  | N  | N  | N  | N  |
|                                                 MAC_1_leading_sign_18_1_1_0_cmp_25_mantissa_reg                                                 | Flip-flop |  18   |  Y  | N  | N  | N  | N  | N  | N  |
|                                                 MAC_1_leading_sign_18_1_1_0_cmp_24_mantissa_reg                                                 | Flip-flop |  18   |  Y  | N  | N  | N  | N  | N  | N  |
|                                                 MAC_1_leading_sign_18_1_1_0_cmp_23_mantissa_reg                                                 | Flip-flop |  18   |  Y  | N  | N  | N  | N  | N  | N  |
|                                                 MAC_1_leading_sign_18_1_1_0_cmp_22_mantissa_reg                                                 | Flip-flop |  18   |  Y  | N  | N  | N  | N  | N  | N  |
|                                                 MAC_1_leading_sign_18_1_1_0_cmp_21_mantissa_reg                                                 | Flip-flop |  18   |  Y  | N  | N  | N  | N  | N  | N  |
|                                                 MAC_1_leading_sign_18_1_1_0_cmp_20_mantissa_reg                                                 | Flip-flop |  18   |  Y  | N  | N  | N  | N  | N  | N  |
|                                                 MAC_1_leading_sign_18_1_1_0_cmp_19_mantissa_reg                                                 | Flip-flop |  18   |  Y  | N  | N  | N  | N  | N  | N  |
|                                                 MAC_1_leading_sign_18_1_1_0_cmp_18_mantissa_reg                                                 | Flip-flop |  18   |  Y  | N  | N  | N  | N  | N  | N  |
|                                                 MAC_1_leading_sign_18_1_1_0_cmp_17_mantissa_reg                                                 | Flip-flop |  18   |  Y  | N  | N  | N  | N  | N  | N  |
|                                                 MAC_1_leading_sign_18_1_1_0_cmp_16_mantissa_reg                                                 | Flip-flop |  18   |  Y  | N  | N  | N  | N  | N  | N  |
|                                                 MAC_1_leading_sign_18_1_1_0_cmp_15_mantissa_reg                                                 | Flip-flop |  18   |  Y  | N  | N  | N  | N  | N  | N  |
|                                                 MAC_1_leading_sign_18_1_1_0_cmp_14_mantissa_reg                                                 | Flip-flop |  18   |  Y  | N  | N  | N  | N  | N  | N  |
|                                                 MAC_1_leading_sign_18_1_1_0_cmp_13_mantissa_reg                                                 | Flip-flop |  18   |  Y  | N  | N  | N  | N  | N  | N  |
|                                                 MAC_1_leading_sign_18_1_1_0_cmp_12_mantissa_reg                                                 | Flip-flop |  18   |  Y  | N  | N  | N  | N  | N  | N  |
|                                                 MAC_1_leading_sign_18_1_1_0_cmp_11_mantissa_reg                                                 | Flip-flop |  18   |  Y  | N  | N  | N  | N  | N  | N  |
|                                                 MAC_1_leading_sign_18_1_1_0_cmp_10_mantissa_reg                                                 | Flip-flop |  18   |  Y  | N  | N  | N  | N  | N  | N  |
|                                                 MAC_1_leading_sign_18_1_1_0_cmp_9_mantissa_reg                                                  | Flip-flop |  18   |  Y  | N  | N  | N  | N  | N  | N  |
|                                                 MAC_1_leading_sign_18_1_1_0_cmp_8_mantissa_reg                                                  | Flip-flop |  18   |  Y  | N  | N  | N  | N  | N  | N  |
|                                                 MAC_1_leading_sign_18_1_1_0_cmp_7_mantissa_reg                                                  | Flip-flop |  18   |  Y  | N  | N  | N  | N  | N  | N  |
|                                                 MAC_1_leading_sign_18_1_1_0_cmp_6_mantissa_reg                                                  | Flip-flop |  18   |  Y  | N  | N  | N  | N  | N  | N  |
|                                                 MAC_1_leading_sign_18_1_1_0_cmp_5_mantissa_reg                                                  | Flip-flop |  18   |  Y  | N  | N  | N  | N  | N  | N  |
|                                                 MAC_1_leading_sign_18_1_1_0_cmp_4_mantissa_reg                                                  | Flip-flop |  18   |  Y  | N  | N  | N  | N  | N  | N  |
|                                                 MAC_1_leading_sign_18_1_1_0_cmp_3_mantissa_reg                                                  | Flip-flop |  18   |  Y  | N  | N  | N  | N  | N  | N  |
|                                                 MAC_1_leading_sign_18_1_1_0_cmp_2_mantissa_reg                                                  | Flip-flop |  18   |  Y  | N  | N  | N  | N  | N  | N  |
|                                                 MAC_1_leading_sign_18_1_1_0_cmp_1_mantissa_reg                                                  | Flip-flop |  18   |  Y  | N  | N  | N  | N  | N  | N  |
|                                                  MAC_1_leading_sign_18_1_1_0_cmp_mantissa_reg                                                   | Flip-flop |  18   |  Y  | N  | N  | N  | N  | N  | N  |
|                              ac_float_cctor_plus_minus_11_1_5_AC_TRN_11_1_5_AC_TRN_1_e_dif_acc_psp_11_sva_5_4_reg                               | Flip-flop |   2   |  Y  | N  | N  | N  | N  | N  | N  |
|                              ac_float_cctor_plus_minus_11_1_5_AC_TRN_11_1_5_AC_TRN_1_e_dif_acc_psp_11_sva_3_0_reg                               | Flip-flop |   4   |  Y  | N  | N  | N  | N  | N  | N  |
|                              ac_float_cctor_plus_minus_11_1_5_AC_TRN_11_1_5_AC_TRN_1_e_dif_acc_psp_12_sva_5_4_reg                               | Flip-flop |   2   |  Y  | N  | N  | N  | N  | N  | N  |
|                              ac_float_cctor_plus_minus_11_1_5_AC_TRN_11_1_5_AC_TRN_1_e_dif_acc_psp_12_sva_3_0_reg                               | Flip-flop |   4   |  Y  | N  | N  | N  | N  | N  | N  |
|                               ac_float_cctor_plus_minus_11_1_5_AC_TRN_11_1_5_AC_TRN_1_e_dif_acc_psp_5_sva_5_4_reg                               | Flip-flop |   2   |  Y  | N  | N  | N  | N  | N  | N  |
|                               ac_float_cctor_plus_minus_11_1_5_AC_TRN_11_1_5_AC_TRN_1_e_dif_acc_psp_5_sva_3_0_reg                               | Flip-flop |   4   |  Y  | N  | N  | N  | N  | N  | N  |
|                               ac_float_cctor_plus_minus_11_1_5_AC_TRN_11_1_5_AC_TRN_1_e_dif_acc_psp_6_sva_5_4_reg                               | Flip-flop |   2   |  Y  | N  | N  | N  | N  | N  | N  |
|                               ac_float_cctor_plus_minus_11_1_5_AC_TRN_11_1_5_AC_TRN_1_e_dif_acc_psp_6_sva_3_0_reg                               | Flip-flop |   4   |  Y  | N  | N  | N  | N  | N  | N  |
|                               ac_float_cctor_plus_minus_11_1_5_AC_TRN_11_1_5_AC_TRN_1_e_dif_acc_psp_7_sva_5_4_reg                               | Flip-flop |   2   |  Y  | N  | N  | N  | N  | N  | N  |
|                               ac_float_cctor_plus_minus_11_1_5_AC_TRN_11_1_5_AC_TRN_1_e_dif_acc_psp_7_sva_3_0_reg                               | Flip-flop |   4   |  Y  | N  | N  | N  | N  | N  | N  |
|       ac_float_cctor_assign_from_n32_31_22_2_AC_TRN_AC_WRAP_3_ac_float_cctor_assign_from_n32_31_22_2_AC_TRN_AC_WRAP_3_mux1h_10_itm_6_reg        | Flip-flop |   1   |  N  | N  | N  | N  | N  | N  | N  |
|       ac_float_cctor_assign_from_n32_31_22_2_AC_TRN_AC_WRAP_3_ac_float_cctor_assign_from_n32_31_22_2_AC_TRN_AC_WRAP_3_mux1h_12_itm_6_reg        | Flip-flop |   1   |  N  | N  | N  | N  | N  | N  | N  |
|       ac_float_cctor_assign_from_n32_31_22_2_AC_TRN_AC_WRAP_3_ac_float_cctor_assign_from_n32_31_22_2_AC_TRN_AC_WRAP_3_mux1h_14_itm_6_reg        | Flip-flop |   1   |  N  | N  | N  | N  | N  | N  | N  |
|        ac_float_cctor_assign_from_n32_31_22_2_AC_TRN_AC_WRAP_3_ac_float_cctor_assign_from_n32_31_22_2_AC_TRN_AC_WRAP_3_mux1h_2_itm_6_reg        | Flip-flop |   1   |  N  | N  | N  | N  | N  | N  | N  |
|        ac_float_cctor_assign_from_n32_31_22_2_AC_TRN_AC_WRAP_3_ac_float_cctor_assign_from_n32_31_22_2_AC_TRN_AC_WRAP_3_mux1h_4_itm_6_reg        | Flip-flop |   1   |  N  | N  | N  | N  | N  | N  | N  |
|        ac_float_cctor_assign_from_n32_31_22_2_AC_TRN_AC_WRAP_3_ac_float_cctor_assign_from_n32_31_22_2_AC_TRN_AC_WRAP_3_mux1h_6_itm_6_reg        | Flip-flop |   1   |  N  | N  | N  | N  | N  | N  | N  |
|        ac_float_cctor_assign_from_n32_31_22_2_AC_TRN_AC_WRAP_3_ac_float_cctor_assign_from_n32_31_22_2_AC_TRN_AC_WRAP_3_mux1h_8_itm_6_reg        | Flip-flop |   1   |  N  | N  | N  | N  | N  | N  | N  |
|         ac_float_cctor_assign_from_n32_31_22_2_AC_TRN_AC_WRAP_ac_float_cctor_assign_from_n32_31_22_2_AC_TRN_AC_WRAP_mux1h_10_itm_6_reg          | Flip-flop |   1   |  N  | N  | N  | N  | N  | N  | N  |
|         ac_float_cctor_assign_from_n32_31_22_2_AC_TRN_AC_WRAP_ac_float_cctor_assign_from_n32_31_22_2_AC_TRN_AC_WRAP_mux1h_12_itm_6_reg          | Flip-flop |   1   |  N  | N  | N  | N  | N  | N  | N  |
|          ac_float_cctor_assign_from_n32_31_22_2_AC_TRN_AC_WRAP_ac_float_cctor_assign_from_n32_31_22_2_AC_TRN_AC_WRAP_mux1h_2_itm_6_reg          | Flip-flop |   1   |  N  | N  | N  | N  | N  | N  | N  |
|          ac_float_cctor_assign_from_n32_31_22_2_AC_TRN_AC_WRAP_ac_float_cctor_assign_from_n32_31_22_2_AC_TRN_AC_WRAP_mux1h_4_itm_6_reg          | Flip-flop |   1   |  N  | N  | N  | N  | N  | N  | N  |
|          ac_float_cctor_assign_from_n32_31_22_2_AC_TRN_AC_WRAP_ac_float_cctor_assign_from_n32_31_22_2_AC_TRN_AC_WRAP_mux1h_6_itm_6_reg          | Flip-flop |   1   |  N  | N  | N  | N  | N  | N  | N  |
|         ac_float_cctor_assign_from_n32_31_22_2_AC_TRN_AC_WRAP_ac_float_cctor_assign_from_n32_31_22_2_AC_TRN_AC_WRAP_mux1h_14_itm_6_reg          | Flip-flop |   1   |  N  | N  | N  | N  | N  | N  | N  |
|        ac_float_cctor_assign_from_n32_31_22_2_AC_TRN_AC_WRAP_ac_float_cctor_assign_from_n32_31_22_2_AC_TRN_AC_WRAP_mux1h_14_itm_5_0_reg         | Flip-flop |   6   |  Y  | N  | N  | N  | N  | N  | N  |
|          ac_float_cctor_assign_from_n32_31_22_2_AC_TRN_AC_WRAP_ac_float_cctor_assign_from_n32_31_22_2_AC_TRN_AC_WRAP_mux1h_8_itm_6_reg          | Flip-flop |   1   |  N  | N  | N  | N  | N  | N  | N  |
|         ac_float_cctor_assign_from_n32_31_22_2_AC_TRN_AC_WRAP_ac_float_cctor_assign_from_n32_31_22_2_AC_TRN_AC_WRAP_mux1h_8_itm_5_0_reg         | Flip-flop |   6   |  Y  | N  | N  | N  | N  | N  | N  |
|                                 ac_float_cctor_assign_from_n32_31_22_2_AC_TRN_AC_WRAP_qr_6_0_lpi_1_dfm_6_5_reg                                  | Flip-flop |   2   |  Y  | N  | N  | N  | N  | N  | N  |
|                        ac_float_cctor_assign_from_n32_31_22_2_AC_TRN_AC_WRAP_actual_max_shift_left_acc_psp_9_sva_2_1_reg                        | Flip-flop |   2   |  Y  | N  | N  | N  | N  | N  | N  |
|                       ac_float_cctor_assign_from_n32_31_22_2_AC_TRN_AC_WRAP_1_actual_max_shift_left_acc_psp_9_sva_2_1_reg                       | Flip-flop |   2   |  Y  | N  | N  | N  | N  | N  | N  |
|                       ac_float_cctor_assign_from_n32_31_22_2_AC_TRN_AC_WRAP_2_actual_max_shift_left_acc_psp_9_sva_2_1_reg                       | Flip-flop |   2   |  Y  | N  | N  | N  | N  | N  | N  |
|                       ac_float_cctor_assign_from_n32_31_22_2_AC_TRN_AC_WRAP_3_actual_max_shift_left_acc_psp_9_sva_2_1_reg                       | Flip-flop |   2   |  Y  | N  | N  | N  | N  | N  | N  |
|                      ac_float_cctor_assign_from_n32_31_22_2_AC_TRN_AC_WRAP_1_actual_max_shift_left_acc_psp_11_sva_2_1_reg                       | Flip-flop |   2   |  Y  | N  | N  | N  | N  | N  | N  |
|                      ac_float_cctor_assign_from_n32_31_22_2_AC_TRN_AC_WRAP_3_actual_max_shift_left_acc_psp_11_sva_2_1_reg                       | Flip-flop |   2   |  Y  | N  | N  | N  | N  | N  | N  |
|                      ac_float_cctor_assign_from_n32_31_22_2_AC_TRN_AC_WRAP_1_actual_max_shift_left_acc_psp_12_sva_2_1_reg                       | Flip-flop |   2   |  Y  | N  | N  | N  | N  | N  | N  |
|                      ac_float_cctor_assign_from_n32_31_22_2_AC_TRN_AC_WRAP_3_actual_max_shift_left_acc_psp_12_sva_2_1_reg                       | Flip-flop |   2   |  Y  | N  | N  | N  | N  | N  | N  |
|                      ac_float_cctor_assign_from_n32_31_22_2_AC_TRN_AC_WRAP_1_actual_max_shift_left_acc_psp_13_sva_2_1_reg                       | Flip-flop |   2   |  Y  | N  | N  | N  | N  | N  | N  |
|                      ac_float_cctor_assign_from_n32_31_22_2_AC_TRN_AC_WRAP_3_actual_max_shift_left_acc_psp_13_sva_2_1_reg                       | Flip-flop |   2   |  Y  | N  | N  | N  | N  | N  | N  |
|                      ac_float_cctor_assign_from_n32_31_22_2_AC_TRN_AC_WRAP_1_actual_max_shift_left_acc_psp_14_sva_2_1_reg                       | Flip-flop |   2   |  Y  | N  | N  | N  | N  | N  | N  |
|                      ac_float_cctor_assign_from_n32_31_22_2_AC_TRN_AC_WRAP_3_actual_max_shift_left_acc_psp_14_sva_2_1_reg                       | Flip-flop |   2   |  Y  | N  | N  | N  | N  | N  | N  |
|                      ac_float_cctor_assign_from_n32_31_22_2_AC_TRN_AC_WRAP_3_actual_max_shift_left_acc_psp_15_sva_2_1_reg                       | Flip-flop |   2   |  Y  | N  | N  | N  | N  | N  | N  |
|                        ac_float_cctor_assign_from_n32_31_22_2_AC_TRN_AC_WRAP_3_actual_max_shift_left_acc_psp_sva_2_1_reg                        | Flip-flop |   2   |  Y  | N  | N  | N  | N  | N  | N  |
| ac_float_cctor_assign_from_n32_31_22_2_AC_TRN_AC_WRAP_3_else_if_ac_float_cctor_assign_from_n32_31_22_2_AC_TRN_AC_WRAP_3_else_if_nand_15_itm_reg | Flip-flop |   1   |  N  | N  | N  | N  | N  | N  | N  |
| ac_float_cctor_assign_from_n32_31_22_2_AC_TRN_AC_WRAP_3_else_if_ac_float_cctor_assign_from_n32_31_22_2_AC_TRN_AC_WRAP_3_else_if_nand_14_itm_reg | Flip-flop |   1   |  N  | N  | N  | N  | N  | N  | N  |
===========================================================================================================================================================================================================

Inferred memory devices in process
	in routine fir_core line 23035 in file
		'./rtl/fir_core.v'.
========================================================================================
|        Register Name         |   Type    | Width | Bus | MB | AR | AS | SR | SS | ST |
========================================================================================
| delay_lane_imag_e_14_sva_reg | Flip-flop |   5   |  Y  | N  | N  | N  | N  | N  | N  |
========================================================================================

Inferred memory devices in process
	in routine fir_core line 23043 in file
		'./rtl/fir_core.v'.
========================================================================================
|        Register Name         |   Type    | Width | Bus | MB | AR | AS | SR | SS | ST |
========================================================================================
| delay_lane_imag_m_14_sva_reg | Flip-flop |  11   |  Y  | N  | N  | N  | N  | N  | N  |
========================================================================================

Inferred memory devices in process
	in routine fir_core line 23051 in file
		'./rtl/fir_core.v'.
========================================================================================
|        Register Name         |   Type    | Width | Bus | MB | AR | AS | SR | SS | ST |
========================================================================================
| delay_lane_real_e_14_sva_reg | Flip-flop |   5   |  Y  | N  | N  | N  | N  | N  | N  |
========================================================================================

Inferred memory devices in process
	in routine fir_core line 23059 in file
		'./rtl/fir_core.v'.
========================================================================================
|        Register Name         |   Type    | Width | Bus | MB | AR | AS | SR | SS | ST |
========================================================================================
| delay_lane_real_m_14_sva_reg | Flip-flop |  11   |  Y  | N  | N  | N  | N  | N  | N  |
========================================================================================

Inferred memory devices in process
	in routine fir_core line 23067 in file
		'./rtl/fir_core.v'.
========================================================================================
|        Register Name         |   Type    | Width | Bus | MB | AR | AS | SR | SS | ST |
========================================================================================
| delay_lane_imag_e_13_sva_reg | Flip-flop |   5   |  Y  | N  | N  | N  | N  | N  | N  |
========================================================================================

Inferred memory devices in process
	in routine fir_core line 23075 in file
		'./rtl/fir_core.v'.
========================================================================================
|        Register Name         |   Type    | Width | Bus | MB | AR | AS | SR | SS | ST |
========================================================================================
| delay_lane_imag_m_13_sva_reg | Flip-flop |  11   |  Y  | N  | N  | N  | N  | N  | N  |
========================================================================================

Inferred memory devices in process
	in routine fir_core line 23083 in file
		'./rtl/fir_core.v'.
========================================================================================
|        Register Name         |   Type    | Width | Bus | MB | AR | AS | SR | SS | ST |
========================================================================================
| delay_lane_real_e_13_sva_reg | Flip-flop |   5   |  Y  | N  | N  | N  | N  | N  | N  |
========================================================================================

Inferred memory devices in process
	in routine fir_core line 23091 in file
		'./rtl/fir_core.v'.
========================================================================================
|        Register Name         |   Type    | Width | Bus | MB | AR | AS | SR | SS | ST |
========================================================================================
| delay_lane_real_m_13_sva_reg | Flip-flop |  11   |  Y  | N  | N  | N  | N  | N  | N  |
========================================================================================

Inferred memory devices in process
	in routine fir_core line 23099 in file
		'./rtl/fir_core.v'.
========================================================================================
|        Register Name         |   Type    | Width | Bus | MB | AR | AS | SR | SS | ST |
========================================================================================
| delay_lane_imag_e_12_sva_reg | Flip-flop |   5   |  Y  | N  | N  | N  | N  | N  | N  |
========================================================================================

Inferred memory devices in process
	in routine fir_core line 23107 in file
		'./rtl/fir_core.v'.
========================================================================================
|        Register Name         |   Type    | Width | Bus | MB | AR | AS | SR | SS | ST |
========================================================================================
| delay_lane_imag_m_12_sva_reg | Flip-flop |  11   |  Y  | N  | N  | N  | N  | N  | N  |
========================================================================================

Inferred memory devices in process
	in routine fir_core line 23115 in file
		'./rtl/fir_core.v'.
========================================================================================
|        Register Name         |   Type    | Width | Bus | MB | AR | AS | SR | SS | ST |
========================================================================================
| delay_lane_real_e_12_sva_reg | Flip-flop |   5   |  Y  | N  | N  | N  | N  | N  | N  |
========================================================================================

Inferred memory devices in process
	in routine fir_core line 23123 in file
		'./rtl/fir_core.v'.
========================================================================================
|        Register Name         |   Type    | Width | Bus | MB | AR | AS | SR | SS | ST |
========================================================================================
| delay_lane_real_m_12_sva_reg | Flip-flop |  11   |  Y  | N  | N  | N  | N  | N  | N  |
========================================================================================

Inferred memory devices in process
	in routine fir_core line 23131 in file
		'./rtl/fir_core.v'.
========================================================================================
|        Register Name         |   Type    | Width | Bus | MB | AR | AS | SR | SS | ST |
========================================================================================
| delay_lane_imag_e_11_sva_reg | Flip-flop |   5   |  Y  | N  | N  | N  | N  | N  | N  |
========================================================================================

Inferred memory devices in process
	in routine fir_core line 23139 in file
		'./rtl/fir_core.v'.
========================================================================================
|        Register Name         |   Type    | Width | Bus | MB | AR | AS | SR | SS | ST |
========================================================================================
| delay_lane_imag_m_11_sva_reg | Flip-flop |  11   |  Y  | N  | N  | N  | N  | N  | N  |
========================================================================================

Inferred memory devices in process
	in routine fir_core line 23147 in file
		'./rtl/fir_core.v'.
========================================================================================
|        Register Name         |   Type    | Width | Bus | MB | AR | AS | SR | SS | ST |
========================================================================================
| delay_lane_real_e_11_sva_reg | Flip-flop |   5   |  Y  | N  | N  | N  | N  | N  | N  |
========================================================================================

Inferred memory devices in process
	in routine fir_core line 23155 in file
		'./rtl/fir_core.v'.
========================================================================================
|        Register Name         |   Type    | Width | Bus | MB | AR | AS | SR | SS | ST |
========================================================================================
| delay_lane_real_m_11_sva_reg | Flip-flop |  11   |  Y  | N  | N  | N  | N  | N  | N  |
========================================================================================

Inferred memory devices in process
	in routine fir_core line 23163 in file
		'./rtl/fir_core.v'.
========================================================================================
|        Register Name         |   Type    | Width | Bus | MB | AR | AS | SR | SS | ST |
========================================================================================
| delay_lane_imag_e_10_sva_reg | Flip-flop |   5   |  Y  | N  | N  | N  | N  | N  | N  |
========================================================================================

Inferred memory devices in process
	in routine fir_core line 23171 in file
		'./rtl/fir_core.v'.
========================================================================================
|        Register Name         |   Type    | Width | Bus | MB | AR | AS | SR | SS | ST |
========================================================================================
| delay_lane_imag_m_10_sva_reg | Flip-flop |  11   |  Y  | N  | N  | N  | N  | N  | N  |
========================================================================================

Inferred memory devices in process
	in routine fir_core line 23179 in file
		'./rtl/fir_core.v'.
========================================================================================
|        Register Name         |   Type    | Width | Bus | MB | AR | AS | SR | SS | ST |
========================================================================================
| delay_lane_real_e_10_sva_reg | Flip-flop |   5   |  Y  | N  | N  | N  | N  | N  | N  |
========================================================================================

Inferred memory devices in process
	in routine fir_core line 23187 in file
		'./rtl/fir_core.v'.
========================================================================================
|        Register Name         |   Type    | Width | Bus | MB | AR | AS | SR | SS | ST |
========================================================================================
| delay_lane_real_m_10_sva_reg | Flip-flop |  11   |  Y  | N  | N  | N  | N  | N  | N  |
========================================================================================

Inferred memory devices in process
	in routine fir_core line 23195 in file
		'./rtl/fir_core.v'.
=======================================================================================
|        Register Name        |   Type    | Width | Bus | MB | AR | AS | SR | SS | ST |
=======================================================================================
| delay_lane_imag_e_9_sva_reg | Flip-flop |   5   |  Y  | N  | N  | N  | N  | N  | N  |
=======================================================================================

Inferred memory devices in process
	in routine fir_core line 23203 in file
		'./rtl/fir_core.v'.
=======================================================================================
|        Register Name        |   Type    | Width | Bus | MB | AR | AS | SR | SS | ST |
=======================================================================================
| delay_lane_imag_m_9_sva_reg | Flip-flop |  11   |  Y  | N  | N  | N  | N  | N  | N  |
=======================================================================================

Inferred memory devices in process
	in routine fir_core line 23211 in file
		'./rtl/fir_core.v'.
=======================================================================================
|        Register Name        |   Type    | Width | Bus | MB | AR | AS | SR | SS | ST |
=======================================================================================
| delay_lane_real_e_9_sva_reg | Flip-flop |   5   |  Y  | N  | N  | N  | N  | N  | N  |
=======================================================================================

Inferred memory devices in process
	in routine fir_core line 23219 in file
		'./rtl/fir_core.v'.
=======================================================================================
|        Register Name        |   Type    | Width | Bus | MB | AR | AS | SR | SS | ST |
=======================================================================================
| delay_lane_real_m_9_sva_reg | Flip-flop |  11   |  Y  | N  | N  | N  | N  | N  | N  |
=======================================================================================

Inferred memory devices in process
	in routine fir_core line 23227 in file
		'./rtl/fir_core.v'.
=======================================================================================
|        Register Name        |   Type    | Width | Bus | MB | AR | AS | SR | SS | ST |
=======================================================================================
| delay_lane_imag_e_8_sva_reg | Flip-flop |   5   |  Y  | N  | N  | N  | N  | N  | N  |
=======================================================================================

Inferred memory devices in process
	in routine fir_core line 23235 in file
		'./rtl/fir_core.v'.
=======================================================================================
|        Register Name        |   Type    | Width | Bus | MB | AR | AS | SR | SS | ST |
=======================================================================================
| delay_lane_imag_m_8_sva_reg | Flip-flop |  11   |  Y  | N  | N  | N  | N  | N  | N  |
=======================================================================================

Inferred memory devices in process
	in routine fir_core line 23243 in file
		'./rtl/fir_core.v'.
=======================================================================================
|        Register Name        |   Type    | Width | Bus | MB | AR | AS | SR | SS | ST |
=======================================================================================
| delay_lane_real_e_8_sva_reg | Flip-flop |   5   |  Y  | N  | N  | N  | N  | N  | N  |
=======================================================================================

Inferred memory devices in process
	in routine fir_core line 23251 in file
		'./rtl/fir_core.v'.
=======================================================================================
|        Register Name        |   Type    | Width | Bus | MB | AR | AS | SR | SS | ST |
=======================================================================================
| delay_lane_real_m_8_sva_reg | Flip-flop |  11   |  Y  | N  | N  | N  | N  | N  | N  |
=======================================================================================

Inferred memory devices in process
	in routine fir_core line 23259 in file
		'./rtl/fir_core.v'.
=======================================================================================
|        Register Name        |   Type    | Width | Bus | MB | AR | AS | SR | SS | ST |
=======================================================================================
| delay_lane_imag_e_7_sva_reg | Flip-flop |   5   |  Y  | N  | N  | N  | N  | N  | N  |
=======================================================================================

Inferred memory devices in process
	in routine fir_core line 23267 in file
		'./rtl/fir_core.v'.
=======================================================================================
|        Register Name        |   Type    | Width | Bus | MB | AR | AS | SR | SS | ST |
=======================================================================================
| delay_lane_imag_m_7_sva_reg | Flip-flop |  11   |  Y  | N  | N  | N  | N  | N  | N  |
=======================================================================================

Inferred memory devices in process
	in routine fir_core line 23275 in file
		'./rtl/fir_core.v'.
=======================================================================================
|        Register Name        |   Type    | Width | Bus | MB | AR | AS | SR | SS | ST |
=======================================================================================
| delay_lane_real_e_7_sva_reg | Flip-flop |   5   |  Y  | N  | N  | N  | N  | N  | N  |
=======================================================================================

Inferred memory devices in process
	in routine fir_core line 23283 in file
		'./rtl/fir_core.v'.
=======================================================================================
|        Register Name        |   Type    | Width | Bus | MB | AR | AS | SR | SS | ST |
=======================================================================================
| delay_lane_real_m_7_sva_reg | Flip-flop |  11   |  Y  | N  | N  | N  | N  | N  | N  |
=======================================================================================

Inferred memory devices in process
	in routine fir_core line 23291 in file
		'./rtl/fir_core.v'.
=======================================================================================
|        Register Name        |   Type    | Width | Bus | MB | AR | AS | SR | SS | ST |
=======================================================================================
| delay_lane_imag_e_6_sva_reg | Flip-flop |   5   |  Y  | N  | N  | N  | N  | N  | N  |
=======================================================================================

Inferred memory devices in process
	in routine fir_core line 23299 in file
		'./rtl/fir_core.v'.
=======================================================================================
|        Register Name        |   Type    | Width | Bus | MB | AR | AS | SR | SS | ST |
=======================================================================================
| delay_lane_imag_m_6_sva_reg | Flip-flop |  11   |  Y  | N  | N  | N  | N  | N  | N  |
=======================================================================================

Inferred memory devices in process
	in routine fir_core line 23307 in file
		'./rtl/fir_core.v'.
=======================================================================================
|        Register Name        |   Type    | Width | Bus | MB | AR | AS | SR | SS | ST |
=======================================================================================
| delay_lane_real_e_6_sva_reg | Flip-flop |   5   |  Y  | N  | N  | N  | N  | N  | N  |
=======================================================================================

Inferred memory devices in process
	in routine fir_core line 23315 in file
		'./rtl/fir_core.v'.
=======================================================================================
|        Register Name        |   Type    | Width | Bus | MB | AR | AS | SR | SS | ST |
=======================================================================================
| delay_lane_real_m_6_sva_reg | Flip-flop |  11   |  Y  | N  | N  | N  | N  | N  | N  |
=======================================================================================

Inferred memory devices in process
	in routine fir_core line 23323 in file
		'./rtl/fir_core.v'.
=======================================================================================
|        Register Name        |   Type    | Width | Bus | MB | AR | AS | SR | SS | ST |
=======================================================================================
| delay_lane_imag_e_5_sva_reg | Flip-flop |   5   |  Y  | N  | N  | N  | N  | N  | N  |
=======================================================================================

Inferred memory devices in process
	in routine fir_core line 23331 in file
		'./rtl/fir_core.v'.
=======================================================================================
|        Register Name        |   Type    | Width | Bus | MB | AR | AS | SR | SS | ST |
=======================================================================================
| delay_lane_imag_m_5_sva_reg | Flip-flop |  11   |  Y  | N  | N  | N  | N  | N  | N  |
=======================================================================================

Inferred memory devices in process
	in routine fir_core line 23339 in file
		'./rtl/fir_core.v'.
=======================================================================================
|        Register Name        |   Type    | Width | Bus | MB | AR | AS | SR | SS | ST |
=======================================================================================
| delay_lane_real_e_5_sva_reg | Flip-flop |   5   |  Y  | N  | N  | N  | N  | N  | N  |
=======================================================================================

Inferred memory devices in process
	in routine fir_core line 23347 in file
		'./rtl/fir_core.v'.
=======================================================================================
|        Register Name        |   Type    | Width | Bus | MB | AR | AS | SR | SS | ST |
=======================================================================================
| delay_lane_real_m_5_sva_reg | Flip-flop |  11   |  Y  | N  | N  | N  | N  | N  | N  |
=======================================================================================

Inferred memory devices in process
	in routine fir_core line 23355 in file
		'./rtl/fir_core.v'.
=======================================================================================
|        Register Name        |   Type    | Width | Bus | MB | AR | AS | SR | SS | ST |
=======================================================================================
| delay_lane_imag_e_4_sva_reg | Flip-flop |   5   |  Y  | N  | N  | N  | N  | N  | N  |
=======================================================================================

Inferred memory devices in process
	in routine fir_core line 23363 in file
		'./rtl/fir_core.v'.
=======================================================================================
|        Register Name        |   Type    | Width | Bus | MB | AR | AS | SR | SS | ST |
=======================================================================================
| delay_lane_imag_m_4_sva_reg | Flip-flop |  11   |  Y  | N  | N  | N  | N  | N  | N  |
=======================================================================================

Inferred memory devices in process
	in routine fir_core line 23371 in file
		'./rtl/fir_core.v'.
=======================================================================================
|        Register Name        |   Type    | Width | Bus | MB | AR | AS | SR | SS | ST |
=======================================================================================
| delay_lane_real_e_4_sva_reg | Flip-flop |   5   |  Y  | N  | N  | N  | N  | N  | N  |
=======================================================================================

Inferred memory devices in process
	in routine fir_core line 23379 in file
		'./rtl/fir_core.v'.
=======================================================================================
|        Register Name        |   Type    | Width | Bus | MB | AR | AS | SR | SS | ST |
=======================================================================================
| delay_lane_real_m_4_sva_reg | Flip-flop |  11   |  Y  | N  | N  | N  | N  | N  | N  |
=======================================================================================

Inferred memory devices in process
	in routine fir_core line 23387 in file
		'./rtl/fir_core.v'.
=======================================================================================
|        Register Name        |   Type    | Width | Bus | MB | AR | AS | SR | SS | ST |
=======================================================================================
| delay_lane_imag_e_3_sva_reg | Flip-flop |   5   |  Y  | N  | N  | N  | N  | N  | N  |
=======================================================================================

Inferred memory devices in process
	in routine fir_core line 23395 in file
		'./rtl/fir_core.v'.
=======================================================================================
|        Register Name        |   Type    | Width | Bus | MB | AR | AS | SR | SS | ST |
=======================================================================================
| delay_lane_imag_m_3_sva_reg | Flip-flop |  11   |  Y  | N  | N  | N  | N  | N  | N  |
=======================================================================================

Inferred memory devices in process
	in routine fir_core line 23403 in file
		'./rtl/fir_core.v'.
=======================================================================================
|        Register Name        |   Type    | Width | Bus | MB | AR | AS | SR | SS | ST |
=======================================================================================
| delay_lane_real_e_3_sva_reg | Flip-flop |   5   |  Y  | N  | N  | N  | N  | N  | N  |
=======================================================================================

Inferred memory devices in process
	in routine fir_core line 23411 in file
		'./rtl/fir_core.v'.
=======================================================================================
|        Register Name        |   Type    | Width | Bus | MB | AR | AS | SR | SS | ST |
=======================================================================================
| delay_lane_real_m_3_sva_reg | Flip-flop |  11   |  Y  | N  | N  | N  | N  | N  | N  |
=======================================================================================

Inferred memory devices in process
	in routine fir_core line 23419 in file
		'./rtl/fir_core.v'.
=======================================================================================
|        Register Name        |   Type    | Width | Bus | MB | AR | AS | SR | SS | ST |
=======================================================================================
| delay_lane_imag_e_2_sva_reg | Flip-flop |   5   |  Y  | N  | N  | N  | N  | N  | N  |
=======================================================================================

Inferred memory devices in process
	in routine fir_core line 23427 in file
		'./rtl/fir_core.v'.
=======================================================================================
|        Register Name        |   Type    | Width | Bus | MB | AR | AS | SR | SS | ST |
=======================================================================================
| delay_lane_imag_m_2_sva_reg | Flip-flop |  11   |  Y  | N  | N  | N  | N  | N  | N  |
=======================================================================================

Inferred memory devices in process
	in routine fir_core line 23435 in file
		'./rtl/fir_core.v'.
=======================================================================================
|        Register Name        |   Type    | Width | Bus | MB | AR | AS | SR | SS | ST |
=======================================================================================
| delay_lane_real_e_2_sva_reg | Flip-flop |   5   |  Y  | N  | N  | N  | N  | N  | N  |
=======================================================================================

Inferred memory devices in process
	in routine fir_core line 23443 in file
		'./rtl/fir_core.v'.
=======================================================================================
|        Register Name        |   Type    | Width | Bus | MB | AR | AS | SR | SS | ST |
=======================================================================================
| delay_lane_real_m_2_sva_reg | Flip-flop |  11   |  Y  | N  | N  | N  | N  | N  | N  |
=======================================================================================

Inferred memory devices in process
	in routine fir_core line 23451 in file
		'./rtl/fir_core.v'.
=======================================================================================
|        Register Name        |   Type    | Width | Bus | MB | AR | AS | SR | SS | ST |
=======================================================================================
| delay_lane_imag_e_1_sva_reg | Flip-flop |   5   |  Y  | N  | N  | N  | N  | N  | N  |
=======================================================================================

Inferred memory devices in process
	in routine fir_core line 23459 in file
		'./rtl/fir_core.v'.
=======================================================================================
|        Register Name        |   Type    | Width | Bus | MB | AR | AS | SR | SS | ST |
=======================================================================================
| delay_lane_imag_m_1_sva_reg | Flip-flop |  11   |  Y  | N  | N  | N  | N  | N  | N  |
=======================================================================================

Inferred memory devices in process
	in routine fir_core line 23467 in file
		'./rtl/fir_core.v'.
=======================================================================================
|        Register Name        |   Type    | Width | Bus | MB | AR | AS | SR | SS | ST |
=======================================================================================
| delay_lane_real_e_1_sva_reg | Flip-flop |   5   |  Y  | N  | N  | N  | N  | N  | N  |
=======================================================================================

Inferred memory devices in process
	in routine fir_core line 23475 in file
		'./rtl/fir_core.v'.
=======================================================================================
|        Register Name        |   Type    | Width | Bus | MB | AR | AS | SR | SS | ST |
=======================================================================================
| delay_lane_real_m_1_sva_reg | Flip-flop |  11   |  Y  | N  | N  | N  | N  | N  | N  |
=======================================================================================

Inferred memory devices in process
	in routine fir_core line 23483 in file
		'./rtl/fir_core.v'.
=======================================================================================
|        Register Name        |   Type    | Width | Bus | MB | AR | AS | SR | SS | ST |
=======================================================================================
| delay_lane_imag_e_0_sva_reg | Flip-flop |   5   |  Y  | N  | N  | N  | N  | N  | N  |
=======================================================================================

Inferred memory devices in process
	in routine fir_core line 23491 in file
		'./rtl/fir_core.v'.
=======================================================================================
|        Register Name        |   Type    | Width | Bus | MB | AR | AS | SR | SS | ST |
=======================================================================================
| delay_lane_imag_m_0_sva_reg | Flip-flop |  11   |  Y  | N  | N  | N  | N  | N  | N  |
=======================================================================================

Inferred memory devices in process
	in routine fir_core line 23499 in file
		'./rtl/fir_core.v'.
=======================================================================================
|        Register Name        |   Type    | Width | Bus | MB | AR | AS | SR | SS | ST |
=======================================================================================
| delay_lane_real_e_0_sva_reg | Flip-flop |   5   |  Y  | N  | N  | N  | N  | N  | N  |
=======================================================================================

Inferred memory devices in process
	in routine fir_core line 23507 in file
		'./rtl/fir_core.v'.
=======================================================================================
|        Register Name        |   Type    | Width | Bus | MB | AR | AS | SR | SS | ST |
=======================================================================================
| delay_lane_real_m_0_sva_reg | Flip-flop |  11   |  Y  | N  | N  | N  | N  | N  | N  |
=======================================================================================

Inferred memory devices in process
	in routine fir_core line 23515 in file
		'./rtl/fir_core.v'.
================================================================================================================================================================================================
|                                                            Register Name                                                             |   Type    | Width | Bus | MB | AR | AS | SR | SS | ST |
================================================================================================================================================================================================
| ac_float_cctor_assign_from_n32_31_22_2_AC_TRN_AC_WRAP_3_ac_float_cctor_assign_from_n32_31_22_2_AC_TRN_AC_WRAP_3_mux1h_10_itm_5_0_reg | Flip-flop |   6   |  Y  | N  | N  | N  | N  | N  | N  |
================================================================================================================================================================================================

Inferred memory devices in process
	in routine fir_core line 23531 in file
		'./rtl/fir_core.v'.
=================================================================================================================================================================================================
|                                                             Register Name                                                             |   Type    | Width | Bus | MB | AR | AS | SR | SS | ST |
=================================================================================================================================================================================================
| ac_float_cctor_assign_from_n32_31_22_2_AC_TRN_AC_WRAP_1_ac_float_cctor_assign_from_n32_31_22_2_AC_TRN_AC_WRAP_1_mux1h_4_itm_rsp_1_reg | Flip-flop |   6   |  Y  | N  | N  | N  | N  | N  | N  |
| ac_float_cctor_assign_from_n32_31_22_2_AC_TRN_AC_WRAP_3_ac_float_cctor_assign_from_n32_31_22_2_AC_TRN_AC_WRAP_3_mux1h_12_itm_5_0_reg  | Flip-flop |   6   |  Y  | N  | N  | N  | N  | N  | N  |
| ac_float_cctor_assign_from_n32_31_22_2_AC_TRN_AC_WRAP_3_ac_float_cctor_assign_from_n32_31_22_2_AC_TRN_AC_WRAP_3_mux1h_14_itm_5_0_reg  | Flip-flop |   6   |  Y  | N  | N  | N  | N  | N  | N  |
|  ac_float_cctor_assign_from_n32_31_22_2_AC_TRN_AC_WRAP_3_ac_float_cctor_assign_from_n32_31_22_2_AC_TRN_AC_WRAP_3_mux1h_2_itm_5_0_reg  | Flip-flop |   6   |  Y  | N  | N  | N  | N  | N  | N  |
| ac_float_cctor_assign_from_n32_31_22_2_AC_TRN_AC_WRAP_1_ac_float_cctor_assign_from_n32_31_22_2_AC_TRN_AC_WRAP_1_mux1h_2_itm_rsp_1_reg | Flip-flop |   6   |  Y  | N  | N  | N  | N  | N  | N  |
=================================================================================================================================================================================================

Inferred memory devices in process
	in routine fir_core line 23569 in file
		'./rtl/fir_core.v'.
================================================================================================================================================
|                                    Register Name                                     |   Type    | Width | Bus | MB | AR | AS | SR | SS | ST |
================================================================================================================================================
| ac_float_cctor_plus_minus_11_1_5_AC_TRN_11_1_5_AC_TRN_add_r_12_1_8_sva_6_0_rsp_1_reg | Flip-flop |   1   |  N  | N  | N  | N  | N  | N  | N  |
|   ac_float_cctor_plus_minus_11_1_5_AC_TRN_11_1_5_AC_TRN_add_r_12_1_8_sva_11_7_reg    | Flip-flop |   5   |  Y  | N  | N  | N  | N  | N  | N  |
| ac_float_cctor_plus_minus_11_1_5_AC_TRN_11_1_5_AC_TRN_add_r_12_1_8_sva_6_0_rsp_0_reg | Flip-flop |   1   |  N  | N  | N  | N  | N  | N  | N  |
================================================================================================================================================

Inferred memory devices in process
	in routine fir_core line 23595 in file
		'./rtl/fir_core.v'.
==================================================================================================================================================
|                                     Register Name                                      |   Type    | Width | Bus | MB | AR | AS | SR | SS | ST |
==================================================================================================================================================
| ac_float_cctor_plus_minus_11_1_5_AC_TRN_11_1_5_AC_TRN_1_add_r_12_1_4_sva_6_0_rsp_1_reg | Flip-flop |   6   |  Y  | N  | N  | N  | N  | N  | N  |
|   ac_float_cctor_plus_minus_11_1_5_AC_TRN_11_1_5_AC_TRN_1_add_r_12_1_4_sva_11_7_reg    | Flip-flop |   5   |  Y  | N  | N  | N  | N  | N  | N  |
| ac_float_cctor_plus_minus_11_1_5_AC_TRN_11_1_5_AC_TRN_1_add_r_12_1_4_sva_6_0_rsp_0_reg | Flip-flop |   1   |  N  | N  | N  | N  | N  | N  | N  |
==================================================================================================================================================

Inferred memory devices in process
	in routine fir_core line 23627 in file
		'./rtl/fir_core.v'.
========================================================================================================================================================
|                                        Register Name                                         |   Type    | Width | Bus | MB | AR | AS | SR | SS | ST |
========================================================================================================================================================
| ac_float_cctor_plus_minus_11_1_5_AC_TRN_11_1_5_AC_TRN_1_add_r_12_1_6_sva_6_0_rsp_1_rsp_1_reg | Flip-flop |   4   |  Y  | N  | N  | N  | N  | N  | N  |
|      ac_float_cctor_plus_minus_11_1_5_AC_TRN_11_1_5_AC_TRN_1_add_r_12_1_6_sva_11_7_reg       | Flip-flop |   5   |  Y  | N  | N  | N  | N  | N  | N  |
|    ac_float_cctor_plus_minus_11_1_5_AC_TRN_11_1_5_AC_TRN_1_add_r_12_1_6_sva_6_0_rsp_0_reg    | Flip-flop |   1   |  N  | N  | N  | N  | N  | N  | N  |
| ac_float_cctor_plus_minus_11_1_5_AC_TRN_11_1_5_AC_TRN_1_add_r_12_1_6_sva_6_0_rsp_1_rsp_0_reg | Flip-flop |   2   |  Y  | N  | N  | N  | N  | N  | N  |
========================================================================================================================================================

Inferred memory devices in process
	in routine fir_core line 23667 in file
		'./rtl/fir_core.v'.
================================================================================================================================================
|                                    Register Name                                     |   Type    | Width | Bus | MB | AR | AS | SR | SS | ST |
================================================================================================================================================
| ac_float_cctor_plus_minus_11_1_5_AC_TRN_11_1_5_AC_TRN_add_r_12_1_9_sva_6_0_rsp_2_reg | Flip-flop |   5   |  Y  | N  | N  | N  | N  | N  | N  |
|   ac_float_cctor_plus_minus_11_1_5_AC_TRN_11_1_5_AC_TRN_add_r_12_1_9_sva_11_7_reg    | Flip-flop |   5   |  Y  | N  | N  | N  | N  | N  | N  |
|            operator_13_2_true_AC_TRN_AC_WRAP_1_rshift_psp_11_sva_11_7_reg            | Flip-flop |   5   |  Y  | N  | N  | N  | N  | N  | N  |
| ac_float_cctor_plus_minus_11_1_5_AC_TRN_11_1_5_AC_TRN_add_r_12_1_9_sva_6_0_rsp_0_reg | Flip-flop |   1   |  N  | N  | N  | N  | N  | N  | N  |
| ac_float_cctor_plus_minus_11_1_5_AC_TRN_11_1_5_AC_TRN_add_r_12_1_9_sva_6_0_rsp_1_reg | Flip-flop |   1   |  N  | N  | N  | N  | N  | N  | N  |
================================================================================================================================================

Inferred memory devices in process
	in routine fir_core line 23709 in file
		'./rtl/fir_core.v'.
==========================================================================================================================
|                         Register Name                          |   Type    | Width | Bus | MB | AR | AS | SR | SS | ST |
==========================================================================================================================
| operator_13_2_true_AC_TRN_AC_WRAP_1_rshift_psp_10_sva_11_7_reg | Flip-flop |   5   |  Y  | N  | N  | N  | N  | N  | N  |
==========================================================================================================================

Inferred memory devices in process
	in routine fir_core line 23718 in file
		'./rtl/fir_core.v'.
================================================================================================================
|                    Register Name                     |   Type    | Width | Bus | MB | AR | AS | SR | SS | ST |
================================================================================================================
| operator_ac_float_cctor_m_34_lpi_1_dfm_5_0_rsp_1_reg | Flip-flop |   4   |  Y  | N  | N  | N  | N  | N  | N  |
|   operator_ac_float_cctor_m_34_lpi_1_dfm_10_6_reg    | Flip-flop |   5   |  Y  | N  | N  | N  | N  | N  | N  |
| operator_ac_float_cctor_m_34_lpi_1_dfm_5_0_rsp_0_reg | Flip-flop |   2   |  Y  | N  | N  | N  | N  | N  | N  |
================================================================================================================

Inferred memory devices in process
	in routine fir_core line 23739 in file
		'./rtl/fir_core.v'.
=========================================================================================================================================
|                                 Register Name                                 |   Type    | Width | Bus | MB | AR | AS | SR | SS | ST |
=========================================================================================================================================
| ac_float_cctor_plus_minus_11_1_5_AC_TRN_11_1_5_AC_TRN_add_r_12_1_2_sva_11_reg | Flip-flop |   1   |  N  | N  | N  | N  | N  | N  | N  |
=========================================================================================================================================

Inferred memory devices in process
	in routine fir_core line 23750 in file
		'./rtl/fir_core.v'.
=========================================================================================================================================
|                                 Register Name                                 |   Type    | Width | Bus | MB | AR | AS | SR | SS | ST |
=========================================================================================================================================
| ac_float_cctor_plus_minus_11_1_5_AC_TRN_11_1_5_AC_TRN_add_r_12_1_3_sva_11_reg | Flip-flop |   1   |  N  | N  | N  | N  | N  | N  | N  |
=========================================================================================================================================

Inferred memory devices in process
	in routine fir_core line 23761 in file
		'./rtl/fir_core.v'.
=========================================================================================================================================
|                                 Register Name                                 |   Type    | Width | Bus | MB | AR | AS | SR | SS | ST |
=========================================================================================================================================
| ac_float_cctor_plus_minus_11_1_5_AC_TRN_11_1_5_AC_TRN_add_r_12_1_4_sva_11_reg | Flip-flop |   1   |  N  | N  | N  | N  | N  | N  | N  |
=========================================================================================================================================

Inferred memory devices in process
	in routine fir_core line 23772 in file
		'./rtl/fir_core.v'.
=========================================================================================================================================
|                                 Register Name                                 |   Type    | Width | Bus | MB | AR | AS | SR | SS | ST |
=========================================================================================================================================
| ac_float_cctor_plus_minus_11_1_5_AC_TRN_11_1_5_AC_TRN_add_r_12_1_5_sva_11_reg | Flip-flop |   1   |  N  | N  | N  | N  | N  | N  | N  |
=========================================================================================================================================

Inferred memory devices in process
	in routine fir_core line 23783 in file
		'./rtl/fir_core.v'.
=========================================================================================================================================
|                                 Register Name                                 |   Type    | Width | Bus | MB | AR | AS | SR | SS | ST |
=========================================================================================================================================
| ac_float_cctor_plus_minus_11_1_5_AC_TRN_11_1_5_AC_TRN_add_r_12_1_6_sva_11_reg | Flip-flop |   1   |  N  | N  | N  | N  | N  | N  | N  |
=========================================================================================================================================

Inferred memory devices in process
	in routine fir_core line 23794 in file
		'./rtl/fir_core.v'.
=========================================================================================================================================
|                                 Register Name                                 |   Type    | Width | Bus | MB | AR | AS | SR | SS | ST |
=========================================================================================================================================
| ac_float_cctor_plus_minus_11_1_5_AC_TRN_11_1_5_AC_TRN_add_r_12_1_7_sva_11_reg | Flip-flop |   1   |  N  | N  | N  | N  | N  | N  | N  |
=========================================================================================================================================

Inferred memory devices in process
	in routine fir_core line 23805 in file
		'./rtl/fir_core.v'.
=========================================================================================================================================================
|                                         Register Name                                         |   Type    | Width | Bus | MB | AR | AS | SR | SS | ST |
=========================================================================================================================================================
| ac_float_cctor_assign_from_n32_31_22_2_AC_TRN_AC_WRAP_actual_max_shift_left_acc_psp_1_sva_reg | Flip-flop |   3   |  Y  | N  | N  | N  | N  | N  | N  |
=========================================================================================================================================================

Inferred memory devices in process
	in routine fir_core line 23815 in file
		'./rtl/fir_core.v'.
===========================================================================================================================================================
|                                          Register Name                                          |   Type    | Width | Bus | MB | AR | AS | SR | SS | ST |
===========================================================================================================================================================
| ac_float_cctor_assign_from_n32_31_22_2_AC_TRN_AC_WRAP_1_actual_max_shift_left_acc_psp_1_sva_reg | Flip-flop |   3   |  Y  | N  | N  | N  | N  | N  | N  |
===========================================================================================================================================================

Inferred memory devices in process
	in routine fir_core line 23825 in file
		'./rtl/fir_core.v'.
===========================================================================================================================================================
|                                          Register Name                                          |   Type    | Width | Bus | MB | AR | AS | SR | SS | ST |
===========================================================================================================================================================
| ac_float_cctor_assign_from_n32_31_22_2_AC_TRN_AC_WRAP_2_actual_max_shift_left_acc_psp_1_sva_reg | Flip-flop |   3   |  Y  | N  | N  | N  | N  | N  | N  |
===========================================================================================================================================================

Inferred memory devices in process
	in routine fir_core line 23835 in file
		'./rtl/fir_core.v'.
===========================================================================================================================================================
|                                          Register Name                                          |   Type    | Width | Bus | MB | AR | AS | SR | SS | ST |
===========================================================================================================================================================
| ac_float_cctor_assign_from_n32_31_22_2_AC_TRN_AC_WRAP_3_actual_max_shift_left_acc_psp_1_sva_reg | Flip-flop |   3   |  Y  | N  | N  | N  | N  | N  | N  |
===========================================================================================================================================================

Inferred memory devices in process
	in routine fir_core line 23845 in file
		'./rtl/fir_core.v'.
=========================================================================================================================================================
|                                         Register Name                                         |   Type    | Width | Bus | MB | AR | AS | SR | SS | ST |
=========================================================================================================================================================
| ac_float_cctor_assign_from_n32_31_22_2_AC_TRN_AC_WRAP_actual_max_shift_left_acc_psp_2_sva_reg | Flip-flop |   3   |  Y  | N  | N  | N  | N  | N  | N  |
=========================================================================================================================================================

Inferred memory devices in process
	in routine fir_core line 23855 in file
		'./rtl/fir_core.v'.
===========================================================================================================================================================
|                                          Register Name                                          |   Type    | Width | Bus | MB | AR | AS | SR | SS | ST |
===========================================================================================================================================================
| ac_float_cctor_assign_from_n32_31_22_2_AC_TRN_AC_WRAP_1_actual_max_shift_left_acc_psp_2_sva_reg | Flip-flop |   3   |  Y  | N  | N  | N  | N  | N  | N  |
===========================================================================================================================================================

Inferred memory devices in process
	in routine fir_core line 23865 in file
		'./rtl/fir_core.v'.
===========================================================================================================================================================
|                                          Register Name                                          |   Type    | Width | Bus | MB | AR | AS | SR | SS | ST |
===========================================================================================================================================================
| ac_float_cctor_assign_from_n32_31_22_2_AC_TRN_AC_WRAP_2_actual_max_shift_left_acc_psp_2_sva_reg | Flip-flop |   3   |  Y  | N  | N  | N  | N  | N  | N  |
===========================================================================================================================================================

Inferred memory devices in process
	in routine fir_core line 23875 in file
		'./rtl/fir_core.v'.
===========================================================================================================================================================
|                                          Register Name                                          |   Type    | Width | Bus | MB | AR | AS | SR | SS | ST |
===========================================================================================================================================================
| ac_float_cctor_assign_from_n32_31_22_2_AC_TRN_AC_WRAP_3_actual_max_shift_left_acc_psp_2_sva_reg | Flip-flop |   3   |  Y  | N  | N  | N  | N  | N  | N  |
===========================================================================================================================================================

Inferred memory devices in process
	in routine fir_core line 23885 in file
		'./rtl/fir_core.v'.
=========================================================================================================================================================
|                                         Register Name                                         |   Type    | Width | Bus | MB | AR | AS | SR | SS | ST |
=========================================================================================================================================================
| ac_float_cctor_assign_from_n32_31_22_2_AC_TRN_AC_WRAP_actual_max_shift_left_acc_psp_3_sva_reg | Flip-flop |   3   |  Y  | N  | N  | N  | N  | N  | N  |
=========================================================================================================================================================

Inferred memory devices in process
	in routine fir_core line 23895 in file
		'./rtl/fir_core.v'.
===========================================================================================================================================================
|                                          Register Name                                          |   Type    | Width | Bus | MB | AR | AS | SR | SS | ST |
===========================================================================================================================================================
| ac_float_cctor_assign_from_n32_31_22_2_AC_TRN_AC_WRAP_1_actual_max_shift_left_acc_psp_3_sva_reg | Flip-flop |   3   |  Y  | N  | N  | N  | N  | N  | N  |
===========================================================================================================================================================

Inferred memory devices in process
	in routine fir_core line 23905 in file
		'./rtl/fir_core.v'.
===========================================================================================================================================================
|                                          Register Name                                          |   Type    | Width | Bus | MB | AR | AS | SR | SS | ST |
===========================================================================================================================================================
| ac_float_cctor_assign_from_n32_31_22_2_AC_TRN_AC_WRAP_2_actual_max_shift_left_acc_psp_3_sva_reg | Flip-flop |   3   |  Y  | N  | N  | N  | N  | N  | N  |
===========================================================================================================================================================

Inferred memory devices in process
	in routine fir_core line 23915 in file
		'./rtl/fir_core.v'.
===========================================================================================================================================================
|                                          Register Name                                          |   Type    | Width | Bus | MB | AR | AS | SR | SS | ST |
===========================================================================================================================================================
| ac_float_cctor_assign_from_n32_31_22_2_AC_TRN_AC_WRAP_3_actual_max_shift_left_acc_psp_3_sva_reg | Flip-flop |   3   |  Y  | N  | N  | N  | N  | N  | N  |
===========================================================================================================================================================

Inferred memory devices in process
	in routine fir_core line 23925 in file
		'./rtl/fir_core.v'.
=========================================================================================================================================================
|                                         Register Name                                         |   Type    | Width | Bus | MB | AR | AS | SR | SS | ST |
=========================================================================================================================================================
| ac_float_cctor_assign_from_n32_31_22_2_AC_TRN_AC_WRAP_actual_max_shift_left_acc_psp_4_sva_reg | Flip-flop |   3   |  Y  | N  | N  | N  | N  | N  | N  |
=========================================================================================================================================================

Inferred memory devices in process
	in routine fir_core line 23935 in file
		'./rtl/fir_core.v'.
===========================================================================================================================================================
|                                          Register Name                                          |   Type    | Width | Bus | MB | AR | AS | SR | SS | ST |
===========================================================================================================================================================
| ac_float_cctor_assign_from_n32_31_22_2_AC_TRN_AC_WRAP_1_actual_max_shift_left_acc_psp_4_sva_reg | Flip-flop |   3   |  Y  | N  | N  | N  | N  | N  | N  |
===========================================================================================================================================================

Inferred memory devices in process
	in routine fir_core line 23945 in file
		'./rtl/fir_core.v'.
===========================================================================================================================================================
|                                          Register Name                                          |   Type    | Width | Bus | MB | AR | AS | SR | SS | ST |
===========================================================================================================================================================
| ac_float_cctor_assign_from_n32_31_22_2_AC_TRN_AC_WRAP_2_actual_max_shift_left_acc_psp_4_sva_reg | Flip-flop |   3   |  Y  | N  | N  | N  | N  | N  | N  |
===========================================================================================================================================================

Inferred memory devices in process
	in routine fir_core line 23955 in file
		'./rtl/fir_core.v'.
===========================================================================================================================================================
|                                          Register Name                                          |   Type    | Width | Bus | MB | AR | AS | SR | SS | ST |
===========================================================================================================================================================
| ac_float_cctor_assign_from_n32_31_22_2_AC_TRN_AC_WRAP_3_actual_max_shift_left_acc_psp_4_sva_reg | Flip-flop |   3   |  Y  | N  | N  | N  | N  | N  | N  |
===========================================================================================================================================================

Inferred memory devices in process
	in routine fir_core line 23965 in file
		'./rtl/fir_core.v'.
=========================================================================================================================================================
|                                         Register Name                                         |   Type    | Width | Bus | MB | AR | AS | SR | SS | ST |
=========================================================================================================================================================
| ac_float_cctor_assign_from_n32_31_22_2_AC_TRN_AC_WRAP_actual_max_shift_left_acc_psp_5_sva_reg | Flip-flop |   3   |  Y  | N  | N  | N  | N  | N  | N  |
=========================================================================================================================================================

Inferred memory devices in process
	in routine fir_core line 23975 in file
		'./rtl/fir_core.v'.
===========================================================================================================================================================
|                                          Register Name                                          |   Type    | Width | Bus | MB | AR | AS | SR | SS | ST |
===========================================================================================================================================================
| ac_float_cctor_assign_from_n32_31_22_2_AC_TRN_AC_WRAP_1_actual_max_shift_left_acc_psp_5_sva_reg | Flip-flop |   3   |  Y  | N  | N  | N  | N  | N  | N  |
===========================================================================================================================================================

Inferred memory devices in process
	in routine fir_core line 23985 in file
		'./rtl/fir_core.v'.
===========================================================================================================================================================
|                                          Register Name                                          |   Type    | Width | Bus | MB | AR | AS | SR | SS | ST |
===========================================================================================================================================================
| ac_float_cctor_assign_from_n32_31_22_2_AC_TRN_AC_WRAP_2_actual_max_shift_left_acc_psp_5_sva_reg | Flip-flop |   3   |  Y  | N  | N  | N  | N  | N  | N  |
===========================================================================================================================================================

Inferred memory devices in process
	in routine fir_core line 23995 in file
		'./rtl/fir_core.v'.
===========================================================================================================================================================
|                                          Register Name                                          |   Type    | Width | Bus | MB | AR | AS | SR | SS | ST |
===========================================================================================================================================================
| ac_float_cctor_assign_from_n32_31_22_2_AC_TRN_AC_WRAP_3_actual_max_shift_left_acc_psp_5_sva_reg | Flip-flop |   3   |  Y  | N  | N  | N  | N  | N  | N  |
===========================================================================================================================================================

Inferred memory devices in process
	in routine fir_core line 24005 in file
		'./rtl/fir_core.v'.
=========================================================================================================================================================
|                                         Register Name                                         |   Type    | Width | Bus | MB | AR | AS | SR | SS | ST |
=========================================================================================================================================================
| ac_float_cctor_assign_from_n32_31_22_2_AC_TRN_AC_WRAP_actual_max_shift_left_acc_psp_6_sva_reg | Flip-flop |   3   |  Y  | N  | N  | N  | N  | N  | N  |
=========================================================================================================================================================

Inferred memory devices in process
	in routine fir_core line 24015 in file
		'./rtl/fir_core.v'.
===========================================================================================================================================================
|                                          Register Name                                          |   Type    | Width | Bus | MB | AR | AS | SR | SS | ST |
===========================================================================================================================================================
| ac_float_cctor_assign_from_n32_31_22_2_AC_TRN_AC_WRAP_1_actual_max_shift_left_acc_psp_6_sva_reg | Flip-flop |   3   |  Y  | N  | N  | N  | N  | N  | N  |
===========================================================================================================================================================

Inferred memory devices in process
	in routine fir_core line 24025 in file
		'./rtl/fir_core.v'.
===========================================================================================================================================================
|                                          Register Name                                          |   Type    | Width | Bus | MB | AR | AS | SR | SS | ST |
===========================================================================================================================================================
| ac_float_cctor_assign_from_n32_31_22_2_AC_TRN_AC_WRAP_2_actual_max_shift_left_acc_psp_6_sva_reg | Flip-flop |   3   |  Y  | N  | N  | N  | N  | N  | N  |
===========================================================================================================================================================

Inferred memory devices in process
	in routine fir_core line 24035 in file
		'./rtl/fir_core.v'.
===========================================================================================================================================================
|                                          Register Name                                          |   Type    | Width | Bus | MB | AR | AS | SR | SS | ST |
===========================================================================================================================================================
| ac_float_cctor_assign_from_n32_31_22_2_AC_TRN_AC_WRAP_3_actual_max_shift_left_acc_psp_6_sva_reg | Flip-flop |   3   |  Y  | N  | N  | N  | N  | N  | N  |
===========================================================================================================================================================

Inferred memory devices in process
	in routine fir_core line 24045 in file
		'./rtl/fir_core.v'.
=========================================================================================================================================================
|                                         Register Name                                         |   Type    | Width | Bus | MB | AR | AS | SR | SS | ST |
=========================================================================================================================================================
| ac_float_cctor_assign_from_n32_31_22_2_AC_TRN_AC_WRAP_actual_max_shift_left_acc_psp_7_sva_reg | Flip-flop |   3   |  Y  | N  | N  | N  | N  | N  | N  |
=========================================================================================================================================================

Inferred memory devices in process
	in routine fir_core line 24055 in file
		'./rtl/fir_core.v'.
===========================================================================================================================================================
|                                          Register Name                                          |   Type    | Width | Bus | MB | AR | AS | SR | SS | ST |
===========================================================================================================================================================
| ac_float_cctor_assign_from_n32_31_22_2_AC_TRN_AC_WRAP_1_actual_max_shift_left_acc_psp_7_sva_reg | Flip-flop |   3   |  Y  | N  | N  | N  | N  | N  | N  |
===========================================================================================================================================================

Inferred memory devices in process
	in routine fir_core line 24065 in file
		'./rtl/fir_core.v'.
===========================================================================================================================================================
|                                          Register Name                                          |   Type    | Width | Bus | MB | AR | AS | SR | SS | ST |
===========================================================================================================================================================
| ac_float_cctor_assign_from_n32_31_22_2_AC_TRN_AC_WRAP_2_actual_max_shift_left_acc_psp_7_sva_reg | Flip-flop |   3   |  Y  | N  | N  | N  | N  | N  | N  |
===========================================================================================================================================================

Inferred memory devices in process
	in routine fir_core line 24075 in file
		'./rtl/fir_core.v'.
===========================================================================================================================================================
|                                          Register Name                                          |   Type    | Width | Bus | MB | AR | AS | SR | SS | ST |
===========================================================================================================================================================
| ac_float_cctor_assign_from_n32_31_22_2_AC_TRN_AC_WRAP_3_actual_max_shift_left_acc_psp_7_sva_reg | Flip-flop |   3   |  Y  | N  | N  | N  | N  | N  | N  |
===========================================================================================================================================================

Inferred memory devices in process
	in routine fir_core line 24085 in file
		'./rtl/fir_core.v'.
=========================================================================================================================================================
|                                         Register Name                                         |   Type    | Width | Bus | MB | AR | AS | SR | SS | ST |
=========================================================================================================================================================
| ac_float_cctor_assign_from_n32_31_22_2_AC_TRN_AC_WRAP_actual_max_shift_left_acc_psp_8_sva_reg | Flip-flop |   3   |  Y  | N  | N  | N  | N  | N  | N  |
=========================================================================================================================================================

Inferred memory devices in process
	in routine fir_core line 24095 in file
		'./rtl/fir_core.v'.
===========================================================================================================================================================
|                                          Register Name                                          |   Type    | Width | Bus | MB | AR | AS | SR | SS | ST |
===========================================================================================================================================================
| ac_float_cctor_assign_from_n32_31_22_2_AC_TRN_AC_WRAP_1_actual_max_shift_left_acc_psp_8_sva_reg | Flip-flop |   3   |  Y  | N  | N  | N  | N  | N  | N  |
===========================================================================================================================================================

Inferred memory devices in process
	in routine fir_core line 24105 in file
		'./rtl/fir_core.v'.
===========================================================================================================================================================
|                                          Register Name                                          |   Type    | Width | Bus | MB | AR | AS | SR | SS | ST |
===========================================================================================================================================================
| ac_float_cctor_assign_from_n32_31_22_2_AC_TRN_AC_WRAP_2_actual_max_shift_left_acc_psp_8_sva_reg | Flip-flop |   3   |  Y  | N  | N  | N  | N  | N  | N  |
===========================================================================================================================================================

Inferred memory devices in process
	in routine fir_core line 24115 in file
		'./rtl/fir_core.v'.
===========================================================================================================================================================
|                                          Register Name                                          |   Type    | Width | Bus | MB | AR | AS | SR | SS | ST |
===========================================================================================================================================================
| ac_float_cctor_assign_from_n32_31_22_2_AC_TRN_AC_WRAP_3_actual_max_shift_left_acc_psp_8_sva_reg | Flip-flop |   3   |  Y  | N  | N  | N  | N  | N  | N  |
===========================================================================================================================================================

Inferred memory devices in process
	in routine fir_core line 24125 in file
		'./rtl/fir_core.v'.
==========================================================================================================================================================
|                                         Register Name                                          |   Type    | Width | Bus | MB | AR | AS | SR | SS | ST |
==========================================================================================================================================================
| ac_float_cctor_assign_from_n32_31_22_2_AC_TRN_AC_WRAP_actual_max_shift_left_acc_psp_15_sva_reg | Flip-flop |   3   |  Y  | N  | N  | N  | N  | N  | N  |
==========================================================================================================================================================

Inferred memory devices in process
	in routine fir_core line 24135 in file
		'./rtl/fir_core.v'.
============================================================================================================================================================
|                                          Register Name                                           |   Type    | Width | Bus | MB | AR | AS | SR | SS | ST |
============================================================================================================================================================
| ac_float_cctor_assign_from_n32_31_22_2_AC_TRN_AC_WRAP_1_actual_max_shift_left_acc_psp_15_sva_reg | Flip-flop |   3   |  Y  | N  | N  | N  | N  | N  | N  |
============================================================================================================================================================

Inferred memory devices in process
	in routine fir_core line 24145 in file
		'./rtl/fir_core.v'.
=======================================================================================================================================================
|                                        Register Name                                        |   Type    | Width | Bus | MB | AR | AS | SR | SS | ST |
=======================================================================================================================================================
| ac_float_cctor_assign_from_n32_31_22_2_AC_TRN_AC_WRAP_actual_max_shift_left_acc_psp_sva_reg | Flip-flop |   3   |  Y  | N  | N  | N  | N  | N  | N  |
=======================================================================================================================================================

Inferred memory devices in process
	in routine fir_core line 24155 in file
		'./rtl/fir_core.v'.
=========================================================================================================================================================
|                                         Register Name                                         |   Type    | Width | Bus | MB | AR | AS | SR | SS | ST |
=========================================================================================================================================================
| ac_float_cctor_assign_from_n32_31_22_2_AC_TRN_AC_WRAP_1_actual_max_shift_left_acc_psp_sva_reg | Flip-flop |   3   |  Y  | N  | N  | N  | N  | N  | N  |
=========================================================================================================================================================

Inferred memory devices in process
	in routine fir_core line 24165 in file
		'./rtl/fir_core.v'.
==========================================================================================================================================
|                                 Register Name                                  |   Type    | Width | Bus | MB | AR | AS | SR | SS | ST |
==========================================================================================================================================
| ac_float_cctor_assign_from_n32_31_22_2_AC_TRN_AC_WRAP_qr_6_0_lpi_1_dfm_4_0_reg | Flip-flop |   5   |  Y  | N  | N  | N  | N  | N  | N  |
==========================================================================================================================================

Inferred memory devices in process
	in routine fir_core line 24181 in file
		'./rtl/fir_core.v'.
==========================================================================================================================
|                         Register Name                          |   Type    | Width | Bus | MB | AR | AS | SR | SS | ST |
==========================================================================================================================
| operator_13_2_true_AC_TRN_AC_WRAP_1_rshift_psp_12_sva_11_7_reg | Flip-flop |   5   |  Y  | N  | N  | N  | N  | N  | N  |
==========================================================================================================================

Inferred memory devices in process
	in routine fir_core line 24189 in file
		'./rtl/fir_core.v'.
=============================================================================================================================================
|                                   Register Name                                   |   Type    | Width | Bus | MB | AR | AS | SR | SS | ST |
=============================================================================================================================================
| ac_float_cctor_plus_minus_11_1_5_AC_TRN_11_1_5_AC_TRN_1_add_r_12_1_7_sva_11_7_reg | Flip-flop |   5   |  Y  | N  | N  | N  | N  | N  | N  |
=============================================================================================================================================

Inferred memory devices in process
	in routine fir_core line 24202 in file
		'./rtl/fir_core.v'.
=============================================================================================================================================
|                                   Register Name                                   |   Type    | Width | Bus | MB | AR | AS | SR | SS | ST |
=============================================================================================================================================
| ac_float_cctor_plus_minus_11_1_5_AC_TRN_11_1_5_AC_TRN_1_add_r_12_1_8_sva_11_7_reg | Flip-flop |   5   |  Y  | N  | N  | N  | N  | N  | N  |
=============================================================================================================================================

Inferred memory devices in process
	in routine fir_core line 24215 in file
		'./rtl/fir_core.v'.
=============================================================================================================================================
|                                   Register Name                                   |   Type    | Width | Bus | MB | AR | AS | SR | SS | ST |
=============================================================================================================================================
| ac_float_cctor_plus_minus_11_1_5_AC_TRN_11_1_5_AC_TRN_1_add_r_12_1_9_sva_11_7_reg | Flip-flop |   5   |  Y  | N  | N  | N  | N  | N  | N  |
=============================================================================================================================================

Inferred memory devices in process
	in routine fir_core line 24228 in file
		'./rtl/fir_core.v'.
=================================================================================================================================================
|                                     Register Name                                     |   Type    | Width | Bus | MB | AR | AS | SR | SS | ST |
=================================================================================================================================================
| ac_float_cctor_plus_minus_11_1_5_AC_TRN_11_1_5_AC_TRN_add_r_12_1_14_sva_6_0_rsp_2_reg | Flip-flop |   4   |  Y  | N  | N  | N  | N  | N  | N  |
|   ac_float_cctor_plus_minus_11_1_5_AC_TRN_11_1_5_AC_TRN_add_r_12_1_14_sva_11_7_reg    | Flip-flop |   5   |  Y  | N  | N  | N  | N  | N  | N  |
| ac_float_cctor_plus_minus_11_1_5_AC_TRN_11_1_5_AC_TRN_add_r_12_1_14_sva_6_0_rsp_0_reg | Flip-flop |   1   |  N  | N  | N  | N  | N  | N  | N  |
| ac_float_cctor_plus_minus_11_1_5_AC_TRN_11_1_5_AC_TRN_add_r_12_1_14_sva_6_0_rsp_1_reg | Flip-flop |   2   |  Y  | N  | N  | N  | N  | N  | N  |
=================================================================================================================================================

Inferred memory devices in process
	in routine fir_core line 24269 in file
		'./rtl/fir_core.v'.
==========================================================================================================================================
|                                 Register Name                                  |   Type    | Width | Bus | MB | AR | AS | SR | SS | ST |
==========================================================================================================================================
| ac_float_cctor_assign_from_n32_31_22_2_AC_TRN_AC_WRAP_op2_21_11_1_sva_3_0_reg  | Flip-flop |   4   |  Y  | N  | N  | N  | N  | N  | N  |
| ac_float_cctor_assign_from_n32_31_22_2_AC_TRN_AC_WRAP_op2_21_11_1_sva_10_6_reg | Flip-flop |   5   |  Y  | N  | N  | N  | N  | N  | N  |
| ac_float_cctor_assign_from_n32_31_22_2_AC_TRN_AC_WRAP_op2_21_11_1_sva_5_4_reg  | Flip-flop |   2   |  Y  | N  | N  | N  | N  | N  | N  |
==========================================================================================================================================

Inferred memory devices in process
	in routine fir_core line 24300 in file
		'./rtl/fir_core.v'.
============================================================================================================================================
|                                  Register Name                                   |   Type    | Width | Bus | MB | AR | AS | SR | SS | ST |
============================================================================================================================================
| ac_float_cctor_assign_from_n32_31_22_2_AC_TRN_AC_WRAP_3_op2_21_11_1_sva_3_0_reg  | Flip-flop |   4   |  Y  | N  | N  | N  | N  | N  | N  |
| ac_float_cctor_assign_from_n32_31_22_2_AC_TRN_AC_WRAP_3_op2_21_11_1_sva_10_6_reg | Flip-flop |   5   |  Y  | N  | N  | N  | N  | N  | N  |
| ac_float_cctor_assign_from_n32_31_22_2_AC_TRN_AC_WRAP_3_op2_21_11_1_sva_5_4_reg  | Flip-flop |   2   |  Y  | N  | N  | N  | N  | N  | N  |
============================================================================================================================================

Inferred memory devices in process
	in routine fir_core line 24337 in file
		'./rtl/fir_core.v'.
============================================================================================================================================
|                                  Register Name                                   |   Type    | Width | Bus | MB | AR | AS | SR | SS | ST |
============================================================================================================================================
| ac_float_cctor_assign_from_n32_31_22_2_AC_TRN_AC_WRAP_3_op2_21_11_2_sva_3_0_reg  | Flip-flop |   4   |  Y  | N  | N  | N  | N  | N  | N  |
| ac_float_cctor_assign_from_n32_31_22_2_AC_TRN_AC_WRAP_3_op2_21_11_2_sva_10_6_reg | Flip-flop |   5   |  Y  | N  | N  | N  | N  | N  | N  |
| ac_float_cctor_assign_from_n32_31_22_2_AC_TRN_AC_WRAP_3_op2_21_11_2_sva_5_4_reg  | Flip-flop |   2   |  Y  | N  | N  | N  | N  | N  | N  |
============================================================================================================================================

Inferred memory devices in process
	in routine fir_core line 24374 in file
		'./rtl/fir_core.v'.
==========================================================================================================================================
|                                 Register Name                                  |   Type    | Width | Bus | MB | AR | AS | SR | SS | ST |
==========================================================================================================================================
| ac_float_cctor_assign_from_n32_31_22_2_AC_TRN_AC_WRAP_op2_21_11_5_sva_3_0_reg  | Flip-flop |   4   |  Y  | N  | N  | N  | N  | N  | N  |
| ac_float_cctor_assign_from_n32_31_22_2_AC_TRN_AC_WRAP_op2_21_11_5_sva_10_6_reg | Flip-flop |   5   |  Y  | N  | N  | N  | N  | N  | N  |
| ac_float_cctor_assign_from_n32_31_22_2_AC_TRN_AC_WRAP_op2_21_11_5_sva_5_4_reg  | Flip-flop |   2   |  Y  | N  | N  | N  | N  | N  | N  |
==========================================================================================================================================

Inferred memory devices in process
	in routine fir_core line 24408 in file
		'./rtl/fir_core.v'.
============================================================================================================================================
|                                  Register Name                                   |   Type    | Width | Bus | MB | AR | AS | SR | SS | ST |
============================================================================================================================================
| ac_float_cctor_assign_from_n32_31_22_2_AC_TRN_AC_WRAP_3_op2_21_11_5_sva_3_0_reg  | Flip-flop |   4   |  Y  | N  | N  | N  | N  | N  | N  |
| ac_float_cctor_assign_from_n32_31_22_2_AC_TRN_AC_WRAP_3_op2_21_11_5_sva_10_6_reg | Flip-flop |   5   |  Y  | N  | N  | N  | N  | N  | N  |
| ac_float_cctor_assign_from_n32_31_22_2_AC_TRN_AC_WRAP_3_op2_21_11_5_sva_5_4_reg  | Flip-flop |   2   |  Y  | N  | N  | N  | N  | N  | N  |
============================================================================================================================================

Inferred memory devices in process
	in routine fir_core line 24439 in file
		'./rtl/fir_core.v'.
============================================================================================================================================
|                                  Register Name                                   |   Type    | Width | Bus | MB | AR | AS | SR | SS | ST |
============================================================================================================================================
| ac_float_cctor_assign_from_n32_31_22_2_AC_TRN_AC_WRAP_3_op2_21_11_6_sva_3_0_reg  | Flip-flop |   4   |  Y  | N  | N  | N  | N  | N  | N  |
| ac_float_cctor_assign_from_n32_31_22_2_AC_TRN_AC_WRAP_3_op2_21_11_6_sva_10_6_reg | Flip-flop |   5   |  Y  | N  | N  | N  | N  | N  | N  |
| ac_float_cctor_assign_from_n32_31_22_2_AC_TRN_AC_WRAP_3_op2_21_11_6_sva_5_4_reg  | Flip-flop |   2   |  Y  | N  | N  | N  | N  | N  | N  |
============================================================================================================================================

Inferred memory devices in process
	in routine fir_core line 24470 in file
		'./rtl/fir_core.v'.
============================================================================================================================================
|                                  Register Name                                   |   Type    | Width | Bus | MB | AR | AS | SR | SS | ST |
============================================================================================================================================
| ac_float_cctor_assign_from_n32_31_22_2_AC_TRN_AC_WRAP_3_op2_21_11_7_sva_3_0_reg  | Flip-flop |   4   |  Y  | N  | N  | N  | N  | N  | N  |
| ac_float_cctor_assign_from_n32_31_22_2_AC_TRN_AC_WRAP_3_op2_21_11_7_sva_10_6_reg | Flip-flop |   5   |  Y  | N  | N  | N  | N  | N  | N  |
| ac_float_cctor_assign_from_n32_31_22_2_AC_TRN_AC_WRAP_3_op2_21_11_7_sva_5_4_reg  | Flip-flop |   2   |  Y  | N  | N  | N  | N  | N  | N  |
============================================================================================================================================

Inferred memory devices in process
	in routine fir_core line 24501 in file
		'./rtl/fir_core.v'.
============================================================================================================================================
|                                  Register Name                                   |   Type    | Width | Bus | MB | AR | AS | SR | SS | ST |
============================================================================================================================================
| ac_float_cctor_assign_from_n32_31_22_2_AC_TRN_AC_WRAP_3_op2_21_11_8_sva_3_0_reg  | Flip-flop |   4   |  Y  | N  | N  | N  | N  | N  | N  |
| ac_float_cctor_assign_from_n32_31_22_2_AC_TRN_AC_WRAP_3_op2_21_11_8_sva_10_6_reg | Flip-flop |   5   |  Y  | N  | N  | N  | N  | N  | N  |
| ac_float_cctor_assign_from_n32_31_22_2_AC_TRN_AC_WRAP_3_op2_21_11_8_sva_5_4_reg  | Flip-flop |   2   |  Y  | N  | N  | N  | N  | N  | N  |
============================================================================================================================================

Inferred memory devices in process
	in routine fir_core line 24532 in file
		'./rtl/fir_core.v'.
=========================================================================================================================================================
|                                         Register Name                                         |   Type    | Width | Bus | MB | AR | AS | SR | SS | ST |
=========================================================================================================================================================
| ac_float_cctor_assign_from_n32_31_22_2_AC_TRN_AC_WRAP_else_1_shift_exponent_limited_9_sva_reg | Flip-flop |   1   |  N  | N  | N  | N  | N  | N  | N  |
=========================================================================================================================================================

Inferred memory devices in process
	in routine fir_core line 24545 in file
		'./rtl/fir_core.v'.
========================================================================================================================================
|                                Register Name                                 |   Type    | Width | Bus | MB | AR | AS | SR | SS | ST |
========================================================================================================================================
| ac_float_cctor_assign_from_n32_31_22_2_AC_TRN_AC_WRAP_3_ls_4_0_9_sva_3_0_reg | Flip-flop |   4   |  Y  | N  | N  | N  | N  | N  | N  |
|  ac_float_cctor_assign_from_n32_31_22_2_AC_TRN_AC_WRAP_3_ls_4_0_9_sva_4_reg  | Flip-flop |   1   |  N  | N  | N  | N  | N  | N  | N  |
========================================================================================================================================

Inferred memory devices in process
	in routine fir_core line 24560 in file
		'./rtl/fir_core.v'.
===========================================================================================================================================================
|                                          Register Name                                          |   Type    | Width | Bus | MB | AR | AS | SR | SS | ST |
===========================================================================================================================================================
| ac_float_cctor_assign_from_n32_31_22_2_AC_TRN_AC_WRAP_3_else_1_shift_exponent_limited_9_sva_reg | Flip-flop |   1   |  N  | N  | N  | N  | N  | N  | N  |
===========================================================================================================================================================

Inferred memory devices in process
	in routine fir_core line 24573 in file
		'./rtl/fir_core.v'.
===================================================================================================================================
|                              Register Name                              |   Type    | Width | Bus | MB | AR | AS | SR | SS | ST |
===================================================================================================================================
| ac_float_cctor_assign_from_n32_31_22_2_AC_TRN_AC_WRAP_ls_4_0_10_sva_reg | Flip-flop |   5   |  Y  | N  | N  | N  | N  | N  | N  |
===================================================================================================================================

Inferred memory devices in process
	in routine fir_core line 24588 in file
		'./rtl/fir_core.v'.
==========================================================================================================================================================
|                                         Register Name                                          |   Type    | Width | Bus | MB | AR | AS | SR | SS | ST |
==========================================================================================================================================================
| ac_float_cctor_assign_from_n32_31_22_2_AC_TRN_AC_WRAP_else_1_shift_exponent_limited_10_sva_reg | Flip-flop |   1   |  N  | N  | N  | N  | N  | N  | N  |
==========================================================================================================================================================

Inferred memory devices in process
	in routine fir_core line 24600 in file
		'./rtl/fir_core.v'.
==============================================================================================================================================================
|                                           Register Name                                            |   Type    | Width | Bus | MB | AR | AS | SR | SS | ST |
==============================================================================================================================================================
| ac_float_cctor_assign_from_n32_31_22_2_AC_TRN_AC_WRAP_actual_max_shift_left_acc_psp_10_sva_2_1_reg | Flip-flop |   2   |  Y  | N  | N  | N  | N  | N  | N  |
==============================================================================================================================================================

Inferred memory devices in process
	in routine fir_core line 24610 in file
		'./rtl/fir_core.v'.
================================================================================================================================================================
|                                            Register Name                                             |   Type    | Width | Bus | MB | AR | AS | SR | SS | ST |
================================================================================================================================================================
| ac_float_cctor_assign_from_n32_31_22_2_AC_TRN_AC_WRAP_1_actual_max_shift_left_acc_psp_10_sva_2_1_reg | Flip-flop |   2   |  Y  | N  | N  | N  | N  | N  | N  |
================================================================================================================================================================

Inferred memory devices in process
	in routine fir_core line 24620 in file
		'./rtl/fir_core.v'.
================================================================================================================================================================
|                                            Register Name                                             |   Type    | Width | Bus | MB | AR | AS | SR | SS | ST |
================================================================================================================================================================
| ac_float_cctor_assign_from_n32_31_22_2_AC_TRN_AC_WRAP_2_actual_max_shift_left_acc_psp_10_sva_2_1_reg | Flip-flop |   2   |  Y  | N  | N  | N  | N  | N  | N  |
================================================================================================================================================================

Inferred memory devices in process
	in routine fir_core line 24630 in file
		'./rtl/fir_core.v'.
=====================================================================================================================================
|                               Register Name                               |   Type    | Width | Bus | MB | AR | AS | SR | SS | ST |
=====================================================================================================================================
| ac_float_cctor_assign_from_n32_31_22_2_AC_TRN_AC_WRAP_3_ls_4_0_10_sva_reg | Flip-flop |   5   |  Y  | N  | N  | N  | N  | N  | N  |
=====================================================================================================================================

Inferred memory devices in process
	in routine fir_core line 24656 in file
		'./rtl/fir_core.v'.
============================================================================================================================================================
|                                          Register Name                                           |   Type    | Width | Bus | MB | AR | AS | SR | SS | ST |
============================================================================================================================================================
| ac_float_cctor_assign_from_n32_31_22_2_AC_TRN_AC_WRAP_3_else_1_shift_exponent_limited_10_sva_reg | Flip-flop |   1   |  N  | N  | N  | N  | N  | N  | N  |
============================================================================================================================================================

Inferred memory devices in process
	in routine fir_core line 24668 in file
		'./rtl/fir_core.v'.
================================================================================================================================================================
|                                            Register Name                                             |   Type    | Width | Bus | MB | AR | AS | SR | SS | ST |
================================================================================================================================================================
| ac_float_cctor_assign_from_n32_31_22_2_AC_TRN_AC_WRAP_3_actual_max_shift_left_acc_psp_10_sva_2_1_reg | Flip-flop |   2   |  Y  | N  | N  | N  | N  | N  | N  |
================================================================================================================================================================

Inferred memory devices in process
	in routine fir_core line 24678 in file
		'./rtl/fir_core.v'.
===================================================================================================================================
|                              Register Name                              |   Type    | Width | Bus | MB | AR | AS | SR | SS | ST |
===================================================================================================================================
| ac_float_cctor_assign_from_n32_31_22_2_AC_TRN_AC_WRAP_ls_4_0_11_sva_reg | Flip-flop |   5   |  Y  | N  | N  | N  | N  | N  | N  |
===================================================================================================================================

Inferred memory devices in process
	in routine fir_core line 24693 in file
		'./rtl/fir_core.v'.
==========================================================================================================================================================
|                                         Register Name                                          |   Type    | Width | Bus | MB | AR | AS | SR | SS | ST |
==========================================================================================================================================================
| ac_float_cctor_assign_from_n32_31_22_2_AC_TRN_AC_WRAP_else_1_shift_exponent_limited_11_sva_reg | Flip-flop |   1   |  N  | N  | N  | N  | N  | N  | N  |
==========================================================================================================================================================

Inferred memory devices in process
	in routine fir_core line 24705 in file
		'./rtl/fir_core.v'.
==============================================================================================================================================================
|                                           Register Name                                            |   Type    | Width | Bus | MB | AR | AS | SR | SS | ST |
==============================================================================================================================================================
| ac_float_cctor_assign_from_n32_31_22_2_AC_TRN_AC_WRAP_actual_max_shift_left_acc_psp_11_sva_2_1_reg | Flip-flop |   2   |  Y  | N  | N  | N  | N  | N  | N  |
==============================================================================================================================================================

Inferred memory devices in process
	in routine fir_core line 24715 in file
		'./rtl/fir_core.v'.
================================================================================================================================================================
|                                            Register Name                                             |   Type    | Width | Bus | MB | AR | AS | SR | SS | ST |
================================================================================================================================================================
| ac_float_cctor_assign_from_n32_31_22_2_AC_TRN_AC_WRAP_2_actual_max_shift_left_acc_psp_11_sva_2_1_reg | Flip-flop |   2   |  Y  | N  | N  | N  | N  | N  | N  |
================================================================================================================================================================

Inferred memory devices in process
	in routine fir_core line 24725 in file
		'./rtl/fir_core.v'.
=========================================================================================================================================
|                                 Register Name                                 |   Type    | Width | Bus | MB | AR | AS | SR | SS | ST |
=========================================================================================================================================
| ac_float_cctor_assign_from_n32_31_22_2_AC_TRN_AC_WRAP_3_ls_4_0_11_sva_3_0_reg | Flip-flop |   4   |  Y  | N  | N  | N  | N  | N  | N  |
|  ac_float_cctor_assign_from_n32_31_22_2_AC_TRN_AC_WRAP_3_ls_4_0_11_sva_4_reg  | Flip-flop |   1   |  N  | N  | N  | N  | N  | N  | N  |
=========================================================================================================================================

Inferred memory devices in process
	in routine fir_core line 24742 in file
		'./rtl/fir_core.v'.
============================================================================================================================================================
|                                          Register Name                                           |   Type    | Width | Bus | MB | AR | AS | SR | SS | ST |
============================================================================================================================================================
| ac_float_cctor_assign_from_n32_31_22_2_AC_TRN_AC_WRAP_3_else_1_shift_exponent_limited_11_sva_reg | Flip-flop |   1   |  N  | N  | N  | N  | N  | N  | N  |
============================================================================================================================================================

Inferred memory devices in process
	in routine fir_core line 24755 in file
		'./rtl/fir_core.v'.
==========================================================================================================================================================
|                                         Register Name                                          |   Type    | Width | Bus | MB | AR | AS | SR | SS | ST |
==========================================================================================================================================================
| ac_float_cctor_assign_from_n32_31_22_2_AC_TRN_AC_WRAP_else_1_shift_exponent_limited_12_sva_reg | Flip-flop |   1   |  N  | N  | N  | N  | N  | N  | N  |
==========================================================================================================================================================

Inferred memory devices in process
	in routine fir_core line 24767 in file
		'./rtl/fir_core.v'.
==============================================================================================================================================================
|                                           Register Name                                            |   Type    | Width | Bus | MB | AR | AS | SR | SS | ST |
==============================================================================================================================================================
| ac_float_cctor_assign_from_n32_31_22_2_AC_TRN_AC_WRAP_actual_max_shift_left_acc_psp_12_sva_2_1_reg | Flip-flop |   2   |  Y  | N  | N  | N  | N  | N  | N  |
==============================================================================================================================================================

Inferred memory devices in process
	in routine fir_core line 24777 in file
		'./rtl/fir_core.v'.
================================================================================================================================================================
|                                            Register Name                                             |   Type    | Width | Bus | MB | AR | AS | SR | SS | ST |
================================================================================================================================================================
| ac_float_cctor_assign_from_n32_31_22_2_AC_TRN_AC_WRAP_2_actual_max_shift_left_acc_psp_12_sva_2_1_reg | Flip-flop |   2   |  Y  | N  | N  | N  | N  | N  | N  |
================================================================================================================================================================

Inferred memory devices in process
	in routine fir_core line 24787 in file
		'./rtl/fir_core.v'.
=====================================================================================================================================
|                               Register Name                               |   Type    | Width | Bus | MB | AR | AS | SR | SS | ST |
=====================================================================================================================================
| ac_float_cctor_assign_from_n32_31_22_2_AC_TRN_AC_WRAP_3_ls_4_0_12_sva_reg | Flip-flop |   5   |  Y  | N  | N  | N  | N  | N  | N  |
=====================================================================================================================================

Inferred memory devices in process
	in routine fir_core line 24817 in file
		'./rtl/fir_core.v'.
============================================================================================================================================================
|                                          Register Name                                           |   Type    | Width | Bus | MB | AR | AS | SR | SS | ST |
============================================================================================================================================================
| ac_float_cctor_assign_from_n32_31_22_2_AC_TRN_AC_WRAP_3_else_1_shift_exponent_limited_12_sva_reg | Flip-flop |   1   |  N  | N  | N  | N  | N  | N  | N  |
============================================================================================================================================================

Inferred memory devices in process
	in routine fir_core line 24830 in file
		'./rtl/fir_core.v'.
==========================================================================================================================================================
|                                         Register Name                                          |   Type    | Width | Bus | MB | AR | AS | SR | SS | ST |
==========================================================================================================================================================
| ac_float_cctor_assign_from_n32_31_22_2_AC_TRN_AC_WRAP_else_1_shift_exponent_limited_13_sva_reg | Flip-flop |   1   |  N  | N  | N  | N  | N  | N  | N  |
==========================================================================================================================================================

Inferred memory devices in process
	in routine fir_core line 24842 in file
		'./rtl/fir_core.v'.
==============================================================================================================================================================
|                                           Register Name                                            |   Type    | Width | Bus | MB | AR | AS | SR | SS | ST |
==============================================================================================================================================================
| ac_float_cctor_assign_from_n32_31_22_2_AC_TRN_AC_WRAP_actual_max_shift_left_acc_psp_13_sva_2_1_reg | Flip-flop |   2   |  Y  | N  | N  | N  | N  | N  | N  |
==============================================================================================================================================================

Inferred memory devices in process
	in routine fir_core line 24852 in file
		'./rtl/fir_core.v'.
=========================================================================================================================================
|                                 Register Name                                 |   Type    | Width | Bus | MB | AR | AS | SR | SS | ST |
=========================================================================================================================================
| ac_float_cctor_assign_from_n32_31_22_2_AC_TRN_AC_WRAP_2_ls_4_0_13_sva_3_0_reg | Flip-flop |   4   |  Y  | N  | N  | N  | N  | N  | N  |
|  ac_float_cctor_assign_from_n32_31_22_2_AC_TRN_AC_WRAP_2_ls_4_0_13_sva_4_reg  | Flip-flop |   1   |  N  | N  | N  | N  | N  | N  | N  |
=========================================================================================================================================

Inferred memory devices in process
	in routine fir_core line 24868 in file
		'./rtl/fir_core.v'.
================================================================================================================================================================
|                                            Register Name                                             |   Type    | Width | Bus | MB | AR | AS | SR | SS | ST |
================================================================================================================================================================
| ac_float_cctor_assign_from_n32_31_22_2_AC_TRN_AC_WRAP_2_actual_max_shift_left_acc_psp_13_sva_2_1_reg | Flip-flop |   2   |  Y  | N  | N  | N  | N  | N  | N  |
================================================================================================================================================================

Inferred memory devices in process
	in routine fir_core line 24878 in file
		'./rtl/fir_core.v'.
=====================================================================================================================================
|                               Register Name                               |   Type    | Width | Bus | MB | AR | AS | SR | SS | ST |
=====================================================================================================================================
| ac_float_cctor_assign_from_n32_31_22_2_AC_TRN_AC_WRAP_3_ls_4_0_13_sva_reg | Flip-flop |   5   |  Y  | N  | N  | N  | N  | N  | N  |
=====================================================================================================================================

Inferred memory devices in process
	in routine fir_core line 24907 in file
		'./rtl/fir_core.v'.
============================================================================================================================================================
|                                          Register Name                                           |   Type    | Width | Bus | MB | AR | AS | SR | SS | ST |
============================================================================================================================================================
| ac_float_cctor_assign_from_n32_31_22_2_AC_TRN_AC_WRAP_3_else_1_shift_exponent_limited_13_sva_reg | Flip-flop |   1   |  N  | N  | N  | N  | N  | N  | N  |
============================================================================================================================================================

Inferred memory devices in process
	in routine fir_core line 24920 in file
		'./rtl/fir_core.v'.
==========================================================================================================================================================
|                                         Register Name                                          |   Type    | Width | Bus | MB | AR | AS | SR | SS | ST |
==========================================================================================================================================================
| ac_float_cctor_assign_from_n32_31_22_2_AC_TRN_AC_WRAP_else_1_shift_exponent_limited_14_sva_reg | Flip-flop |   1   |  N  | N  | N  | N  | N  | N  | N  |
==========================================================================================================================================================

Inferred memory devices in process
	in routine fir_core line 24932 in file
		'./rtl/fir_core.v'.
==============================================================================================================================================================
|                                           Register Name                                            |   Type    | Width | Bus | MB | AR | AS | SR | SS | ST |
==============================================================================================================================================================
| ac_float_cctor_assign_from_n32_31_22_2_AC_TRN_AC_WRAP_actual_max_shift_left_acc_psp_14_sva_2_1_reg | Flip-flop |   2   |  Y  | N  | N  | N  | N  | N  | N  |
==============================================================================================================================================================

Inferred memory devices in process
	in routine fir_core line 24942 in file
		'./rtl/fir_core.v'.
================================================================================================================================================================
|                                            Register Name                                             |   Type    | Width | Bus | MB | AR | AS | SR | SS | ST |
================================================================================================================================================================
| ac_float_cctor_assign_from_n32_31_22_2_AC_TRN_AC_WRAP_2_actual_max_shift_left_acc_psp_14_sva_2_1_reg | Flip-flop |   2   |  Y  | N  | N  | N  | N  | N  | N  |
================================================================================================================================================================

Inferred memory devices in process
	in routine fir_core line 24952 in file
		'./rtl/fir_core.v'.
=========================================================================================================================================
|                                 Register Name                                 |   Type    | Width | Bus | MB | AR | AS | SR | SS | ST |
=========================================================================================================================================
| ac_float_cctor_assign_from_n32_31_22_2_AC_TRN_AC_WRAP_3_ls_4_0_14_sva_3_0_reg | Flip-flop |   4   |  Y  | N  | N  | N  | N  | N  | N  |
|  ac_float_cctor_assign_from_n32_31_22_2_AC_TRN_AC_WRAP_3_ls_4_0_14_sva_4_reg  | Flip-flop |   1   |  N  | N  | N  | N  | N  | N  | N  |
=========================================================================================================================================

Inferred memory devices in process
	in routine fir_core line 24969 in file
		'./rtl/fir_core.v'.
============================================================================================================================================================
|                                          Register Name                                           |   Type    | Width | Bus | MB | AR | AS | SR | SS | ST |
============================================================================================================================================================
| ac_float_cctor_assign_from_n32_31_22_2_AC_TRN_AC_WRAP_3_else_1_shift_exponent_limited_14_sva_reg | Flip-flop |   1   |  N  | N  | N  | N  | N  | N  | N  |
============================================================================================================================================================

Inferred memory devices in process
	in routine fir_core line 24982 in file
		'./rtl/fir_core.v'.
===========================================================================================================================================
|                                  Register Name                                  |   Type    | Width | Bus | MB | AR | AS | SR | SS | ST |
===========================================================================================================================================
| ac_float_cctor_assign_from_n32_31_22_2_AC_TRN_AC_WRAP_op2_21_11_15_sva_3_0_reg  | Flip-flop |   4   |  Y  | N  | N  | N  | N  | N  | N  |
| ac_float_cctor_assign_from_n32_31_22_2_AC_TRN_AC_WRAP_op2_21_11_15_sva_10_6_reg | Flip-flop |   5   |  Y  | N  | N  | N  | N  | N  | N  |
| ac_float_cctor_assign_from_n32_31_22_2_AC_TRN_AC_WRAP_op2_21_11_15_sva_5_4_reg  | Flip-flop |   2   |  Y  | N  | N  | N  | N  | N  | N  |
===========================================================================================================================================

Inferred memory devices in process
	in routine fir_core line 25013 in file
		'./rtl/fir_core.v'.
================================================================================================================================================================
|                                            Register Name                                             |   Type    | Width | Bus | MB | AR | AS | SR | SS | ST |
================================================================================================================================================================
| ac_float_cctor_assign_from_n32_31_22_2_AC_TRN_AC_WRAP_2_actual_max_shift_left_acc_psp_15_sva_2_1_reg | Flip-flop |   2   |  Y  | N  | N  | N  | N  | N  | N  |
================================================================================================================================================================

Inferred memory devices in process
	in routine fir_core line 25023 in file
		'./rtl/fir_core.v'.
=====================================================================================================================================
|                               Register Name                               |   Type    | Width | Bus | MB | AR | AS | SR | SS | ST |
=====================================================================================================================================
| ac_float_cctor_assign_from_n32_31_22_2_AC_TRN_AC_WRAP_3_ls_4_0_15_sva_reg | Flip-flop |   5   |  Y  | N  | N  | N  | N  | N  | N  |
=====================================================================================================================================

Inferred memory devices in process
	in routine fir_core line 25047 in file
		'./rtl/fir_core.v'.
============================================================================================================================================================
|                                          Register Name                                           |   Type    | Width | Bus | MB | AR | AS | SR | SS | ST |
============================================================================================================================================================
| ac_float_cctor_assign_from_n32_31_22_2_AC_TRN_AC_WRAP_3_else_1_shift_exponent_limited_15_sva_reg | Flip-flop |   1   |  N  | N  | N  | N  | N  | N  | N  |
============================================================================================================================================================

Inferred memory devices in process
	in routine fir_core line 25060 in file
		'./rtl/fir_core.v'.
=============================================================================================================================================================
|                                           Register Name                                           |   Type    | Width | Bus | MB | AR | AS | SR | SS | ST |
=============================================================================================================================================================
| ac_float_cctor_assign_from_n32_31_22_2_AC_TRN_AC_WRAP_2_actual_max_shift_left_acc_psp_sva_2_1_reg | Flip-flop |   2   |  Y  | N  | N  | N  | N  | N  | N  |
=============================================================================================================================================================

Inferred memory devices in process
	in routine fir_core line 25070 in file
		'./rtl/fir_core.v'.
==================================================================================================================================
|                             Register Name                              |   Type    | Width | Bus | MB | AR | AS | SR | SS | ST |
==================================================================================================================================
| ac_float_cctor_assign_from_n32_31_22_2_AC_TRN_AC_WRAP_3_ls_4_0_sva_reg | Flip-flop |   5   |  Y  | N  | N  | N  | N  | N  | N  |
==================================================================================================================================

Inferred memory devices in process
	in routine fir_core line 25085 in file
		'./rtl/fir_core.v'.
=========================================================================================================================================================
|                                         Register Name                                         |   Type    | Width | Bus | MB | AR | AS | SR | SS | ST |
=========================================================================================================================================================
| ac_float_cctor_assign_from_n32_31_22_2_AC_TRN_AC_WRAP_3_else_1_shift_exponent_limited_sva_reg | Flip-flop |   1   |  N  | N  | N  | N  | N  | N  | N  |
=========================================================================================================================================================

Inferred memory devices in process
	in routine fir_core line 25098 in file
		'./rtl/fir_core.v'.
===========================================================================================================================================================================================================
|                                                                  Register Name                                                                  |   Type    | Width | Bus | MB | AR | AS | SR | SS | ST |
===========================================================================================================================================================================================================
| ac_float_cctor_assign_from_n32_31_22_2_AC_TRN_AC_WRAP_2_else_if_ac_float_cctor_assign_from_n32_31_22_2_AC_TRN_AC_WRAP_2_else_if_nand_15_itm_reg | Flip-flop |   1   |  N  | N  | N  | N  | N  | N  | N  |
===========================================================================================================================================================================================================

Inferred memory devices in process
	in routine fir_core line 25109 in file
		'./rtl/fir_core.v'.
===========================================================================================================================================================================================================
|                                                                  Register Name                                                                  |   Type    | Width | Bus | MB | AR | AS | SR | SS | ST |
===========================================================================================================================================================================================================
| ac_float_cctor_assign_from_n32_31_22_2_AC_TRN_AC_WRAP_2_else_if_ac_float_cctor_assign_from_n32_31_22_2_AC_TRN_AC_WRAP_2_else_if_nand_14_itm_reg | Flip-flop |   1   |  N  | N  | N  | N  | N  | N  | N  |
===========================================================================================================================================================================================================

Inferred memory devices in process
	in routine fir_core line 25120 in file
		'./rtl/fir_core.v'.
===========================================================================================================================================================================================================
|                                                                  Register Name                                                                  |   Type    | Width | Bus | MB | AR | AS | SR | SS | ST |
===========================================================================================================================================================================================================
| ac_float_cctor_assign_from_n32_31_22_2_AC_TRN_AC_WRAP_2_else_if_ac_float_cctor_assign_from_n32_31_22_2_AC_TRN_AC_WRAP_2_else_if_nand_13_itm_reg | Flip-flop |   1   |  N  | N  | N  | N  | N  | N  | N  |
===========================================================================================================================================================================================================

Inferred memory devices in process
	in routine fir_core line 25131 in file
		'./rtl/fir_core.v'.
=======================================================================================================================================================================================================
|                                                                Register Name                                                                |   Type    | Width | Bus | MB | AR | AS | SR | SS | ST |
=======================================================================================================================================================================================================
| ac_float_cctor_assign_from_n32_31_22_2_AC_TRN_AC_WRAP_else_if_ac_float_cctor_assign_from_n32_31_22_2_AC_TRN_AC_WRAP_else_if_nand_13_itm_reg | Flip-flop |   1   |  N  | N  | N  | N  | N  | N  | N  |
=======================================================================================================================================================================================================

Inferred memory devices in process
	in routine fir_core line 25142 in file
		'./rtl/fir_core.v'.
===========================================================================================================================================================================================================
|                                                                  Register Name                                                                  |   Type    | Width | Bus | MB | AR | AS | SR | SS | ST |
===========================================================================================================================================================================================================
| ac_float_cctor_assign_from_n32_31_22_2_AC_TRN_AC_WRAP_2_else_if_ac_float_cctor_assign_from_n32_31_22_2_AC_TRN_AC_WRAP_2_else_if_nand_12_itm_reg | Flip-flop |   1   |  N  | N  | N  | N  | N  | N  | N  |
===========================================================================================================================================================================================================

Inferred memory devices in process
	in routine fir_core line 25153 in file
		'./rtl/fir_core.v'.
=======================================================================================================================================================================================================
|                                                                Register Name                                                                |   Type    | Width | Bus | MB | AR | AS | SR | SS | ST |
=======================================================================================================================================================================================================
| ac_float_cctor_assign_from_n32_31_22_2_AC_TRN_AC_WRAP_else_if_ac_float_cctor_assign_from_n32_31_22_2_AC_TRN_AC_WRAP_else_if_nand_12_itm_reg | Flip-flop |   1   |  N  | N  | N  | N  | N  | N  | N  |
=======================================================================================================================================================================================================

Inferred memory devices in process
	in routine fir_core line 25164 in file
		'./rtl/fir_core.v'.
===========================================================================================================================================================================================================
|                                                                  Register Name                                                                  |   Type    | Width | Bus | MB | AR | AS | SR | SS | ST |
===========================================================================================================================================================================================================
| ac_float_cctor_assign_from_n32_31_22_2_AC_TRN_AC_WRAP_2_else_if_ac_float_cctor_assign_from_n32_31_22_2_AC_TRN_AC_WRAP_2_else_if_nand_11_itm_reg | Flip-flop |   1   |  N  | N  | N  | N  | N  | N  | N  |
===========================================================================================================================================================================================================

Inferred memory devices in process
	in routine fir_core line 25175 in file
		'./rtl/fir_core.v'.
=======================================================================================================================================================================================================
|                                                                Register Name                                                                |   Type    | Width | Bus | MB | AR | AS | SR | SS | ST |
=======================================================================================================================================================================================================
| ac_float_cctor_assign_from_n32_31_22_2_AC_TRN_AC_WRAP_else_if_ac_float_cctor_assign_from_n32_31_22_2_AC_TRN_AC_WRAP_else_if_nand_11_itm_reg | Flip-flop |   1   |  N  | N  | N  | N  | N  | N  | N  |
=======================================================================================================================================================================================================

Inferred memory devices in process
	in routine fir_core line 25186 in file
		'./rtl/fir_core.v'.
===========================================================================================================================================================================================================
|                                                                  Register Name                                                                  |   Type    | Width | Bus | MB | AR | AS | SR | SS | ST |
===========================================================================================================================================================================================================
| ac_float_cctor_assign_from_n32_31_22_2_AC_TRN_AC_WRAP_2_else_if_ac_float_cctor_assign_from_n32_31_22_2_AC_TRN_AC_WRAP_2_else_if_nand_10_itm_reg | Flip-flop |   1   |  N  | N  | N  | N  | N  | N  | N  |
===========================================================================================================================================================================================================

Inferred memory devices in process
	in routine fir_core line 25197 in file
		'./rtl/fir_core.v'.
=======================================================================================================================================================================================================
|                                                                Register Name                                                                |   Type    | Width | Bus | MB | AR | AS | SR | SS | ST |
=======================================================================================================================================================================================================
| ac_float_cctor_assign_from_n32_31_22_2_AC_TRN_AC_WRAP_else_if_ac_float_cctor_assign_from_n32_31_22_2_AC_TRN_AC_WRAP_else_if_nand_10_itm_reg | Flip-flop |   1   |  N  | N  | N  | N  | N  | N  | N  |
=======================================================================================================================================================================================================

Inferred memory devices in process
	in routine fir_core line 25208 in file
		'./rtl/fir_core.v'.
==========================================================================================================================================================================================================
|                                                                 Register Name                                                                  |   Type    | Width | Bus | MB | AR | AS | SR | SS | ST |
==========================================================================================================================================================================================================
| ac_float_cctor_assign_from_n32_31_22_2_AC_TRN_AC_WRAP_3_else_if_ac_float_cctor_assign_from_n32_31_22_2_AC_TRN_AC_WRAP_3_else_if_nand_9_itm_reg | Flip-flop |   1   |  N  | N  | N  | N  | N  | N  | N  |
==========================================================================================================================================================================================================

Inferred memory devices in process
	in routine fir_core line 25219 in file
		'./rtl/fir_core.v'.
==========================================================================================================================================================================================================
|                                                                 Register Name                                                                  |   Type    | Width | Bus | MB | AR | AS | SR | SS | ST |
==========================================================================================================================================================================================================
| ac_float_cctor_assign_from_n32_31_22_2_AC_TRN_AC_WRAP_2_else_if_ac_float_cctor_assign_from_n32_31_22_2_AC_TRN_AC_WRAP_2_else_if_nand_9_itm_reg | Flip-flop |   1   |  N  | N  | N  | N  | N  | N  | N  |
==========================================================================================================================================================================================================

Inferred memory devices in process
	in routine fir_core line 25230 in file
		'./rtl/fir_core.v'.
==========================================================================================================================================================================================================
|                                                                 Register Name                                                                  |   Type    | Width | Bus | MB | AR | AS | SR | SS | ST |
==========================================================================================================================================================================================================
| ac_float_cctor_assign_from_n32_31_22_2_AC_TRN_AC_WRAP_1_else_if_ac_float_cctor_assign_from_n32_31_22_2_AC_TRN_AC_WRAP_1_else_if_nand_9_itm_reg | Flip-flop |   1   |  N  | N  | N  | N  | N  | N  | N  |
==========================================================================================================================================================================================================

Inferred memory devices in process
	in routine fir_core line 25241 in file
		'./rtl/fir_core.v'.
======================================================================================================================================================================================================
|                                                               Register Name                                                                |   Type    | Width | Bus | MB | AR | AS | SR | SS | ST |
======================================================================================================================================================================================================
| ac_float_cctor_assign_from_n32_31_22_2_AC_TRN_AC_WRAP_else_if_ac_float_cctor_assign_from_n32_31_22_2_AC_TRN_AC_WRAP_else_if_nand_9_itm_reg | Flip-flop |   1   |  N  | N  | N  | N  | N  | N  | N  |
======================================================================================================================================================================================================

Inferred memory devices in process
	in routine fir_core line 25252 in file
		'./rtl/fir_core.v'.
=====================================================================================================
|               Register Name               |   Type    | Width | Bus | MB | AR | AS | SR | SS | ST |
=====================================================================================================
| ac_float_cctor_operator_return_42_sva_reg | Flip-flop |   1   |  N  | N  | N  | N  | N  | N  | N  |
| ac_float_cctor_operator_return_29_sva_reg | Flip-flop |   1   |  N  | N  | N  | N  | N  | N  | N  |
| ac_float_cctor_operator_return_12_sva_reg | Flip-flop |   1   |  N  | N  | N  | N  | N  | N  | N  |
| ac_float_cctor_operator_return_17_sva_reg | Flip-flop |   1   |  N  | N  | N  | N  | N  | N  | N  |
=====================================================================================================

Inferred memory devices in process
	in routine fir_core line 25279 in file
		'./rtl/fir_core.v'.
=====================================================================================================
|               Register Name               |   Type    | Width | Bus | MB | AR | AS | SR | SS | ST |
=====================================================================================================
| ac_float_cctor_operator_return_59_sva_reg | Flip-flop |   1   |  N  | N  | N  | N  | N  | N  | N  |
| ac_float_cctor_operator_return_3_sva_reg  | Flip-flop |   1   |  N  | N  | N  | N  | N  | N  | N  |
| ac_float_cctor_operator_return_31_sva_reg | Flip-flop |   1   |  N  | N  | N  | N  | N  | N  | N  |
| ac_float_cctor_operator_return_32_sva_reg | Flip-flop |   1   |  N  | N  | N  | N  | N  | N  | N  |
=====================================================================================================

Inferred memory devices in process
	in routine fir_core line 25302 in file
		'./rtl/fir_core.v'.
=====================================================================================================
|               Register Name               |   Type    | Width | Bus | MB | AR | AS | SR | SS | ST |
=====================================================================================================
| ac_float_cctor_operator_return_48_sva_reg | Flip-flop |   1   |  N  | N  | N  | N  | N  | N  | N  |
| ac_float_cctor_operator_return_30_sva_reg | Flip-flop |   1   |  N  | N  | N  | N  | N  | N  | N  |
=====================================================================================================

Inferred memory devices in process
	in routine fir_core line 25319 in file
		'./rtl/fir_core.v'.
=====================================================================================================
|               Register Name               |   Type    | Width | Bus | MB | AR | AS | SR | SS | ST |
=====================================================================================================
| ac_float_cctor_operator_return_63_sva_reg | Flip-flop |   1   |  N  | N  | N  | N  | N  | N  | N  |
| ac_float_cctor_operator_return_60_sva_reg | Flip-flop |   1   |  N  | N  | N  | N  | N  | N  | N  |
| ac_float_cctor_operator_return_61_sva_reg | Flip-flop |   1   |  N  | N  | N  | N  | N  | N  | N  |
| ac_float_cctor_operator_return_62_sva_reg | Flip-flop |   1   |  N  | N  | N  | N  | N  | N  | N  |
=====================================================================================================

Inferred memory devices in process
	in routine fir_core line 25342 in file
		'./rtl/fir_core.v'.
=====================================================================================================================================
|                               Register Name                               |   Type    | Width | Bus | MB | AR | AS | SR | SS | ST |
=====================================================================================================================================
| MAC_11_ac_float_cctor_plus_minus_11_1_5_AC_TRN_11_1_5_AC_TRN_1_or_svs_reg | Flip-flop |   1   |  N  | N  | N  | N  | N  | N  | N  |
=====================================================================================================================================

Inferred memory devices in process
	in routine fir_core line 25359 in file
		'./rtl/fir_core.v'.
===================================================================================================================================
|                              Register Name                              |   Type    | Width | Bus | MB | AR | AS | SR | SS | ST |
===================================================================================================================================
| MAC_11_ac_float_cctor_plus_minus_11_1_5_AC_TRN_11_1_5_AC_TRN_or_svs_reg | Flip-flop |   1   |  N  | N  | N  | N  | N  | N  | N  |
===================================================================================================================================

Inferred memory devices in process
	in routine fir_core line 25376 in file
		'./rtl/fir_core.v'.
=====================================================================================================================================
|                               Register Name                               |   Type    | Width | Bus | MB | AR | AS | SR | SS | ST |
=====================================================================================================================================
|  MAC_13_ac_float_cctor_plus_minus_11_1_5_AC_TRN_11_1_5_AC_TRN_or_svs_reg  | Flip-flop |   1   |  N  | N  | N  | N  | N  | N  | N  |
| MAC_12_ac_float_cctor_plus_minus_11_1_5_AC_TRN_11_1_5_AC_TRN_1_or_svs_reg | Flip-flop |   1   |  N  | N  | N  | N  | N  | N  | N  |
|  MAC_12_ac_float_cctor_plus_minus_11_1_5_AC_TRN_11_1_5_AC_TRN_or_svs_reg  | Flip-flop |   1   |  N  | N  | N  | N  | N  | N  | N  |
| MAC_13_ac_float_cctor_plus_minus_11_1_5_AC_TRN_11_1_5_AC_TRN_1_or_svs_reg | Flip-flop |   1   |  N  | N  | N  | N  | N  | N  | N  |
=====================================================================================================================================

Inferred memory devices in process
	in routine fir_core line 25413 in file
		'./rtl/fir_core.v'.
=====================================================================================================================================
|                               Register Name                               |   Type    | Width | Bus | MB | AR | AS | SR | SS | ST |
=====================================================================================================================================
| MAC_14_ac_float_cctor_plus_minus_11_1_5_AC_TRN_11_1_5_AC_TRN_1_or_svs_reg | Flip-flop |   1   |  N  | N  | N  | N  | N  | N  | N  |
=====================================================================================================================================

Inferred memory devices in process
	in routine fir_core line 25426 in file
		'./rtl/fir_core.v'.
=====================================================================================================================================
|                               Register Name                               |   Type    | Width | Bus | MB | AR | AS | SR | SS | ST |
=====================================================================================================================================
| MAC_16_ac_float_cctor_plus_minus_11_1_5_AC_TRN_11_1_5_AC_TRN_1_or_svs_reg | Flip-flop |   1   |  N  | N  | N  | N  | N  | N  | N  |
|  MAC_14_ac_float_cctor_plus_minus_11_1_5_AC_TRN_11_1_5_AC_TRN_or_svs_reg  | Flip-flop |   1   |  N  | N  | N  | N  | N  | N  | N  |
| MAC_15_ac_float_cctor_plus_minus_11_1_5_AC_TRN_11_1_5_AC_TRN_1_or_svs_reg | Flip-flop |   1   |  N  | N  | N  | N  | N  | N  | N  |
=====================================================================================================================================

Inferred memory devices in process
	in routine fir_core line 25453 in file
		'./rtl/fir_core.v'.
====================================================================================================================================
|                              Register Name                               |   Type    | Width | Bus | MB | AR | AS | SR | SS | ST |
====================================================================================================================================
| MAC_8_ac_float_cctor_plus_minus_11_1_5_AC_TRN_11_1_5_AC_TRN_1_or_svs_reg | Flip-flop |   1   |  N  | N  | N  | N  | N  | N  | N  |
====================================================================================================================================

Inferred memory devices in process
	in routine fir_core line 25466 in file
		'./rtl/fir_core.v'.
====================================================================================================================================
|                              Register Name                               |   Type    | Width | Bus | MB | AR | AS | SR | SS | ST |
====================================================================================================================================
|  MAC_9_ac_float_cctor_plus_minus_11_1_5_AC_TRN_11_1_5_AC_TRN_or_svs_reg  | Flip-flop |   1   |  N  | N  | N  | N  | N  | N  | N  |
|  MAC_8_ac_float_cctor_plus_minus_11_1_5_AC_TRN_11_1_5_AC_TRN_or_svs_reg  | Flip-flop |   1   |  N  | N  | N  | N  | N  | N  | N  |
| MAC_9_ac_float_cctor_plus_minus_11_1_5_AC_TRN_11_1_5_AC_TRN_1_or_svs_reg | Flip-flop |   1   |  N  | N  | N  | N  | N  | N  | N  |
====================================================================================================================================

Inferred memory devices in process
	in routine fir_core line 25487 in file
		'./rtl/fir_core.v'.
======================================================================================================
|               Register Name                |   Type    | Width | Bus | MB | AR | AS | SR | SS | ST |
======================================================================================================
| operator_ac_float_cctor_e_14_lpi_1_dfm_reg | Flip-flop |   5   |  Y  | N  | N  | N  | N  | N  | N  |
======================================================================================================

Inferred memory devices in process
	in routine fir_core line 25502 in file
		'./rtl/fir_core.v'.
======================================================================================================
|               Register Name                |   Type    | Width | Bus | MB | AR | AS | SR | SS | ST |
======================================================================================================
| operator_ac_float_cctor_e_19_lpi_1_dfm_reg | Flip-flop |   5   |  Y  | N  | N  | N  | N  | N  | N  |
======================================================================================================

Inferred memory devices in process
	in routine fir_core line 25517 in file
		'./rtl/fir_core.v'.
======================================================================================================
|               Register Name                |   Type    | Width | Bus | MB | AR | AS | SR | SS | ST |
======================================================================================================
| operator_ac_float_cctor_e_29_lpi_1_dfm_reg | Flip-flop |   5   |  Y  | N  | N  | N  | N  | N  | N  |
======================================================================================================

Inferred memory devices in process
	in routine fir_core line 25532 in file
		'./rtl/fir_core.v'.
=====================================================================================================
|               Register Name               |   Type    | Width | Bus | MB | AR | AS | SR | SS | ST |
=====================================================================================================
| operator_ac_float_cctor_e_3_lpi_1_dfm_reg | Flip-flop |   5   |  Y  | N  | N  | N  | N  | N  | N  |
=====================================================================================================

Inferred memory devices in process
	in routine fir_core line 25545 in file
		'./rtl/fir_core.v'.
======================================================================================================
|               Register Name                |   Type    | Width | Bus | MB | AR | AS | SR | SS | ST |
======================================================================================================
| operator_ac_float_cctor_e_31_lpi_1_dfm_reg | Flip-flop |   5   |  Y  | N  | N  | N  | N  | N  | N  |
======================================================================================================

Inferred memory devices in process
	in routine fir_core line 25560 in file
		'./rtl/fir_core.v'.
======================================================================================================
|               Register Name                |   Type    | Width | Bus | MB | AR | AS | SR | SS | ST |
======================================================================================================
| operator_ac_float_cctor_e_33_lpi_1_dfm_reg | Flip-flop |   5   |  Y  | N  | N  | N  | N  | N  | N  |
======================================================================================================

Inferred memory devices in process
	in routine fir_core line 25573 in file
		'./rtl/fir_core.v'.
======================================================================================================
|               Register Name                |   Type    | Width | Bus | MB | AR | AS | SR | SS | ST |
======================================================================================================
| operator_ac_float_cctor_e_34_lpi_1_dfm_reg | Flip-flop |   5   |  Y  | N  | N  | N  | N  | N  | N  |
======================================================================================================

Inferred memory devices in process
	in routine fir_core line 25586 in file
		'./rtl/fir_core.v'.
======================================================================================================
|               Register Name                |   Type    | Width | Bus | MB | AR | AS | SR | SS | ST |
======================================================================================================
| operator_ac_float_cctor_e_61_lpi_1_dfm_reg | Flip-flop |   5   |  Y  | N  | N  | N  | N  | N  | N  |
======================================================================================================

Inferred memory devices in process
	in routine fir_core line 25599 in file
		'./rtl/fir_core.v'.
======================================================================================================
|               Register Name                |   Type    | Width | Bus | MB | AR | AS | SR | SS | ST |
======================================================================================================
| operator_ac_float_cctor_e_62_lpi_1_dfm_reg | Flip-flop |   5   |  Y  | N  | N  | N  | N  | N  | N  |
======================================================================================================

Inferred memory devices in process
	in routine fir_core line 25612 in file
		'./rtl/fir_core.v'.
======================================================================================================
|               Register Name                |   Type    | Width | Bus | MB | AR | AS | SR | SS | ST |
======================================================================================================
| operator_ac_float_cctor_e_63_lpi_1_dfm_reg | Flip-flop |   5   |  Y  | N  | N  | N  | N  | N  | N  |
======================================================================================================

Inferred memory devices in process
	in routine fir_core line 25625 in file
		'./rtl/fir_core.v'.
======================================================================================================
|               Register Name                |   Type    | Width | Bus | MB | AR | AS | SR | SS | ST |
======================================================================================================
| operator_ac_float_cctor_e_64_lpi_1_dfm_reg | Flip-flop |   5   |  Y  | N  | N  | N  | N  | N  | N  |
======================================================================================================

Inferred memory devices in process
	in routine fir_core line 25638 in file
		'./rtl/fir_core.v'.
======================================================================================================
|               Register Name                |   Type    | Width | Bus | MB | AR | AS | SR | SS | ST |
======================================================================================================
| operator_ac_float_cctor_e_65_lpi_1_dfm_reg | Flip-flop |   5   |  Y  | N  | N  | N  | N  | N  | N  |
======================================================================================================

Inferred memory devices in process
	in routine fir_core line 25651 in file
		'./rtl/fir_core.v'.
========================================================================================================================
|                        Register Name                         |   Type    | Width | Bus | MB | AR | AS | SR | SS | ST |
========================================================================================================================
| operator_13_2_true_AC_TRN_AC_WRAP_1_rshift_psp_2_sva_4_0_reg | Flip-flop |   5   |  Y  | N  | N  | N  | N  | N  | N  |
========================================================================================================================

Inferred memory devices in process
	in routine fir_core line 25666 in file
		'./rtl/fir_core.v'.
========================================================================================================================
|                        Register Name                         |   Type    | Width | Bus | MB | AR | AS | SR | SS | ST |
========================================================================================================================
| operator_13_2_true_AC_TRN_AC_WRAP_1_rshift_psp_3_sva_3_0_reg | Flip-flop |   4   |  Y  | N  | N  | N  | N  | N  | N  |
|  operator_13_2_true_AC_TRN_AC_WRAP_1_rshift_psp_3_sva_4_reg  | Flip-flop |   1   |  N  | N  | N  | N  | N  | N  | N  |
========================================================================================================================

Inferred memory devices in process
	in routine fir_core line 25678 in file
		'./rtl/fir_core.v'.
=========================================================================================================================
|                         Register Name                         |   Type    | Width | Bus | MB | AR | AS | SR | SS | ST |
=========================================================================================================================
| operator_13_2_true_AC_TRN_AC_WRAP_1_rshift_psp_4_sva_3_0_reg  | Flip-flop |   4   |  Y  | N  | N  | N  | N  | N  | N  |
| operator_13_2_true_AC_TRN_AC_WRAP_1_rshift_psp_4_sva_10_6_reg | Flip-flop |   5   |  Y  | N  | N  | N  | N  | N  | N  |
| operator_13_2_true_AC_TRN_AC_WRAP_1_rshift_psp_4_sva_5_4_reg  | Flip-flop |   2   |  Y  | N  | N  | N  | N  | N  | N  |
=========================================================================================================================

Inferred memory devices in process
	in routine fir_core line 25705 in file
		'./rtl/fir_core.v'.
=========================================================================================================================
|                         Register Name                         |   Type    | Width | Bus | MB | AR | AS | SR | SS | ST |
=========================================================================================================================
| operator_13_2_true_AC_TRN_AC_WRAP_1_rshift_psp_5_sva_3_0_reg  | Flip-flop |   4   |  Y  | N  | N  | N  | N  | N  | N  |
| operator_13_2_true_AC_TRN_AC_WRAP_1_rshift_psp_5_sva_10_6_reg | Flip-flop |   5   |  Y  | N  | N  | N  | N  | N  | N  |
| operator_13_2_true_AC_TRN_AC_WRAP_1_rshift_psp_5_sva_5_4_reg  | Flip-flop |   2   |  Y  | N  | N  | N  | N  | N  | N  |
=========================================================================================================================

Inferred memory devices in process
	in routine fir_core line 25732 in file
		'./rtl/fir_core.v'.
=========================================================================================================================
|                         Register Name                         |   Type    | Width | Bus | MB | AR | AS | SR | SS | ST |
=========================================================================================================================
| operator_13_2_true_AC_TRN_AC_WRAP_1_rshift_psp_7_sva_3_0_reg  | Flip-flop |   4   |  Y  | N  | N  | N  | N  | N  | N  |
| operator_13_2_true_AC_TRN_AC_WRAP_1_rshift_psp_7_sva_10_6_reg | Flip-flop |   5   |  Y  | N  | N  | N  | N  | N  | N  |
| operator_13_2_true_AC_TRN_AC_WRAP_1_rshift_psp_7_sva_5_4_reg  | Flip-flop |   2   |  Y  | N  | N  | N  | N  | N  | N  |
=========================================================================================================================

Inferred memory devices in process
	in routine fir_core line 25756 in file
		'./rtl/fir_core.v'.
===============================================================================================================================================
|                                    Register Name                                    |   Type    | Width | Bus | MB | AR | AS | SR | SS | ST |
===============================================================================================================================================
| ac_float_cctor_plus_minus_11_1_5_AC_TRN_11_1_5_AC_TRN_op_lshift_mux_26_itm_3_0_reg  | Flip-flop |   4   |  Y  | N  | N  | N  | N  | N  | N  |
| ac_float_cctor_plus_minus_11_1_5_AC_TRN_11_1_5_AC_TRN_op_lshift_mux_26_itm_11_6_reg | Flip-flop |   6   |  Y  | N  | N  | N  | N  | N  | N  |
| ac_float_cctor_plus_minus_11_1_5_AC_TRN_11_1_5_AC_TRN_op_lshift_mux_26_itm_5_4_reg  | Flip-flop |   2   |  Y  | N  | N  | N  | N  | N  | N  |
===============================================================================================================================================

Inferred memory devices in process
	in routine fir_core line 25792 in file
		'./rtl/fir_core.v'.
===============================================================================================================================================
|                                    Register Name                                    |   Type    | Width | Bus | MB | AR | AS | SR | SS | ST |
===============================================================================================================================================
| ac_float_cctor_plus_minus_11_1_5_AC_TRN_11_1_5_AC_TRN_op_lshift_mux_22_itm_3_0_reg  | Flip-flop |   4   |  Y  | N  | N  | N  | N  | N  | N  |
| ac_float_cctor_plus_minus_11_1_5_AC_TRN_11_1_5_AC_TRN_op_lshift_mux_22_itm_11_6_reg | Flip-flop |   6   |  Y  | N  | N  | N  | N  | N  | N  |
| ac_float_cctor_plus_minus_11_1_5_AC_TRN_11_1_5_AC_TRN_op_lshift_mux_22_itm_5_4_reg  | Flip-flop |   2   |  Y  | N  | N  | N  | N  | N  | N  |
===============================================================================================================================================

Inferred memory devices in process
	in routine fir_core line 25819 in file
		'./rtl/fir_core.v'.
============================================================================================================================================
|                                  Register Name                                   |   Type    | Width | Bus | MB | AR | AS | SR | SS | ST |
============================================================================================================================================
| i_assign_from_n16_15_13_2_AC_TRN_AC_WRAP_actual_max_shift_left_acc_psp_9_sva_reg | Flip-flop |   2   |  Y  | N  | N  | N  | N  | N  | N  |
============================================================================================================================================

Inferred memory devices in process
	in routine fir_core line 25829 in file
		'./rtl/fir_core.v'.
=====================================================================================================================================
|                               Register Name                               |   Type    | Width | Bus | MB | AR | AS | SR | SS | ST |
=====================================================================================================================================
| ac_float_cctor_plus_minus_11_1_5_AC_TRN_11_1_5_AC_TRN_op_lshift_9_sva_reg | Flip-flop |  13   |  Y  | N  | N  | N  | N  | N  | N  |
=====================================================================================================================================

Inferred memory devices in process
	in routine fir_core line 25837 in file
		'./rtl/fir_core.v'.
============================================================================================================================================
|                                  Register Name                                   |   Type    | Width | Bus | MB | AR | AS | SR | SS | ST |
============================================================================================================================================
| r_assign_from_n16_15_13_2_AC_TRN_AC_WRAP_actual_max_shift_left_acc_psp_9_sva_reg | Flip-flop |   2   |  Y  | N  | N  | N  | N  | N  | N  |
============================================================================================================================================

Inferred memory devices in process
	in routine fir_core line 25847 in file
		'./rtl/fir_core.v'.
============================================================================================================================================
|                                  Register Name                                   |   Type    | Width | Bus | MB | AR | AS | SR | SS | ST |
============================================================================================================================================
| i_assign_from_n16_15_13_2_AC_TRN_AC_WRAP_actual_max_shift_left_acc_psp_8_sva_reg | Flip-flop |   2   |  Y  | N  | N  | N  | N  | N  | N  |
============================================================================================================================================

Inferred memory devices in process
	in routine fir_core line 25857 in file
		'./rtl/fir_core.v'.
=====================================================================================================================================
|                               Register Name                               |   Type    | Width | Bus | MB | AR | AS | SR | SS | ST |
=====================================================================================================================================
| ac_float_cctor_plus_minus_11_1_5_AC_TRN_11_1_5_AC_TRN_op_lshift_8_sva_reg | Flip-flop |  13   |  Y  | N  | N  | N  | N  | N  | N  |
=====================================================================================================================================

Inferred memory devices in process
	in routine fir_core line 25865 in file
		'./rtl/fir_core.v'.
============================================================================================================================================
|                                  Register Name                                   |   Type    | Width | Bus | MB | AR | AS | SR | SS | ST |
============================================================================================================================================
| r_assign_from_n16_15_13_2_AC_TRN_AC_WRAP_actual_max_shift_left_acc_psp_8_sva_reg | Flip-flop |   2   |  Y  | N  | N  | N  | N  | N  | N  |
============================================================================================================================================

Inferred memory devices in process
	in routine fir_core line 25875 in file
		'./rtl/fir_core.v'.
============================================================================================================================================
|                                  Register Name                                   |   Type    | Width | Bus | MB | AR | AS | SR | SS | ST |
============================================================================================================================================
| i_assign_from_n16_15_13_2_AC_TRN_AC_WRAP_actual_max_shift_left_acc_psp_7_sva_reg | Flip-flop |   2   |  Y  | N  | N  | N  | N  | N  | N  |
============================================================================================================================================

Inferred memory devices in process
	in routine fir_core line 25885 in file
		'./rtl/fir_core.v'.
=====================================================================================================================================
|                               Register Name                               |   Type    | Width | Bus | MB | AR | AS | SR | SS | ST |
=====================================================================================================================================
| ac_float_cctor_plus_minus_11_1_5_AC_TRN_11_1_5_AC_TRN_op_lshift_7_sva_reg | Flip-flop |  13   |  Y  | N  | N  | N  | N  | N  | N  |
=====================================================================================================================================

Inferred memory devices in process
	in routine fir_core line 25893 in file
		'./rtl/fir_core.v'.
============================================================================================================================================
|                                  Register Name                                   |   Type    | Width | Bus | MB | AR | AS | SR | SS | ST |
============================================================================================================================================
| r_assign_from_n16_15_13_2_AC_TRN_AC_WRAP_actual_max_shift_left_acc_psp_7_sva_reg | Flip-flop |   2   |  Y  | N  | N  | N  | N  | N  | N  |
============================================================================================================================================

Inferred memory devices in process
	in routine fir_core line 25903 in file
		'./rtl/fir_core.v'.
============================================================================================================================================
|                                  Register Name                                   |   Type    | Width | Bus | MB | AR | AS | SR | SS | ST |
============================================================================================================================================
| i_assign_from_n16_15_13_2_AC_TRN_AC_WRAP_actual_max_shift_left_acc_psp_6_sva_reg | Flip-flop |   2   |  Y  | N  | N  | N  | N  | N  | N  |
============================================================================================================================================

Inferred memory devices in process
	in routine fir_core line 25913 in file
		'./rtl/fir_core.v'.
=====================================================================================================================================
|                               Register Name                               |   Type    | Width | Bus | MB | AR | AS | SR | SS | ST |
=====================================================================================================================================
| ac_float_cctor_plus_minus_11_1_5_AC_TRN_11_1_5_AC_TRN_op_lshift_6_sva_reg | Flip-flop |  13   |  Y  | N  | N  | N  | N  | N  | N  |
=====================================================================================================================================

Inferred memory devices in process
	in routine fir_core line 25921 in file
		'./rtl/fir_core.v'.
============================================================================================================================================
|                                  Register Name                                   |   Type    | Width | Bus | MB | AR | AS | SR | SS | ST |
============================================================================================================================================
| r_assign_from_n16_15_13_2_AC_TRN_AC_WRAP_actual_max_shift_left_acc_psp_6_sva_reg | Flip-flop |   2   |  Y  | N  | N  | N  | N  | N  | N  |
============================================================================================================================================

Inferred memory devices in process
	in routine fir_core line 25931 in file
		'./rtl/fir_core.v'.
============================================================================================================================================
|                                  Register Name                                   |   Type    | Width | Bus | MB | AR | AS | SR | SS | ST |
============================================================================================================================================
| i_assign_from_n16_15_13_2_AC_TRN_AC_WRAP_actual_max_shift_left_acc_psp_5_sva_reg | Flip-flop |   2   |  Y  | N  | N  | N  | N  | N  | N  |
============================================================================================================================================

Inferred memory devices in process
	in routine fir_core line 25941 in file
		'./rtl/fir_core.v'.
=====================================================================================================================================
|                               Register Name                               |   Type    | Width | Bus | MB | AR | AS | SR | SS | ST |
=====================================================================================================================================
| ac_float_cctor_plus_minus_11_1_5_AC_TRN_11_1_5_AC_TRN_op_lshift_5_sva_reg | Flip-flop |  13   |  Y  | N  | N  | N  | N  | N  | N  |
=====================================================================================================================================

Inferred memory devices in process
	in routine fir_core line 25949 in file
		'./rtl/fir_core.v'.
============================================================================================================================================
|                                  Register Name                                   |   Type    | Width | Bus | MB | AR | AS | SR | SS | ST |
============================================================================================================================================
| r_assign_from_n16_15_13_2_AC_TRN_AC_WRAP_actual_max_shift_left_acc_psp_5_sva_reg | Flip-flop |   2   |  Y  | N  | N  | N  | N  | N  | N  |
============================================================================================================================================

Inferred memory devices in process
	in routine fir_core line 25959 in file
		'./rtl/fir_core.v'.
============================================================================================================================================
|                                  Register Name                                   |   Type    | Width | Bus | MB | AR | AS | SR | SS | ST |
============================================================================================================================================
| i_assign_from_n16_15_13_2_AC_TRN_AC_WRAP_actual_max_shift_left_acc_psp_4_sva_reg | Flip-flop |   2   |  Y  | N  | N  | N  | N  | N  | N  |
============================================================================================================================================

Inferred memory devices in process
	in routine fir_core line 25969 in file
		'./rtl/fir_core.v'.
=====================================================================================================================================
|                               Register Name                               |   Type    | Width | Bus | MB | AR | AS | SR | SS | ST |
=====================================================================================================================================
| ac_float_cctor_plus_minus_11_1_5_AC_TRN_11_1_5_AC_TRN_op_lshift_4_sva_reg | Flip-flop |  13   |  Y  | N  | N  | N  | N  | N  | N  |
=====================================================================================================================================

Inferred memory devices in process
	in routine fir_core line 25977 in file
		'./rtl/fir_core.v'.
============================================================================================================================================
|                                  Register Name                                   |   Type    | Width | Bus | MB | AR | AS | SR | SS | ST |
============================================================================================================================================
| r_assign_from_n16_15_13_2_AC_TRN_AC_WRAP_actual_max_shift_left_acc_psp_4_sva_reg | Flip-flop |   2   |  Y  | N  | N  | N  | N  | N  | N  |
============================================================================================================================================

Inferred memory devices in process
	in routine fir_core line 25987 in file
		'./rtl/fir_core.v'.
============================================================================================================================================
|                                  Register Name                                   |   Type    | Width | Bus | MB | AR | AS | SR | SS | ST |
============================================================================================================================================
| i_assign_from_n16_15_13_2_AC_TRN_AC_WRAP_actual_max_shift_left_acc_psp_3_sva_reg | Flip-flop |   2   |  Y  | N  | N  | N  | N  | N  | N  |
============================================================================================================================================

Inferred memory devices in process
	in routine fir_core line 25999 in file
		'./rtl/fir_core.v'.
=====================================================================================================================================
|                               Register Name                               |   Type    | Width | Bus | MB | AR | AS | SR | SS | ST |
=====================================================================================================================================
| ac_float_cctor_plus_minus_11_1_5_AC_TRN_11_1_5_AC_TRN_op_lshift_3_sva_reg | Flip-flop |  13   |  Y  | N  | N  | N  | N  | N  | N  |
=====================================================================================================================================

Inferred memory devices in process
	in routine fir_core line 26007 in file
		'./rtl/fir_core.v'.
============================================================================================================================================
|                                  Register Name                                   |   Type    | Width | Bus | MB | AR | AS | SR | SS | ST |
============================================================================================================================================
| r_assign_from_n16_15_13_2_AC_TRN_AC_WRAP_actual_max_shift_left_acc_psp_3_sva_reg | Flip-flop |   2   |  Y  | N  | N  | N  | N  | N  | N  |
============================================================================================================================================

Inferred memory devices in process
	in routine fir_core line 26017 in file
		'./rtl/fir_core.v'.
=====================================================================================================================================
|                               Register Name                               |   Type    | Width | Bus | MB | AR | AS | SR | SS | ST |
=====================================================================================================================================
| ac_float_cctor_plus_minus_11_1_5_AC_TRN_11_1_5_AC_TRN_op_lshift_sva_0_reg | Flip-flop |   1   |  N  | N  | N  | N  | N  | N  | N  |
=====================================================================================================================================

Inferred memory devices in process
	in routine fir_core line 26025 in file
		'./rtl/fir_core.v'.
=============================================================================================================================================
|                                   Register Name                                   |   Type    | Width | Bus | MB | AR | AS | SR | SS | ST |
=============================================================================================================================================
| i_assign_from_n16_15_13_2_AC_TRN_AC_WRAP_actual_max_shift_left_acc_psp_16_sva_reg | Flip-flop |   2   |  Y  | N  | N  | N  | N  | N  | N  |
|   ac_float_cctor_plus_minus_11_1_5_AC_TRN_11_1_5_AC_TRN_op_lshift_14_sva_0_reg    | Flip-flop |   1   |  N  | N  | N  | N  | N  | N  | N  |
|   ac_float_cctor_plus_minus_11_1_5_AC_TRN_11_1_5_AC_TRN_op_lshift_15_sva_0_reg    | Flip-flop |   1   |  N  | N  | N  | N  | N  | N  | N  |
| i_assign_from_n16_15_13_2_AC_TRN_AC_WRAP_actual_max_shift_left_acc_psp_14_sva_reg | Flip-flop |   2   |  Y  | N  | N  | N  | N  | N  | N  |
| i_assign_from_n16_15_13_2_AC_TRN_AC_WRAP_actual_max_shift_left_acc_psp_15_sva_reg | Flip-flop |   2   |  Y  | N  | N  | N  | N  | N  | N  |
=============================================================================================================================================

Inferred memory devices in process
	in routine fir_core line 26059 in file
		'./rtl/fir_core.v'.
============================================================================================================================================
|                                  Register Name                                   |   Type    | Width | Bus | MB | AR | AS | SR | SS | ST |
============================================================================================================================================
| i_assign_from_n16_15_13_2_AC_TRN_AC_WRAP_actual_max_shift_left_acc_psp_1_sva_reg | Flip-flop |   2   |  Y  | N  | N  | N  | N  | N  | N  |
============================================================================================================================================

Inferred memory devices in process
	in routine fir_core line 26072 in file
		'./rtl/fir_core.v'.
=============================================================================================================================================
|                                   Register Name                                   |   Type    | Width | Bus | MB | AR | AS | SR | SS | ST |
=============================================================================================================================================
| i_assign_from_n16_15_13_2_AC_TRN_AC_WRAP_actual_max_shift_left_acc_psp_13_sva_reg | Flip-flop |   2   |  Y  | N  | N  | N  | N  | N  | N  |
=============================================================================================================================================

Inferred memory devices in process
	in routine fir_core line 26082 in file
		'./rtl/fir_core.v'.
======================================================================================================================================
|                               Register Name                                |   Type    | Width | Bus | MB | AR | AS | SR | SS | ST |
======================================================================================================================================
| ac_float_cctor_plus_minus_11_1_5_AC_TRN_11_1_5_AC_TRN_op_lshift_13_sva_reg | Flip-flop |  13   |  Y  | N  | N  | N  | N  | N  | N  |
======================================================================================================================================

Inferred memory devices in process
	in routine fir_core line 26090 in file
		'./rtl/fir_core.v'.
=============================================================================================================================================
|                                   Register Name                                   |   Type    | Width | Bus | MB | AR | AS | SR | SS | ST |
=============================================================================================================================================
| r_assign_from_n16_15_13_2_AC_TRN_AC_WRAP_actual_max_shift_left_acc_psp_13_sva_reg | Flip-flop |   2   |  Y  | N  | N  | N  | N  | N  | N  |
=============================================================================================================================================

Inferred memory devices in process
	in routine fir_core line 26100 in file
		'./rtl/fir_core.v'.
=============================================================================================================================================
|                                   Register Name                                   |   Type    | Width | Bus | MB | AR | AS | SR | SS | ST |
=============================================================================================================================================
| i_assign_from_n16_15_13_2_AC_TRN_AC_WRAP_actual_max_shift_left_acc_psp_12_sva_reg | Flip-flop |   2   |  Y  | N  | N  | N  | N  | N  | N  |
=============================================================================================================================================

Inferred memory devices in process
	in routine fir_core line 26110 in file
		'./rtl/fir_core.v'.
======================================================================================================================================
|                               Register Name                                |   Type    | Width | Bus | MB | AR | AS | SR | SS | ST |
======================================================================================================================================
| ac_float_cctor_plus_minus_11_1_5_AC_TRN_11_1_5_AC_TRN_op_lshift_12_sva_reg | Flip-flop |  13   |  Y  | N  | N  | N  | N  | N  | N  |
======================================================================================================================================

Inferred memory devices in process
	in routine fir_core line 26118 in file
		'./rtl/fir_core.v'.
=============================================================================================================================================
|                                   Register Name                                   |   Type    | Width | Bus | MB | AR | AS | SR | SS | ST |
=============================================================================================================================================
| r_assign_from_n16_15_13_2_AC_TRN_AC_WRAP_actual_max_shift_left_acc_psp_12_sva_reg | Flip-flop |   2   |  Y  | N  | N  | N  | N  | N  | N  |
=============================================================================================================================================

Inferred memory devices in process
	in routine fir_core line 26128 in file
		'./rtl/fir_core.v'.
=============================================================================================================================================
|                                   Register Name                                   |   Type    | Width | Bus | MB | AR | AS | SR | SS | ST |
=============================================================================================================================================
| i_assign_from_n16_15_13_2_AC_TRN_AC_WRAP_actual_max_shift_left_acc_psp_11_sva_reg | Flip-flop |   2   |  Y  | N  | N  | N  | N  | N  | N  |
=============================================================================================================================================

Inferred memory devices in process
	in routine fir_core line 26138 in file
		'./rtl/fir_core.v'.
======================================================================================================================================
|                               Register Name                                |   Type    | Width | Bus | MB | AR | AS | SR | SS | ST |
======================================================================================================================================
| ac_float_cctor_plus_minus_11_1_5_AC_TRN_11_1_5_AC_TRN_op_lshift_11_sva_reg | Flip-flop |  13   |  Y  | N  | N  | N  | N  | N  | N  |
======================================================================================================================================

Inferred memory devices in process
	in routine fir_core line 26146 in file
		'./rtl/fir_core.v'.
=============================================================================================================================================
|                                   Register Name                                   |   Type    | Width | Bus | MB | AR | AS | SR | SS | ST |
=============================================================================================================================================
| r_assign_from_n16_15_13_2_AC_TRN_AC_WRAP_actual_max_shift_left_acc_psp_11_sva_reg | Flip-flop |   2   |  Y  | N  | N  | N  | N  | N  | N  |
=============================================================================================================================================

Inferred memory devices in process
	in routine fir_core line 26156 in file
		'./rtl/fir_core.v'.
========================================================================================================================================
|                                Register Name                                 |   Type    | Width | Bus | MB | AR | AS | SR | SS | ST |
========================================================================================================================================
| ac_float_cctor_plus_minus_11_1_5_AC_TRN_11_1_5_AC_TRN_op_lshift_10_sva_0_reg | Flip-flop |   1   |  N  | N  | N  | N  | N  | N  | N  |
========================================================================================================================================

Inferred memory devices in process
	in routine fir_core line 26166 in file
		'./rtl/fir_core.v'.
=============================================================================================================================================
|                                   Register Name                                   |   Type    | Width | Bus | MB | AR | AS | SR | SS | ST |
=============================================================================================================================================
| r_assign_from_n16_15_13_2_AC_TRN_AC_WRAP_actual_max_shift_left_acc_psp_10_sva_reg | Flip-flop |   2   |  Y  | N  | N  | N  | N  | N  | N  |
=============================================================================================================================================

Inferred memory devices in process
	in routine fir_core line 26176 in file
		'./rtl/fir_core.v'.
==============================================================================================================================================
|                                   Register Name                                    |   Type    | Width | Bus | MB | AR | AS | SR | SS | ST |
==============================================================================================================================================
| i_assign_from_n16_15_13_2_AC_TRN_AC_WRAP_1_actual_max_shift_left_acc_psp_1_sva_reg | Flip-flop |   2   |  Y  | N  | N  | N  | N  | N  | N  |
==============================================================================================================================================

Inferred memory devices in process
	in routine fir_core line 26189 in file
		'./rtl/fir_core.v'.
=============================================================================================================================================
|                                   Register Name                                   |   Type    | Width | Bus | MB | AR | AS | SR | SS | ST |
=============================================================================================================================================
| r_assign_from_n16_15_13_2_AC_TRN_AC_WRAP_actual_max_shift_left_acc_psp_15_sva_reg | Flip-flop |   2   |  Y  | N  | N  | N  | N  | N  | N  |
=============================================================================================================================================

Inferred memory devices in process
	in routine fir_core line 26199 in file
		'./rtl/fir_core.v'.
=============================================================================================================================================
|                                   Register Name                                   |   Type    | Width | Bus | MB | AR | AS | SR | SS | ST |
=============================================================================================================================================
| r_assign_from_n16_15_13_2_AC_TRN_AC_WRAP_actual_max_shift_left_acc_psp_14_sva_reg | Flip-flop |   2   |  Y  | N  | N  | N  | N  | N  | N  |
=============================================================================================================================================

Inferred memory devices in process
	in routine fir_core line 26209 in file
		'./rtl/fir_core.v'.
===========================================================================================================================================
|                                  Register Name                                  |   Type    | Width | Bus | MB | AR | AS | SR | SS | ST |
===========================================================================================================================================
| ac_float_cctor_assign_from_n32_31_22_2_AC_TRN_AC_WRAP_2_ls_4_0_12_sva_rsp_1_reg | Flip-flop |   4   |  Y  | N  | N  | N  | N  | N  | N  |
| ac_float_cctor_assign_from_n32_31_22_2_AC_TRN_AC_WRAP_2_ls_4_0_12_sva_rsp_0_reg | Flip-flop |   1   |  N  | N  | N  | N  | N  | N  | N  |
===========================================================================================================================================

Inferred memory devices in process
	in routine fir_core line 26226 in file
		'./rtl/fir_core.v'.
============================================================================================================================================
|                                  Register Name                                   |   Type    | Width | Bus | MB | AR | AS | SR | SS | ST |
============================================================================================================================================
| ac_float_cctor_assign_from_n32_31_22_2_AC_TRN_AC_WRAP_1_acc_psp_10_sva_rsp_0_reg | Flip-flop |   1   |  N  | N  | N  | N  | N  | N  | N  |
============================================================================================================================================

Inferred memory devices in process
	in routine fir_core line 26236 in file
		'./rtl/fir_core.v'.
============================================================================================================================================
|                                  Register Name                                   |   Type    | Width | Bus | MB | AR | AS | SR | SS | ST |
============================================================================================================================================
| ac_float_cctor_assign_from_n32_31_22_2_AC_TRN_AC_WRAP_1_acc_psp_10_sva_rsp_1_reg | Flip-flop |   6   |  Y  | N  | N  | N  | N  | N  | N  |
============================================================================================================================================

Inferred memory devices in process
	in routine fir_core line 26249 in file
		'./rtl/fir_core.v'.
============================================================================================================================================
|                                  Register Name                                   |   Type    | Width | Bus | MB | AR | AS | SR | SS | ST |
============================================================================================================================================
| ac_float_cctor_assign_from_n32_31_22_2_AC_TRN_AC_WRAP_1_acc_psp_11_sva_rsp_0_reg | Flip-flop |   1   |  N  | N  | N  | N  | N  | N  | N  |
============================================================================================================================================

Inferred memory devices in process
	in routine fir_core line 26259 in file
		'./rtl/fir_core.v'.
============================================================================================================================================
|                                  Register Name                                   |   Type    | Width | Bus | MB | AR | AS | SR | SS | ST |
============================================================================================================================================
| ac_float_cctor_assign_from_n32_31_22_2_AC_TRN_AC_WRAP_1_acc_psp_14_sva_rsp_1_reg | Flip-flop |   6   |  Y  | N  | N  | N  | N  | N  | N  |
| ac_float_cctor_assign_from_n32_31_22_2_AC_TRN_AC_WRAP_1_acc_psp_11_sva_rsp_1_reg | Flip-flop |   6   |  Y  | N  | N  | N  | N  | N  | N  |
| ac_float_cctor_assign_from_n32_31_22_2_AC_TRN_AC_WRAP_1_acc_psp_12_sva_rsp_1_reg | Flip-flop |   6   |  Y  | N  | N  | N  | N  | N  | N  |
============================================================================================================================================

Inferred memory devices in process
	in routine fir_core line 26287 in file
		'./rtl/fir_core.v'.
============================================================================================================================================
|                                  Register Name                                   |   Type    | Width | Bus | MB | AR | AS | SR | SS | ST |
============================================================================================================================================
| ac_float_cctor_assign_from_n32_31_22_2_AC_TRN_AC_WRAP_1_acc_psp_12_sva_rsp_0_reg | Flip-flop |   1   |  N  | N  | N  | N  | N  | N  | N  |
============================================================================================================================================

Inferred memory devices in process
	in routine fir_core line 26297 in file
		'./rtl/fir_core.v'.
============================================================================================================================================
|                                  Register Name                                   |   Type    | Width | Bus | MB | AR | AS | SR | SS | ST |
============================================================================================================================================
| ac_float_cctor_assign_from_n32_31_22_2_AC_TRN_AC_WRAP_1_acc_psp_13_sva_rsp_0_reg | Flip-flop |   1   |  N  | N  | N  | N  | N  | N  | N  |
============================================================================================================================================

Inferred memory devices in process
	in routine fir_core line 26307 in file
		'./rtl/fir_core.v'.
============================================================================================================================================
|                                  Register Name                                   |   Type    | Width | Bus | MB | AR | AS | SR | SS | ST |
============================================================================================================================================
| ac_float_cctor_assign_from_n32_31_22_2_AC_TRN_AC_WRAP_1_acc_psp_13_sva_rsp_1_reg | Flip-flop |   6   |  Y  | N  | N  | N  | N  | N  | N  |
============================================================================================================================================

Inferred memory devices in process
	in routine fir_core line 26319 in file
		'./rtl/fir_core.v'.
============================================================================================================================================
|                                  Register Name                                   |   Type    | Width | Bus | MB | AR | AS | SR | SS | ST |
============================================================================================================================================
| ac_float_cctor_assign_from_n32_31_22_2_AC_TRN_AC_WRAP_1_acc_psp_14_sva_rsp_0_reg | Flip-flop |   1   |  N  | N  | N  | N  | N  | N  | N  |
============================================================================================================================================

Inferred memory devices in process
	in routine fir_core line 26329 in file
		'./rtl/fir_core.v'.
==================================================================================================================================================================================================
|                                                             Register Name                                                              |   Type    | Width | Bus | MB | AR | AS | SR | SS | ST |
==================================================================================================================================================================================================
| ac_float_cctor_assign_from_n32_31_22_2_AC_TRN_AC_WRAP_2_ac_float_cctor_assign_from_n32_31_22_2_AC_TRN_AC_WRAP_2_mux1h_6_itm_rsp_1_reg  | Flip-flop |   6   |  Y  | N  | N  | N  | N  | N  | N  |
| ac_float_cctor_assign_from_n32_31_22_2_AC_TRN_AC_WRAP_1_ac_float_cctor_assign_from_n32_31_22_2_AC_TRN_AC_WRAP_1_mux1h_10_itm_rsp_1_reg | Flip-flop |   6   |  Y  | N  | N  | N  | N  | N  | N  |
| ac_float_cctor_assign_from_n32_31_22_2_AC_TRN_AC_WRAP_1_ac_float_cctor_assign_from_n32_31_22_2_AC_TRN_AC_WRAP_1_mux1h_12_itm_rsp_1_reg | Flip-flop |   6   |  Y  | N  | N  | N  | N  | N  | N  |
| ac_float_cctor_assign_from_n32_31_22_2_AC_TRN_AC_WRAP_1_ac_float_cctor_assign_from_n32_31_22_2_AC_TRN_AC_WRAP_1_mux1h_14_itm_rsp_1_reg | Flip-flop |   6   |  Y  | N  | N  | N  | N  | N  | N  |
| ac_float_cctor_assign_from_n32_31_22_2_AC_TRN_AC_WRAP_2_ac_float_cctor_assign_from_n32_31_22_2_AC_TRN_AC_WRAP_2_mux1h_2_itm_rsp_1_reg  | Flip-flop |   6   |  Y  | N  | N  | N  | N  | N  | N  |
| ac_float_cctor_assign_from_n32_31_22_2_AC_TRN_AC_WRAP_2_ac_float_cctor_assign_from_n32_31_22_2_AC_TRN_AC_WRAP_2_mux1h_4_itm_rsp_1_reg  | Flip-flop |   6   |  Y  | N  | N  | N  | N  | N  | N  |
==================================================================================================================================================================================================

Inferred memory devices in process
	in routine fir_core line 26390 in file
		'./rtl/fir_core.v'.
=================================================================================================================================================================================================
|                                                             Register Name                                                             |   Type    | Width | Bus | MB | AR | AS | SR | SS | ST |
=================================================================================================================================================================================================
| ac_float_cctor_assign_from_n32_31_22_2_AC_TRN_AC_WRAP_1_ac_float_cctor_assign_from_n32_31_22_2_AC_TRN_AC_WRAP_1_mux1h_6_itm_rsp_1_reg | Flip-flop |   6   |  Y  | N  | N  | N  | N  | N  | N  |
=================================================================================================================================================================================================

Inferred memory devices in process
	in routine fir_core line 26403 in file
		'./rtl/fir_core.v'.
=================================================================================================================================================================================================
|                                                             Register Name                                                             |   Type    | Width | Bus | MB | AR | AS | SR | SS | ST |
=================================================================================================================================================================================================
| ac_float_cctor_assign_from_n32_31_22_2_AC_TRN_AC_WRAP_1_ac_float_cctor_assign_from_n32_31_22_2_AC_TRN_AC_WRAP_1_mux1h_8_itm_rsp_1_reg | Flip-flop |   6   |  Y  | N  | N  | N  | N  | N  | N  |
=================================================================================================================================================================================================

Inferred memory devices in process
	in routine fir_core line 26419 in file
		'./rtl/fir_core.v'.
==================================================================================================================================================================================================
|                                                             Register Name                                                              |   Type    | Width | Bus | MB | AR | AS | SR | SS | ST |
==================================================================================================================================================================================================
| ac_float_cctor_assign_from_n32_31_22_2_AC_TRN_AC_WRAP_2_ac_float_cctor_assign_from_n32_31_22_2_AC_TRN_AC_WRAP_2_mux1h_10_itm_rsp_1_reg | Flip-flop |   6   |  Y  | N  | N  | N  | N  | N  | N  |
==================================================================================================================================================================================================

Inferred memory devices in process
	in routine fir_core line 26435 in file
		'./rtl/fir_core.v'.
==================================================================================================================================================================================================
|                                                             Register Name                                                              |   Type    | Width | Bus | MB | AR | AS | SR | SS | ST |
==================================================================================================================================================================================================
| ac_float_cctor_assign_from_n32_31_22_2_AC_TRN_AC_WRAP_2_ac_float_cctor_assign_from_n32_31_22_2_AC_TRN_AC_WRAP_2_mux1h_12_itm_rsp_1_reg | Flip-flop |   6   |  Y  | N  | N  | N  | N  | N  | N  |
==================================================================================================================================================================================================

Inferred memory devices in process
	in routine fir_core line 26451 in file
		'./rtl/fir_core.v'.
==================================================================================================================================================================================================
|                                                             Register Name                                                              |   Type    | Width | Bus | MB | AR | AS | SR | SS | ST |
==================================================================================================================================================================================================
| ac_float_cctor_assign_from_n32_31_22_2_AC_TRN_AC_WRAP_2_ac_float_cctor_assign_from_n32_31_22_2_AC_TRN_AC_WRAP_2_mux1h_14_itm_rsp_1_reg | Flip-flop |   6   |  Y  | N  | N  | N  | N  | N  | N  |
==================================================================================================================================================================================================

Inferred memory devices in process
	in routine fir_core line 26467 in file
		'./rtl/fir_core.v'.
=================================================================================================================================================================================================
|                                                             Register Name                                                             |   Type    | Width | Bus | MB | AR | AS | SR | SS | ST |
=================================================================================================================================================================================================
| ac_float_cctor_assign_from_n32_31_22_2_AC_TRN_AC_WRAP_2_ac_float_cctor_assign_from_n32_31_22_2_AC_TRN_AC_WRAP_2_mux1h_8_itm_rsp_1_reg | Flip-flop |   6   |  Y  | N  | N  | N  | N  | N  | N  |
=================================================================================================================================================================================================

Inferred memory devices in process
	in routine fir_core line 26482 in file
		'./rtl/fir_core.v'.
=====================================================================================================================================================================================================
|                                                               Register Name                                                               |   Type    | Width | Bus | MB | AR | AS | SR | SS | ST |
=====================================================================================================================================================================================================
| ac_float_cctor_assign_from_n32_31_22_2_AC_TRN_AC_WRAP_3_ac_float_cctor_assign_from_n32_31_22_2_AC_TRN_AC_WRAP_3_mux1h_4_itm_5_0_rsp_0_reg | Flip-flop |   1   |  N  | N  | N  | N  | N  | N  | N  |
=====================================================================================================================================================================================================

Inferred memory devices in process
	in routine fir_core line 26496 in file
		'./rtl/fir_core.v'.
=====================================================================================================================================================================================================
|                                                               Register Name                                                               |   Type    | Width | Bus | MB | AR | AS | SR | SS | ST |
=====================================================================================================================================================================================================
| ac_float_cctor_assign_from_n32_31_22_2_AC_TRN_AC_WRAP_3_ac_float_cctor_assign_from_n32_31_22_2_AC_TRN_AC_WRAP_3_mux1h_4_itm_5_0_rsp_1_reg | Flip-flop |   5   |  Y  | N  | N  | N  | N  | N  | N  |
=====================================================================================================================================================================================================

Inferred memory devices in process
	in routine fir_core line 26513 in file
		'./rtl/fir_core.v'.
=====================================================================================================================================================================================================
|                                                               Register Name                                                               |   Type    | Width | Bus | MB | AR | AS | SR | SS | ST |
=====================================================================================================================================================================================================
| ac_float_cctor_assign_from_n32_31_22_2_AC_TRN_AC_WRAP_3_ac_float_cctor_assign_from_n32_31_22_2_AC_TRN_AC_WRAP_3_mux1h_6_itm_5_0_rsp_0_reg | Flip-flop |   1   |  N  | N  | N  | N  | N  | N  | N  |
=====================================================================================================================================================================================================

Inferred memory devices in process
	in routine fir_core line 26527 in file
		'./rtl/fir_core.v'.
=====================================================================================================================================================================================================
|                                                               Register Name                                                               |   Type    | Width | Bus | MB | AR | AS | SR | SS | ST |
=====================================================================================================================================================================================================
| ac_float_cctor_assign_from_n32_31_22_2_AC_TRN_AC_WRAP_3_ac_float_cctor_assign_from_n32_31_22_2_AC_TRN_AC_WRAP_3_mux1h_6_itm_5_0_rsp_1_reg | Flip-flop |   5   |  Y  | N  | N  | N  | N  | N  | N  |
=====================================================================================================================================================================================================

Inferred memory devices in process
	in routine fir_core line 26542 in file
		'./rtl/fir_core.v'.
=====================================================================================================================================================================================================
|                                                               Register Name                                                               |   Type    | Width | Bus | MB | AR | AS | SR | SS | ST |
=====================================================================================================================================================================================================
| ac_float_cctor_assign_from_n32_31_22_2_AC_TRN_AC_WRAP_3_ac_float_cctor_assign_from_n32_31_22_2_AC_TRN_AC_WRAP_3_mux1h_8_itm_5_0_rsp_0_reg | Flip-flop |   1   |  N  | N  | N  | N  | N  | N  | N  |
=====================================================================================================================================================================================================

Inferred memory devices in process
	in routine fir_core line 26556 in file
		'./rtl/fir_core.v'.
=====================================================================================================================================================================================================
|                                                               Register Name                                                               |   Type    | Width | Bus | MB | AR | AS | SR | SS | ST |
=====================================================================================================================================================================================================
| ac_float_cctor_assign_from_n32_31_22_2_AC_TRN_AC_WRAP_3_ac_float_cctor_assign_from_n32_31_22_2_AC_TRN_AC_WRAP_3_mux1h_8_itm_5_0_rsp_1_reg | Flip-flop |   5   |  Y  | N  | N  | N  | N  | N  | N  |
=====================================================================================================================================================================================================

Inferred memory devices in process
	in routine fir_core line 26571 in file
		'./rtl/fir_core.v'.
==================================================================================================================================================================================================
|                                                             Register Name                                                              |   Type    | Width | Bus | MB | AR | AS | SR | SS | ST |
==================================================================================================================================================================================================
| ac_float_cctor_assign_from_n32_31_22_2_AC_TRN_AC_WRAP_ac_float_cctor_assign_from_n32_31_22_2_AC_TRN_AC_WRAP_mux1h_10_itm_5_0_rsp_0_reg | Flip-flop |   1   |  N  | N  | N  | N  | N  | N  | N  |
==================================================================================================================================================================================================

Inferred memory devices in process
	in routine fir_core line 26585 in file
		'./rtl/fir_core.v'.
==================================================================================================================================================================================================
|                                                             Register Name                                                              |   Type    | Width | Bus | MB | AR | AS | SR | SS | ST |
==================================================================================================================================================================================================
| ac_float_cctor_assign_from_n32_31_22_2_AC_TRN_AC_WRAP_ac_float_cctor_assign_from_n32_31_22_2_AC_TRN_AC_WRAP_mux1h_10_itm_5_0_rsp_1_reg | Flip-flop |   5   |  Y  | N  | N  | N  | N  | N  | N  |
==================================================================================================================================================================================================

Inferred memory devices in process
	in routine fir_core line 26600 in file
		'./rtl/fir_core.v'.
==================================================================================================================================================================================================
|                                                             Register Name                                                              |   Type    | Width | Bus | MB | AR | AS | SR | SS | ST |
==================================================================================================================================================================================================
| ac_float_cctor_assign_from_n32_31_22_2_AC_TRN_AC_WRAP_ac_float_cctor_assign_from_n32_31_22_2_AC_TRN_AC_WRAP_mux1h_12_itm_5_0_rsp_0_reg | Flip-flop |   1   |  N  | N  | N  | N  | N  | N  | N  |
==================================================================================================================================================================================================

Inferred memory devices in process
	in routine fir_core line 26614 in file
		'./rtl/fir_core.v'.
==================================================================================================================================================================================================
|                                                             Register Name                                                              |   Type    | Width | Bus | MB | AR | AS | SR | SS | ST |
==================================================================================================================================================================================================
| ac_float_cctor_assign_from_n32_31_22_2_AC_TRN_AC_WRAP_ac_float_cctor_assign_from_n32_31_22_2_AC_TRN_AC_WRAP_mux1h_12_itm_5_0_rsp_1_reg | Flip-flop |   5   |  Y  | N  | N  | N  | N  | N  | N  |
==================================================================================================================================================================================================

Inferred memory devices in process
	in routine fir_core line 26631 in file
		'./rtl/fir_core.v'.
================================================================================================================================================
|                                    Register Name                                     |   Type    | Width | Bus | MB | AR | AS | SR | SS | ST |
================================================================================================================================================
| ac_float_cctor_plus_minus_11_1_5_AC_TRN_11_1_5_AC_TRN_add_r_12_1_8_sva_6_0_rsp_2_reg | Flip-flop |   5   |  Y  | N  | N  | N  | N  | N  | N  |
================================================================================================================================================

Inferred memory devices in process
	in routine fir_core line 26650 in file
		'./rtl/fir_core.v'.
=====================================================================================================================================
|                               Register Name                               |   Type    | Width | Bus | MB | AR | AS | SR | SS | ST |
=====================================================================================================================================
| operator_13_2_true_AC_TRN_AC_WRAP_1_rshift_psp_14_sva_6_0_rsp_2_rsp_1_reg | Flip-flop |   4   |  Y  | N  | N  | N  | N  | N  | N  |
|    operator_13_2_true_AC_TRN_AC_WRAP_1_rshift_psp_14_sva_6_0_rsp_0_reg    | Flip-flop |   1   |  N  | N  | N  | N  | N  | N  | N  |
|    operator_13_2_true_AC_TRN_AC_WRAP_1_rshift_psp_14_sva_6_0_rsp_1_reg    | Flip-flop |   1   |  N  | N  | N  | N  | N  | N  | N  |
| operator_13_2_true_AC_TRN_AC_WRAP_1_rshift_psp_14_sva_6_0_rsp_2_rsp_0_reg | Flip-flop |   1   |  N  | N  | N  | N  | N  | N  | N  |
=====================================================================================================================================

Inferred memory devices in process
	in routine fir_core line 26674 in file
		'./rtl/fir_core.v'.
=================================================================================================================================================================================================
|                                                             Register Name                                                             |   Type    | Width | Bus | MB | AR | AS | SR | SS | ST |
=================================================================================================================================================================================================
| ac_float_cctor_assign_from_n32_31_22_2_AC_TRN_AC_WRAP_ac_float_cctor_assign_from_n32_31_22_2_AC_TRN_AC_WRAP_mux1h_4_itm_5_0_rsp_1_reg | Flip-flop |   5   |  Y  | N  | N  | N  | N  | N  | N  |
=================================================================================================================================================================================================

Inferred memory devices in process
	in routine fir_core line 26691 in file
		'./rtl/fir_core.v'.
=================================================================================================================================================================================================
|                                                             Register Name                                                             |   Type    | Width | Bus | MB | AR | AS | SR | SS | ST |
=================================================================================================================================================================================================
| ac_float_cctor_assign_from_n32_31_22_2_AC_TRN_AC_WRAP_ac_float_cctor_assign_from_n32_31_22_2_AC_TRN_AC_WRAP_mux1h_6_itm_5_0_rsp_1_reg | Flip-flop |   5   |  Y  | N  | N  | N  | N  | N  | N  |
=================================================================================================================================================================================================

Inferred memory devices in process
	in routine fir_core line 26708 in file
		'./rtl/fir_core.v'.
==============================================================================================================================
|                           Register Name                            |   Type    | Width | Bus | MB | AR | AS | SR | SS | ST |
==============================================================================================================================
| operator_13_2_true_AC_TRN_AC_WRAP_1_rshift_psp_1_sva_6_0_rsp_2_reg | Flip-flop |   5   |  Y  | N  | N  | N  | N  | N  | N  |
| operator_13_2_true_AC_TRN_AC_WRAP_1_rshift_psp_1_sva_6_0_rsp_0_reg | Flip-flop |   1   |  N  | N  | N  | N  | N  | N  | N  |
| operator_13_2_true_AC_TRN_AC_WRAP_1_rshift_psp_1_sva_6_0_rsp_1_reg | Flip-flop |   1   |  N  | N  | N  | N  | N  | N  | N  |
==============================================================================================================================

Inferred memory devices in process
	in routine fir_core line 26730 in file
		'./rtl/fir_core.v'.
===============================================================================================================================
|                            Register Name                            |   Type    | Width | Bus | MB | AR | AS | SR | SS | ST |
===============================================================================================================================
| operator_13_2_true_AC_TRN_AC_WRAP_1_rshift_psp_10_sva_6_0_rsp_2_reg | Flip-flop |   5   |  Y  | N  | N  | N  | N  | N  | N  |
| operator_13_2_true_AC_TRN_AC_WRAP_1_rshift_psp_10_sva_6_0_rsp_0_reg | Flip-flop |   1   |  N  | N  | N  | N  | N  | N  | N  |
| operator_13_2_true_AC_TRN_AC_WRAP_1_rshift_psp_10_sva_6_0_rsp_1_reg | Flip-flop |   1   |  N  | N  | N  | N  | N  | N  | N  |
===============================================================================================================================

Inferred memory devices in process
	in routine fir_core line 26750 in file
		'./rtl/fir_core.v'.
===============================================================================================================================
|                            Register Name                            |   Type    | Width | Bus | MB | AR | AS | SR | SS | ST |
===============================================================================================================================
| operator_13_2_true_AC_TRN_AC_WRAP_1_rshift_psp_11_sva_6_0_rsp_2_reg | Flip-flop |   5   |  Y  | N  | N  | N  | N  | N  | N  |
| operator_13_2_true_AC_TRN_AC_WRAP_1_rshift_psp_11_sva_6_0_rsp_0_reg | Flip-flop |   1   |  N  | N  | N  | N  | N  | N  | N  |
| operator_13_2_true_AC_TRN_AC_WRAP_1_rshift_psp_11_sva_6_0_rsp_1_reg | Flip-flop |   1   |  N  | N  | N  | N  | N  | N  | N  |
===============================================================================================================================

Inferred memory devices in process
	in routine fir_core line 26770 in file
		'./rtl/fir_core.v'.
============================================================================================================================================
|                                  Register Name                                   |   Type    | Width | Bus | MB | AR | AS | SR | SS | ST |
============================================================================================================================================
| ac_float_cctor_assign_from_n32_31_22_2_AC_TRN_AC_WRAP_2_acc_psp_13_sva_rsp_0_reg | Flip-flop |   1   |  N  | N  | N  | N  | N  | N  | N  |
============================================================================================================================================

Inferred memory devices in process
	in routine fir_core line 26780 in file
		'./rtl/fir_core.v'.
============================================================================================================================================
|                                  Register Name                                   |   Type    | Width | Bus | MB | AR | AS | SR | SS | ST |
============================================================================================================================================
| ac_float_cctor_assign_from_n32_31_22_2_AC_TRN_AC_WRAP_2_acc_psp_13_sva_rsp_1_reg | Flip-flop |   6   |  Y  | N  | N  | N  | N  | N  | N  |
============================================================================================================================================

Inferred memory devices in process
	in routine fir_core line 26791 in file
		'./rtl/fir_core.v'.
============================================================================================================================================
|                                  Register Name                                   |   Type    | Width | Bus | MB | AR | AS | SR | SS | ST |
============================================================================================================================================
| ac_float_cctor_assign_from_n32_31_22_2_AC_TRN_AC_WRAP_2_acc_psp_14_sva_rsp_0_reg | Flip-flop |   1   |  N  | N  | N  | N  | N  | N  | N  |
============================================================================================================================================

Inferred memory devices in process
	in routine fir_core line 26801 in file
		'./rtl/fir_core.v'.
============================================================================================================================================
|                                  Register Name                                   |   Type    | Width | Bus | MB | AR | AS | SR | SS | ST |
============================================================================================================================================
| ac_float_cctor_assign_from_n32_31_22_2_AC_TRN_AC_WRAP_2_acc_psp_14_sva_rsp_1_reg | Flip-flop |   6   |  Y  | N  | N  | N  | N  | N  | N  |
============================================================================================================================================

Inferred memory devices in process
	in routine fir_core line 26812 in file
		'./rtl/fir_core.v'.
============================================================================================================
|                  Register Name                   |   Type    | Width | Bus | MB | AR | AS | SR | SS | ST |
============================================================================================================
| operator_ac_float_cctor_m_44_lpi_1_dfm_rsp_2_reg | Flip-flop |   4   |  Y  | N  | N  | N  | N  | N  | N  |
| operator_ac_float_cctor_m_44_lpi_1_dfm_rsp_0_reg | Flip-flop |   5   |  Y  | N  | N  | N  | N  | N  | N  |
| operator_ac_float_cctor_m_44_lpi_1_dfm_rsp_1_reg | Flip-flop |   2   |  Y  | N  | N  | N  | N  | N  | N  |
============================================================================================================

Inferred memory devices in process
	in routine fir_core line 26836 in file
		'./rtl/fir_core.v'.
==============================================================================================================================================
|                                   Register Name                                    |   Type    | Width | Bus | MB | AR | AS | SR | SS | ST |
==============================================================================================================================================
| ac_float_cctor_assign_from_n32_31_22_2_AC_TRN_AC_WRAP_1_op2_21_11_15_sva_rsp_0_reg | Flip-flop |   5   |  Y  | N  | N  | N  | N  | N  | N  |
==============================================================================================================================================

Inferred memory devices in process
	in routine fir_core line 26862 in file
		'./rtl/fir_core.v'.
==============================================================================================================================================
|                                   Register Name                                    |   Type    | Width | Bus | MB | AR | AS | SR | SS | ST |
==============================================================================================================================================
| ac_float_cctor_assign_from_n32_31_22_2_AC_TRN_AC_WRAP_1_op2_21_11_15_sva_rsp_1_reg | Flip-flop |   6   |  Y  | N  | N  | N  | N  | N  | N  |
==============================================================================================================================================

Inferred memory devices in process
	in routine fir_core line 26898 in file
		'./rtl/fir_core.v'.
=============================================================================================================================================
|                                   Register Name                                   |   Type    | Width | Bus | MB | AR | AS | SR | SS | ST |
=============================================================================================================================================
| ac_float_cctor_assign_from_n32_31_22_2_AC_TRN_AC_WRAP_1_op2_21_11_2_sva_rsp_0_reg | Flip-flop |   5   |  Y  | N  | N  | N  | N  | N  | N  |
=============================================================================================================================================

Inferred memory devices in process
	in routine fir_core line 26918 in file
		'./rtl/fir_core.v'.
=============================================================================================================================================
|                                   Register Name                                   |   Type    | Width | Bus | MB | AR | AS | SR | SS | ST |
=============================================================================================================================================
| ac_float_cctor_assign_from_n32_31_22_2_AC_TRN_AC_WRAP_1_op2_21_11_3_sva_rsp_0_reg | Flip-flop |   5   |  Y  | N  | N  | N  | N  | N  | N  |
=============================================================================================================================================

Inferred memory devices in process
	in routine fir_core line 26938 in file
		'./rtl/fir_core.v'.
=======================================================================================================================================================
|                                        Register Name                                        |   Type    | Width | Bus | MB | AR | AS | SR | SS | ST |
=======================================================================================================================================================
| ac_float_cctor_plus_minus_11_1_5_AC_TRN_11_1_5_AC_TRN_add_r_12_1_2_sva_10_0_rsp_1_rsp_1_reg | Flip-flop |   4   |  Y  | N  | N  | N  | N  | N  | N  |
|    ac_float_cctor_plus_minus_11_1_5_AC_TRN_11_1_5_AC_TRN_add_r_12_1_2_sva_10_0_rsp_0_reg    | Flip-flop |   5   |  Y  | N  | N  | N  | N  | N  | N  |
| ac_float_cctor_plus_minus_11_1_5_AC_TRN_11_1_5_AC_TRN_add_r_12_1_2_sva_10_0_rsp_1_rsp_0_reg | Flip-flop |   2   |  Y  | N  | N  | N  | N  | N  | N  |
=======================================================================================================================================================

Inferred memory devices in process
	in routine fir_core line 26974 in file
		'./rtl/fir_core.v'.
=======================================================================================================================================================
|                                        Register Name                                        |   Type    | Width | Bus | MB | AR | AS | SR | SS | ST |
=======================================================================================================================================================
| ac_float_cctor_plus_minus_11_1_5_AC_TRN_11_1_5_AC_TRN_add_r_12_1_3_sva_10_0_rsp_1_rsp_1_reg | Flip-flop |   4   |  Y  | N  | N  | N  | N  | N  | N  |
|    ac_float_cctor_plus_minus_11_1_5_AC_TRN_11_1_5_AC_TRN_add_r_12_1_3_sva_10_0_rsp_0_reg    | Flip-flop |   5   |  Y  | N  | N  | N  | N  | N  | N  |
| ac_float_cctor_plus_minus_11_1_5_AC_TRN_11_1_5_AC_TRN_add_r_12_1_3_sva_10_0_rsp_1_rsp_0_reg | Flip-flop |   2   |  Y  | N  | N  | N  | N  | N  | N  |
=======================================================================================================================================================

Inferred memory devices in process
	in routine fir_core line 27013 in file
		'./rtl/fir_core.v'.
=======================================================================================================================================================
|                                        Register Name                                        |   Type    | Width | Bus | MB | AR | AS | SR | SS | ST |
=======================================================================================================================================================
| ac_float_cctor_plus_minus_11_1_5_AC_TRN_11_1_5_AC_TRN_add_r_12_1_4_sva_10_0_rsp_1_rsp_1_reg | Flip-flop |   4   |  Y  | N  | N  | N  | N  | N  | N  |
|    ac_float_cctor_plus_minus_11_1_5_AC_TRN_11_1_5_AC_TRN_add_r_12_1_4_sva_10_0_rsp_0_reg    | Flip-flop |   5   |  Y  | N  | N  | N  | N  | N  | N  |
| ac_float_cctor_plus_minus_11_1_5_AC_TRN_11_1_5_AC_TRN_add_r_12_1_4_sva_10_0_rsp_1_rsp_0_reg | Flip-flop |   2   |  Y  | N  | N  | N  | N  | N  | N  |
=======================================================================================================================================================

Inferred memory devices in process
	in routine fir_core line 27052 in file
		'./rtl/fir_core.v'.
=======================================================================================================================================================
|                                        Register Name                                        |   Type    | Width | Bus | MB | AR | AS | SR | SS | ST |
=======================================================================================================================================================
| ac_float_cctor_plus_minus_11_1_5_AC_TRN_11_1_5_AC_TRN_add_r_12_1_5_sva_10_0_rsp_1_rsp_1_reg | Flip-flop |   4   |  Y  | N  | N  | N  | N  | N  | N  |
|    ac_float_cctor_plus_minus_11_1_5_AC_TRN_11_1_5_AC_TRN_add_r_12_1_5_sva_10_0_rsp_0_reg    | Flip-flop |   5   |  Y  | N  | N  | N  | N  | N  | N  |
| ac_float_cctor_plus_minus_11_1_5_AC_TRN_11_1_5_AC_TRN_add_r_12_1_5_sva_10_0_rsp_1_rsp_0_reg | Flip-flop |   2   |  Y  | N  | N  | N  | N  | N  | N  |
=======================================================================================================================================================

Inferred memory devices in process
	in routine fir_core line 27091 in file
		'./rtl/fir_core.v'.
=======================================================================================================================================================
|                                        Register Name                                        |   Type    | Width | Bus | MB | AR | AS | SR | SS | ST |
=======================================================================================================================================================
| ac_float_cctor_plus_minus_11_1_5_AC_TRN_11_1_5_AC_TRN_add_r_12_1_6_sva_10_0_rsp_1_rsp_1_reg | Flip-flop |   4   |  Y  | N  | N  | N  | N  | N  | N  |
|    ac_float_cctor_plus_minus_11_1_5_AC_TRN_11_1_5_AC_TRN_add_r_12_1_6_sva_10_0_rsp_0_reg    | Flip-flop |   5   |  Y  | N  | N  | N  | N  | N  | N  |
| ac_float_cctor_plus_minus_11_1_5_AC_TRN_11_1_5_AC_TRN_add_r_12_1_6_sva_10_0_rsp_1_rsp_0_reg | Flip-flop |   2   |  Y  | N  | N  | N  | N  | N  | N  |
=======================================================================================================================================================

Inferred memory devices in process
	in routine fir_core line 27124 in file
		'./rtl/fir_core.v'.
=======================================================================================================================================================
|                                        Register Name                                        |   Type    | Width | Bus | MB | AR | AS | SR | SS | ST |
=======================================================================================================================================================
| ac_float_cctor_plus_minus_11_1_5_AC_TRN_11_1_5_AC_TRN_add_r_12_1_7_sva_10_0_rsp_1_rsp_1_reg | Flip-flop |   4   |  Y  | N  | N  | N  | N  | N  | N  |
|    ac_float_cctor_plus_minus_11_1_5_AC_TRN_11_1_5_AC_TRN_add_r_12_1_7_sva_10_0_rsp_0_reg    | Flip-flop |   5   |  Y  | N  | N  | N  | N  | N  | N  |
| ac_float_cctor_plus_minus_11_1_5_AC_TRN_11_1_5_AC_TRN_add_r_12_1_7_sva_10_0_rsp_1_rsp_0_reg | Flip-flop |   2   |  Y  | N  | N  | N  | N  | N  | N  |
=======================================================================================================================================================

Inferred memory devices in process
	in routine fir_core line 27160 in file
		'./rtl/fir_core.v'.
==============================================================================================================================
|                           Register Name                            |   Type    | Width | Bus | MB | AR | AS | SR | SS | ST |
==============================================================================================================================
| operator_13_2_true_AC_TRN_AC_WRAP_1_rshift_psp_9_sva_6_0_rsp_1_reg | Flip-flop |   6   |  Y  | N  | N  | N  | N  | N  | N  |
| operator_13_2_true_AC_TRN_AC_WRAP_1_rshift_psp_9_sva_6_0_rsp_0_reg | Flip-flop |   1   |  N  | N  | N  | N  | N  | N  | N  |
==============================================================================================================================

Inferred memory devices in process
	in routine fir_core line 27176 in file
		'./rtl/fir_core.v'.
=========================================================================================================================================
|                                 Register Name                                 |   Type    | Width | Bus | MB | AR | AS | SR | SS | ST |
=========================================================================================================================================
| ac_float_cctor_assign_from_n32_31_22_2_AC_TRN_AC_WRAP_acc_psp_9_sva_rsp_0_reg | Flip-flop |   2   |  Y  | N  | N  | N  | N  | N  | N  |
=========================================================================================================================================

Inferred memory devices in process
	in routine fir_core line 27186 in file
		'./rtl/fir_core.v'.
=========================================================================================================================================
|                                 Register Name                                 |   Type    | Width | Bus | MB | AR | AS | SR | SS | ST |
=========================================================================================================================================
| ac_float_cctor_assign_from_n32_31_22_2_AC_TRN_AC_WRAP_acc_psp_9_sva_rsp_1_reg | Flip-flop |   5   |  Y  | N  | N  | N  | N  | N  | N  |
=========================================================================================================================================

Inferred memory devices in process
	in routine fir_core line 27199 in file
		'./rtl/fir_core.v'.
===============================================================================================================================
|                            Register Name                            |   Type    | Width | Bus | MB | AR | AS | SR | SS | ST |
===============================================================================================================================
| operator_13_2_true_AC_TRN_AC_WRAP_1_rshift_psp_12_sva_6_0_rsp_1_reg | Flip-flop |   5   |  Y  | N  | N  | N  | N  | N  | N  |
| operator_13_2_true_AC_TRN_AC_WRAP_1_rshift_psp_12_sva_6_0_rsp_0_reg | Flip-flop |   2   |  Y  | N  | N  | N  | N  | N  | N  |
===============================================================================================================================

Inferred memory devices in process
	in routine fir_core line 27214 in file
		'./rtl/fir_core.v'.
==================================================================================================================================
|                             Register Name                              |   Type    | Width | Bus | MB | AR | AS | SR | SS | ST |
==================================================================================================================================
| operator_13_2_true_AC_TRN_AC_WRAP_1_rshift_psp_8_sva_6_0_rsp_1_3_0_reg | Flip-flop |   4   |  Y  | N  | N  | N  | N  | N  | N  |
|   operator_13_2_true_AC_TRN_AC_WRAP_1_rshift_psp_8_sva_6_0_rsp_0_reg   | Flip-flop |   2   |  Y  | N  | N  | N  | N  | N  | N  |
|  operator_13_2_true_AC_TRN_AC_WRAP_1_rshift_psp_8_sva_6_0_rsp_1_4_reg  | Flip-flop |   1   |  N  | N  | N  | N  | N  | N  | N  |
==================================================================================================================================

Inferred memory devices in process
	in routine fir_core line 27235 in file
		'./rtl/fir_core.v'.
==============================================================================================================================================
|                                   Register Name                                    |   Type    | Width | Bus | MB | AR | AS | SR | SS | ST |
==============================================================================================================================================
| ac_float_cctor_plus_minus_11_1_5_AC_TRN_11_1_5_AC_TRN_1_add_r_12_1_1_sva_rsp_0_reg | Flip-flop |   5   |  Y  | N  | N  | N  | N  | N  | N  |
==============================================================================================================================================

Inferred memory devices in process
	in routine fir_core line 27250 in file
		'./rtl/fir_core.v'.
===============================================================================================================================================
|                                    Register Name                                    |   Type    | Width | Bus | MB | AR | AS | SR | SS | ST |
===============================================================================================================================================
| ac_float_cctor_plus_minus_11_1_5_AC_TRN_11_1_5_AC_TRN_1_add_r_12_1_11_sva_rsp_0_reg | Flip-flop |   5   |  Y  | N  | N  | N  | N  | N  | N  |
===============================================================================================================================================

Inferred memory devices in process
	in routine fir_core line 27265 in file
		'./rtl/fir_core.v'.
=====================================================================================================================================================
|                                       Register Name                                       |   Type    | Width | Bus | MB | AR | AS | SR | SS | ST |
=====================================================================================================================================================
| ac_float_cctor_plus_minus_11_1_5_AC_TRN_11_1_5_AC_TRN_1_add_r_12_1_12_sva_rsp_1_rsp_2_reg | Flip-flop |   4   |  Y  | N  | N  | N  | N  | N  | N  |
|    ac_float_cctor_plus_minus_11_1_5_AC_TRN_11_1_5_AC_TRN_1_add_r_12_1_12_sva_rsp_0_reg    | Flip-flop |   5   |  Y  | N  | N  | N  | N  | N  | N  |
| ac_float_cctor_plus_minus_11_1_5_AC_TRN_11_1_5_AC_TRN_1_add_r_12_1_12_sva_rsp_1_rsp_0_reg | Flip-flop |   1   |  N  | N  | N  | N  | N  | N  | N  |
| ac_float_cctor_plus_minus_11_1_5_AC_TRN_11_1_5_AC_TRN_1_add_r_12_1_12_sva_rsp_1_rsp_1_reg | Flip-flop |   2   |  Y  | N  | N  | N  | N  | N  | N  |
=====================================================================================================================================================

Inferred memory devices in process
	in routine fir_core line 27306 in file
		'./rtl/fir_core.v'.
===============================================================================================================================================
|                                    Register Name                                    |   Type    | Width | Bus | MB | AR | AS | SR | SS | ST |
===============================================================================================================================================
| ac_float_cctor_plus_minus_11_1_5_AC_TRN_11_1_5_AC_TRN_1_add_r_12_1_13_sva_rsp_0_reg | Flip-flop |   5   |  Y  | N  | N  | N  | N  | N  | N  |
===============================================================================================================================================

Inferred memory devices in process
	in routine fir_core line 27321 in file
		'./rtl/fir_core.v'.
==============================================================================================================================================
|                                   Register Name                                    |   Type    | Width | Bus | MB | AR | AS | SR | SS | ST |
==============================================================================================================================================
| ac_float_cctor_plus_minus_11_1_5_AC_TRN_11_1_5_AC_TRN_1_add_r_12_1_2_sva_rsp_0_reg | Flip-flop |   5   |  Y  | N  | N  | N  | N  | N  | N  |
==============================================================================================================================================

Inferred memory devices in process
	in routine fir_core line 27338 in file
		'./rtl/fir_core.v'.
==============================================================================================================================================
|                                   Register Name                                    |   Type    | Width | Bus | MB | AR | AS | SR | SS | ST |
==============================================================================================================================================
| ac_float_cctor_plus_minus_11_1_5_AC_TRN_11_1_5_AC_TRN_1_add_r_12_1_3_sva_rsp_0_reg | Flip-flop |   5   |  Y  | N  | N  | N  | N  | N  | N  |
==============================================================================================================================================

Inferred memory devices in process
	in routine fir_core line 27352 in file
		'./rtl/fir_core.v'.
=========================================================================================================================================================
|                                         Register Name                                         |   Type    | Width | Bus | MB | AR | AS | SR | SS | ST |
=========================================================================================================================================================
| ac_float_cctor_plus_minus_11_1_5_AC_TRN_11_1_5_AC_TRN_op_lshift_mux_1_itm_rsp_1_5_0_rsp_1_reg | Flip-flop |   4   |  Y  | N  | N  | N  | N  | N  | N  |
|      ac_float_cctor_plus_minus_11_1_5_AC_TRN_11_1_5_AC_TRN_op_lshift_mux_1_itm_rsp_0_reg      | Flip-flop |   5   |  Y  | N  | N  | N  | N  | N  | N  |
|     ac_float_cctor_plus_minus_11_1_5_AC_TRN_11_1_5_AC_TRN_op_lshift_mux_1_itm_rsp_1_6_reg     | Flip-flop |   1   |  N  | N  | N  | N  | N  | N  | N  |
| ac_float_cctor_plus_minus_11_1_5_AC_TRN_11_1_5_AC_TRN_op_lshift_mux_1_itm_rsp_1_5_0_rsp_0_reg | Flip-flop |   2   |  Y  | N  | N  | N  | N  | N  | N  |
=========================================================================================================================================================

Inferred memory devices in process
	in routine fir_core line 27409 in file
		'./rtl/fir_core.v'.
================================================================================================================================================
|                                    Register Name                                     |   Type    | Width | Bus | MB | AR | AS | SR | SS | ST |
================================================================================================================================================
| ac_float_cctor_plus_minus_11_1_5_AC_TRN_11_1_5_AC_TRN_op_lshift_mux_10_itm_rsp_0_reg | Flip-flop |   5   |  Y  | N  | N  | N  | N  | N  | N  |
================================================================================================================================================

Inferred memory devices in process
	in routine fir_core line 27423 in file
		'./rtl/fir_core.v'.
====================================================================================================================================================
|                                      Register Name                                       |   Type    | Width | Bus | MB | AR | AS | SR | SS | ST |
====================================================================================================================================================
| ac_float_cctor_plus_minus_11_1_5_AC_TRN_11_1_5_AC_TRN_op_lshift_mux_10_itm_rsp_1_3_0_reg | Flip-flop |   4   |  Y  | N  | N  | N  | N  | N  | N  |
|  ac_float_cctor_plus_minus_11_1_5_AC_TRN_11_1_5_AC_TRN_op_lshift_mux_10_itm_rsp_1_6_reg  | Flip-flop |   1   |  N  | N  | N  | N  | N  | N  | N  |
| ac_float_cctor_plus_minus_11_1_5_AC_TRN_11_1_5_AC_TRN_op_lshift_mux_10_itm_rsp_1_5_4_reg | Flip-flop |   2   |  Y  | N  | N  | N  | N  | N  | N  |
====================================================================================================================================================

Inferred memory devices in process
	in routine fir_core line 27457 in file
		'./rtl/fir_core.v'.
================================================================================================================================================
|                                    Register Name                                     |   Type    | Width | Bus | MB | AR | AS | SR | SS | ST |
================================================================================================================================================
| ac_float_cctor_plus_minus_11_1_5_AC_TRN_11_1_5_AC_TRN_op_lshift_mux_13_itm_rsp_0_reg | Flip-flop |   5   |  Y  | N  | N  | N  | N  | N  | N  |
================================================================================================================================================

Inferred memory devices in process
	in routine fir_core line 27472 in file
		'./rtl/fir_core.v'.
====================================================================================================================================================
|                                      Register Name                                       |   Type    | Width | Bus | MB | AR | AS | SR | SS | ST |
====================================================================================================================================================
| ac_float_cctor_plus_minus_11_1_5_AC_TRN_11_1_5_AC_TRN_op_lshift_mux_13_itm_rsp_1_3_0_reg | Flip-flop |   4   |  Y  | N  | N  | N  | N  | N  | N  |
|  ac_float_cctor_plus_minus_11_1_5_AC_TRN_11_1_5_AC_TRN_op_lshift_mux_13_itm_rsp_1_6_reg  | Flip-flop |   1   |  N  | N  | N  | N  | N  | N  | N  |
| ac_float_cctor_plus_minus_11_1_5_AC_TRN_11_1_5_AC_TRN_op_lshift_mux_13_itm_rsp_1_5_4_reg | Flip-flop |   2   |  Y  | N  | N  | N  | N  | N  | N  |
====================================================================================================================================================

Inferred memory devices in process
	in routine fir_core line 27503 in file
		'./rtl/fir_core.v'.
================================================================================================================================================
|                                    Register Name                                     |   Type    | Width | Bus | MB | AR | AS | SR | SS | ST |
================================================================================================================================================
| ac_float_cctor_plus_minus_11_1_5_AC_TRN_11_1_5_AC_TRN_op_lshift_mux_15_itm_rsp_0_reg | Flip-flop |   5   |  Y  | N  | N  | N  | N  | N  | N  |
================================================================================================================================================

Inferred memory devices in process
	in routine fir_core line 27518 in file
		'./rtl/fir_core.v'.
==========================================================================================================================================================
|                                         Register Name                                          |   Type    | Width | Bus | MB | AR | AS | SR | SS | ST |
==========================================================================================================================================================
| ac_float_cctor_plus_minus_11_1_5_AC_TRN_11_1_5_AC_TRN_op_lshift_mux_15_itm_rsp_1_5_0_rsp_1_reg | Flip-flop |   4   |  Y  | N  | N  | N  | N  | N  | N  |
|     ac_float_cctor_plus_minus_11_1_5_AC_TRN_11_1_5_AC_TRN_op_lshift_mux_15_itm_rsp_1_6_reg     | Flip-flop |   1   |  N  | N  | N  | N  | N  | N  | N  |
| ac_float_cctor_plus_minus_11_1_5_AC_TRN_11_1_5_AC_TRN_op_lshift_mux_15_itm_rsp_1_5_0_rsp_0_reg | Flip-flop |   2   |  Y  | N  | N  | N  | N  | N  | N  |
==========================================================================================================================================================

Inferred memory devices in process
	in routine fir_core line 27549 in file
		'./rtl/fir_core.v'.
================================================================================================================================================
|                                    Register Name                                     |   Type    | Width | Bus | MB | AR | AS | SR | SS | ST |
================================================================================================================================================
| ac_float_cctor_plus_minus_11_1_5_AC_TRN_11_1_5_AC_TRN_op_lshift_mux_16_itm_rsp_0_reg | Flip-flop |   5   |  Y  | N  | N  | N  | N  | N  | N  |
================================================================================================================================================

Inferred memory devices in process
	in routine fir_core line 27566 in file
		'./rtl/fir_core.v'.
==========================================================================================================================================================
|                                         Register Name                                          |   Type    | Width | Bus | MB | AR | AS | SR | SS | ST |
==========================================================================================================================================================
| ac_float_cctor_plus_minus_11_1_5_AC_TRN_11_1_5_AC_TRN_op_lshift_mux_16_itm_rsp_1_5_0_rsp_1_reg | Flip-flop |   4   |  Y  | N  | N  | N  | N  | N  | N  |
|     ac_float_cctor_plus_minus_11_1_5_AC_TRN_11_1_5_AC_TRN_op_lshift_mux_16_itm_rsp_1_6_reg     | Flip-flop |   1   |  N  | N  | N  | N  | N  | N  | N  |
| ac_float_cctor_plus_minus_11_1_5_AC_TRN_11_1_5_AC_TRN_op_lshift_mux_16_itm_rsp_1_5_0_rsp_0_reg | Flip-flop |   2   |  Y  | N  | N  | N  | N  | N  | N  |
==========================================================================================================================================================

Inferred memory devices in process
	in routine fir_core line 27606 in file
		'./rtl/fir_core.v'.
================================================================================================================================================
|                                    Register Name                                     |   Type    | Width | Bus | MB | AR | AS | SR | SS | ST |
================================================================================================================================================
| ac_float_cctor_plus_minus_11_1_5_AC_TRN_11_1_5_AC_TRN_op_lshift_mux_18_itm_rsp_0_reg | Flip-flop |   5   |  Y  | N  | N  | N  | N  | N  | N  |
================================================================================================================================================

Inferred memory devices in process
	in routine fir_core line 27620 in file
		'./rtl/fir_core.v'.
=============================================================================================================================================
|                                   Register Name                                   |   Type    | Width | Bus | MB | AR | AS | SR | SS | ST |
=============================================================================================================================================
| ac_float_cctor_assign_from_n32_31_22_2_AC_TRN_AC_WRAP_2_op2_21_11_6_sva_rsp_0_reg | Flip-flop |   5   |  Y  | N  | N  | N  | N  | N  | N  |
=============================================================================================================================================

Inferred memory devices in process
	in routine fir_core line 27661 in file
		'./rtl/fir_core.v'.
==================================================================================================================
|                     Register Name                      |   Type    | Width | Bus | MB | AR | AS | SR | SS | ST |
==================================================================================================================
| operator_ac_float_cctor_m_50_lpi_1_dfm_rsp_0_rsp_1_reg | Flip-flop |   2   |  Y  | N  | N  | N  | N  | N  | N  |
|    operator_ac_float_cctor_m_50_lpi_1_dfm_rsp_1_reg    | Flip-flop |   4   |  Y  | N  | N  | N  | N  | N  | N  |
| operator_ac_float_cctor_m_50_lpi_1_dfm_rsp_0_rsp_0_reg | Flip-flop |   5   |  Y  | N  | N  | N  | N  | N  | N  |
==================================================================================================================

Inferred memory devices in process
	in routine fir_core line 27682 in file
		'./rtl/fir_core.v'.
==================================================================================================================
|                     Register Name                      |   Type    | Width | Bus | MB | AR | AS | SR | SS | ST |
==================================================================================================================
| operator_ac_float_cctor_m_61_lpi_1_dfm_rsp_0_rsp_1_reg | Flip-flop |   2   |  Y  | N  | N  | N  | N  | N  | N  |
|    operator_ac_float_cctor_m_61_lpi_1_dfm_rsp_1_reg    | Flip-flop |   4   |  Y  | N  | N  | N  | N  | N  | N  |
| operator_ac_float_cctor_m_61_lpi_1_dfm_rsp_0_rsp_0_reg | Flip-flop |   5   |  Y  | N  | N  | N  | N  | N  | N  |
==================================================================================================================

Inferred memory devices in process
	in routine fir_core line 27702 in file
		'./rtl/fir_core.v'.
==================================================================================================================
|                     Register Name                      |   Type    | Width | Bus | MB | AR | AS | SR | SS | ST |
==================================================================================================================
| operator_ac_float_cctor_m_62_lpi_1_dfm_rsp_0_rsp_1_reg | Flip-flop |   2   |  Y  | N  | N  | N  | N  | N  | N  |
|    operator_ac_float_cctor_m_62_lpi_1_dfm_rsp_1_reg    | Flip-flop |   4   |  Y  | N  | N  | N  | N  | N  | N  |
| operator_ac_float_cctor_m_62_lpi_1_dfm_rsp_0_rsp_0_reg | Flip-flop |   5   |  Y  | N  | N  | N  | N  | N  | N  |
==================================================================================================================

Inferred memory devices in process
	in routine fir_core line 27722 in file
		'./rtl/fir_core.v'.
==========================================================================================================================================
|                                 Register Name                                  |   Type    | Width | Bus | MB | AR | AS | SR | SS | ST |
==========================================================================================================================================
| ac_float_cctor_assign_from_n32_31_22_2_AC_TRN_AC_WRAP_op2_21_11_2_sva_3_0_reg  | Flip-flop |   4   |  Y  | N  | N  | N  | N  | N  | N  |
| ac_float_cctor_assign_from_n32_31_22_2_AC_TRN_AC_WRAP_op2_21_11_2_sva_10_6_reg | Flip-flop |   5   |  Y  | N  | N  | N  | N  | N  | N  |
| ac_float_cctor_assign_from_n32_31_22_2_AC_TRN_AC_WRAP_op2_21_11_2_sva_5_4_reg  | Flip-flop |   2   |  Y  | N  | N  | N  | N  | N  | N  |
==========================================================================================================================================

Inferred memory devices in process
	in routine fir_core line 27753 in file
		'./rtl/fir_core.v'.
==========================================================================================================================================
|                                 Register Name                                  |   Type    | Width | Bus | MB | AR | AS | SR | SS | ST |
==========================================================================================================================================
| ac_float_cctor_assign_from_n32_31_22_2_AC_TRN_AC_WRAP_op2_21_11_3_sva_3_0_reg  | Flip-flop |   4   |  Y  | N  | N  | N  | N  | N  | N  |
| ac_float_cctor_assign_from_n32_31_22_2_AC_TRN_AC_WRAP_op2_21_11_3_sva_10_6_reg | Flip-flop |   5   |  Y  | N  | N  | N  | N  | N  | N  |
| ac_float_cctor_assign_from_n32_31_22_2_AC_TRN_AC_WRAP_op2_21_11_3_sva_5_4_reg  | Flip-flop |   2   |  Y  | N  | N  | N  | N  | N  | N  |
==========================================================================================================================================

Inferred memory devices in process
	in routine fir_core line 27784 in file
		'./rtl/fir_core.v'.
============================================================================================================================================
|                                  Register Name                                   |   Type    | Width | Bus | MB | AR | AS | SR | SS | ST |
============================================================================================================================================
| ac_float_cctor_assign_from_n32_31_22_2_AC_TRN_AC_WRAP_3_op2_21_11_3_sva_3_0_reg  | Flip-flop |   4   |  Y  | N  | N  | N  | N  | N  | N  |
| ac_float_cctor_assign_from_n32_31_22_2_AC_TRN_AC_WRAP_3_op2_21_11_3_sva_10_6_reg | Flip-flop |   5   |  Y  | N  | N  | N  | N  | N  | N  |
| ac_float_cctor_assign_from_n32_31_22_2_AC_TRN_AC_WRAP_3_op2_21_11_3_sva_5_4_reg  | Flip-flop |   2   |  Y  | N  | N  | N  | N  | N  | N  |
============================================================================================================================================

Inferred memory devices in process
	in routine fir_core line 27821 in file
		'./rtl/fir_core.v'.
==========================================================================================================================================
|                                 Register Name                                  |   Type    | Width | Bus | MB | AR | AS | SR | SS | ST |
==========================================================================================================================================
| ac_float_cctor_assign_from_n32_31_22_2_AC_TRN_AC_WRAP_op2_21_11_4_sva_3_0_reg  | Flip-flop |   4   |  Y  | N  | N  | N  | N  | N  | N  |
| ac_float_cctor_assign_from_n32_31_22_2_AC_TRN_AC_WRAP_op2_21_11_4_sva_10_6_reg | Flip-flop |   5   |  Y  | N  | N  | N  | N  | N  | N  |
| ac_float_cctor_assign_from_n32_31_22_2_AC_TRN_AC_WRAP_op2_21_11_4_sva_5_4_reg  | Flip-flop |   2   |  Y  | N  | N  | N  | N  | N  | N  |
==========================================================================================================================================

Inferred memory devices in process
	in routine fir_core line 27855 in file
		'./rtl/fir_core.v'.
==========================================================================================================================================
|                                 Register Name                                  |   Type    | Width | Bus | MB | AR | AS | SR | SS | ST |
==========================================================================================================================================
| ac_float_cctor_assign_from_n32_31_22_2_AC_TRN_AC_WRAP_op2_21_11_6_sva_3_0_reg  | Flip-flop |   4   |  Y  | N  | N  | N  | N  | N  | N  |
| ac_float_cctor_assign_from_n32_31_22_2_AC_TRN_AC_WRAP_op2_21_11_6_sva_10_6_reg | Flip-flop |   5   |  Y  | N  | N  | N  | N  | N  | N  |
| ac_float_cctor_assign_from_n32_31_22_2_AC_TRN_AC_WRAP_op2_21_11_6_sva_5_4_reg  | Flip-flop |   2   |  Y  | N  | N  | N  | N  | N  | N  |
==========================================================================================================================================

Inferred memory devices in process
	in routine fir_core line 27889 in file
		'./rtl/fir_core.v'.
==========================================================================================================================================
|                                 Register Name                                  |   Type    | Width | Bus | MB | AR | AS | SR | SS | ST |
==========================================================================================================================================
| ac_float_cctor_assign_from_n32_31_22_2_AC_TRN_AC_WRAP_op2_21_11_7_sva_3_0_reg  | Flip-flop |   4   |  Y  | N  | N  | N  | N  | N  | N  |
| ac_float_cctor_assign_from_n32_31_22_2_AC_TRN_AC_WRAP_op2_21_11_7_sva_10_6_reg | Flip-flop |   5   |  Y  | N  | N  | N  | N  | N  | N  |
| ac_float_cctor_assign_from_n32_31_22_2_AC_TRN_AC_WRAP_op2_21_11_7_sva_5_4_reg  | Flip-flop |   2   |  Y  | N  | N  | N  | N  | N  | N  |
==========================================================================================================================================

Inferred memory devices in process
	in routine fir_core line 27920 in file
		'./rtl/fir_core.v'.
============================================================================================================================================
|                                  Register Name                                   |   Type    | Width | Bus | MB | AR | AS | SR | SS | ST |
============================================================================================================================================
| ac_float_cctor_assign_from_n32_31_22_2_AC_TRN_AC_WRAP_2_op2_21_11_7_sva_3_0_reg  | Flip-flop |   4   |  Y  | N  | N  | N  | N  | N  | N  |
| ac_float_cctor_assign_from_n32_31_22_2_AC_TRN_AC_WRAP_2_op2_21_11_7_sva_10_6_reg | Flip-flop |   5   |  Y  | N  | N  | N  | N  | N  | N  |
| ac_float_cctor_assign_from_n32_31_22_2_AC_TRN_AC_WRAP_2_op2_21_11_7_sva_5_4_reg  | Flip-flop |   2   |  Y  | N  | N  | N  | N  | N  | N  |
============================================================================================================================================

Inferred memory devices in process
	in routine fir_core line 28038 in file
		'./rtl/fir_core.v'.
==========================================================================================================================================
|                                 Register Name                                  |   Type    | Width | Bus | MB | AR | AS | SR | SS | ST |
==========================================================================================================================================
| ac_float_cctor_assign_from_n32_31_22_2_AC_TRN_AC_WRAP_op2_21_11_8_sva_3_0_reg  | Flip-flop |   4   |  Y  | N  | N  | N  | N  | N  | N  |
| ac_float_cctor_assign_from_n32_31_22_2_AC_TRN_AC_WRAP_op2_21_11_8_sva_10_6_reg | Flip-flop |   5   |  Y  | N  | N  | N  | N  | N  | N  |
| ac_float_cctor_assign_from_n32_31_22_2_AC_TRN_AC_WRAP_op2_21_11_8_sva_5_4_reg  | Flip-flop |   2   |  Y  | N  | N  | N  | N  | N  | N  |
==========================================================================================================================================

Inferred memory devices in process
	in routine fir_core line 28072 in file
		'./rtl/fir_core.v'.
============================================================================================================================================
|                                  Register Name                                   |   Type    | Width | Bus | MB | AR | AS | SR | SS | ST |
============================================================================================================================================
| ac_float_cctor_assign_from_n32_31_22_2_AC_TRN_AC_WRAP_2_op2_21_11_8_sva_3_0_reg  | Flip-flop |   4   |  Y  | N  | N  | N  | N  | N  | N  |
| ac_float_cctor_assign_from_n32_31_22_2_AC_TRN_AC_WRAP_2_op2_21_11_8_sva_10_6_reg | Flip-flop |   5   |  Y  | N  | N  | N  | N  | N  | N  |
| ac_float_cctor_assign_from_n32_31_22_2_AC_TRN_AC_WRAP_2_op2_21_11_8_sva_5_4_reg  | Flip-flop |   2   |  Y  | N  | N  | N  | N  | N  | N  |
============================================================================================================================================

Inferred memory devices in process
	in routine fir_core line 28199 in file
		'./rtl/fir_core.v'.
========================================================================================================================================
|                                Register Name                                 |   Type    | Width | Bus | MB | AR | AS | SR | SS | ST |
========================================================================================================================================
| ac_float_cctor_assign_from_n32_31_22_2_AC_TRN_AC_WRAP_op2_21_11_sva_3_0_reg  | Flip-flop |   4   |  Y  | N  | N  | N  | N  | N  | N  |
| ac_float_cctor_assign_from_n32_31_22_2_AC_TRN_AC_WRAP_op2_21_11_sva_10_6_reg | Flip-flop |   5   |  Y  | N  | N  | N  | N  | N  | N  |
| ac_float_cctor_assign_from_n32_31_22_2_AC_TRN_AC_WRAP_op2_21_11_sva_5_4_reg  | Flip-flop |   2   |  Y  | N  | N  | N  | N  | N  | N  |
========================================================================================================================================

Inferred memory devices in process
	in routine fir_core line 28230 in file
		'./rtl/fir_core.v'.
=========================================================================================================================
|                         Register Name                         |   Type    | Width | Bus | MB | AR | AS | SR | SS | ST |
=========================================================================================================================
| operator_13_2_true_AC_TRN_AC_WRAP_1_rshift_psp_6_sva_3_0_reg  | Flip-flop |   4   |  Y  | N  | N  | N  | N  | N  | N  |
| operator_13_2_true_AC_TRN_AC_WRAP_1_rshift_psp_6_sva_10_6_reg | Flip-flop |   5   |  Y  | N  | N  | N  | N  | N  | N  |
| operator_13_2_true_AC_TRN_AC_WRAP_1_rshift_psp_6_sva_5_4_reg  | Flip-flop |   2   |  Y  | N  | N  | N  | N  | N  | N  |
=========================================================================================================================

Inferred memory devices in process
	in routine fir_core line 28257 in file
		'./rtl/fir_core.v'.
===========================================================================================================
|                  Register Name                  |   Type    | Width | Bus | MB | AR | AS | SR | SS | ST |
===========================================================================================================
| operator_ac_float_cctor_m_63_lpi_1_dfm_3_0_reg  | Flip-flop |   4   |  Y  | N  | N  | N  | N  | N  | N  |
| operator_ac_float_cctor_m_65_lpi_1_dfm_10_6_reg | Flip-flop |   5   |  Y  | N  | N  | N  | N  | N  | N  |
| operator_ac_float_cctor_m_65_lpi_1_dfm_5_4_reg  | Flip-flop |   2   |  Y  | N  | N  | N  | N  | N  | N  |
| operator_ac_float_cctor_m_65_lpi_1_dfm_3_0_reg  | Flip-flop |   4   |  Y  | N  | N  | N  | N  | N  | N  |
| operator_ac_float_cctor_m_64_lpi_1_dfm_10_6_reg | Flip-flop |   5   |  Y  | N  | N  | N  | N  | N  | N  |
| operator_ac_float_cctor_m_64_lpi_1_dfm_5_4_reg  | Flip-flop |   2   |  Y  | N  | N  | N  | N  | N  | N  |
| operator_ac_float_cctor_m_64_lpi_1_dfm_3_0_reg  | Flip-flop |   4   |  Y  | N  | N  | N  | N  | N  | N  |
| operator_ac_float_cctor_m_63_lpi_1_dfm_10_6_reg | Flip-flop |   5   |  Y  | N  | N  | N  | N  | N  | N  |
| operator_ac_float_cctor_m_63_lpi_1_dfm_5_4_reg  | Flip-flop |   2   |  Y  | N  | N  | N  | N  | N  | N  |
===========================================================================================================

Inferred memory devices in process
	in routine fir_core line 28290 in file
		'./rtl/fir_core.v'.
===================================================================================================================================================
|                                      Register Name                                      |   Type    | Width | Bus | MB | AR | AS | SR | SS | ST |
===================================================================================================================================================
| ac_float_cctor_assign_from_n32_31_22_2_AC_TRN_AC_WRAP_1_op2_21_11_2_sva_rsp_1_rsp_1_reg | Flip-flop |   4   |  Y  | N  | N  | N  | N  | N  | N  |
| ac_float_cctor_assign_from_n32_31_22_2_AC_TRN_AC_WRAP_1_op2_21_11_2_sva_rsp_1_rsp_0_reg | Flip-flop |   2   |  Y  | N  | N  | N  | N  | N  | N  |
===================================================================================================================================================

Inferred memory devices in process
	in routine fir_core line 28327 in file
		'./rtl/fir_core.v'.
===================================================================================================================================================
|                                      Register Name                                      |   Type    | Width | Bus | MB | AR | AS | SR | SS | ST |
===================================================================================================================================================
| ac_float_cctor_assign_from_n32_31_22_2_AC_TRN_AC_WRAP_1_op2_21_11_3_sva_rsp_1_rsp_1_reg | Flip-flop |   4   |  Y  | N  | N  | N  | N  | N  | N  |
| ac_float_cctor_assign_from_n32_31_22_2_AC_TRN_AC_WRAP_1_op2_21_11_3_sva_rsp_1_rsp_0_reg | Flip-flop |   2   |  Y  | N  | N  | N  | N  | N  | N  |
===================================================================================================================================================

Inferred memory devices in process
	in routine fir_core line 28364 in file
		'./rtl/fir_core.v'.
==========================================================================================================================================================
|                                         Register Name                                          |   Type    | Width | Bus | MB | AR | AS | SR | SS | ST |
==========================================================================================================================================================
| ac_float_cctor_plus_minus_11_1_5_AC_TRN_11_1_5_AC_TRN_1_add_r_12_1_2_sva_rsp_1_rsp_1_rsp_1_reg | Flip-flop |   4   |  Y  | N  | N  | N  | N  | N  | N  |
|    ac_float_cctor_plus_minus_11_1_5_AC_TRN_11_1_5_AC_TRN_1_add_r_12_1_2_sva_rsp_1_rsp_0_reg    | Flip-flop |   1   |  N  | N  | N  | N  | N  | N  | N  |
| ac_float_cctor_plus_minus_11_1_5_AC_TRN_11_1_5_AC_TRN_1_add_r_12_1_2_sva_rsp_1_rsp_1_rsp_0_reg | Flip-flop |   2   |  Y  | N  | N  | N  | N  | N  | N  |
==========================================================================================================================================================

Inferred memory devices in process
	in routine fir_core line 28401 in file
		'./rtl/fir_core.v'.
============================================================================================================================================================
|                                          Register Name                                           |   Type    | Width | Bus | MB | AR | AS | SR | SS | ST |
============================================================================================================================================================
| ac_float_cctor_plus_minus_11_1_5_AC_TRN_11_1_5_AC_TRN_op_lshift_mux_18_itm_rsp_1_rsp_1_rsp_1_reg | Flip-flop |   4   |  Y  | N  | N  | N  | N  | N  | N  |
|    ac_float_cctor_plus_minus_11_1_5_AC_TRN_11_1_5_AC_TRN_op_lshift_mux_18_itm_rsp_1_rsp_0_reg    | Flip-flop |   1   |  N  | N  | N  | N  | N  | N  | N  |
| ac_float_cctor_plus_minus_11_1_5_AC_TRN_11_1_5_AC_TRN_op_lshift_mux_18_itm_rsp_1_rsp_1_rsp_0_reg | Flip-flop |   2   |  Y  | N  | N  | N  | N  | N  | N  |
============================================================================================================================================================

Inferred memory devices in process
	in routine fir_core line 28432 in file
		'./rtl/fir_core.v'.
===================================================================================================================================================
|                                      Register Name                                      |   Type    | Width | Bus | MB | AR | AS | SR | SS | ST |
===================================================================================================================================================
| ac_float_cctor_assign_from_n32_31_22_2_AC_TRN_AC_WRAP_2_op2_21_11_6_sva_rsp_1_rsp_1_reg | Flip-flop |   4   |  Y  | N  | N  | N  | N  | N  | N  |
| ac_float_cctor_assign_from_n32_31_22_2_AC_TRN_AC_WRAP_2_op2_21_11_6_sva_rsp_1_rsp_0_reg | Flip-flop |   2   |  Y  | N  | N  | N  | N  | N  | N  |
===================================================================================================================================================

Inferred memory devices in process
	in routine fir_core line 28509 in file
		'./rtl/fir_core.v'.
==================================================================================================================================================
|                                     Register Name                                      |   Type    | Width | Bus | MB | AR | AS | SR | SS | ST |
==================================================================================================================================================
| ac_float_cctor_plus_minus_11_1_5_AC_TRN_11_1_5_AC_TRN_1_add_r_12_1_7_sva_6_0_rsp_2_reg | Flip-flop |   4   |  Y  | N  | N  | N  | N  | N  | N  |
| ac_float_cctor_plus_minus_11_1_5_AC_TRN_11_1_5_AC_TRN_1_add_r_12_1_7_sva_6_0_rsp_0_reg | Flip-flop |   1   |  N  | N  | N  | N  | N  | N  | N  |
| ac_float_cctor_plus_minus_11_1_5_AC_TRN_11_1_5_AC_TRN_1_add_r_12_1_7_sva_6_0_rsp_1_reg | Flip-flop |   2   |  Y  | N  | N  | N  | N  | N  | N  |
==================================================================================================================================================

Inferred memory devices in process
	in routine fir_core line 28537 in file
		'./rtl/fir_core.v'.
==================================================================================================================================================
|                                     Register Name                                      |   Type    | Width | Bus | MB | AR | AS | SR | SS | ST |
==================================================================================================================================================
| ac_float_cctor_plus_minus_11_1_5_AC_TRN_11_1_5_AC_TRN_1_add_r_12_1_8_sva_6_0_rsp_1_reg | Flip-flop |   6   |  Y  | N  | N  | N  | N  | N  | N  |
| ac_float_cctor_plus_minus_11_1_5_AC_TRN_11_1_5_AC_TRN_1_add_r_12_1_8_sva_6_0_rsp_0_reg | Flip-flop |   1   |  N  | N  | N  | N  | N  | N  | N  |
==================================================================================================================================================

Inferred memory devices in process
	in routine fir_core line 28558 in file
		'./rtl/fir_core.v'.
==================================================================================================================================================
|                                     Register Name                                      |   Type    | Width | Bus | MB | AR | AS | SR | SS | ST |
==================================================================================================================================================
| ac_float_cctor_plus_minus_11_1_5_AC_TRN_11_1_5_AC_TRN_1_add_r_12_1_9_sva_6_0_rsp_2_reg | Flip-flop |   4   |  Y  | N  | N  | N  | N  | N  | N  |
| ac_float_cctor_plus_minus_11_1_5_AC_TRN_11_1_5_AC_TRN_1_add_r_12_1_9_sva_6_0_rsp_0_reg | Flip-flop |   1   |  N  | N  | N  | N  | N  | N  | N  |
| ac_float_cctor_plus_minus_11_1_5_AC_TRN_11_1_5_AC_TRN_1_add_r_12_1_9_sva_6_0_rsp_1_reg | Flip-flop |   2   |  Y  | N  | N  | N  | N  | N  | N  |
==================================================================================================================================================

Inferred memory devices in process
	in routine fir_core line 28586 in file
		'./rtl/fir_core.v'.
===============================================================================================================================
|                            Register Name                            |   Type    | Width | Bus | MB | AR | AS | SR | SS | ST |
===============================================================================================================================
| operator_13_2_true_AC_TRN_AC_WRAP_1_rshift_psp_15_sva_4_0_rsp_1_reg | Flip-flop |   4   |  Y  | N  | N  | N  | N  | N  | N  |
| operator_13_2_true_AC_TRN_AC_WRAP_1_rshift_psp_15_sva_4_0_rsp_0_reg | Flip-flop |   1   |  N  | N  | N  | N  | N  | N  | N  |
===============================================================================================================================

Inferred memory devices in process
	in routine fir_core line 28598 in file
		'./rtl/fir_core.v'.
============================================================================================================================
|                          Register Name                           |   Type    | Width | Bus | MB | AR | AS | SR | SS | ST |
============================================================================================================================
| operator_13_2_true_AC_TRN_AC_WRAP_1_rshift_psp_sva_4_0_rsp_1_reg | Flip-flop |   4   |  Y  | N  | N  | N  | N  | N  | N  |
| operator_13_2_true_AC_TRN_AC_WRAP_1_rshift_psp_sva_4_0_rsp_0_reg | Flip-flop |   1   |  N  | N  | N  | N  | N  | N  | N  |
============================================================================================================================

Inferred memory devices in process
	in routine fir_core line 28610 in file
		'./rtl/fir_core.v'.
====================================================================================================================================================
|                                      Register Name                                       |   Type    | Width | Bus | MB | AR | AS | SR | SS | ST |
====================================================================================================================================================
| ac_float_cctor_plus_minus_11_1_5_AC_TRN_11_1_5_AC_TRN_1_add_r_12_1_1_sva_rsp_1_rsp_2_reg | Flip-flop |   4   |  Y  | N  | N  | N  | N  | N  | N  |
| ac_float_cctor_plus_minus_11_1_5_AC_TRN_11_1_5_AC_TRN_1_add_r_12_1_1_sva_rsp_1_rsp_0_reg | Flip-flop |   1   |  N  | N  | N  | N  | N  | N  | N  |
| ac_float_cctor_plus_minus_11_1_5_AC_TRN_11_1_5_AC_TRN_1_add_r_12_1_1_sva_rsp_1_rsp_1_reg | Flip-flop |   2   |  Y  | N  | N  | N  | N  | N  | N  |
====================================================================================================================================================

Inferred memory devices in process
	in routine fir_core line 28644 in file
		'./rtl/fir_core.v'.
=====================================================================================================================================================
|                                       Register Name                                       |   Type    | Width | Bus | MB | AR | AS | SR | SS | ST |
=====================================================================================================================================================
| ac_float_cctor_plus_minus_11_1_5_AC_TRN_11_1_5_AC_TRN_1_add_r_12_1_11_sva_rsp_1_rsp_1_reg | Flip-flop |   6   |  Y  | N  | N  | N  | N  | N  | N  |
| ac_float_cctor_plus_minus_11_1_5_AC_TRN_11_1_5_AC_TRN_1_add_r_12_1_11_sva_rsp_1_rsp_0_reg | Flip-flop |   1   |  N  | N  | N  | N  | N  | N  | N  |
=====================================================================================================================================================

Inferred memory devices in process
	in routine fir_core line 28670 in file
		'./rtl/fir_core.v'.
=====================================================================================================================================================
|                                       Register Name                                       |   Type    | Width | Bus | MB | AR | AS | SR | SS | ST |
=====================================================================================================================================================
| ac_float_cctor_plus_minus_11_1_5_AC_TRN_11_1_5_AC_TRN_1_add_r_12_1_13_sva_rsp_1_rsp_1_reg | Flip-flop |   6   |  Y  | N  | N  | N  | N  | N  | N  |
| ac_float_cctor_plus_minus_11_1_5_AC_TRN_11_1_5_AC_TRN_1_add_r_12_1_13_sva_rsp_1_rsp_0_reg | Flip-flop |   1   |  N  | N  | N  | N  | N  | N  | N  |
=====================================================================================================================================================

Inferred memory devices in process
	in routine fir_core line 28694 in file
		'./rtl/fir_core.v'.
====================================================================================================================================================
|                                      Register Name                                       |   Type    | Width | Bus | MB | AR | AS | SR | SS | ST |
====================================================================================================================================================
| ac_float_cctor_plus_minus_11_1_5_AC_TRN_11_1_5_AC_TRN_1_add_r_12_1_3_sva_rsp_1_rsp_2_reg | Flip-flop |   4   |  Y  | N  | N  | N  | N  | N  | N  |
| ac_float_cctor_plus_minus_11_1_5_AC_TRN_11_1_5_AC_TRN_1_add_r_12_1_3_sva_rsp_1_rsp_0_reg | Flip-flop |   1   |  N  | N  | N  | N  | N  | N  | N  |
| ac_float_cctor_plus_minus_11_1_5_AC_TRN_11_1_5_AC_TRN_1_add_r_12_1_3_sva_rsp_1_rsp_1_reg | Flip-flop |   2   |  Y  | N  | N  | N  | N  | N  | N  |
====================================================================================================================================================
Presto compilation completed successfully. (fir_core)
Module: fir_core, Elapsed Time: 00:00:05, CPU Time: 00:00:04, Total Mem: 309.73 MB, Mem: 101.10 MB, Time: Tue May 13 01:06:28 2025
Elaborated 1 design.
Current design is now 'fir_core'.
Information: Building the design 'ccs_in_v1' instantiated from design 'fir_core' with
	the parameters "rscid=1,width=11". (HDL-193)
Presto compilation completed successfully. (ccs_in_v1_rscid1_width11)
Information: Building the design 'ccs_in_v1' instantiated from design 'fir_core' with
	the parameters "rscid=2,width=5". (HDL-193)
Presto compilation completed successfully. (ccs_in_v1_rscid2_width5)
Information: Building the design 'ccs_in_v1' instantiated from design 'fir_core' with
	the parameters "rscid=3,width=11". (HDL-193)
Presto compilation completed successfully. (ccs_in_v1_rscid3_width11)
Information: Building the design 'ccs_in_v1' instantiated from design 'fir_core' with
	the parameters "rscid=4,width=5". (HDL-193)
Presto compilation completed successfully. (ccs_in_v1_rscid4_width5)
Information: Building the design 'ccs_in_v1' instantiated from design 'fir_core' with
	the parameters "rscid=5,width=176". (HDL-193)
Presto compilation completed successfully. (ccs_in_v1_rscid5_width176)
Information: Building the design 'ccs_in_v1' instantiated from design 'fir_core' with
	the parameters "rscid=6,width=80". (HDL-193)
Presto compilation completed successfully. (ccs_in_v1_rscid6_width80)
Information: Building the design 'ccs_in_v1' instantiated from design 'fir_core' with
	the parameters "rscid=7,width=176". (HDL-193)
Presto compilation completed successfully. (ccs_in_v1_rscid7_width176)
Information: Building the design 'ccs_in_v1' instantiated from design 'fir_core' with
	the parameters "rscid=8,width=80". (HDL-193)
Presto compilation completed successfully. (ccs_in_v1_rscid8_width80)
Information: Building the design 'ccs_out_v1' instantiated from design 'fir_core' with
	the parameters "rscid=9,width=11". (HDL-193)
Presto compilation completed successfully. (ccs_out_v1_rscid9_width11)
Information: Building the design 'ccs_out_v1' instantiated from design 'fir_core' with
	the parameters "rscid=10,width=5". (HDL-193)
Presto compilation completed successfully. (ccs_out_v1_rscid10_width5)
Information: Building the design 'ccs_out_v1' instantiated from design 'fir_core' with
	the parameters "rscid=11,width=11". (HDL-193)
Presto compilation completed successfully. (ccs_out_v1_rscid11_width11)
Information: Building the design 'ccs_out_v1' instantiated from design 'fir_core' with
	the parameters "rscid=12,width=5". (HDL-193)
Presto compilation completed successfully. (ccs_out_v1_rscid12_width5)
Information: Building the design 'mgc_io_sync_v2' instantiated from design 'fir_core' with
	the parameters "valid=0". (HDL-193)
Presto compilation completed successfully. (mgc_io_sync_v2_valid0)
Information: Building the design 'mgc_shift_r_v5' instantiated from design 'fir_core' with
	the parameters "width_a=22,signd_a=1,width_s=4,width_z=22". (HDL-193)
Warning:  ./rtl/fir_core.v:137: signed to unsigned part selection occurs. (VER-318)
Warning:  ./rtl/fir_core.v:139: signed to unsigned part selection occurs. (VER-318)
Presto compilation completed successfully. (mgc_shift_r_v5_width_a22_signd_a1_width_s4_width_z22)
Information: Building the design 'mgc_shift_l_v5' instantiated from design 'fir_core' with
	the parameters "width_a=22,signd_a=0,width_s=5,width_z=22". (HDL-193)
Presto compilation completed successfully. (mgc_shift_l_v5_width_a22_signd_a0_width_s5_width_z22)
Information: Building the design 'mgc_shift_l_v5' instantiated from design 'fir_core' with
	the parameters "width_a=22,signd_a=0,width_s=6,width_z=22". (HDL-193)
Presto compilation completed successfully. (mgc_shift_l_v5_width_a22_signd_a0_width_s6_width_z22)
Information: Building the design 'mgc_shift_l_v5' instantiated from design 'fir_core' with
	the parameters "width_a=13,signd_a=0,width_s=4,width_z=13". (HDL-193)
Presto compilation completed successfully. (mgc_shift_l_v5_width_a13_signd_a0_width_s4_width_z13)
Information: Building the design 'mgc_shift_r_v5' instantiated from design 'fir_core' with
	the parameters "width_a=13,signd_a=1,width_s=5,width_z=13". (HDL-193)
Warning:  ./rtl/fir_core.v:137: signed to unsigned part selection occurs. (VER-318)
Warning:  ./rtl/fir_core.v:139: signed to unsigned part selection occurs. (VER-318)
Presto compilation completed successfully. (mgc_shift_r_v5_width_a13_signd_a1_width_s5_width_z13)
Information: Building the design 'mgc_shift_r_v5' instantiated from design 'fir_core' with
	the parameters "width_a=12,signd_a=1,width_s=5,width_z=12". (HDL-193)
Warning:  ./rtl/fir_core.v:137: signed to unsigned part selection occurs. (VER-318)
Warning:  ./rtl/fir_core.v:139: signed to unsigned part selection occurs. (VER-318)
Presto compilation completed successfully. (mgc_shift_r_v5_width_a12_signd_a1_width_s5_width_z12)
Information: Building the design 'mgc_shift_br_v5' instantiated from design 'fir_core' with
	the parameters "width_a=22,signd_a=1,width_s=5,width_z=22". (HDL-193)
Warning:  ./rtl/fir_core.v:247: signed to unsigned part selection occurs. (VER-318)
Warning:  ./rtl/fir_core.v:249: signed to unsigned part selection occurs. (VER-318)
Presto compilation completed successfully. (mgc_shift_br_v5_width_a22_signd_a1_width_s5_width_z22)
Information: Building the design 'leading_sign_13_1_1_0'. (HDL-193)

Statistics for case statements in always block at line 350 in file
	'./rtl/fir_core.v'
===============================================
|           Line           |  full/ parallel  |
===============================================
|           362            |    auto/auto     |
===============================================
Presto compilation completed successfully. (leading_sign_13_1_1_0)
Information: Building the design 'fir_core_wait_dp'. (HDL-193)

Inferred memory devices in process
	in routine fir_core_wait_dp line 1502 in file
		'./rtl/fir_core.v'.
=====================================================================================================================
|                       Register Name                       |   Type    | Width | Bus | MB | AR | AS | SR | SS | ST |
=====================================================================================================================
| MAC_1_leading_sign_18_1_1_0_cmp_63_all_same_oreg_rneg_reg | Flip-flop |   1   |  N  | N  | N  | N  | N  | N  | N  |
|      MAC_1_leading_sign_18_1_1_0_cmp_63_rtn_oreg_reg      | Flip-flop |   5   |  Y  | N  | N  | N  | N  | N  | N  |
|  MAC_1_leading_sign_18_1_1_0_cmp_all_same_oreg_rneg_reg   | Flip-flop |   1   |  N  | N  | N  | N  | N  | N  | N  |
|       MAC_1_leading_sign_18_1_1_0_cmp_rtn_oreg_reg        | Flip-flop |   5   |  Y  | N  | N  | N  | N  | N  | N  |
| MAC_1_leading_sign_18_1_1_0_cmp_1_all_same_oreg_rneg_reg  | Flip-flop |   1   |  N  | N  | N  | N  | N  | N  | N  |
|      MAC_1_leading_sign_18_1_1_0_cmp_1_rtn_oreg_reg       | Flip-flop |   5   |  Y  | N  | N  | N  | N  | N  | N  |
| MAC_1_leading_sign_18_1_1_0_cmp_2_all_same_oreg_rneg_reg  | Flip-flop |   1   |  N  | N  | N  | N  | N  | N  | N  |
|      MAC_1_leading_sign_18_1_1_0_cmp_2_rtn_oreg_reg       | Flip-flop |   5   |  Y  | N  | N  | N  | N  | N  | N  |
| MAC_1_leading_sign_18_1_1_0_cmp_3_all_same_oreg_rneg_reg  | Flip-flop |   1   |  N  | N  | N  | N  | N  | N  | N  |
|      MAC_1_leading_sign_18_1_1_0_cmp_3_rtn_oreg_reg       | Flip-flop |   5   |  Y  | N  | N  | N  | N  | N  | N  |
| MAC_1_leading_sign_18_1_1_0_cmp_4_all_same_oreg_rneg_reg  | Flip-flop |   1   |  N  | N  | N  | N  | N  | N  | N  |
|      MAC_1_leading_sign_18_1_1_0_cmp_4_rtn_oreg_reg       | Flip-flop |   5   |  Y  | N  | N  | N  | N  | N  | N  |
| MAC_1_leading_sign_18_1_1_0_cmp_5_all_same_oreg_rneg_reg  | Flip-flop |   1   |  N  | N  | N  | N  | N  | N  | N  |
|      MAC_1_leading_sign_18_1_1_0_cmp_5_rtn_oreg_reg       | Flip-flop |   5   |  Y  | N  | N  | N  | N  | N  | N  |
| MAC_1_leading_sign_18_1_1_0_cmp_6_all_same_oreg_rneg_reg  | Flip-flop |   1   |  N  | N  | N  | N  | N  | N  | N  |
|      MAC_1_leading_sign_18_1_1_0_cmp_6_rtn_oreg_reg       | Flip-flop |   5   |  Y  | N  | N  | N  | N  | N  | N  |
| MAC_1_leading_sign_18_1_1_0_cmp_7_all_same_oreg_rneg_reg  | Flip-flop |   1   |  N  | N  | N  | N  | N  | N  | N  |
|      MAC_1_leading_sign_18_1_1_0_cmp_7_rtn_oreg_reg       | Flip-flop |   5   |  Y  | N  | N  | N  | N  | N  | N  |
| MAC_1_leading_sign_18_1_1_0_cmp_8_all_same_oreg_rneg_reg  | Flip-flop |   1   |  N  | N  | N  | N  | N  | N  | N  |
|      MAC_1_leading_sign_18_1_1_0_cmp_8_rtn_oreg_reg       | Flip-flop |   5   |  Y  | N  | N  | N  | N  | N  | N  |
| MAC_1_leading_sign_18_1_1_0_cmp_9_all_same_oreg_rneg_reg  | Flip-flop |   1   |  N  | N  | N  | N  | N  | N  | N  |
|      MAC_1_leading_sign_18_1_1_0_cmp_9_rtn_oreg_reg       | Flip-flop |   5   |  Y  | N  | N  | N  | N  | N  | N  |
| MAC_1_leading_sign_18_1_1_0_cmp_10_all_same_oreg_rneg_reg | Flip-flop |   1   |  N  | N  | N  | N  | N  | N  | N  |
|      MAC_1_leading_sign_18_1_1_0_cmp_10_rtn_oreg_reg      | Flip-flop |   5   |  Y  | N  | N  | N  | N  | N  | N  |
| MAC_1_leading_sign_18_1_1_0_cmp_11_all_same_oreg_rneg_reg | Flip-flop |   1   |  N  | N  | N  | N  | N  | N  | N  |
|      MAC_1_leading_sign_18_1_1_0_cmp_11_rtn_oreg_reg      | Flip-flop |   5   |  Y  | N  | N  | N  | N  | N  | N  |
| MAC_1_leading_sign_18_1_1_0_cmp_12_all_same_oreg_rneg_reg | Flip-flop |   1   |  N  | N  | N  | N  | N  | N  | N  |
|      MAC_1_leading_sign_18_1_1_0_cmp_12_rtn_oreg_reg      | Flip-flop |   5   |  Y  | N  | N  | N  | N  | N  | N  |
| MAC_1_leading_sign_18_1_1_0_cmp_13_all_same_oreg_rneg_reg | Flip-flop |   1   |  N  | N  | N  | N  | N  | N  | N  |
|      MAC_1_leading_sign_18_1_1_0_cmp_13_rtn_oreg_reg      | Flip-flop |   5   |  Y  | N  | N  | N  | N  | N  | N  |
| MAC_1_leading_sign_18_1_1_0_cmp_14_all_same_oreg_rneg_reg | Flip-flop |   1   |  N  | N  | N  | N  | N  | N  | N  |
|      MAC_1_leading_sign_18_1_1_0_cmp_14_rtn_oreg_reg      | Flip-flop |   5   |  Y  | N  | N  | N  | N  | N  | N  |
| MAC_1_leading_sign_18_1_1_0_cmp_15_all_same_oreg_rneg_reg | Flip-flop |   1   |  N  | N  | N  | N  | N  | N  | N  |
|      MAC_1_leading_sign_18_1_1_0_cmp_15_rtn_oreg_reg      | Flip-flop |   5   |  Y  | N  | N  | N  | N  | N  | N  |
| MAC_1_leading_sign_18_1_1_0_cmp_16_all_same_oreg_rneg_reg | Flip-flop |   1   |  N  | N  | N  | N  | N  | N  | N  |
|      MAC_1_leading_sign_18_1_1_0_cmp_16_rtn_oreg_reg      | Flip-flop |   5   |  Y  | N  | N  | N  | N  | N  | N  |
| MAC_1_leading_sign_18_1_1_0_cmp_17_all_same_oreg_rneg_reg | Flip-flop |   1   |  N  | N  | N  | N  | N  | N  | N  |
|      MAC_1_leading_sign_18_1_1_0_cmp_17_rtn_oreg_reg      | Flip-flop |   5   |  Y  | N  | N  | N  | N  | N  | N  |
| MAC_1_leading_sign_18_1_1_0_cmp_18_all_same_oreg_rneg_reg | Flip-flop |   1   |  N  | N  | N  | N  | N  | N  | N  |
|      MAC_1_leading_sign_18_1_1_0_cmp_18_rtn_oreg_reg      | Flip-flop |   5   |  Y  | N  | N  | N  | N  | N  | N  |
| MAC_1_leading_sign_18_1_1_0_cmp_19_all_same_oreg_rneg_reg | Flip-flop |   1   |  N  | N  | N  | N  | N  | N  | N  |
|      MAC_1_leading_sign_18_1_1_0_cmp_19_rtn_oreg_reg      | Flip-flop |   5   |  Y  | N  | N  | N  | N  | N  | N  |
| MAC_1_leading_sign_18_1_1_0_cmp_20_all_same_oreg_rneg_reg | Flip-flop |   1   |  N  | N  | N  | N  | N  | N  | N  |
|      MAC_1_leading_sign_18_1_1_0_cmp_20_rtn_oreg_reg      | Flip-flop |   5   |  Y  | N  | N  | N  | N  | N  | N  |
| MAC_1_leading_sign_18_1_1_0_cmp_21_all_same_oreg_rneg_reg | Flip-flop |   1   |  N  | N  | N  | N  | N  | N  | N  |
|      MAC_1_leading_sign_18_1_1_0_cmp_21_rtn_oreg_reg      | Flip-flop |   5   |  Y  | N  | N  | N  | N  | N  | N  |
| MAC_1_leading_sign_18_1_1_0_cmp_22_all_same_oreg_rneg_reg | Flip-flop |   1   |  N  | N  | N  | N  | N  | N  | N  |
|      MAC_1_leading_sign_18_1_1_0_cmp_22_rtn_oreg_reg      | Flip-flop |   5   |  Y  | N  | N  | N  | N  | N  | N  |
| MAC_1_leading_sign_18_1_1_0_cmp_23_all_same_oreg_rneg_reg | Flip-flop |   1   |  N  | N  | N  | N  | N  | N  | N  |
|      MAC_1_leading_sign_18_1_1_0_cmp_23_rtn_oreg_reg      | Flip-flop |   5   |  Y  | N  | N  | N  | N  | N  | N  |
| MAC_1_leading_sign_18_1_1_0_cmp_24_all_same_oreg_rneg_reg | Flip-flop |   1   |  N  | N  | N  | N  | N  | N  | N  |
|      MAC_1_leading_sign_18_1_1_0_cmp_24_rtn_oreg_reg      | Flip-flop |   5   |  Y  | N  | N  | N  | N  | N  | N  |
| MAC_1_leading_sign_18_1_1_0_cmp_25_all_same_oreg_rneg_reg | Flip-flop |   1   |  N  | N  | N  | N  | N  | N  | N  |
|      MAC_1_leading_sign_18_1_1_0_cmp_25_rtn_oreg_reg      | Flip-flop |   5   |  Y  | N  | N  | N  | N  | N  | N  |
| MAC_1_leading_sign_18_1_1_0_cmp_26_all_same_oreg_rneg_reg | Flip-flop |   1   |  N  | N  | N  | N  | N  | N  | N  |
|      MAC_1_leading_sign_18_1_1_0_cmp_26_rtn_oreg_reg      | Flip-flop |   5   |  Y  | N  | N  | N  | N  | N  | N  |
| MAC_1_leading_sign_18_1_1_0_cmp_27_all_same_oreg_rneg_reg | Flip-flop |   1   |  N  | N  | N  | N  | N  | N  | N  |
|      MAC_1_leading_sign_18_1_1_0_cmp_27_rtn_oreg_reg      | Flip-flop |   5   |  Y  | N  | N  | N  | N  | N  | N  |
| MAC_1_leading_sign_18_1_1_0_cmp_28_all_same_oreg_rneg_reg | Flip-flop |   1   |  N  | N  | N  | N  | N  | N  | N  |
|      MAC_1_leading_sign_18_1_1_0_cmp_28_rtn_oreg_reg      | Flip-flop |   5   |  Y  | N  | N  | N  | N  | N  | N  |
| MAC_1_leading_sign_18_1_1_0_cmp_29_all_same_oreg_rneg_reg | Flip-flop |   1   |  N  | N  | N  | N  | N  | N  | N  |
|      MAC_1_leading_sign_18_1_1_0_cmp_29_rtn_oreg_reg      | Flip-flop |   5   |  Y  | N  | N  | N  | N  | N  | N  |
| MAC_1_leading_sign_18_1_1_0_cmp_30_all_same_oreg_rneg_reg | Flip-flop |   1   |  N  | N  | N  | N  | N  | N  | N  |
|      MAC_1_leading_sign_18_1_1_0_cmp_30_rtn_oreg_reg      | Flip-flop |   5   |  Y  | N  | N  | N  | N  | N  | N  |
| MAC_1_leading_sign_18_1_1_0_cmp_31_all_same_oreg_rneg_reg | Flip-flop |   1   |  N  | N  | N  | N  | N  | N  | N  |
|      MAC_1_leading_sign_18_1_1_0_cmp_31_rtn_oreg_reg      | Flip-flop |   5   |  Y  | N  | N  | N  | N  | N  | N  |
| MAC_1_leading_sign_18_1_1_0_cmp_32_all_same_oreg_rneg_reg | Flip-flop |   1   |  N  | N  | N  | N  | N  | N  | N  |
|      MAC_1_leading_sign_18_1_1_0_cmp_32_rtn_oreg_reg      | Flip-flop |   5   |  Y  | N  | N  | N  | N  | N  | N  |
| MAC_1_leading_sign_18_1_1_0_cmp_33_all_same_oreg_rneg_reg | Flip-flop |   1   |  N  | N  | N  | N  | N  | N  | N  |
|      MAC_1_leading_sign_18_1_1_0_cmp_33_rtn_oreg_reg      | Flip-flop |   5   |  Y  | N  | N  | N  | N  | N  | N  |
| MAC_1_leading_sign_18_1_1_0_cmp_34_all_same_oreg_rneg_reg | Flip-flop |   1   |  N  | N  | N  | N  | N  | N  | N  |
|      MAC_1_leading_sign_18_1_1_0_cmp_34_rtn_oreg_reg      | Flip-flop |   5   |  Y  | N  | N  | N  | N  | N  | N  |
| MAC_1_leading_sign_18_1_1_0_cmp_35_all_same_oreg_rneg_reg | Flip-flop |   1   |  N  | N  | N  | N  | N  | N  | N  |
|      MAC_1_leading_sign_18_1_1_0_cmp_35_rtn_oreg_reg      | Flip-flop |   5   |  Y  | N  | N  | N  | N  | N  | N  |
| MAC_1_leading_sign_18_1_1_0_cmp_36_all_same_oreg_rneg_reg | Flip-flop |   1   |  N  | N  | N  | N  | N  | N  | N  |
|      MAC_1_leading_sign_18_1_1_0_cmp_36_rtn_oreg_reg      | Flip-flop |   5   |  Y  | N  | N  | N  | N  | N  | N  |
| MAC_1_leading_sign_18_1_1_0_cmp_37_all_same_oreg_rneg_reg | Flip-flop |   1   |  N  | N  | N  | N  | N  | N  | N  |
|      MAC_1_leading_sign_18_1_1_0_cmp_37_rtn_oreg_reg      | Flip-flop |   5   |  Y  | N  | N  | N  | N  | N  | N  |
| MAC_1_leading_sign_18_1_1_0_cmp_38_all_same_oreg_rneg_reg | Flip-flop |   1   |  N  | N  | N  | N  | N  | N  | N  |
|      MAC_1_leading_sign_18_1_1_0_cmp_38_rtn_oreg_reg      | Flip-flop |   5   |  Y  | N  | N  | N  | N  | N  | N  |
| MAC_1_leading_sign_18_1_1_0_cmp_39_all_same_oreg_rneg_reg | Flip-flop |   1   |  N  | N  | N  | N  | N  | N  | N  |
|      MAC_1_leading_sign_18_1_1_0_cmp_39_rtn_oreg_reg      | Flip-flop |   5   |  Y  | N  | N  | N  | N  | N  | N  |
| MAC_1_leading_sign_18_1_1_0_cmp_40_all_same_oreg_rneg_reg | Flip-flop |   1   |  N  | N  | N  | N  | N  | N  | N  |
|      MAC_1_leading_sign_18_1_1_0_cmp_40_rtn_oreg_reg      | Flip-flop |   5   |  Y  | N  | N  | N  | N  | N  | N  |
| MAC_1_leading_sign_18_1_1_0_cmp_41_all_same_oreg_rneg_reg | Flip-flop |   1   |  N  | N  | N  | N  | N  | N  | N  |
|      MAC_1_leading_sign_18_1_1_0_cmp_41_rtn_oreg_reg      | Flip-flop |   5   |  Y  | N  | N  | N  | N  | N  | N  |
| MAC_1_leading_sign_18_1_1_0_cmp_42_all_same_oreg_rneg_reg | Flip-flop |   1   |  N  | N  | N  | N  | N  | N  | N  |
|      MAC_1_leading_sign_18_1_1_0_cmp_42_rtn_oreg_reg      | Flip-flop |   5   |  Y  | N  | N  | N  | N  | N  | N  |
| MAC_1_leading_sign_18_1_1_0_cmp_43_all_same_oreg_rneg_reg | Flip-flop |   1   |  N  | N  | N  | N  | N  | N  | N  |
|      MAC_1_leading_sign_18_1_1_0_cmp_43_rtn_oreg_reg      | Flip-flop |   5   |  Y  | N  | N  | N  | N  | N  | N  |
| MAC_1_leading_sign_18_1_1_0_cmp_44_all_same_oreg_rneg_reg | Flip-flop |   1   |  N  | N  | N  | N  | N  | N  | N  |
|      MAC_1_leading_sign_18_1_1_0_cmp_44_rtn_oreg_reg      | Flip-flop |   5   |  Y  | N  | N  | N  | N  | N  | N  |
| MAC_1_leading_sign_18_1_1_0_cmp_45_all_same_oreg_rneg_reg | Flip-flop |   1   |  N  | N  | N  | N  | N  | N  | N  |
|      MAC_1_leading_sign_18_1_1_0_cmp_45_rtn_oreg_reg      | Flip-flop |   5   |  Y  | N  | N  | N  | N  | N  | N  |
| MAC_1_leading_sign_18_1_1_0_cmp_46_all_same_oreg_rneg_reg | Flip-flop |   1   |  N  | N  | N  | N  | N  | N  | N  |
|      MAC_1_leading_sign_18_1_1_0_cmp_46_rtn_oreg_reg      | Flip-flop |   5   |  Y  | N  | N  | N  | N  | N  | N  |
| MAC_1_leading_sign_18_1_1_0_cmp_47_all_same_oreg_rneg_reg | Flip-flop |   1   |  N  | N  | N  | N  | N  | N  | N  |
|      MAC_1_leading_sign_18_1_1_0_cmp_47_rtn_oreg_reg      | Flip-flop |   5   |  Y  | N  | N  | N  | N  | N  | N  |
| MAC_1_leading_sign_18_1_1_0_cmp_48_all_same_oreg_rneg_reg | Flip-flop |   1   |  N  | N  | N  | N  | N  | N  | N  |
|      MAC_1_leading_sign_18_1_1_0_cmp_48_rtn_oreg_reg      | Flip-flop |   5   |  Y  | N  | N  | N  | N  | N  | N  |
| MAC_1_leading_sign_18_1_1_0_cmp_49_all_same_oreg_rneg_reg | Flip-flop |   1   |  N  | N  | N  | N  | N  | N  | N  |
|      MAC_1_leading_sign_18_1_1_0_cmp_49_rtn_oreg_reg      | Flip-flop |   5   |  Y  | N  | N  | N  | N  | N  | N  |
| MAC_1_leading_sign_18_1_1_0_cmp_50_all_same_oreg_rneg_reg | Flip-flop |   1   |  N  | N  | N  | N  | N  | N  | N  |
|      MAC_1_leading_sign_18_1_1_0_cmp_50_rtn_oreg_reg      | Flip-flop |   5   |  Y  | N  | N  | N  | N  | N  | N  |
| MAC_1_leading_sign_18_1_1_0_cmp_51_all_same_oreg_rneg_reg | Flip-flop |   1   |  N  | N  | N  | N  | N  | N  | N  |
|      MAC_1_leading_sign_18_1_1_0_cmp_51_rtn_oreg_reg      | Flip-flop |   5   |  Y  | N  | N  | N  | N  | N  | N  |
| MAC_1_leading_sign_18_1_1_0_cmp_52_all_same_oreg_rneg_reg | Flip-flop |   1   |  N  | N  | N  | N  | N  | N  | N  |
|      MAC_1_leading_sign_18_1_1_0_cmp_52_rtn_oreg_reg      | Flip-flop |   5   |  Y  | N  | N  | N  | N  | N  | N  |
| MAC_1_leading_sign_18_1_1_0_cmp_53_all_same_oreg_rneg_reg | Flip-flop |   1   |  N  | N  | N  | N  | N  | N  | N  |
|      MAC_1_leading_sign_18_1_1_0_cmp_53_rtn_oreg_reg      | Flip-flop |   5   |  Y  | N  | N  | N  | N  | N  | N  |
| MAC_1_leading_sign_18_1_1_0_cmp_54_all_same_oreg_rneg_reg | Flip-flop |   1   |  N  | N  | N  | N  | N  | N  | N  |
|      MAC_1_leading_sign_18_1_1_0_cmp_54_rtn_oreg_reg      | Flip-flop |   5   |  Y  | N  | N  | N  | N  | N  | N  |
| MAC_1_leading_sign_18_1_1_0_cmp_55_all_same_oreg_rneg_reg | Flip-flop |   1   |  N  | N  | N  | N  | N  | N  | N  |
|      MAC_1_leading_sign_18_1_1_0_cmp_55_rtn_oreg_reg      | Flip-flop |   5   |  Y  | N  | N  | N  | N  | N  | N  |
| MAC_1_leading_sign_18_1_1_0_cmp_56_all_same_oreg_rneg_reg | Flip-flop |   1   |  N  | N  | N  | N  | N  | N  | N  |
|      MAC_1_leading_sign_18_1_1_0_cmp_56_rtn_oreg_reg      | Flip-flop |   5   |  Y  | N  | N  | N  | N  | N  | N  |
| MAC_1_leading_sign_18_1_1_0_cmp_57_all_same_oreg_rneg_reg | Flip-flop |   1   |  N  | N  | N  | N  | N  | N  | N  |
|      MAC_1_leading_sign_18_1_1_0_cmp_57_rtn_oreg_reg      | Flip-flop |   5   |  Y  | N  | N  | N  | N  | N  | N  |
| MAC_1_leading_sign_18_1_1_0_cmp_58_all_same_oreg_rneg_reg | Flip-flop |   1   |  N  | N  | N  | N  | N  | N  | N  |
|      MAC_1_leading_sign_18_1_1_0_cmp_58_rtn_oreg_reg      | Flip-flop |   5   |  Y  | N  | N  | N  | N  | N  | N  |
| MAC_1_leading_sign_18_1_1_0_cmp_59_all_same_oreg_rneg_reg | Flip-flop |   1   |  N  | N  | N  | N  | N  | N  | N  |
|      MAC_1_leading_sign_18_1_1_0_cmp_59_rtn_oreg_reg      | Flip-flop |   5   |  Y  | N  | N  | N  | N  | N  | N  |
| MAC_1_leading_sign_18_1_1_0_cmp_60_all_same_oreg_rneg_reg | Flip-flop |   1   |  N  | N  | N  | N  | N  | N  | N  |
|      MAC_1_leading_sign_18_1_1_0_cmp_60_rtn_oreg_reg      | Flip-flop |   5   |  Y  | N  | N  | N  | N  | N  | N  |
| MAC_1_leading_sign_18_1_1_0_cmp_61_all_same_oreg_rneg_reg | Flip-flop |   1   |  N  | N  | N  | N  | N  | N  | N  |
|      MAC_1_leading_sign_18_1_1_0_cmp_61_rtn_oreg_reg      | Flip-flop |   5   |  Y  | N  | N  | N  | N  | N  | N  |
| MAC_1_leading_sign_18_1_1_0_cmp_62_all_same_oreg_rneg_reg | Flip-flop |   1   |  N  | N  | N  | N  | N  | N  | N  |
|      MAC_1_leading_sign_18_1_1_0_cmp_62_rtn_oreg_reg      | Flip-flop |   5   |  Y  | N  | N  | N  | N  | N  | N  |
=====================================================================================================================
Presto compilation completed successfully. (fir_core_wait_dp)
Information: Building the design 'fir_core_core_fsm'. (HDL-193)

Statistics for case statements in always block at line 609 in file
	'./rtl/fir_core.v'
===============================================
|           Line           |  full/ parallel  |
===============================================
|           611            |    auto/auto     |
===============================================

Inferred memory devices in process
	in routine fir_core_core_fsm line 900 in file
		'./rtl/fir_core.v'.
===============================================================================
|    Register Name    |   Type    | Width | Bus | MB | AR | AS | SR | SS | ST |
===============================================================================
|    state_var_reg    | Flip-flop |   7   |  Y  | N  | N  | N  | N  | N  | N  |
===============================================================================
Presto compilation completed successfully. (fir_core_core_fsm)
1
list_libs
Logical Libraries:
-------------------------------------------------------------------------
Library		File			Path
-------		----			----
  saed32lvt_ss0p75v125c saed32lvt_ss0p75v125c.db /home/ajh9498/Documents/SALSA_HLS/FIR/syn/ref/DBs
  gtech		gtech.db		/eda/synopsys/syn/T-2022.03-SP5-5/libraries/syn
  standard.sldb	standard.sldb		/eda/synopsys/syn/T-2022.03-SP5-5/libraries/syn
1
list_designs
ccs_in_v1_rscid1_width11
ccs_in_v1_rscid2_width5
ccs_in_v1_rscid3_width11
ccs_in_v1_rscid4_width5
ccs_in_v1_rscid5_width176
ccs_in_v1_rscid6_width80
ccs_in_v1_rscid7_width176
ccs_in_v1_rscid8_width80
ccs_out_v1_rscid9_width11
ccs_out_v1_rscid10_width5
ccs_out_v1_rscid11_width11
ccs_out_v1_rscid12_width5
fir_core (*)
fir_core_core_fsm
fir_core_wait_dp
leading_sign_13_1_1_0
mgc_io_sync_v2_valid0
mgc_shift_br_v5_width_a22_signd_a1_width_s5_width_z22
mgc_shift_l_v5_width_a13_signd_a0_width_s4_width_z13
mgc_shift_l_v5_width_a22_signd_a0_width_s5_width_z22
mgc_shift_l_v5_width_a22_signd_a0_width_s6_width_z22
mgc_shift_r_v5_width_a12_signd_a1_width_s5_width_z12
mgc_shift_r_v5_width_a13_signd_a1_width_s5_width_z13
mgc_shift_r_v5_width_a22_signd_a1_width_s4_width_z22
1
source fir_core.con
Information: Setting sdc_version outside of an SDC file has no effect (SDC-1)
Using operating conditions 'ss0p75v125c' found in library 'saed32lvt_ss0p75v125c'.
Warning: Can't find ports matching 'input_m_rsc_dat[*]' in design 'fir_core'. (UID-95)
Warning: Can't find ports matching 'input_e_rsc_dat[*]' in design 'fir_core'. (UID-95)
Warning: Can't find ports matching 'taps_m_rsc_dat[*]' in design 'fir_core'. (UID-95)
Warning: Can't find ports matching 'taps_e_rsc_dat[*]' in design 'fir_core'. (UID-95)
Error: Value for list 'port_list' must have 1 elements. (CMD-036)
Warning: Can't find ports matching 'input_m_rsc_dat[*]' in design 'fir_core'. (UID-95)
Error: Value for list 'port_pin_list' must have 1 elements. (CMD-036)
Warning: Can't find port 'input_m_triosy_lz' in design 'fir_core'. (UID-95)
Error: Value for list 'port_pin_list' must have 1 elements. (CMD-036)
Warning: Can't find ports matching 'input_e_rsc_dat[*]' in design 'fir_core'. (UID-95)
Error: Value for list 'port_pin_list' must have 1 elements. (CMD-036)
Warning: Can't find port 'input_e_triosy_lz' in design 'fir_core'. (UID-95)
Error: Value for list 'port_pin_list' must have 1 elements. (CMD-036)
Warning: Can't find ports matching 'taps_m_rsc_dat[*]' in design 'fir_core'. (UID-95)
Error: Value for list 'port_pin_list' must have 1 elements. (CMD-036)
Warning: Can't find port 'taps_m_triosy_lz' in design 'fir_core'. (UID-95)
Error: Value for list 'port_pin_list' must have 1 elements. (CMD-036)
Warning: Can't find ports matching 'taps_e_rsc_dat[*]' in design 'fir_core'. (UID-95)
Error: Value for list 'port_pin_list' must have 1 elements. (CMD-036)
Warning: Can't find port 'taps_e_triosy_lz' in design 'fir_core'. (UID-95)
Error: Value for list 'port_pin_list' must have 1 elements. (CMD-036)
Warning: Can't find ports matching 'return_m_rsc_dat[*]' in design 'fir_core'. (UID-95)
Error: Value for list 'port_pin_list' must have 1 elements. (CMD-036)
Warning: Can't find port 'return_m_triosy_lz' in design 'fir_core'. (UID-95)
Error: Value for list 'port_pin_list' must have 1 elements. (CMD-036)
Warning: Can't find ports matching 'return_e_rsc_dat[*]' in design 'fir_core'. (UID-95)
Error: Value for list 'port_pin_list' must have 1 elements. (CMD-036)
Warning: Can't find port 'return_e_triosy_lz' in design 'fir_core'. (UID-95)
Error: Value for list 'port_pin_list' must have 1 elements. (CMD-036)
0
compile_ultra
Loading db file '/eda/synopsys/syn/T-2022.03-SP5-5/libraries/syn/dw_foundation.sldb'
Warning: DesignWare synthetic library dw_foundation.sldb is added to the synthetic_library in the current command. (UISN-40)
Information: Performing power optimization. (PWR-850)
Analyzing: "/home/ajh9498/Documents/SALSA_HLS/FIR/syn/ref/DBs/saed32lvt_ss0p75v125c.db"
Library analysis succeeded.
Information: linking reference library : /home/ajh9498/Documents/SALSA_HLS/FIR/syn/ref/CLIBs/saed32_lvt.ndm. (PSYN-878)
Warning: Default routing directions were assigned to all the layers. (DCT-306)

  Linking design 'fir_core'
  Using the following designs and libraries:
  --------------------------------------------------------------------------
  * (24 designs)              /home/ajh9498/Documents/SALSA_HLS/FIR/syn/setup/fir_core.db, etc
  saed32lvt_ss0p75v125c (library) /home/ajh9498/Documents/SALSA_HLS/FIR/syn/ref/DBs/saed32lvt_ss0p75v125c.db
  dw_foundation.sldb (library) /eda/synopsys/syn/T-2022.03-SP5-5/libraries/syn/dw_foundation.sldb

Information: No preferred routing direction found for design layer M1. Using reference direction H. (DCT-035)
Information: No preferred routing direction found for design layer M2. Using reference direction V. (DCT-035)
Information: No preferred routing direction found for design layer M3. Using reference direction H. (DCT-035)
Information: No preferred routing direction found for design layer M4. Using reference direction V. (DCT-035)
Information: No preferred routing direction found for design layer M5. Using reference direction H. (DCT-035)
Information: No preferred routing direction found for design layer M6. Using reference direction V. (DCT-035)
Information: No preferred routing direction found for design layer M7. Using reference direction H. (DCT-035)
Information: No preferred routing direction found for design layer M8. Using reference direction V. (DCT-035)
Information: No preferred routing direction found for design layer M9. Using reference direction H. (DCT-035)
Information: No preferred routing direction found for design layer MRDL. Using reference direction V. (DCT-035)

TLU+ File = /home/ajh9498/Documents/SALSA_HLS/FIR/syn/ref/tech/saed32nm_1p9m_Cmax.tluplus

--------- Sanity Check on TLUPlus Files -------------
1. Checking the conducting layer names in ITF and mapping file ... 
[ Passed! ]
2. Checking the via layer names in ITF and mapping file ... 
[ Passed! ]
3. Checking the consistency of Min Width and Min Spacing between MW-tech and ITF ... 
[ Passed! ]
----------------- Check Ends ------------------
Information: Evaluating DesignWare library utilization. (UISN-27)

============================================================================
| DesignWare Building Block Library  |         Version         | Available |
============================================================================
| Basic DW Building Blocks           | T-2022.03-DWBB_202203.4 |     *     |
| Licensed DW Building Blocks        | T-2022.03-DWBB_202203.4 |     *     |
============================================================================

====================================================================================================
| Flow Information                                                                                 |
----------------------------------------------------------------------------------------------------
| Flow         | Design Compiler NXT Topographical                                                 |
| Comand Line  | compile_ultra                                                                     |
====================================================================================================
| Design Information                                      | Value                                  |
====================================================================================================
| Number of Scenarios                                     | 0                                      |
| Leaf Cell Count                                         | 43669                                  |
| Number of User Hierarchies                              | 258                                    |
| Sequential Cell Count                                   | 5301                                   |
| Macro Count                                             | 0                                      |
| Number of Power Domains                                 | 0                                      |
| Number of Path Groups                                   | 2                                      |
| Number of VT Class                                      | 1                                      |
| Number of Voltage Areas                                 | 0                                      |
| Number of Clocks                                        | 1                                      |
| Number of Dont Touch Cells                              | 4043                                   |
| Number of Dont Touch Nets                               | 0                                      |
| Number of Size Only Cells                               | 0                                      |
| Design with UPF Data                                    | false                                  |
====================================================================================================
Information: Sequential output inversion is enabled.  SVF file must be used for formal verification. (OPT-1208)

Information: There are 2167 potential problems in your design. Please run 'check_design' for more information. (LINT-99)

Information: Uniquified 12 instances of design 'mgc_io_sync_v2_valid0'. (OPT-1056)
Information: Uniquified 50 instances of design 'mgc_shift_r_v5_width_a22_signd_a1_width_s4_width_z22'. (OPT-1056)
Information: Uniquified 36 instances of design 'mgc_shift_l_v5_width_a22_signd_a0_width_s5_width_z22'. (OPT-1056)
Information: Uniquified 28 instances of design 'mgc_shift_l_v5_width_a22_signd_a0_width_s6_width_z22'. (OPT-1056)
Information: Uniquified 46 instances of design 'mgc_shift_l_v5_width_a13_signd_a0_width_s4_width_z13'. (OPT-1056)
Information: Uniquified 11 instances of design 'mgc_shift_r_v5_width_a13_signd_a1_width_s5_width_z13'. (OPT-1056)
Information: Uniquified 12 instances of design 'mgc_shift_r_v5_width_a12_signd_a1_width_s5_width_z12'. (OPT-1056)
Information: Uniquified 14 instances of design 'mgc_shift_br_v5_width_a22_signd_a1_width_s5_width_z22'. (OPT-1056)
Information: Uniquified 35 instances of design 'leading_sign_13_1_1_0'. (OPT-1056)
  Simplifying Design 'fir_core'

****************************************************************
Information: TLUPlus based RC computation is enabled. (RCEX-141)
****************************************************************
Information: The distance unit in Capacitance and Resistance is 1 micron. (RCEX-007)
Information: The RC model used is TLU+. (RCEX-015)
Information: Library Derived Cap for layer M1 : 0.16 0.16 (RCEX-011)
Information: Library Derived Res for layer M1 : 2e-06 2e-06 (RCEX-011)
Information: Library Derived Cap for layer M2 : 0.17 0.17 (RCEX-011)
Information: Library Derived Res for layer M2 : 1.8e-06 1.8e-06 (RCEX-011)
Information: Library Derived Cap for layer M3 : 0.11 0.11 (RCEX-011)
Information: Library Derived Res for layer M3 : 1.8e-06 1.8e-06 (RCEX-011)
Information: Library Derived Cap for layer M4 : 0.11 0.11 (RCEX-011)
Information: Library Derived Res for layer M4 : 1.8e-06 1.8e-06 (RCEX-011)
Information: Library Derived Cap for layer M5 : 0.094 0.094 (RCEX-011)
Information: Library Derived Res for layer M5 : 1.8e-06 1.8e-06 (RCEX-011)
Information: Library Derived Cap for layer M6 : 0.094 0.094 (RCEX-011)
Information: Library Derived Res for layer M6 : 1.8e-06 1.8e-06 (RCEX-011)
Information: Library Derived Cap for layer M7 : 0.092 0.092 (RCEX-011)
Information: Library Derived Res for layer M7 : 1.8e-06 1.8e-06 (RCEX-011)
Information: Library Derived Cap for layer M8 : 0.092 0.092 (RCEX-011)
Information: Library Derived Res for layer M8 : 1.8e-06 1.8e-06 (RCEX-011)
Information: Library Derived Cap for layer M9 : 0.11 0.11 (RCEX-011)
Information: Library Derived Res for layer M9 : 1.8e-06 1.8e-06 (RCEX-011)
Information: Library Derived Cap for layer MRDL : 0.11 0.11 (RCEX-011)
Information: Library Derived Res for layer MRDL : 1.8e-07 1.8e-07 (RCEX-011)
Information: Library Derived Horizontal Cap : 0.11 0.11 (RCEX-011)
Information: Library Derived Horizontal Res : 1.8e-06 1.8e-06 (RCEX-011)
Information: Library Derived Vertical Cap : 0.11 0.11 (RCEX-011)
Information: Library Derived Vertical Res : 1.5e-06 1.5e-06 (RCEX-011)
Information: Using derived R and C coefficients. (RCEX-008)
Information: Using region-based R and C coefficients. (RCEX-013)
Information: Library Derived Via Res : 4.6e-07 4.6e-07 (RCEX-011)
Loaded alib file '../alib-52/saed32lvt_ss0p75v125c.db.alib'
  Building model 'DW01_NAND2'
Information: Ungrouping hierarchy input_real_m_rsci before Pass 1 (OPT-776)
Information: Ungrouping hierarchy input_real_e_rsci before Pass 1 (OPT-776)
Information: Ungrouping hierarchy input_imag_m_rsci before Pass 1 (OPT-776)
Information: Ungrouping hierarchy input_imag_e_rsci before Pass 1 (OPT-776)
Information: Ungrouping hierarchy taps_real_m_rsci before Pass 1 (OPT-776)
Information: Ungrouping hierarchy taps_real_e_rsci before Pass 1 (OPT-776)
Information: Ungrouping hierarchy taps_imag_m_rsci before Pass 1 (OPT-776)
Information: Ungrouping hierarchy taps_imag_e_rsci before Pass 1 (OPT-776)
Information: Ungrouping hierarchy return_real_m_rsci before Pass 1 (OPT-776)
Information: Ungrouping hierarchy return_real_e_rsci before Pass 1 (OPT-776)
Information: Ungrouping hierarchy return_imag_m_rsci before Pass 1 (OPT-776)
Information: Ungrouping hierarchy return_imag_e_rsci before Pass 1 (OPT-776)
Information: Ungrouping hierarchy input_real_m_triosy_obj before Pass 1 (OPT-776)
Information: Ungrouping hierarchy MAC_9_ac_float_cctor_assign_from_n32_31_22_2_AC_TRN_AC_WRAP_if_1_rshift_rg before Pass 1 (OPT-776)
Information: Ungrouping hierarchy MAC_16_leading_sign_13_1_1_0_rg before Pass 1 (OPT-776)
Information: Ungrouping hierarchy return_imag_e_triosy_obj before Pass 1 (OPT-776)
Information: Ungrouping hierarchy return_imag_m_triosy_obj before Pass 1 (OPT-776)
Information: Ungrouping hierarchy return_real_e_triosy_obj before Pass 1 (OPT-776)
Information: Ungrouping hierarchy return_real_m_triosy_obj before Pass 1 (OPT-776)
Information: Ungrouping hierarchy taps_imag_e_triosy_obj before Pass 1 (OPT-776)
Information: Ungrouping hierarchy taps_imag_m_triosy_obj before Pass 1 (OPT-776)
Information: Ungrouping hierarchy taps_real_e_triosy_obj before Pass 1 (OPT-776)
Information: Ungrouping hierarchy taps_real_m_triosy_obj before Pass 1 (OPT-776)
Information: Ungrouping hierarchy input_imag_e_triosy_obj before Pass 1 (OPT-776)
Information: Ungrouping hierarchy input_imag_m_triosy_obj before Pass 1 (OPT-776)
Information: Ungrouping hierarchy input_real_e_triosy_obj before Pass 1 (OPT-776)
Information: Ungrouping hierarchy MAC_16_ac_float_cctor_assign_from_n32_31_22_2_AC_TRN_AC_WRAP_3_if_1_rshift_rg before Pass 1 (OPT-776)
Information: Ungrouping hierarchy MAC_15_ac_float_cctor_assign_from_n32_31_22_2_AC_TRN_AC_WRAP_3_if_1_rshift_rg before Pass 1 (OPT-776)
Information: Ungrouping hierarchy MAC_14_ac_float_cctor_assign_from_n32_31_22_2_AC_TRN_AC_WRAP_3_if_1_rshift_rg before Pass 1 (OPT-776)
Information: Ungrouping hierarchy MAC_14_ac_float_cctor_assign_from_n32_31_22_2_AC_TRN_AC_WRAP_1_if_1_rshift_rg before Pass 1 (OPT-776)
Information: Ungrouping hierarchy MAC_13_ac_float_cctor_assign_from_n32_31_22_2_AC_TRN_AC_WRAP_3_if_1_rshift_rg before Pass 1 (OPT-776)
Information: Ungrouping hierarchy MAC_13_ac_float_cctor_assign_from_n32_31_22_2_AC_TRN_AC_WRAP_1_if_1_rshift_rg before Pass 1 (OPT-776)
Information: Ungrouping hierarchy MAC_12_ac_float_cctor_assign_from_n32_31_22_2_AC_TRN_AC_WRAP_3_if_1_rshift_rg before Pass 1 (OPT-776)
Information: Ungrouping hierarchy MAC_12_ac_float_cctor_assign_from_n32_31_22_2_AC_TRN_AC_WRAP_1_if_1_rshift_rg before Pass 1 (OPT-776)
Information: Ungrouping hierarchy MAC_11_ac_float_cctor_assign_from_n32_31_22_2_AC_TRN_AC_WRAP_3_if_1_rshift_rg before Pass 1 (OPT-776)
Information: Ungrouping hierarchy MAC_11_ac_float_cctor_assign_from_n32_31_22_2_AC_TRN_AC_WRAP_1_if_1_rshift_rg before Pass 1 (OPT-776)
Information: Ungrouping hierarchy MAC_9_ac_float_cctor_assign_from_n32_31_22_2_AC_TRN_AC_WRAP_3_if_1_rshift_rg before Pass 1 (OPT-776)
Information: Ungrouping hierarchy MAC_9_ac_float_cctor_assign_from_n32_31_22_2_AC_TRN_AC_WRAP_2_if_1_rshift_rg before Pass 1 (OPT-776)
Information: Ungrouping hierarchy MAC_9_ac_float_cctor_assign_from_n32_31_22_2_AC_TRN_AC_WRAP_1_if_1_rshift_rg before Pass 1 (OPT-776)
Information: Ungrouping hierarchy MAC_2_leading_sign_13_1_1_0_2_rg before Pass 1 (OPT-776)
Information: Ungrouping hierarchy MAC_1_leading_sign_13_1_1_0_2_rg before Pass 1 (OPT-776)
Information: Ungrouping hierarchy MAC_1_leading_sign_13_1_1_0_3_rg before Pass 1 (OPT-776)
Information: Ungrouping hierarchy MAC_10_leading_sign_13_1_1_0_rg before Pass 1 (OPT-776)
Information: Ungrouping hierarchy MAC_10_leading_sign_13_1_1_0_1_rg before Pass 1 (OPT-776)
Information: Ungrouping hierarchy MAC_11_leading_sign_13_1_1_0_rg before Pass 1 (OPT-776)
Information: Ungrouping hierarchy MAC_11_leading_sign_13_1_1_0_1_rg before Pass 1 (OPT-776)
Information: Ungrouping hierarchy MAC_12_leading_sign_13_1_1_0_rg before Pass 1 (OPT-776)
Information: Ungrouping hierarchy MAC_12_leading_sign_13_1_1_0_1_rg before Pass 1 (OPT-776)
Information: Ungrouping hierarchy MAC_13_leading_sign_13_1_1_0_rg before Pass 1 (OPT-776)
Information: Ungrouping hierarchy MAC_13_leading_sign_13_1_1_0_1_rg before Pass 1 (OPT-776)
Information: Ungrouping hierarchy MAC_14_leading_sign_13_1_1_0_rg before Pass 1 (OPT-776)
Information: Ungrouping hierarchy MAC_14_leading_sign_13_1_1_0_1_rg before Pass 1 (OPT-776)
Information: Ungrouping hierarchy MAC_15_leading_sign_13_1_1_0_1_rg before Pass 1 (OPT-776)
Information: Ungrouping hierarchy MAC_16_leading_sign_13_1_1_0_1_rg before Pass 1 (OPT-776)
Information: Ungrouping hierarchy MAC_2_leading_sign_13_1_1_0_rg before Pass 1 (OPT-776)
Information: Ungrouping hierarchy MAC_2_leading_sign_13_1_1_0_1_rg before Pass 1 (OPT-776)
Information: Ungrouping hierarchy MAC_3_leading_sign_13_1_1_0_rg before Pass 1 (OPT-776)
Information: Ungrouping hierarchy MAC_3_leading_sign_13_1_1_0_1_rg before Pass 1 (OPT-776)
Information: Ungrouping hierarchy MAC_4_leading_sign_13_1_1_0_rg before Pass 1 (OPT-776)
Information: Ungrouping hierarchy MAC_4_leading_sign_13_1_1_0_1_rg before Pass 1 (OPT-776)
Information: Ungrouping hierarchy MAC_5_leading_sign_13_1_1_0_rg before Pass 1 (OPT-776)
Information: Ungrouping hierarchy MAC_5_leading_sign_13_1_1_0_1_rg before Pass 1 (OPT-776)
Information: Ungrouping hierarchy MAC_6_leading_sign_13_1_1_0_rg before Pass 1 (OPT-776)
Information: Ungrouping hierarchy MAC_6_leading_sign_13_1_1_0_1_rg before Pass 1 (OPT-776)
Information: Ungrouping hierarchy MAC_7_leading_sign_13_1_1_0_rg before Pass 1 (OPT-776)
Information: Ungrouping hierarchy MAC_7_leading_sign_13_1_1_0_1_rg before Pass 1 (OPT-776)
Information: Ungrouping hierarchy MAC_8_leading_sign_13_1_1_0_rg before Pass 1 (OPT-776)
Information: Ungrouping hierarchy MAC_8_leading_sign_13_1_1_0_1_rg before Pass 1 (OPT-776)
Information: Ungrouping hierarchy MAC_9_leading_sign_13_1_1_0_rg before Pass 1 (OPT-776)
Information: Ungrouping hierarchy MAC_9_leading_sign_13_1_1_0_1_rg before Pass 1 (OPT-776)
Information: Ungrouping hierarchy MAC_1_leading_sign_13_1_1_0_rg before Pass 1 (OPT-776)
Information: Ungrouping hierarchy MAC_1_leading_sign_13_1_1_0_1_rg before Pass 1 (OPT-776)
Information: Ungrouping hierarchy MAC_15_leading_sign_13_1_1_0_rg before Pass 1 (OPT-776)
Information: Ungrouping 73 of 259 hierarchies before Pass 1 (OPT-775)
Information: State dependent leakage is now switched from on to off.

  Beginning Pass 1 Mapping
  ------------------------
  Processing 'fir_core'
Information: Added key list 'DesignWare' to design 'fir_core'. (DDB-72)
 Implement Synthetic for 'fir_core'.
  Processing 'fir_core_wait_dp'
  Processing 'fir_core_core_fsm'
 Implement Synthetic for 'fir_core_core_fsm'.
  Processing 'mgc_shift_l_v5_width_a22_signd_a0_width_s6_width_z22_0'
 Implement Synthetic for 'mgc_shift_l_v5_width_a22_signd_a0_width_s6_width_z22_0'.
Information: Added key list 'DesignWare' to design 'mgc_shift_l_v5_width_a22_signd_a0_width_s6_width_z22_0'. (DDB-72)
  Processing 'mgc_shift_l_v5_width_a22_signd_a0_width_s5_width_z22_0'
 Implement Synthetic for 'mgc_shift_l_v5_width_a22_signd_a0_width_s5_width_z22_0'.
Information: Added key list 'DesignWare' to design 'mgc_shift_l_v5_width_a22_signd_a0_width_s5_width_z22_0'. (DDB-72)
  Processing 'mgc_shift_r_v5_width_a22_signd_a1_width_s4_width_z22_0'
 Implement Synthetic for 'mgc_shift_r_v5_width_a22_signd_a1_width_s4_width_z22_0'.
Information: Added key list 'DesignWare' to design 'mgc_shift_r_v5_width_a22_signd_a1_width_s4_width_z22_0'. (DDB-72)
  Processing 'mgc_shift_r_v5_width_a13_signd_a1_width_s5_width_z13_0'
 Implement Synthetic for 'mgc_shift_r_v5_width_a13_signd_a1_width_s5_width_z13_0'.
Information: Added key list 'DesignWare' to design 'mgc_shift_r_v5_width_a13_signd_a1_width_s5_width_z13_0'. (DDB-72)
  Processing 'mgc_shift_l_v5_width_a13_signd_a0_width_s4_width_z13_0'
 Implement Synthetic for 'mgc_shift_l_v5_width_a13_signd_a0_width_s4_width_z13_0'.
Information: Added key list 'DesignWare' to design 'mgc_shift_l_v5_width_a13_signd_a0_width_s4_width_z13_0'. (DDB-72)
  Processing 'mgc_shift_r_v5_width_a12_signd_a1_width_s5_width_z12_0'
 Implement Synthetic for 'mgc_shift_r_v5_width_a12_signd_a1_width_s5_width_z12_0'.
Information: Added key list 'DesignWare' to design 'mgc_shift_r_v5_width_a12_signd_a1_width_s5_width_z12_0'. (DDB-72)

  Updating timing information
Information: Updating design information... (UID-85)
Information: The library cell 'PMT3_LVT' in the library 'saed32lvt_ss0p75v125c' is not characterized for internal power. (PWR-536)
Information: The library cell 'PMT2_LVT' in the library 'saed32lvt_ss0p75v125c' is not characterized for internal power. (PWR-536)
Information: The library cell 'PMT1_LVT' in the library 'saed32lvt_ss0p75v125c' is not characterized for internal power. (PWR-536)
Information: The library cell 'NMT3_LVT' in the library 'saed32lvt_ss0p75v125c' is not characterized for internal power. (PWR-536)
Information: The library cell 'NMT2_LVT' in the library 'saed32lvt_ss0p75v125c' is not characterized for internal power. (PWR-536)
Information: The library cell 'NMT1_LVT' in the library 'saed32lvt_ss0p75v125c' is not characterized for internal power. (PWR-536)
Information: The target library(s) contains cell(s), other than black boxes, that are not characterized for internal power. (PWR-24)

Threshold voltage group cell usage:
>> saed32cell_lvt 100.00%

  Beginning Mapping Optimizations  (Ultra High effort)
  -------------------------------
Information: Ungrouping hierarchy fir_core_wait_dp_inst 'fir_core_wait_dp' #insts = 833. (OPT-777)
Information: Ungrouping hierarchy fir_core_core_fsm_inst 'fir_core_core_fsm' #insts = 46. (OPT-777)
Information: Ungrouping hierarchy MAC_15_operator_13_2_true_AC_TRN_AC_WRAP_1_rshift_rg 'mgc_shift_r_v5_width_a12_signd_a1_width_s5_width_z12_0' #insts = 60. (OPT-777)
Information: Ungrouping hierarchy MAC_13_operator_13_2_true_AC_TRN_AC_WRAP_1_rshift_rg 'mgc_shift_r_v5_width_a12_signd_a1_width_s5_width_z12_1' #insts = 60. (OPT-777)
Information: Ungrouping hierarchy MAC_16_operator_13_2_true_AC_TRN_AC_WRAP_1_rshift_rg 'mgc_shift_r_v5_width_a12_signd_a1_width_s5_width_z12_2' #insts = 60. (OPT-777)
Information: Ungrouping hierarchy MAC_4_operator_13_2_true_AC_TRN_AC_WRAP_2_lshift_rg 'mgc_shift_l_v5_width_a13_signd_a0_width_s4_width_z13_0' #insts = 36. (OPT-777)
Information: Ungrouping hierarchy MAC_2_operator_13_2_true_AC_TRN_AC_WRAP_2_lshift_rg 'mgc_shift_l_v5_width_a13_signd_a0_width_s4_width_z13_1' #insts = 36. (OPT-777)
Information: Ungrouping hierarchy MAC_13_operator_13_2_true_AC_TRN_AC_WRAP_3_lshift_rg 'mgc_shift_l_v5_width_a13_signd_a0_width_s4_width_z13_2' #insts = 36. (OPT-777)
Information: Ungrouping hierarchy MAC_12_operator_13_2_true_AC_TRN_AC_WRAP_3_lshift_rg 'mgc_shift_l_v5_width_a13_signd_a0_width_s4_width_z13_3' #insts = 36. (OPT-777)
Information: Ungrouping hierarchy MAC_6_operator_13_2_true_AC_TRN_AC_WRAP_2_lshift_rg 'mgc_shift_l_v5_width_a13_signd_a0_width_s4_width_z13_4' #insts = 36. (OPT-777)
Information: Ungrouping hierarchy MAC_12_operator_13_2_true_AC_TRN_AC_WRAP_2_lshift_rg 'mgc_shift_l_v5_width_a13_signd_a0_width_s4_width_z13_5' #insts = 36. (OPT-777)
Information: Ungrouping hierarchy MAC_11_operator_13_2_true_AC_TRN_AC_WRAP_3_lshift_rg 'mgc_shift_l_v5_width_a13_signd_a0_width_s4_width_z13_6' #insts = 36. (OPT-777)
Information: Ungrouping hierarchy MAC_10_operator_13_2_true_AC_TRN_AC_WRAP_3_lshift_rg 'mgc_shift_l_v5_width_a13_signd_a0_width_s4_width_z13_7' #insts = 36. (OPT-777)
Information: Ungrouping hierarchy MAC_10_operator_13_2_true_AC_TRN_AC_WRAP_2_lshift_rg 'mgc_shift_l_v5_width_a13_signd_a0_width_s4_width_z13_8' #insts = 36. (OPT-777)
Information: Ungrouping hierarchy MAC_6_operator_13_2_true_AC_TRN_AC_WRAP_3_lshift_rg 'mgc_shift_l_v5_width_a13_signd_a0_width_s4_width_z13_9' #insts = 36. (OPT-777)
Information: Ungrouping hierarchy MAC_11_operator_13_2_true_AC_TRN_AC_WRAP_2_lshift_rg 'mgc_shift_l_v5_width_a13_signd_a0_width_s4_width_z13_10' #insts = 36. (OPT-777)
Information: Ungrouping hierarchy MAC_4_operator_13_2_true_AC_TRN_AC_WRAP_3_lshift_rg 'mgc_shift_l_v5_width_a13_signd_a0_width_s4_width_z13_11' #insts = 36. (OPT-777)
Information: Ungrouping hierarchy MAC_13_operator_13_2_true_AC_TRN_AC_WRAP_2_lshift_rg 'mgc_shift_l_v5_width_a13_signd_a0_width_s4_width_z13_12' #insts = 36. (OPT-777)
Information: Ungrouping hierarchy MAC_2_operator_13_2_true_AC_TRN_AC_WRAP_3_lshift_rg 'mgc_shift_l_v5_width_a13_signd_a0_width_s4_width_z13_13' #insts = 36. (OPT-777)
Information: Ungrouping hierarchy MAC_11_operator_13_2_true_AC_TRN_AC_WRAP_1_lshift_rg 'mgc_shift_l_v5_width_a13_signd_a0_width_s4_width_z13_14' #insts = 36. (OPT-777)
Information: Ungrouping hierarchy MAC_1_operator_13_2_true_AC_TRN_AC_WRAP_2_lshift_rg 'mgc_shift_l_v5_width_a13_signd_a0_width_s4_width_z13_15' #insts = 36. (OPT-777)
Information: Ungrouping hierarchy MAC_1_operator_13_2_true_AC_TRN_AC_WRAP_3_lshift_rg 'mgc_shift_l_v5_width_a13_signd_a0_width_s4_width_z13_16' #insts = 36. (OPT-777)
Information: Ungrouping hierarchy MAC_10_operator_13_2_true_AC_TRN_AC_WRAP_1_lshift_rg 'mgc_shift_l_v5_width_a13_signd_a0_width_s4_width_z13_17' #insts = 36. (OPT-777)
Information: Ungrouping hierarchy MAC_13_operator_13_2_true_AC_TRN_AC_WRAP_rshift_rg 'mgc_shift_r_v5_width_a13_signd_a1_width_s5_width_z13_0' #insts = 60. (OPT-777)
Information: Ungrouping hierarchy MAC_14_operator_13_2_true_AC_TRN_AC_WRAP_rshift_rg 'mgc_shift_r_v5_width_a13_signd_a1_width_s5_width_z13_1' #insts = 60. (OPT-777)
Information: Ungrouping hierarchy MAC_10_operator_13_2_true_AC_TRN_AC_WRAP_rshift_rg 'mgc_shift_r_v5_width_a13_signd_a1_width_s5_width_z13_2' #insts = 60. (OPT-777)
Information: Ungrouping hierarchy MAC_12_operator_13_2_true_AC_TRN_AC_WRAP_rshift_rg 'mgc_shift_r_v5_width_a13_signd_a1_width_s5_width_z13_3' #insts = 60. (OPT-777)
Information: Ungrouping hierarchy MAC_11_operator_13_2_true_AC_TRN_AC_WRAP_rshift_rg 'mgc_shift_r_v5_width_a13_signd_a1_width_s5_width_z13_4' #insts = 60. (OPT-777)
Information: Ungrouping hierarchy MAC_12_operator_13_2_true_AC_TRN_AC_WRAP_1_rshift_rg 'mgc_shift_r_v5_width_a13_signd_a1_width_s5_width_z13_5' #insts = 60. (OPT-777)
Information: Ungrouping hierarchy MAC_11_operator_13_2_true_AC_TRN_AC_WRAP_1_rshift_rg 'mgc_shift_r_v5_width_a13_signd_a1_width_s5_width_z13_6' #insts = 60. (OPT-777)
Information: Ungrouping hierarchy MAC_10_operator_13_2_true_AC_TRN_AC_WRAP_1_rshift_rg 'mgc_shift_r_v5_width_a13_signd_a1_width_s5_width_z13_7' #insts = 60. (OPT-777)
Information: Ungrouping hierarchy MAC_16_operator_13_2_true_AC_TRN_AC_WRAP_2_lshift_rg 'mgc_shift_l_v5_width_a13_signd_a0_width_s4_width_z13_18' #insts = 36. (OPT-777)
Information: Ungrouping hierarchy MAC_16_operator_13_2_true_AC_TRN_AC_WRAP_3_lshift_rg 'mgc_shift_l_v5_width_a13_signd_a0_width_s4_width_z13_19' #insts = 36. (OPT-777)
Information: Ungrouping hierarchy MAC_9_operator_13_2_true_AC_TRN_AC_WRAP_rshift_rg 'mgc_shift_r_v5_width_a13_signd_a1_width_s5_width_z13_8' #insts = 60. (OPT-777)
Information: Ungrouping hierarchy MAC_15_operator_13_2_true_AC_TRN_AC_WRAP_rshift_rg 'mgc_shift_r_v5_width_a13_signd_a1_width_s5_width_z13_9' #insts = 60. (OPT-777)
Information: Ungrouping hierarchy MAC_16_operator_22_2_true_AC_TRN_AC_WRAP_3_lshift_rg 'mgc_shift_l_v5_width_a22_signd_a0_width_s6_width_z22_0' #insts = 72. (OPT-777)
Information: Ungrouping hierarchy MAC_15_operator_22_2_true_AC_TRN_AC_WRAP_3_lshift_rg 'mgc_shift_l_v5_width_a22_signd_a0_width_s6_width_z22_1' #insts = 72. (OPT-777)
Information: Ungrouping hierarchy MAC_14_operator_22_2_true_AC_TRN_AC_WRAP_3_lshift_rg 'mgc_shift_l_v5_width_a22_signd_a0_width_s6_width_z22_2' #insts = 72. (OPT-777)
Information: Ungrouping hierarchy MAC_14_operator_22_2_true_AC_TRN_AC_WRAP_1_lshift_rg 'mgc_shift_l_v5_width_a22_signd_a0_width_s6_width_z22_3' #insts = 72. (OPT-777)
Information: Ungrouping hierarchy MAC_13_operator_22_2_true_AC_TRN_AC_WRAP_3_lshift_rg 'mgc_shift_l_v5_width_a22_signd_a0_width_s6_width_z22_4' #insts = 72. (OPT-777)
Information: Ungrouping hierarchy MAC_13_operator_22_2_true_AC_TRN_AC_WRAP_1_lshift_rg 'mgc_shift_l_v5_width_a22_signd_a0_width_s6_width_z22_5' #insts = 72. (OPT-777)
Information: Ungrouping hierarchy MAC_12_operator_22_2_true_AC_TRN_AC_WRAP_3_lshift_rg 'mgc_shift_l_v5_width_a22_signd_a0_width_s6_width_z22_6' #insts = 72. (OPT-777)
Information: Ungrouping hierarchy MAC_12_operator_22_2_true_AC_TRN_AC_WRAP_1_lshift_rg 'mgc_shift_l_v5_width_a22_signd_a0_width_s6_width_z22_7' #insts = 72. (OPT-777)
Information: Ungrouping hierarchy MAC_11_operator_22_2_true_AC_TRN_AC_WRAP_3_lshift_rg 'mgc_shift_l_v5_width_a22_signd_a0_width_s6_width_z22_8' #insts = 72. (OPT-777)
Information: Ungrouping hierarchy MAC_11_operator_22_2_true_AC_TRN_AC_WRAP_1_lshift_rg 'mgc_shift_l_v5_width_a22_signd_a0_width_s6_width_z22_9' #insts = 72. (OPT-777)
Information: Ungrouping hierarchy MAC_9_operator_22_2_true_AC_TRN_AC_WRAP_3_lshift_rg 'mgc_shift_l_v5_width_a22_signd_a0_width_s6_width_z22_10' #insts = 72. (OPT-777)
Information: Ungrouping hierarchy MAC_9_operator_22_2_true_AC_TRN_AC_WRAP_2_lshift_rg 'mgc_shift_l_v5_width_a22_signd_a0_width_s6_width_z22_11' #insts = 72. (OPT-777)
Information: Ungrouping hierarchy MAC_9_operator_22_2_true_AC_TRN_AC_WRAP_1_lshift_rg 'mgc_shift_l_v5_width_a22_signd_a0_width_s6_width_z22_12' #insts = 72. (OPT-777)
Information: Ungrouping hierarchy MAC_9_operator_22_2_true_AC_TRN_AC_WRAP_lshift_rg 'mgc_shift_l_v5_width_a22_signd_a0_width_s6_width_z22_13' #insts = 72. (OPT-777)
Information: Ungrouping hierarchy MAC_7_operator_13_2_true_AC_TRN_AC_WRAP_1_rshift_rg 'mgc_shift_r_v5_width_a12_signd_a1_width_s5_width_z12_3' #insts = 60. (OPT-777)
Information: Ungrouping hierarchy MAC_6_operator_13_2_true_AC_TRN_AC_WRAP_1_rshift_rg 'mgc_shift_r_v5_width_a12_signd_a1_width_s5_width_z12_4' #insts = 60. (OPT-777)
Information: Ungrouping hierarchy MAC_5_operator_13_2_true_AC_TRN_AC_WRAP_1_rshift_rg 'mgc_shift_r_v5_width_a12_signd_a1_width_s5_width_z12_5' #insts = 60. (OPT-777)
Information: Ungrouping hierarchy MAC_4_operator_13_2_true_AC_TRN_AC_WRAP_1_rshift_rg 'mgc_shift_r_v5_width_a12_signd_a1_width_s5_width_z12_6' #insts = 60. (OPT-777)
Information: Ungrouping hierarchy MAC_3_operator_13_2_true_AC_TRN_AC_WRAP_1_rshift_rg 'mgc_shift_r_v5_width_a12_signd_a1_width_s5_width_z12_7' #insts = 60. (OPT-777)
Information: Ungrouping hierarchy MAC_2_operator_13_2_true_AC_TRN_AC_WRAP_1_rshift_rg 'mgc_shift_r_v5_width_a12_signd_a1_width_s5_width_z12_8' #insts = 60. (OPT-777)
Information: Ungrouping hierarchy MAC_8_operator_13_2_true_AC_TRN_AC_WRAP_1_rshift_rg 'mgc_shift_r_v5_width_a12_signd_a1_width_s5_width_z12_9' #insts = 60. (OPT-777)
Information: Ungrouping hierarchy MAC_9_operator_13_2_true_AC_TRN_AC_WRAP_1_rshift_rg 'mgc_shift_r_v5_width_a12_signd_a1_width_s5_width_z12_10' #insts = 60. (OPT-777)
Information: Ungrouping hierarchy MAC_14_operator_13_2_true_AC_TRN_AC_WRAP_1_rshift_rg 'mgc_shift_r_v5_width_a12_signd_a1_width_s5_width_z12_11' #insts = 60. (OPT-777)
Information: Ungrouping hierarchy MAC_14_operator_22_2_true_AC_TRN_AC_WRAP_lshift_rg 'mgc_shift_l_v5_width_a22_signd_a0_width_s6_width_z22_14' #insts = 72. (OPT-777)
Information: Ungrouping hierarchy MAC_14_ac_float_cctor_assign_from_n32_31_22_2_AC_TRN_AC_WRAP_if_1_rshift_rg 'mgc_shift_r_v5_width_a22_signd_a1_width_s4_width_z22_0' #insts = 43. (OPT-777)
Information: Ungrouping hierarchy MAC_4_operator_22_2_true_AC_TRN_AC_WRAP_2_lshift_rg 'mgc_shift_l_v5_width_a22_signd_a0_width_s5_width_z22_0' #insts = 70. (OPT-777)
Information: Ungrouping hierarchy MAC_4_ac_float_cctor_assign_from_n32_31_22_2_AC_TRN_AC_WRAP_2_if_1_rshift_rg 'mgc_shift_r_v5_width_a22_signd_a1_width_s4_width_z22_1' #insts = 43. (OPT-777)
Information: Ungrouping hierarchy MAC_9_operator_13_2_true_AC_TRN_AC_WRAP_lshift_rg 'mgc_shift_l_v5_width_a13_signd_a0_width_s4_width_z13_20' #insts = 36. (OPT-777)
Information: Ungrouping hierarchy MAC_13_operator_22_2_true_AC_TRN_AC_WRAP_lshift_rg 'mgc_shift_l_v5_width_a22_signd_a0_width_s6_width_z22_15' #insts = 72. (OPT-777)
Information: Ungrouping hierarchy MAC_13_ac_float_cctor_assign_from_n32_31_22_2_AC_TRN_AC_WRAP_if_1_rshift_rg 'mgc_shift_r_v5_width_a22_signd_a1_width_s4_width_z22_2' #insts = 43. (OPT-777)
Information: Ungrouping hierarchy MAC_3_operator_22_2_true_AC_TRN_AC_WRAP_2_lshift_rg 'mgc_shift_l_v5_width_a22_signd_a0_width_s5_width_z22_1' #insts = 70. (OPT-777)
Information: Ungrouping hierarchy MAC_3_ac_float_cctor_assign_from_n32_31_22_2_AC_TRN_AC_WRAP_2_if_1_rshift_rg 'mgc_shift_r_v5_width_a22_signd_a1_width_s4_width_z22_3' #insts = 43. (OPT-777)
Information: Ungrouping hierarchy MAC_8_operator_13_2_true_AC_TRN_AC_WRAP_lshift_rg 'mgc_shift_l_v5_width_a13_signd_a0_width_s4_width_z13_21' #insts = 36. (OPT-777)
Information: Ungrouping hierarchy MAC_12_operator_22_2_true_AC_TRN_AC_WRAP_lshift_rg 'mgc_shift_l_v5_width_a22_signd_a0_width_s6_width_z22_16' #insts = 72. (OPT-777)
Information: Ungrouping hierarchy MAC_12_ac_float_cctor_assign_from_n32_31_22_2_AC_TRN_AC_WRAP_if_1_rshift_rg 'mgc_shift_r_v5_width_a22_signd_a1_width_s4_width_z22_4' #insts = 43. (OPT-777)
Information: Ungrouping hierarchy MAC_2_operator_22_2_true_AC_TRN_AC_WRAP_2_lshift_rg 'mgc_shift_l_v5_width_a22_signd_a0_width_s5_width_z22_2' #insts = 70. (OPT-777)
Information: Ungrouping hierarchy MAC_2_ac_float_cctor_assign_from_n32_31_22_2_AC_TRN_AC_WRAP_2_if_1_rshift_rg 'mgc_shift_r_v5_width_a22_signd_a1_width_s4_width_z22_5' #insts = 43. (OPT-777)
Information: Ungrouping hierarchy MAC_7_operator_13_2_true_AC_TRN_AC_WRAP_lshift_rg 'mgc_shift_l_v5_width_a13_signd_a0_width_s4_width_z13_22' #insts = 36. (OPT-777)
Information: Ungrouping hierarchy MAC_11_operator_22_2_true_AC_TRN_AC_WRAP_lshift_rg 'mgc_shift_l_v5_width_a22_signd_a0_width_s6_width_z22_17' #insts = 72. (OPT-777)
Information: Ungrouping hierarchy MAC_11_ac_float_cctor_assign_from_n32_31_22_2_AC_TRN_AC_WRAP_if_1_rshift_rg 'mgc_shift_r_v5_width_a22_signd_a1_width_s4_width_z22_6' #insts = 43. (OPT-777)
Information: Ungrouping hierarchy MAC_1_operator_22_2_true_AC_TRN_AC_WRAP_2_lshift_rg 'mgc_shift_l_v5_width_a22_signd_a0_width_s5_width_z22_3' #insts = 70. (OPT-777)
Information: Ungrouping hierarchy MAC_1_ac_float_cctor_assign_from_n32_31_22_2_AC_TRN_AC_WRAP_2_if_1_rshift_rg 'mgc_shift_r_v5_width_a22_signd_a1_width_s4_width_z22_7' #insts = 43. (OPT-777)
Information: Ungrouping hierarchy MAC_16_operator_22_2_true_AC_TRN_AC_WRAP_lshift_rg 'mgc_shift_l_v5_width_a22_signd_a0_width_s5_width_z22_4' #insts = 70. (OPT-777)
Information: Ungrouping hierarchy MAC_16_ac_float_cctor_assign_from_n32_31_22_2_AC_TRN_AC_WRAP_if_1_rshift_rg 'mgc_shift_r_v5_width_a22_signd_a1_width_s4_width_z22_8' #insts = 43. (OPT-777)
Information: Ungrouping hierarchy MAC_15_operator_22_2_true_AC_TRN_AC_WRAP_lshift_rg 'mgc_shift_l_v5_width_a22_signd_a0_width_s5_width_z22_5' #insts = 70. (OPT-777)
Information: Ungrouping hierarchy MAC_15_ac_float_cctor_assign_from_n32_31_22_2_AC_TRN_AC_WRAP_if_1_rshift_rg 'mgc_shift_r_v5_width_a22_signd_a1_width_s4_width_z22_9' #insts = 43. (OPT-777)
Information: Ungrouping hierarchy MAC_8_operator_22_2_true_AC_TRN_AC_WRAP_3_lshift_rg 'mgc_shift_l_v5_width_a22_signd_a0_width_s5_width_z22_6' #insts = 70. (OPT-777)
Information: Ungrouping hierarchy MAC_8_ac_float_cctor_assign_from_n32_31_22_2_AC_TRN_AC_WRAP_3_if_1_rshift_rg 'mgc_shift_r_v5_width_a22_signd_a1_width_s4_width_z22_10' #insts = 43. (OPT-777)
Information: Ungrouping hierarchy MAC_13_operator_13_2_true_AC_TRN_AC_WRAP_lshift_rg 'mgc_shift_l_v5_width_a13_signd_a0_width_s4_width_z13_23' #insts = 36. (OPT-777)
Information: Ungrouping hierarchy MAC_4_operator_13_2_true_AC_TRN_AC_WRAP_lshift_rg 'mgc_shift_l_v5_width_a13_signd_a0_width_s4_width_z13_24' #insts = 36. (OPT-777)
Information: Ungrouping hierarchy MAC_8_operator_22_2_true_AC_TRN_AC_WRAP_2_lshift_rg 'mgc_shift_l_v5_width_a22_signd_a0_width_s5_width_z22_7' #insts = 70. (OPT-777)
Information: Ungrouping hierarchy MAC_8_ac_float_cctor_assign_from_n32_31_22_2_AC_TRN_AC_WRAP_2_if_1_rshift_rg 'mgc_shift_r_v5_width_a22_signd_a1_width_s4_width_z22_11' #insts = 43. (OPT-777)
Information: Ungrouping hierarchy MAC_8_operator_22_2_true_AC_TRN_AC_WRAP_lshift_rg 'mgc_shift_l_v5_width_a22_signd_a0_width_s5_width_z22_8' #insts = 70. (OPT-777)
Information: Ungrouping hierarchy MAC_8_ac_float_cctor_assign_from_n32_31_22_2_AC_TRN_AC_WRAP_if_1_rshift_rg 'mgc_shift_r_v5_width_a22_signd_a1_width_s4_width_z22_12' #insts = 43. (OPT-777)
Information: Ungrouping hierarchy MAC_7_operator_22_2_true_AC_TRN_AC_WRAP_3_lshift_rg 'mgc_shift_l_v5_width_a22_signd_a0_width_s5_width_z22_9' #insts = 70. (OPT-777)
Information: Ungrouping hierarchy MAC_7_ac_float_cctor_assign_from_n32_31_22_2_AC_TRN_AC_WRAP_3_if_1_rshift_rg 'mgc_shift_r_v5_width_a22_signd_a1_width_s4_width_z22_13' #insts = 43. (OPT-777)
Information: Ungrouping hierarchy MAC_7_operator_22_2_true_AC_TRN_AC_WRAP_2_lshift_rg 'mgc_shift_l_v5_width_a22_signd_a0_width_s5_width_z22_10' #insts = 70. (OPT-777)
Information: Ungrouping hierarchy MAC_7_ac_float_cctor_assign_from_n32_31_22_2_AC_TRN_AC_WRAP_2_if_1_rshift_rg 'mgc_shift_r_v5_width_a22_signd_a1_width_s4_width_z22_14' #insts = 43. (OPT-777)
Information: Ungrouping hierarchy MAC_7_operator_22_2_true_AC_TRN_AC_WRAP_lshift_rg 'mgc_shift_l_v5_width_a22_signd_a0_width_s5_width_z22_11' #insts = 70. (OPT-777)
Information: Ungrouping hierarchy MAC_7_ac_float_cctor_assign_from_n32_31_22_2_AC_TRN_AC_WRAP_if_1_rshift_rg 'mgc_shift_r_v5_width_a22_signd_a1_width_s4_width_z22_15' #insts = 43. (OPT-777)
Information: Ungrouping hierarchy MAC_6_operator_22_2_true_AC_TRN_AC_WRAP_3_lshift_rg 'mgc_shift_l_v5_width_a22_signd_a0_width_s5_width_z22_12' #insts = 70. (OPT-777)
Information: Ungrouping hierarchy MAC_6_ac_float_cctor_assign_from_n32_31_22_2_AC_TRN_AC_WRAP_3_if_1_rshift_rg 'mgc_shift_r_v5_width_a22_signd_a1_width_s4_width_z22_16' #insts = 43. (OPT-777)
Information: Ungrouping hierarchy MAC_12_operator_13_2_true_AC_TRN_AC_WRAP_lshift_rg 'mgc_shift_l_v5_width_a13_signd_a0_width_s4_width_z13_25' #insts = 36. (OPT-777)
Information: Ungrouping hierarchy MAC_3_operator_13_2_true_AC_TRN_AC_WRAP_lshift_rg 'mgc_shift_l_v5_width_a13_signd_a0_width_s4_width_z13_26' #insts = 36. (OPT-777)
Information: Ungrouping hierarchy MAC_6_operator_22_2_true_AC_TRN_AC_WRAP_2_lshift_rg 'mgc_shift_l_v5_width_a22_signd_a0_width_s5_width_z22_13' #insts = 70. (OPT-777)
Information: Ungrouping hierarchy MAC_6_ac_float_cctor_assign_from_n32_31_22_2_AC_TRN_AC_WRAP_2_if_1_rshift_rg 'mgc_shift_r_v5_width_a22_signd_a1_width_s4_width_z22_17' #insts = 43. (OPT-777)
Information: Ungrouping hierarchy MAC_6_operator_22_2_true_AC_TRN_AC_WRAP_lshift_rg 'mgc_shift_l_v5_width_a22_signd_a0_width_s5_width_z22_14' #insts = 70. (OPT-777)
Information: Ungrouping hierarchy MAC_6_ac_float_cctor_assign_from_n32_31_22_2_AC_TRN_AC_WRAP_if_1_rshift_rg 'mgc_shift_r_v5_width_a22_signd_a1_width_s4_width_z22_18' #insts = 43. (OPT-777)
Information: Ungrouping hierarchy MAC_5_operator_22_2_true_AC_TRN_AC_WRAP_3_lshift_rg 'mgc_shift_l_v5_width_a22_signd_a0_width_s5_width_z22_15' #insts = 70. (OPT-777)
Information: Ungrouping hierarchy MAC_5_ac_float_cctor_assign_from_n32_31_22_2_AC_TRN_AC_WRAP_3_if_1_rshift_rg 'mgc_shift_r_v5_width_a22_signd_a1_width_s4_width_z22_19' #insts = 43. (OPT-777)
Information: Ungrouping hierarchy MAC_11_operator_13_2_true_AC_TRN_AC_WRAP_lshift_rg 'mgc_shift_l_v5_width_a13_signd_a0_width_s4_width_z13_27' #insts = 36. (OPT-777)
Information: Ungrouping hierarchy MAC_2_operator_13_2_true_AC_TRN_AC_WRAP_lshift_rg 'mgc_shift_l_v5_width_a13_signd_a0_width_s4_width_z13_28' #insts = 36. (OPT-777)
Information: Ungrouping hierarchy MAC_5_operator_22_2_true_AC_TRN_AC_WRAP_2_lshift_rg 'mgc_shift_l_v5_width_a22_signd_a0_width_s5_width_z22_16' #insts = 70. (OPT-777)
Information: Ungrouping hierarchy MAC_5_ac_float_cctor_assign_from_n32_31_22_2_AC_TRN_AC_WRAP_2_if_1_rshift_rg 'mgc_shift_r_v5_width_a22_signd_a1_width_s4_width_z22_20' #insts = 43. (OPT-777)
Information: Ungrouping hierarchy MAC_5_operator_22_2_true_AC_TRN_AC_WRAP_lshift_rg 'mgc_shift_l_v5_width_a22_signd_a0_width_s5_width_z22_17' #insts = 70. (OPT-777)
Information: Ungrouping hierarchy MAC_5_ac_float_cctor_assign_from_n32_31_22_2_AC_TRN_AC_WRAP_if_1_rshift_rg 'mgc_shift_r_v5_width_a22_signd_a1_width_s4_width_z22_21' #insts = 43. (OPT-777)
Information: Ungrouping hierarchy MAC_14_operator_13_2_true_AC_TRN_AC_WRAP_lshift_rg 'mgc_shift_l_v5_width_a13_signd_a0_width_s4_width_z13_29' #insts = 36. (OPT-777)
Information: Ungrouping hierarchy MAC_5_operator_13_2_true_AC_TRN_AC_WRAP_lshift_rg 'mgc_shift_l_v5_width_a13_signd_a0_width_s4_width_z13_30' #insts = 36. (OPT-777)
Information: Ungrouping hierarchy MAC_4_operator_22_2_true_AC_TRN_AC_WRAP_3_lshift_rg 'mgc_shift_l_v5_width_a22_signd_a0_width_s5_width_z22_18' #insts = 70. (OPT-777)
Information: Ungrouping hierarchy MAC_4_ac_float_cctor_assign_from_n32_31_22_2_AC_TRN_AC_WRAP_3_if_1_rshift_rg 'mgc_shift_r_v5_width_a22_signd_a1_width_s4_width_z22_22' #insts = 43. (OPT-777)
Information: Ungrouping hierarchy MAC_4_operator_22_2_true_AC_TRN_AC_WRAP_lshift_rg 'mgc_shift_l_v5_width_a22_signd_a0_width_s5_width_z22_19' #insts = 70. (OPT-777)
Information: Ungrouping hierarchy MAC_4_ac_float_cctor_assign_from_n32_31_22_2_AC_TRN_AC_WRAP_if_1_rshift_rg 'mgc_shift_r_v5_width_a22_signd_a1_width_s4_width_z22_23' #insts = 43. (OPT-777)
Information: Ungrouping hierarchy MAC_3_operator_22_2_true_AC_TRN_AC_WRAP_3_lshift_rg 'mgc_shift_l_v5_width_a22_signd_a0_width_s5_width_z22_20' #insts = 70. (OPT-777)
Information: Ungrouping hierarchy MAC_3_ac_float_cctor_assign_from_n32_31_22_2_AC_TRN_AC_WRAP_3_if_1_rshift_rg 'mgc_shift_r_v5_width_a22_signd_a1_width_s4_width_z22_24' #insts = 43. (OPT-777)
Information: Ungrouping hierarchy MAC_3_operator_22_2_true_AC_TRN_AC_WRAP_lshift_rg 'mgc_shift_l_v5_width_a22_signd_a0_width_s5_width_z22_21' #insts = 70. (OPT-777)
Information: Ungrouping hierarchy MAC_3_ac_float_cctor_assign_from_n32_31_22_2_AC_TRN_AC_WRAP_if_1_rshift_rg 'mgc_shift_r_v5_width_a22_signd_a1_width_s4_width_z22_25' #insts = 43. (OPT-777)
Information: Ungrouping hierarchy MAC_2_operator_22_2_true_AC_TRN_AC_WRAP_3_lshift_rg 'mgc_shift_l_v5_width_a22_signd_a0_width_s5_width_z22_22' #insts = 70. (OPT-777)
Information: Ungrouping hierarchy MAC_2_ac_float_cctor_assign_from_n32_31_22_2_AC_TRN_AC_WRAP_3_if_1_rshift_rg 'mgc_shift_r_v5_width_a22_signd_a1_width_s4_width_z22_26' #insts = 43. (OPT-777)
Information: Ungrouping hierarchy MAC_2_operator_22_2_true_AC_TRN_AC_WRAP_lshift_rg 'mgc_shift_l_v5_width_a22_signd_a0_width_s5_width_z22_23' #insts = 70. (OPT-777)
Information: Ungrouping hierarchy MAC_2_ac_float_cctor_assign_from_n32_31_22_2_AC_TRN_AC_WRAP_if_1_rshift_rg 'mgc_shift_r_v5_width_a22_signd_a1_width_s4_width_z22_27' #insts = 43. (OPT-777)
Information: Ungrouping hierarchy MAC_1_operator_22_2_true_AC_TRN_AC_WRAP_3_lshift_rg 'mgc_shift_l_v5_width_a22_signd_a0_width_s5_width_z22_24' #insts = 70. (OPT-777)
Information: Ungrouping hierarchy MAC_1_ac_float_cctor_assign_from_n32_31_22_2_AC_TRN_AC_WRAP_3_if_1_rshift_rg 'mgc_shift_r_v5_width_a22_signd_a1_width_s4_width_z22_28' #insts = 43. (OPT-777)
Information: Ungrouping hierarchy MAC_1_operator_22_2_true_AC_TRN_AC_WRAP_lshift_rg 'mgc_shift_l_v5_width_a22_signd_a0_width_s5_width_z22_25' #insts = 70. (OPT-777)
Information: Ungrouping hierarchy MAC_1_ac_float_cctor_assign_from_n32_31_22_2_AC_TRN_AC_WRAP_if_1_rshift_rg 'mgc_shift_r_v5_width_a22_signd_a1_width_s4_width_z22_29' #insts = 43. (OPT-777)
Information: Ungrouping hierarchy MAC_6_operator_13_2_true_AC_TRN_AC_WRAP_lshift_rg 'mgc_shift_l_v5_width_a13_signd_a0_width_s4_width_z13_31' #insts = 36. (OPT-777)
Information: Ungrouping hierarchy MAC_10_operator_22_2_true_AC_TRN_AC_WRAP_lshift_rg 'mgc_shift_l_v5_width_a22_signd_a0_width_s6_width_z22_18' #insts = 72. (OPT-777)
Information: Ungrouping hierarchy MAC_10_ac_float_cctor_assign_from_n32_31_22_2_AC_TRN_AC_WRAP_if_1_rshift_rg 'mgc_shift_r_v5_width_a22_signd_a1_width_s4_width_z22_30' #insts = 43. (OPT-777)
Information: Ungrouping hierarchy MAC_16_operator_22_2_true_AC_TRN_AC_WRAP_1_lshift_rg 'mgc_shift_l_v5_width_a22_signd_a0_width_s5_width_z22_26' #insts = 70. (OPT-777)
Information: Ungrouping hierarchy MAC_16_ac_float_cctor_assign_from_n32_31_22_2_AC_TRN_AC_WRAP_1_if_1_rshift_rg 'mgc_shift_r_v5_width_a22_signd_a1_width_s4_width_z22_31' #insts = 43. (OPT-777)
Information: Ungrouping hierarchy MAC_10_operator_22_2_true_AC_TRN_AC_WRAP_3_lshift_rg 'mgc_shift_l_v5_width_a22_signd_a0_width_s6_width_z22_19' #insts = 72. (OPT-777)
Information: Ungrouping hierarchy MAC_10_ac_float_cctor_assign_from_n32_31_22_2_AC_TRN_AC_WRAP_3_if_1_rshift_rg 'mgc_shift_r_v5_width_a22_signd_a1_width_s4_width_z22_32' #insts = 43. (OPT-777)
Information: Ungrouping hierarchy MAC_8_operator_22_2_true_AC_TRN_AC_WRAP_1_lshift_rg 'mgc_shift_l_v5_width_a22_signd_a0_width_s5_width_z22_27' #insts = 70. (OPT-777)
Information: Ungrouping hierarchy MAC_8_ac_float_cctor_assign_from_n32_31_22_2_AC_TRN_AC_WRAP_1_if_1_rshift_rg 'mgc_shift_r_v5_width_a22_signd_a1_width_s4_width_z22_33' #insts = 43. (OPT-777)
Information: Ungrouping hierarchy MAC_10_operator_13_2_true_AC_TRN_AC_WRAP_lshift_rg 'mgc_shift_l_v5_width_a13_signd_a0_width_s4_width_z13_32' #insts = 36. (OPT-777)
Information: Ungrouping hierarchy MAC_9_operator_13_2_true_AC_TRN_AC_WRAP_1_lshift_rg 'mgc_shift_l_v5_width_a13_signd_a0_width_s4_width_z13_33' #insts = 36. (OPT-777)
Information: Ungrouping hierarchy MAC_16_operator_22_2_true_AC_TRN_AC_WRAP_2_lshift_rg 'mgc_shift_l_v5_width_a22_signd_a0_width_s6_width_z22_20' #insts = 72. (OPT-777)
Information: Ungrouping hierarchy MAC_16_ac_float_cctor_assign_from_n32_31_22_2_AC_TRN_AC_WRAP_2_if_1_rshift_rg 'mgc_shift_r_v5_width_a22_signd_a1_width_s4_width_z22_34' #insts = 43. (OPT-777)
Information: Ungrouping hierarchy MAC_7_operator_22_2_true_AC_TRN_AC_WRAP_1_lshift_rg 'mgc_shift_l_v5_width_a22_signd_a0_width_s5_width_z22_28' #insts = 70. (OPT-777)
Information: Ungrouping hierarchy MAC_7_ac_float_cctor_assign_from_n32_31_22_2_AC_TRN_AC_WRAP_1_if_1_rshift_rg 'mgc_shift_r_v5_width_a22_signd_a1_width_s4_width_z22_35' #insts = 43. (OPT-777)
Information: Ungrouping hierarchy MAC_16_operator_13_2_true_AC_TRN_AC_WRAP_1_lshift_rg 'mgc_shift_l_v5_width_a13_signd_a0_width_s4_width_z13_34' #insts = 36. (OPT-777)
Information: Ungrouping hierarchy MAC_8_operator_13_2_true_AC_TRN_AC_WRAP_1_lshift_rg 'mgc_shift_l_v5_width_a13_signd_a0_width_s4_width_z13_35' #insts = 36. (OPT-777)
Information: Ungrouping hierarchy MAC_15_operator_22_2_true_AC_TRN_AC_WRAP_2_lshift_rg 'mgc_shift_l_v5_width_a22_signd_a0_width_s6_width_z22_21' #insts = 72. (OPT-777)
Information: Ungrouping hierarchy MAC_15_ac_float_cctor_assign_from_n32_31_22_2_AC_TRN_AC_WRAP_2_if_1_rshift_rg 'mgc_shift_r_v5_width_a22_signd_a1_width_s4_width_z22_36' #insts = 43. (OPT-777)
Information: Ungrouping hierarchy MAC_6_operator_22_2_true_AC_TRN_AC_WRAP_1_lshift_rg 'mgc_shift_l_v5_width_a22_signd_a0_width_s5_width_z22_29' #insts = 70. (OPT-777)
Information: Ungrouping hierarchy MAC_6_ac_float_cctor_assign_from_n32_31_22_2_AC_TRN_AC_WRAP_1_if_1_rshift_rg 'mgc_shift_r_v5_width_a22_signd_a1_width_s4_width_z22_37' #insts = 43. (OPT-777)
Information: Ungrouping hierarchy MAC_15_operator_13_2_true_AC_TRN_AC_WRAP_1_lshift_rg 'mgc_shift_l_v5_width_a13_signd_a0_width_s4_width_z13_36' #insts = 36. (OPT-777)
Information: Ungrouping hierarchy MAC_7_operator_13_2_true_AC_TRN_AC_WRAP_1_lshift_rg 'mgc_shift_l_v5_width_a13_signd_a0_width_s4_width_z13_37' #insts = 36. (OPT-777)
Information: Ungrouping hierarchy MAC_14_operator_22_2_true_AC_TRN_AC_WRAP_2_lshift_rg 'mgc_shift_l_v5_width_a22_signd_a0_width_s6_width_z22_22' #insts = 72. (OPT-777)
Information: Ungrouping hierarchy MAC_14_ac_float_cctor_assign_from_n32_31_22_2_AC_TRN_AC_WRAP_2_if_1_rshift_rg 'mgc_shift_r_v5_width_a22_signd_a1_width_s4_width_z22_38' #insts = 43. (OPT-777)
Information: Ungrouping hierarchy MAC_5_operator_22_2_true_AC_TRN_AC_WRAP_1_lshift_rg 'mgc_shift_l_v5_width_a22_signd_a0_width_s5_width_z22_30' #insts = 70. (OPT-777)
Information: Ungrouping hierarchy MAC_5_ac_float_cctor_assign_from_n32_31_22_2_AC_TRN_AC_WRAP_1_if_1_rshift_rg 'mgc_shift_r_v5_width_a22_signd_a1_width_s4_width_z22_39' #insts = 43. (OPT-777)
Information: Ungrouping hierarchy MAC_14_operator_13_2_true_AC_TRN_AC_WRAP_1_lshift_rg 'mgc_shift_l_v5_width_a13_signd_a0_width_s4_width_z13_38' #insts = 36. (OPT-777)
Information: Ungrouping hierarchy MAC_6_operator_13_2_true_AC_TRN_AC_WRAP_1_lshift_rg 'mgc_shift_l_v5_width_a13_signd_a0_width_s4_width_z13_39' #insts = 36. (OPT-777)
Information: Ungrouping hierarchy MAC_13_operator_22_2_true_AC_TRN_AC_WRAP_2_lshift_rg 'mgc_shift_l_v5_width_a22_signd_a0_width_s6_width_z22_23' #insts = 72. (OPT-777)
Information: Ungrouping hierarchy MAC_13_ac_float_cctor_assign_from_n32_31_22_2_AC_TRN_AC_WRAP_2_if_1_rshift_rg 'mgc_shift_r_v5_width_a22_signd_a1_width_s4_width_z22_40' #insts = 43. (OPT-777)
Information: Ungrouping hierarchy MAC_4_operator_22_2_true_AC_TRN_AC_WRAP_1_lshift_rg 'mgc_shift_l_v5_width_a22_signd_a0_width_s5_width_z22_31' #insts = 70. (OPT-777)
Information: Ungrouping hierarchy MAC_4_ac_float_cctor_assign_from_n32_31_22_2_AC_TRN_AC_WRAP_1_if_1_rshift_rg 'mgc_shift_r_v5_width_a22_signd_a1_width_s4_width_z22_41' #insts = 43. (OPT-777)
Information: Ungrouping hierarchy MAC_13_operator_13_2_true_AC_TRN_AC_WRAP_1_lshift_rg 'mgc_shift_l_v5_width_a13_signd_a0_width_s4_width_z13_40' #insts = 36. (OPT-777)
Information: Ungrouping hierarchy MAC_5_operator_13_2_true_AC_TRN_AC_WRAP_1_lshift_rg 'mgc_shift_l_v5_width_a13_signd_a0_width_s4_width_z13_41' #insts = 36. (OPT-777)
Information: Ungrouping hierarchy MAC_16_operator_13_2_true_AC_TRN_AC_WRAP_lshift_rg 'mgc_shift_l_v5_width_a13_signd_a0_width_s4_width_z13_42' #insts = 36. (OPT-777)
Information: Ungrouping hierarchy MAC_12_operator_22_2_true_AC_TRN_AC_WRAP_2_lshift_rg 'mgc_shift_l_v5_width_a22_signd_a0_width_s6_width_z22_24' #insts = 72. (OPT-777)
Information: Ungrouping hierarchy MAC_12_ac_float_cctor_assign_from_n32_31_22_2_AC_TRN_AC_WRAP_2_if_1_rshift_rg 'mgc_shift_r_v5_width_a22_signd_a1_width_s4_width_z22_42' #insts = 43. (OPT-777)
Information: Ungrouping hierarchy MAC_3_operator_22_2_true_AC_TRN_AC_WRAP_1_lshift_rg 'mgc_shift_l_v5_width_a22_signd_a0_width_s5_width_z22_32' #insts = 70. (OPT-777)
Information: Ungrouping hierarchy MAC_3_ac_float_cctor_assign_from_n32_31_22_2_AC_TRN_AC_WRAP_1_if_1_rshift_rg 'mgc_shift_r_v5_width_a22_signd_a1_width_s4_width_z22_43' #insts = 43. (OPT-777)
Information: Ungrouping hierarchy MAC_12_operator_13_2_true_AC_TRN_AC_WRAP_1_lshift_rg 'mgc_shift_l_v5_width_a13_signd_a0_width_s4_width_z13_43' #insts = 36. (OPT-777)
Information: Ungrouping hierarchy MAC_4_operator_13_2_true_AC_TRN_AC_WRAP_1_lshift_rg 'mgc_shift_l_v5_width_a13_signd_a0_width_s4_width_z13_44' #insts = 36. (OPT-777)
Information: Ungrouping hierarchy MAC_15_operator_13_2_true_AC_TRN_AC_WRAP_lshift_rg 'mgc_shift_l_v5_width_a13_signd_a0_width_s4_width_z13_45' #insts = 36. (OPT-777)
Information: Ungrouping hierarchy MAC_11_operator_22_2_true_AC_TRN_AC_WRAP_2_lshift_rg 'mgc_shift_l_v5_width_a22_signd_a0_width_s6_width_z22_25' #insts = 72. (OPT-777)
Information: Ungrouping hierarchy MAC_11_ac_float_cctor_assign_from_n32_31_22_2_AC_TRN_AC_WRAP_2_if_1_rshift_rg 'mgc_shift_r_v5_width_a22_signd_a1_width_s4_width_z22_44' #insts = 43. (OPT-777)
Information: Ungrouping hierarchy MAC_2_operator_22_2_true_AC_TRN_AC_WRAP_1_lshift_rg 'mgc_shift_l_v5_width_a22_signd_a0_width_s5_width_z22_33' #insts = 70. (OPT-777)
Information: Ungrouping hierarchy MAC_2_ac_float_cctor_assign_from_n32_31_22_2_AC_TRN_AC_WRAP_1_if_1_rshift_rg 'mgc_shift_r_v5_width_a22_signd_a1_width_s4_width_z22_45' #insts = 43. (OPT-777)
Information: Ungrouping hierarchy MAC_10_operator_22_2_true_AC_TRN_AC_WRAP_2_lshift_rg 'mgc_shift_l_v5_width_a22_signd_a0_width_s6_width_z22_26' #insts = 72. (OPT-777)
Information: Ungrouping hierarchy MAC_10_ac_float_cctor_assign_from_n32_31_22_2_AC_TRN_AC_WRAP_2_if_1_rshift_rg 'mgc_shift_r_v5_width_a22_signd_a1_width_s4_width_z22_46' #insts = 43. (OPT-777)
Information: Ungrouping hierarchy MAC_15_operator_22_2_true_AC_TRN_AC_WRAP_1_lshift_rg 'mgc_shift_l_v5_width_a22_signd_a0_width_s5_width_z22_34' #insts = 70. (OPT-777)
Information: Ungrouping hierarchy MAC_15_ac_float_cctor_assign_from_n32_31_22_2_AC_TRN_AC_WRAP_1_if_1_rshift_rg 'mgc_shift_r_v5_width_a22_signd_a1_width_s4_width_z22_47' #insts = 43. (OPT-777)
Information: Ungrouping hierarchy MAC_10_operator_22_2_true_AC_TRN_AC_WRAP_1_lshift_rg 'mgc_shift_l_v5_width_a22_signd_a0_width_s6_width_z22_27' #insts = 72. (OPT-777)
Information: Ungrouping hierarchy MAC_10_ac_float_cctor_assign_from_n32_31_22_2_AC_TRN_AC_WRAP_1_if_1_rshift_rg 'mgc_shift_r_v5_width_a22_signd_a1_width_s4_width_z22_48' #insts = 43. (OPT-777)
Information: Ungrouping hierarchy MAC_1_operator_22_2_true_AC_TRN_AC_WRAP_1_lshift_rg 'mgc_shift_l_v5_width_a22_signd_a0_width_s5_width_z22_35' #insts = 70. (OPT-777)
Information: Ungrouping hierarchy MAC_1_ac_float_cctor_assign_from_n32_31_22_2_AC_TRN_AC_WRAP_1_if_1_rshift_rg 'mgc_shift_r_v5_width_a22_signd_a1_width_s4_width_z22_49' #insts = 43. (OPT-777)
  Mapping Optimization (Phase 1)
  Mapping Optimization (Phase 2)
  Mapping Optimization (Phase 3)
  Mapping Optimization (Phase 4)
  Mapping Optimization (Phase 5)
  Mapping Optimization (Phase 6)

Threshold voltage group cell usage:
>> saed32cell_lvt 100.00%

  Beginning Global Optimizations
  ------------------------------
  Global Optimization (Phase 1)
  Global Optimization (Phase 2)
  Global Optimization (Phase 3)
  Global Optimization (Phase 4)
  Global Optimization (Phase 5)
  Global Optimization (Phase 6)
  Global Optimization (Phase 7)
  Global Optimization (Phase 8)
  Global Optimization (Phase 9)
  Global Optimization (Phase 10)
  Global Optimization (Phase 11)
  Global Optimization (Phase 12)
  Global Optimization (Phase 13)
  Global Optimization (Phase 14)
  Global Optimization (Phase 15)
  Global Optimization (Phase 16)
  Global Optimization (Phase 17)
  Global Optimization (Phase 18)
  Global Optimization (Phase 19)
  Global Optimization (Phase 20)
  Global Optimization (Phase 21)
  Global Optimization (Phase 22)
  Global Optimization (Phase 23)
  Global Optimization (Phase 24)
  Global Optimization (Phase 25)
  Global Optimization (Phase 26)

Threshold voltage group cell usage:
>> saed32cell_lvt 100.00%

  Beginning Delay Optimization
  ----------------------------

                                  TOTAL                                                
   ELAPSED            WORST NEG   SETUP    DESIGN                              LEAKAGE 
    TIME      AREA      SLACK     COST    RULE COST         ENDPOINT            POWER  
  --------- --------- --------- --------- --------- ------------------------- ---------
    0:08:04  259259.9      1.57    4089.8   23759.9                           37227892736.0000
    0:08:05  259240.9      1.46    4011.5   23680.7                           37224054784.0000
    0:08:05  259240.9      1.46    4011.5   23680.7                           37224054784.0000
    0:12:23  266403.1      1.14    3694.5   23692.6                           37763760128.0000
    0:12:23  266403.1      1.14    3694.5   23692.6                           37763760128.0000
    0:12:50  267976.0      1.02    3277.4   10430.9                           38148317184.0000
    0:12:50  267976.0      1.02    3277.4   10430.9                           38148317184.0000
    0:12:58  265065.6      1.02    3277.1    9992.5                           37925785600.0000

Threshold voltage group cell usage:
>> saed32cell_lvt 100.00%
    0:13:53  264699.6      1.01    3229.9    8901.6                           37963407360.0000
Loading db file '/home/ajh9498/Documents/SALSA_HLS/FIR/syn/ref/DBs/saed32lvt_ss0p75v125c.db'
Warning: Design 'fir_core' contains 1 high-fanout nets. A fanout number of 1000 will be used for delay calculations involving these nets. (TIM-134)
     Net 'clk': 5301 load(s), 1 driver(s)
  Loading design 'fir_core'
Warning: Design 'fir_core' contains 1 high-fanout nets. A fanout number of 1000 will be used for delay calculations involving these nets. (TIM-134)
Information: The library cell 'PMT3_LVT' in the library 'saed32lvt_ss0p75v125c' is not characterized for internal power. (PWR-536)
Information: The library cell 'PMT2_LVT' in the library 'saed32lvt_ss0p75v125c' is not characterized for internal power. (PWR-536)
Information: The library cell 'PMT1_LVT' in the library 'saed32lvt_ss0p75v125c' is not characterized for internal power. (PWR-536)
Information: The library cell 'NMT3_LVT' in the library 'saed32lvt_ss0p75v125c' is not characterized for internal power. (PWR-536)
Information: The library cell 'NMT2_LVT' in the library 'saed32lvt_ss0p75v125c' is not characterized for internal power. (PWR-536)
Information: The library cell 'NMT1_LVT' in the library 'saed32lvt_ss0p75v125c' is not characterized for internal power. (PWR-536)
Information: The target library(s) contains cell(s), other than black boxes, that are not characterized for internal power. (PWR-24)
****************************************************************
Information: TLUPlus based RC computation is enabled. (RCEX-141)
****************************************************************
Information: The distance unit in Capacitance and Resistance is 1 micron. (RCEX-007)
Information: The RC model used is TLU+. (RCEX-015)
Information: Library Derived Cap for layer M1 : 0.16 0.16 (RCEX-011)
Information: Library Derived Res for layer M1 : 2e-06 2e-06 (RCEX-011)
Information: Library Derived Cap for layer M2 : 0.17 0.17 (RCEX-011)
Information: Library Derived Res for layer M2 : 1.8e-06 1.8e-06 (RCEX-011)
Information: Library Derived Cap for layer M3 : 0.11 0.11 (RCEX-011)
Information: Library Derived Res for layer M3 : 1.8e-06 1.8e-06 (RCEX-011)
Information: Library Derived Cap for layer M4 : 0.11 0.11 (RCEX-011)
Information: Library Derived Res for layer M4 : 1.8e-06 1.8e-06 (RCEX-011)
Information: Library Derived Cap for layer M5 : 0.094 0.094 (RCEX-011)
Information: Library Derived Res for layer M5 : 1.8e-06 1.8e-06 (RCEX-011)
Information: Library Derived Cap for layer M6 : 0.094 0.094 (RCEX-011)
Information: Library Derived Res for layer M6 : 1.8e-06 1.8e-06 (RCEX-011)
Information: Library Derived Cap for layer M7 : 0.092 0.092 (RCEX-011)
Information: Library Derived Res for layer M7 : 1.8e-06 1.8e-06 (RCEX-011)
Information: Library Derived Cap for layer M8 : 0.092 0.092 (RCEX-011)
Information: Library Derived Res for layer M8 : 1.8e-06 1.8e-06 (RCEX-011)
Information: Library Derived Cap for layer M9 : 0.11 0.11 (RCEX-011)
Information: Library Derived Res for layer M9 : 1.7e-06 1.7e-06 (RCEX-011)
Information: Library Derived Cap for layer MRDL : 0.11 0.11 (RCEX-011)
Information: Library Derived Res for layer MRDL : 1.8e-07 1.8e-07 (RCEX-011)
Information: Library Derived Horizontal Cap : 0.11 0.11 (RCEX-011)
Information: Library Derived Horizontal Res : 1.8e-06 1.8e-06 (RCEX-011)
Information: Library Derived Vertical Cap : 0.11 0.11 (RCEX-011)
Information: Library Derived Vertical Res : 1.5e-06 1.5e-06 (RCEX-011)
Information: Using derived R and C coefficients. (RCEX-008)
Information: Using region-based R and C coefficients. (RCEX-013)
Information: Library Derived Via Res : 4.6e-07 4.6e-07 (RCEX-011)

Running Main Compile placer.
Placing standard cells from scratch.
...14%...29%...43%...57%...71%...86%...100% done.
Running Main Compile placer - done.


 Collecting Buffer Trees ... Found 9282

 Processing Buffer Trees ... 

    [929]  10% ...
    [1858]  20% ...
    [2787]  30% ...
    [3716]  40% ...
    [4645]  50% ...
    [5574]  60% ...
    [6503]  70% ...
    [7432]  80% ...
    [8361]  90% ...
    [9282] 100% Done ...


Information: Automatic high-fanout synthesis deletes 4701 cells. (HFS-802)
Information: Automatic high-fanout synthesis adds 2965 new cells. (PSYN-864)


Threshold voltage group cell usage:
>> saed32cell_lvt 100.00%


  Beginning Timing Optimizations
  ------------------------------

                                  TOTAL                                                
   ELAPSED            WORST NEG   SETUP    DESIGN                              LEAKAGE 
    TIME      AREA      SLACK     COST    RULE COST         ENDPOINT            POWER  
  --------- --------- --------- --------- --------- ------------------------- ---------
    0:15:18  264416.8      2.80    5881.9  471918.1                           38753501184.0000
  Global Optimization (Phase 27)
  Global Optimization (Phase 28)
  Global Optimization (Phase 29)
  Global Optimization (Phase 30)
    0:15:21  264367.5      2.80    5881.0  471918.1                           38715715584.0000
    0:15:41  257425.8      2.47    5773.7  446899.4                           33398790144.0000


  Beginning Design Rule Fixing  (max_transition)  (max_capacitance)
  ------------------------------------
    0:16:20  284537.3      1.89    4941.5    2148.2                           41955991552.0000
    0:16:20  284537.3      1.89    4941.5    2148.2                           41955991552.0000
Info-lpmode: computing default table with library = lib8
    0:16:21  284537.3      1.89    4941.5    2148.2                           41955991552.0000
    0:16:29  284585.4      1.47    4575.0    3088.0                           41984135168.0000
    0:16:29  284585.4      1.47    4575.0    3088.0                           41984135168.0000
    0:16:55  286165.9      1.23    4185.1    7516.1                           42482212864.0000
    0:16:55  286165.9      1.22    4184.6    7394.5                           42482212864.0000
    0:17:02  286177.3      1.20    4179.1    8332.0                           42503192576.0000
    0:17:02  286177.3      1.20    4179.1    8332.0                           42503192576.0000
    0:18:04  288733.3      1.09    4039.2   14749.7                           43221204992.0000
    0:18:04  288733.3      1.09    4039.2   14749.7                           43221204992.0000
    0:18:30  289161.7      1.09    4030.9   15297.3                           43265073152.0000
    0:18:30  289161.7      1.09    4030.9   15297.3                           43265073152.0000
    0:19:11  290508.5      1.06    3944.6   18657.5                           43679125504.0000
    0:19:11  290508.5      1.06    3944.6   18657.5                           43679125504.0000
    0:19:12  290511.5      1.06    3944.6   18657.5                           43679346688.0000
    0:19:40  290332.8      1.05    3887.6   22498.4                           43752378368.0000
    0:19:51  290575.3      1.04    3884.5   22821.5                           43800104960.0000
    0:19:52  290575.3      1.04    3884.5   22821.5                           43800104960.0000
    0:20:10  277221.3      1.11    3847.8   21246.7                           39799865344.0000

Threshold voltage group cell usage:
>> saed32cell_lvt 100.00%


  Beginning High Effort Optimization Phase
  ----------------------------------------

Threshold voltage group cell usage:
>> saed32cell_lvt 100.00%


  Beginning Timing Optimization
  -----------------------------

                                  TOTAL                                                
   ELAPSED            WORST NEG   SETUP    DESIGN                              LEAKAGE 
    TIME      AREA      SLACK     COST    RULE COST         ENDPOINT            POWER  
  --------- --------- --------- --------- --------- ------------------------- ---------
    0:20:10  277221.3      1.11    3847.8   21246.7                           39799865344.0000
    0:20:10  277221.3      1.11    3847.8   21246.7                           39799865344.0000
    0:20:20  276408.3      1.10    3793.9    8617.1                           40211570688.0000
    0:20:21  276408.3      1.10    3793.9    8617.1                           40211570688.0000
    0:20:21  276407.5      1.08    3794.1    8673.8                           40210845696.0000
    0:20:21  276407.5      1.08    3794.1    8673.8                           40210845696.0000
    0:20:33  277296.5      1.03    3763.1   10062.9                           40389505024.0000

Threshold voltage group cell usage:
>> saed32cell_lvt 100.00%


  High Effort Optimization Phase Complete
  ---------------------------------------

Information: State dependent leakage is now switched from off to on.
Information: Propagating switching activity (low effort zero delay simulation). (PWR-6)
    0:20:42  277296.3      1.03    3763.1   10062.9                           38137171968.0000


Note: Symbol # after min delay cost means estimated hold TNS across all active scenarios 


  Optimization Complete
  ---------------------

Threshold voltage group cell usage:
>> saed32cell_lvt 100.00%
Loading db file '/home/ajh9498/Documents/SALSA_HLS/FIR/syn/ref/DBs/saed32lvt_ss0p75v125c.db'
1
report_area
 
****************************************
Report : area
Design : fir_core
Version: T-2022.03-SP5-5
Date   : Tue May 13 01:28:34 2025
****************************************

Information: Updating design information... (UID-85)
Warning: Design 'fir_core' contains 1 high-fanout nets. A fanout number of 1000 will be used for delay calculations involving these nets. (TIM-134)
Library(s) Used:

    saed32lvt_ss0p75v125c (File: /home/ajh9498/Documents/SALSA_HLS/FIR/syn/ref/DBs/saed32lvt_ss0p75v125c.db)

Number of ports:                         2157
Number of nets:                        102995
Number of cells:                        97131
Number of combinational cells:          91755
Number of sequential cells:              5301
Number of macros/black boxes:               0
Number of buf/inv:                      20580
Number of references:                      81

Combinational area:             240678.181026
Buf/Inv area:                    40746.653790
Noncombinational area:           36618.084960
Macro/Black Box area:                0.000000
Net Interconnect area:      undefined  (Wire load has zero net area)

Total cell area:                277296.265986
Total area:                 undefined
1
report_power
Information: Propagating switching activity (low effort zero delay simulation). (PWR-6)
Warning: Design has unannotated primary inputs. (PWR-414)
Warning: Design has unannotated sequential cell outputs. (PWR-415)
 
****************************************
Report : power
        -analysis_effort low
Design : fir_core
Version: T-2022.03-SP5-5
Date   : Tue May 13 01:28:48 2025
****************************************


Library(s) Used:

    saed32lvt_ss0p75v125c (File: /home/ajh9498/Documents/SALSA_HLS/FIR/syn/ref/DBs/saed32lvt_ss0p75v125c.db)


Operating Conditions: ss0p75v125c   Library: saed32lvt_ss0p75v125c
Wire Load Model Mode: Inactive.


Global Operating Voltage = 0.75 
Power-specific unit information :
    Voltage Units = 1V
    Capacitance Units = 1.000000ff
    Time Units = 1ns
    Dynamic Power Units = 1uW    (derived from V,C,T units)
    Leakage Power Units = 1pW


Attributes
----------
i - Including register clock pin internal power

Warning: Cannot report correlated power unless power prediction mode is set. (PWR-727)
Power Breakdown
---------------

                             Cell        Driven Net  Tot Dynamic      Cell
                             Internal    Switching   Power (uW)       Leakage
Cell                         Power (uW)  Power (uW)  (% Cell/Tot)     Power (pW)
--------------------------------------------------------------------------------
Netlist Power                3.047e+04   8.668e+03   3.913e+04 (78%)  3.817e+10
Estimated Clock Tree Power   N/A         N/A         N/A (N/A)        N/A
--------------------------------------------------------------------------------

                 Internal         Switching           Leakage            Total
Power Group      Power            Power               Power              Power   (   %    )  Attrs
--------------------------------------------------------------------------------------------------
io_pad             0.0000            0.0000            0.0000            0.0000  (   0.00%)
memory             0.0000            0.0000            0.0000            0.0000  (   0.00%)
black_box          0.0000            0.0000            0.0000            0.0000  (   0.00%)
clock_network  1.7986e+04            0.0000            0.0000        1.7986e+04  (  23.27%)  i
register       2.8126e+03          420.5118        8.1086e+09        1.1342e+04  (  14.67%)
sequential         0.0000            0.0000            0.0000            0.0000  (   0.00%)
combinational  9.6678e+03        8.2473e+03        3.0065e+10        4.7980e+04  (  62.06%)
--------------------------------------------------------------------------------------------------
Total          3.0466e+04 uW     8.6678e+03 uW     3.8174e+10 pW     7.7308e+04 uW
1
exit

Memory usage for this session 911 Mbytes.
Memory usage for this session including child processes 911 Mbytes.
CPU usage for this session 1299 seconds ( 0.36 hours ).
Elapsed time for this session 1351 seconds ( 0.38 hours ).

Thank you...
