
                            Design Compiler (R) NXT 

              Version T-2022.03-SP5-5 for linux64 - Jun 13, 2023 

                    Copyright (c) 1988 - 2023 Synopsys, Inc.
   This software and the associated documentation are proprietary to Synopsys,
 Inc. This software may only be used in accordance with the terms and conditions
 of a written license agreement with Synopsys, Inc. All other use, reproduction,
   or distribution of this software is strictly prohibited.  Licensed Products
     communicate with Synopsys servers for the purpose of providing software
    updates, detecting software piracy and verifying that customers are using
    Licensed Products in conformity with the applicable License Key for such
  Licensed Products. Synopsys will use information gathered in connection with
    this process to deliver software updates and pursue software pirates and
                                   infringers.

 Inclusivity & Diversity - Visit SolvNetPlus to read the "Synopsys Statement on
            Inclusivity and Diversity" (Refer to article 000036315 at
                        https://solvnetplus.synopsys.com)
Initializing...
Starting shell in Topographical mode...
Initializing gui preferences from file  /home/ajh9498/.synopsys_dc_gui/preferences.tcl
source setup.tcl
Information: Loading technology file '/home/ajh9498/Documents/SALSA_HLS/FIR/syn/ref/tech/saed32nm_1p9m.tf' (FILE-007)
Warning: Technology used to create frame-view and current technology have inconsistency: Fat table contents are different. (FRAM-054)
Warning: Technology 'saed32nm_1p9m_mw.tf' used for frame-view creation in library 'saed32_lvt|saed32_lvt_std', is inconsistent with the current technology 'saed32nm_1p9m.tf' of library 'fir_core.dlib'. Please run derive_design_level_via_regions to generate up-do-date via region in the design library. (NDM-102)
Warning: Technology used to create frame-view and current technology have inconsistency: Fat table contents are different. (FRAM-054)
Warning: Technology 'saed32nm_1p9m_mw.tf' used for frame-view creation in library 'saed32_lvt|saed32_lvt_lsup', is inconsistent with the current technology 'saed32nm_1p9m.tf' of library 'fir_core.dlib'. Please run derive_design_level_via_regions to generate up-do-date via region in the design library. (NDM-102)
Warning: Technology used to create frame-view and current technology have inconsistency: Fat table contents are different. (FRAM-054)
Warning: Technology 'saed32nm_1p9m_mw.tf' used for frame-view creation in library 'saed32_lvt|saed32_lvt_lsdn', is inconsistent with the current technology 'saed32nm_1p9m.tf' of library 'fir_core.dlib'. Please run derive_design_level_via_regions to generate up-do-date via region in the design library. (NDM-102)
Warning: Technology used to create frame-view and current technology have inconsistency: Fat table contents are different. (FRAM-054)
Warning: Technology 'saed32nm_1p9m_mw.tf' used for frame-view creation in library 'saed32_lvt|saed32_lvt_pg', is inconsistent with the current technology 'saed32nm_1p9m.tf' of library 'fir_core.dlib'. Please run derive_design_level_via_regions to generate up-do-date via region in the design library. (NDM-102)
Information: Using technology 'saed32nm_1p9m.tf' to derive design library via region in the frame-views of library 'saed32_lvt|saed32_lvt_std'. (FRAM-088)
Warning: There is no via region created in block 'AND2X1_LVT.frame'. Please check your design and settings.  (FRAM-069)
Warning: There is no via region created in block 'AND2X2_LVT.frame'. Please check your design and settings.  (FRAM-069)
Warning: There is no via region created in block 'AND2X4_LVT.frame'. Please check your design and settings.  (FRAM-069)
Warning: There is no via region created in block 'AND3X1_LVT.frame'. Please check your design and settings.  (FRAM-069)
Warning: There is no via region created in block 'AND3X2_LVT.frame'. Please check your design and settings.  (FRAM-069)
Warning: There is no via region created in block 'AND3X4_LVT.frame'. Please check your design and settings.  (FRAM-069)
Warning: There is no via region created in block 'AND4X1_LVT.frame'. Please check your design and settings.  (FRAM-069)
Warning: There is no via region created in block 'AND4X2_LVT.frame'. Please check your design and settings.  (FRAM-069)
Warning: There is no via region created in block 'AND4X4_LVT.frame'. Please check your design and settings.  (FRAM-069)
Warning: There is no via region created in block 'ANTENNA_LVT.frame'. Please check your design and settings.  (FRAM-069)
Warning: There is no via region created in block 'AO222X2_LVT.frame'. Please check your design and settings.  (FRAM-069)
Warning: There is no via region created in block 'AOBUFX1_LVT.frame'. Please check your design and settings.  (FRAM-069)
Warning: There is no via region created in block 'AOBUFX2_LVT.frame'. Please check your design and settings.  (FRAM-069)
Warning: There is no via region created in block 'AOBUFX4_LVT.frame'. Please check your design and settings.  (FRAM-069)
Warning: There is no via region created in block 'AOINVX1_LVT.frame'. Please check your design and settings.  (FRAM-069)
Warning: There is no via region created in block 'AOINVX2_LVT.frame'. Please check your design and settings.  (FRAM-069)
Warning: There is no via region created in block 'AOINVX4_LVT.frame'. Please check your design and settings.  (FRAM-069)
Warning: There is no via region created in block 'BSLEX1_LVT.frame'. Please check your design and settings.  (FRAM-069)
Warning: There is no via region created in block 'BSLEX2_LVT.frame'. Please check your design and settings.  (FRAM-069)
Warning: There is no via region created in block 'BSLEX4_LVT.frame'. Please check your design and settings.  (FRAM-069)
Warning: There is no via region created in block 'BUSKP_LVT.frame'. Please check your design and settings.  (FRAM-069)
Warning: There is no via region created in block 'CLOAD1_LVT.frame'. Please check your design and settings.  (FRAM-069)
Warning: There is no via region created in block 'DEC24X1_LVT.frame'. Please check your design and settings.  (FRAM-069)
Warning: There is no via region created in block 'DEC24X2_LVT.frame'. Please check your design and settings.  (FRAM-069)
Warning: There is no via region created in block 'DELLN1X2_LVT.frame'. Please check your design and settings.  (FRAM-069)
Warning: There is no via region created in block 'DELLN2X2_LVT.frame'. Please check your design and settings.  (FRAM-069)
Warning: There is no via region created in block 'DELLN3X2_LVT.frame'. Please check your design and settings.  (FRAM-069)
Warning: There is no via region created in block 'FADDX1_LVT.frame'. Please check your design and settings.  (FRAM-069)
Warning: There is no via region created in block 'FADDX2_LVT.frame'. Please check your design and settings.  (FRAM-069)
Warning: There is no via region created in block 'HADDX1_LVT.frame'. Please check your design and settings.  (FRAM-069)
Warning: There is no via region created in block 'HADDX2_LVT.frame'. Please check your design and settings.  (FRAM-069)
Warning: There is no via region created in block 'IBUFFX16_LVT.frame'. Please check your design and settings.  (FRAM-069)
Warning: There is no via region created in block 'IBUFFX2_LVT.frame'. Please check your design and settings.  (FRAM-069)
Warning: There is no via region created in block 'IBUFFX32_LVT.frame'. Please check your design and settings.  (FRAM-069)
Warning: There is no via region created in block 'IBUFFX4_LVT.frame'. Please check your design and settings.  (FRAM-069)
Warning: There is no via region created in block 'IBUFFX8_LVT.frame'. Please check your design and settings.  (FRAM-069)
Warning: There is no via region created in block 'INVX0_LVT.frame'. Please check your design and settings.  (FRAM-069)
Warning: There is no via region created in block 'INVX16_LVT.frame'. Please check your design and settings.  (FRAM-069)
Warning: There is no via region created in block 'INVX1_LVT.frame'. Please check your design and settings.  (FRAM-069)
Warning: There is no via region created in block 'INVX2_LVT.frame'. Please check your design and settings.  (FRAM-069)
Warning: There is no via region created in block 'INVX32_LVT.frame'. Please check your design and settings.  (FRAM-069)
Warning: There is no via region created in block 'INVX4_LVT.frame'. Please check your design and settings.  (FRAM-069)
Warning: There is no via region created in block 'INVX8_LVT.frame'. Please check your design and settings.  (FRAM-069)
Warning: There is no via region created in block 'ISOLANDAOX1_LVT.frame'. Please check your design and settings.  (FRAM-069)
Warning: There is no via region created in block 'ISOLANDAOX2_LVT.frame'. Please check your design and settings.  (FRAM-069)
Warning: There is no via region created in block 'ISOLANDAOX4_LVT.frame'. Please check your design and settings.  (FRAM-069)
Warning: There is no via region created in block 'ISOLANDAOX8_LVT.frame'. Please check your design and settings.  (FRAM-069)
Warning: There is no via region created in block 'ISOLANDX1_LVT.frame'. Please check your design and settings.  (FRAM-069)
Warning: There is no via region created in block 'ISOLANDX2_LVT.frame'. Please check your design and settings.  (FRAM-069)
Warning: There is no via region created in block 'ISOLANDX4_LVT.frame'. Please check your design and settings.  (FRAM-069)
Warning: There is no via region created in block 'ISOLANDX8_LVT.frame'. Please check your design and settings.  (FRAM-069)
Warning: There is no via region created in block 'ISOLORAOX1_LVT.frame'. Please check your design and settings.  (FRAM-069)
Warning: There is no via region created in block 'ISOLORAOX2_LVT.frame'. Please check your design and settings.  (FRAM-069)
Warning: There is no via region created in block 'ISOLORAOX4_LVT.frame'. Please check your design and settings.  (FRAM-069)
Warning: There is no via region created in block 'ISOLORAOX8_LVT.frame'. Please check your design and settings.  (FRAM-069)
Warning: There is no via region created in block 'ISOLORX1_LVT.frame'. Please check your design and settings.  (FRAM-069)
Warning: There is no via region created in block 'ISOLORX2_LVT.frame'. Please check your design and settings.  (FRAM-069)
Warning: There is no via region created in block 'ISOLORX4_LVT.frame'. Please check your design and settings.  (FRAM-069)
Warning: There is no via region created in block 'ISOLORX8_LVT.frame'. Please check your design and settings.  (FRAM-069)
Warning: There is no via region created in block 'LNANDX1_LVT.frame'. Please check your design and settings.  (FRAM-069)
Warning: There is no via region created in block 'LNANDX2_LVT.frame'. Please check your design and settings.  (FRAM-069)
Warning: There is no via region created in block 'NAND2X0_LVT.frame'. Please check your design and settings.  (FRAM-069)
Warning: There is no via region created in block 'NAND2X2_LVT.frame'. Please check your design and settings.  (FRAM-069)
Warning: There is no via region created in block 'NAND2X4_LVT.frame'. Please check your design and settings.  (FRAM-069)
Warning: There is no via region created in block 'NAND3X0_LVT.frame'. Please check your design and settings.  (FRAM-069)
Warning: There is no via region created in block 'NAND3X1_LVT.frame'. Please check your design and settings.  (FRAM-069)
Warning: There is no via region created in block 'NAND3X2_LVT.frame'. Please check your design and settings.  (FRAM-069)
Warning: There is no via region created in block 'NAND3X4_LVT.frame'. Please check your design and settings.  (FRAM-069)
Warning: There is no via region created in block 'NAND4X0_LVT.frame'. Please check your design and settings.  (FRAM-069)
Warning: There is no via region created in block 'NAND4X1_LVT.frame'. Please check your design and settings.  (FRAM-069)
Warning: There is no via region created in block 'NBUFFX16_LVT.frame'. Please check your design and settings.  (FRAM-069)
Warning: There is no via region created in block 'NBUFFX2_LVT.frame'. Please check your design and settings.  (FRAM-069)
Warning: There is no via region created in block 'NBUFFX32_LVT.frame'. Please check your design and settings.  (FRAM-069)
Warning: There is no via region created in block 'NBUFFX4_LVT.frame'. Please check your design and settings.  (FRAM-069)
Warning: There is no via region created in block 'NBUFFX8_LVT.frame'. Please check your design and settings.  (FRAM-069)
Warning: There is no via region created in block 'NMT1_LVT.frame'. Please check your design and settings.  (FRAM-069)
Warning: There is no via region created in block 'NMT2_LVT.frame'. Please check your design and settings.  (FRAM-069)
Warning: There is no via region created in block 'NMT3_LVT.frame'. Please check your design and settings.  (FRAM-069)
Warning: There is no via region created in block 'OA21X1_LVT.frame'. Please check your design and settings.  (FRAM-069)
Warning: There is no via region created in block 'OA21X2_LVT.frame'. Please check your design and settings.  (FRAM-069)
Warning: There is no via region created in block 'OA221X1_LVT.frame'. Please check your design and settings.  (FRAM-069)
Warning: There is no via region created in block 'OA221X2_LVT.frame'. Please check your design and settings.  (FRAM-069)
Warning: There is no via region created in block 'OA222X1_LVT.frame'. Please check your design and settings.  (FRAM-069)
Warning: There is no via region created in block 'OA222X2_LVT.frame'. Please check your design and settings.  (FRAM-069)
Warning: There is no via region created in block 'OA22X1_LVT.frame'. Please check your design and settings.  (FRAM-069)
Warning: There is no via region created in block 'OA22X2_LVT.frame'. Please check your design and settings.  (FRAM-069)
Warning: There is no via region created in block 'OAI21X1_LVT.frame'. Please check your design and settings.  (FRAM-069)
Warning: There is no via region created in block 'OAI21X2_LVT.frame'. Please check your design and settings.  (FRAM-069)
Warning: There is no via region created in block 'OAI221X1_LVT.frame'. Please check your design and settings.  (FRAM-069)
Warning: There is no via region created in block 'OAI221X2_LVT.frame'. Please check your design and settings.  (FRAM-069)
Warning: There is no via region created in block 'OAI222X1_LVT.frame'. Please check your design and settings.  (FRAM-069)
Warning: There is no via region created in block 'OAI222X2_LVT.frame'. Please check your design and settings.  (FRAM-069)
Warning: There is no via region created in block 'OAI22X1_LVT.frame'. Please check your design and settings.  (FRAM-069)
Warning: There is no via region created in block 'OAI22X2_LVT.frame'. Please check your design and settings.  (FRAM-069)
Warning: There is no via region created in block 'OR4X1_LVT.frame'. Please check your design and settings.  (FRAM-069)
Warning: There is no via region created in block 'OR4X2_LVT.frame'. Please check your design and settings.  (FRAM-069)
Warning: There is no via region created in block 'PGX1_LVT.frame'. Please check your design and settings.  (FRAM-069)
Warning: There is no via region created in block 'PGX2_LVT.frame'. Please check your design and settings.  (FRAM-069)
Warning: There is no via region created in block 'PGX4_LVT.frame'. Please check your design and settings.  (FRAM-069)
Warning: There is no via region created in block 'PMT1_LVT.frame'. Please check your design and settings.  (FRAM-069)
Warning: There is no via region created in block 'PMT2_LVT.frame'. Please check your design and settings.  (FRAM-069)
Warning: There is no via region created in block 'PMT3_LVT.frame'. Please check your design and settings.  (FRAM-069)
Warning: There is no via region created in block 'TIEH_LVT.frame'. Please check your design and settings.  (FRAM-069)
Warning: There is no via region created in block 'TIEL_LVT.frame'. Please check your design and settings.  (FRAM-069)
Warning: There is no via region created in block 'TNBUFFX16_LVT.frame'. Please check your design and settings.  (FRAM-069)
Warning: There is no via region created in block 'TNBUFFX1_LVT.frame'. Please check your design and settings.  (FRAM-069)
Warning: There is no via region created in block 'TNBUFFX2_LVT.frame'. Please check your design and settings.  (FRAM-069)
Warning: There is no via region created in block 'TNBUFFX32_LVT.frame'. Please check your design and settings.  (FRAM-069)
Warning: There is no via region created in block 'TNBUFFX4_LVT.frame'. Please check your design and settings.  (FRAM-069)
Warning: There is no via region created in block 'TNBUFFX8_LVT.frame'. Please check your design and settings.  (FRAM-069)
Warning: There is no via region created in block 'XNOR2X1_LVT.frame'. Please check your design and settings.  (FRAM-069)
Warning: There is no via region created in block 'XNOR2X2_LVT.frame'. Please check your design and settings.  (FRAM-069)
Warning: There is no via region created in block 'XOR2X1_LVT.frame'. Please check your design and settings.  (FRAM-069)
Warning: There is no via region created in block 'XOR2X2_LVT.frame'. Please check your design and settings.  (FRAM-069)
Warning: There is no via region created in block 'XOR3X1_LVT.frame'. Please check your design and settings.  (FRAM-069)
Warning: There is no via region created in block 'XOR3X2_LVT.frame'. Please check your design and settings.  (FRAM-069)
Via regions for library saed32_lvt|saed32_lvt_std created successfully
Information: Using technology 'saed32nm_1p9m.tf' to derive design library via region in the frame-views of library 'saed32_lvt|saed32_lvt_lsup'. (FRAM-088)
Warning: There is no via region created in block 'LSUPX1_LVT.frame'. Please check your design and settings.  (FRAM-069)
Warning: There is no via region created in block 'LSUPX2_LVT.frame'. Please check your design and settings.  (FRAM-069)
Warning: There is no via region created in block 'LSUPX4_LVT.frame'. Please check your design and settings.  (FRAM-069)
Warning: There is no via region created in block 'LSUPX8_LVT.frame'. Please check your design and settings.  (FRAM-069)
Via regions for library saed32_lvt|saed32_lvt_lsup created successfully
Information: Using technology 'saed32nm_1p9m.tf' to derive design library via region in the frame-views of library 'saed32_lvt|saed32_lvt_lsdn'. (FRAM-088)
Warning: There is no via region created in block 'LSDNENCLSSX1_LVT.frame'. Please check your design and settings.  (FRAM-069)
Warning: There is no via region created in block 'LSDNENCLSSX2_LVT.frame'. Please check your design and settings.  (FRAM-069)
Warning: There is no via region created in block 'LSDNENCLSSX4_LVT.frame'. Please check your design and settings.  (FRAM-069)
Warning: There is no via region created in block 'LSDNENCLSSX8_LVT.frame'. Please check your design and settings.  (FRAM-069)
Warning: There is no via region created in block 'LSDNENSSX4_LVT.frame'. Please check your design and settings.  (FRAM-069)
Warning: There is no via region created in block 'LSDNENSSX8_LVT.frame'. Please check your design and settings.  (FRAM-069)
Warning: There is no via region created in block 'LSDNSSX1_LVT.frame'. Please check your design and settings.  (FRAM-069)
Warning: There is no via region created in block 'LSDNSSX2_LVT.frame'. Please check your design and settings.  (FRAM-069)
Warning: There is no via region created in block 'LSDNSSX4_LVT.frame'. Please check your design and settings.  (FRAM-069)
Warning: There is no via region created in block 'LSDNSSX8_LVT.frame'. Please check your design and settings.  (FRAM-069)
Warning: There is no via region created in block 'LSDNX1_LVT.frame'. Please check your design and settings.  (FRAM-069)
Warning: There is no via region created in block 'LSDNX2_LVT.frame'. Please check your design and settings.  (FRAM-069)
Warning: There is no via region created in block 'LSDNX4_LVT.frame'. Please check your design and settings.  (FRAM-069)
Warning: There is no via region created in block 'LSDNX8_LVT.frame'. Please check your design and settings.  (FRAM-069)
Via regions for library saed32_lvt|saed32_lvt_lsdn created successfully
Information: Using technology 'saed32nm_1p9m.tf' to derive design library via region in the frame-views of library 'saed32_lvt|saed32_lvt_pg'. (FRAM-088)
Warning: There is no via region created in block 'FOOT2X16_LVT.frame'. Please check your design and settings.  (FRAM-069)
Warning: There is no via region created in block 'FOOT2X32_LVT.frame'. Please check your design and settings.  (FRAM-069)
Warning: There is no via region created in block 'FOOT2X4_LVT.frame'. Please check your design and settings.  (FRAM-069)
Warning: There is no via region created in block 'FOOT2X8_LVT.frame'. Please check your design and settings.  (FRAM-069)
Warning: There is no via region created in block 'FOOTX16_LVT.frame'. Please check your design and settings.  (FRAM-069)
Warning: There is no via region created in block 'FOOTX2_LVT.frame'. Please check your design and settings.  (FRAM-069)
Warning: There is no via region created in block 'FOOTX32_LVT.frame'. Please check your design and settings.  (FRAM-069)
Warning: There is no via region created in block 'FOOTX4_LVT.frame'. Please check your design and settings.  (FRAM-069)
Warning: There is no via region created in block 'FOOTX8_LVT.frame'. Please check your design and settings.  (FRAM-069)
Warning: There is no via region created in block 'HEAD2X16_LVT.frame'. Please check your design and settings.  (FRAM-069)
Warning: There is no via region created in block 'HEAD2X2_LVT.frame'. Please check your design and settings.  (FRAM-069)
Warning: There is no via region created in block 'HEAD2X32_LVT.frame'. Please check your design and settings.  (FRAM-069)
Warning: There is no via region created in block 'HEAD2X8_LVT.frame'. Please check your design and settings.  (FRAM-069)
Warning: There is no via region created in block 'HEADX16_LVT.frame'. Please check your design and settings.  (FRAM-069)
Warning: There is no via region created in block 'HEADX2_LVT.frame'. Please check your design and settings.  (FRAM-069)
Warning: There is no via region created in block 'HEADX32_LVT.frame'. Please check your design and settings.  (FRAM-069)
Warning: There is no via region created in block 'HEADX4_LVT.frame'. Please check your design and settings.  (FRAM-069)
Warning: There is no via region created in block 'HEADX8_LVT.frame'. Please check your design and settings.  (FRAM-069)
Via regions for library saed32_lvt|saed32_lvt_pg created successfully
Saving library 'fir_core.dlib'
Information: Using the 'create_lib' command has enabled NDM mode for the current Design Compiler NXT session. (DCT-294)
Information: Incrementing open_count of library 'fir_core.dlib' to 2. (LIB-017)

==================================================================

Library Settings:
search_path:              . /eda/synopsys/syn/T-2022.03-SP5-5/libraries/syn /eda/synopsys/syn/T-2022.03-SP5-5/dw/syn_ver /eda/synopsys/syn/T-2022.03-SP5-5/dw/sim_ver ../ref/DBs ../ref/CLIBs ../ref/tech  ./rtl ./sdc
link_library:             * saed32lvt_ss0p75v125c.db
target_library:           saed32lvt_ss0p75v125c.db
physical libraries:       saed32_lvt.ndm
physical design library:  fir_core.dlib

==================================================================
analyze -f verilog fir_core.v
Running PRESTO HDLC
Compiling source file ./rtl/fir_core.v
Presto compilation completed successfully.
Loading db file '/home/ajh9498/Documents/SALSA_HLS/FIR/syn/ref/DBs/saed32lvt_ss0p75v125c.db'
1
elaborate fir_core
Loading db file '/eda/synopsys/syn/T-2022.03-SP5-5/libraries/syn/gtech.db'
Loading db file '/eda/synopsys/syn/T-2022.03-SP5-5/libraries/syn/standard.sldb'
  Loading link library 'saed32lvt_ss0p75v125c'
  Loading link library 'gtech'
Running PRESTO HDLC
Warning:  ./rtl/fir_core.v:6733: signed to unsigned assignment occurs. (VER-318)
Warning:  ./rtl/fir_core.v:6735: signed to unsigned assignment occurs. (VER-318)
Warning:  ./rtl/fir_core.v:6737: signed to unsigned assignment occurs. (VER-318)
Warning:  ./rtl/fir_core.v:6739: signed to unsigned assignment occurs. (VER-318)
Warning:  ./rtl/fir_core.v:6741: signed to unsigned assignment occurs. (VER-318)
Warning:  ./rtl/fir_core.v:6743: signed to unsigned assignment occurs. (VER-318)
Warning:  ./rtl/fir_core.v:6745: signed to unsigned assignment occurs. (VER-318)
Warning:  ./rtl/fir_core.v:6747: signed to unsigned assignment occurs. (VER-318)
Warning:  ./rtl/fir_core.v:6749: signed to unsigned assignment occurs. (VER-318)
Warning:  ./rtl/fir_core.v:6751: signed to unsigned assignment occurs. (VER-318)
Warning:  ./rtl/fir_core.v:6753: signed to unsigned assignment occurs. (VER-318)
Warning:  ./rtl/fir_core.v:6755: signed to unsigned assignment occurs. (VER-318)
Warning:  ./rtl/fir_core.v:6757: signed to unsigned assignment occurs. (VER-318)
Warning:  ./rtl/fir_core.v:6759: signed to unsigned assignment occurs. (VER-318)
Warning:  ./rtl/fir_core.v:6761: signed to unsigned assignment occurs. (VER-318)
Warning:  ./rtl/fir_core.v:6763: signed to unsigned assignment occurs. (VER-318)
Warning:  ./rtl/fir_core.v:6765: signed to unsigned assignment occurs. (VER-318)
Warning:  ./rtl/fir_core.v:6767: signed to unsigned assignment occurs. (VER-318)
Warning:  ./rtl/fir_core.v:6769: signed to unsigned assignment occurs. (VER-318)
Warning:  ./rtl/fir_core.v:6771: signed to unsigned assignment occurs. (VER-318)
Warning:  ./rtl/fir_core.v:6773: signed to unsigned assignment occurs. (VER-318)
Warning:  ./rtl/fir_core.v:6775: signed to unsigned assignment occurs. (VER-318)
Warning:  ./rtl/fir_core.v:6777: signed to unsigned assignment occurs. (VER-318)
Warning:  ./rtl/fir_core.v:6779: signed to unsigned assignment occurs. (VER-318)
Warning:  ./rtl/fir_core.v:6781: signed to unsigned assignment occurs. (VER-318)
Warning:  ./rtl/fir_core.v:6783: signed to unsigned assignment occurs. (VER-318)
Warning:  ./rtl/fir_core.v:6785: signed to unsigned assignment occurs. (VER-318)
Warning:  ./rtl/fir_core.v:6787: signed to unsigned assignment occurs. (VER-318)
Warning:  ./rtl/fir_core.v:6789: signed to unsigned assignment occurs. (VER-318)
Warning:  ./rtl/fir_core.v:6791: signed to unsigned assignment occurs. (VER-318)
Warning:  ./rtl/fir_core.v:6793: signed to unsigned assignment occurs. (VER-318)
Warning:  ./rtl/fir_core.v:6795: signed to unsigned assignment occurs. (VER-318)
Warning:  ./rtl/fir_core.v:8092: signed to unsigned assignment occurs. (VER-318)
Warning:  ./rtl/fir_core.v:8094: signed to unsigned assignment occurs. (VER-318)
Warning:  ./rtl/fir_core.v:8096: signed to unsigned assignment occurs. (VER-318)
Warning:  ./rtl/fir_core.v:8098: signed to unsigned assignment occurs. (VER-318)
Warning:  ./rtl/fir_core.v:8100: signed to unsigned assignment occurs. (VER-318)
Warning:  ./rtl/fir_core.v:8102: signed to unsigned assignment occurs. (VER-318)
Warning:  ./rtl/fir_core.v:8104: signed to unsigned assignment occurs. (VER-318)
Warning:  ./rtl/fir_core.v:8106: signed to unsigned assignment occurs. (VER-318)
Warning:  ./rtl/fir_core.v:8108: signed to unsigned assignment occurs. (VER-318)
Warning:  ./rtl/fir_core.v:8110: signed to unsigned assignment occurs. (VER-318)
Warning:  ./rtl/fir_core.v:8112: signed to unsigned assignment occurs. (VER-318)
Warning:  ./rtl/fir_core.v:8114: signed to unsigned assignment occurs. (VER-318)
Warning:  ./rtl/fir_core.v:8116: signed to unsigned assignment occurs. (VER-318)
Warning:  ./rtl/fir_core.v:8118: signed to unsigned assignment occurs. (VER-318)
Warning:  ./rtl/fir_core.v:8120: signed to unsigned assignment occurs. (VER-318)
Warning:  ./rtl/fir_core.v:8122: signed to unsigned assignment occurs. (VER-318)
Warning:  ./rtl/fir_core.v:8124: signed to unsigned assignment occurs. (VER-318)
Warning:  ./rtl/fir_core.v:8126: signed to unsigned assignment occurs. (VER-318)
Warning:  ./rtl/fir_core.v:8128: signed to unsigned assignment occurs. (VER-318)
Warning:  ./rtl/fir_core.v:8130: signed to unsigned assignment occurs. (VER-318)
Warning:  ./rtl/fir_core.v:8132: signed to unsigned assignment occurs. (VER-318)
Warning:  ./rtl/fir_core.v:8134: signed to unsigned assignment occurs. (VER-318)
Warning:  ./rtl/fir_core.v:8136: signed to unsigned assignment occurs. (VER-318)
Warning:  ./rtl/fir_core.v:8138: signed to unsigned assignment occurs. (VER-318)
Warning:  ./rtl/fir_core.v:8140: signed to unsigned assignment occurs. (VER-318)
Warning:  ./rtl/fir_core.v:8142: signed to unsigned assignment occurs. (VER-318)
Warning:  ./rtl/fir_core.v:8144: signed to unsigned assignment occurs. (VER-318)
Warning:  ./rtl/fir_core.v:8146: signed to unsigned assignment occurs. (VER-318)
Warning:  ./rtl/fir_core.v:8148: signed to unsigned assignment occurs. (VER-318)
Warning:  ./rtl/fir_core.v:8150: signed to unsigned assignment occurs. (VER-318)

Statistics for case statements in always block at line 4566 in file
	'./rtl/fir_core.v'
===============================================
|           Line           |  full/ parallel  |
===============================================
|          14907           |    auto/auto     |
===============================================

Statistics for case statements in always block at line 4569 in file
	'./rtl/fir_core.v'
===============================================
|           Line           |  full/ parallel  |
===============================================
|          14983           |    auto/auto     |
===============================================

Statistics for case statements in always block at line 6156 in file
	'./rtl/fir_core.v'
===============================================
|           Line           |  full/ parallel  |
===============================================
|          15002           |    auto/auto     |
===============================================

Statistics for case statements in always block at line 6722 in file
	'./rtl/fir_core.v'
===============================================
|           Line           |  full/ parallel  |
===============================================
|          14926           |    auto/auto     |
===============================================

Statistics for case statements in always block at line 7663 in file
	'./rtl/fir_core.v'
===============================================
|           Line           |  full/ parallel  |
===============================================
|          15040           |    auto/auto     |
===============================================

Statistics for case statements in always block at line 8022 in file
	'./rtl/fir_core.v'
===============================================
|           Line           |  full/ parallel  |
===============================================
|          14945           |    auto/auto     |
===============================================

Statistics for case statements in always block at line 8062 in file
	'./rtl/fir_core.v'
===============================================
|           Line           |  full/ parallel  |
===============================================
|          15021           |    auto/auto     |
===============================================

Statistics for case statements in always block at line 10942 in file
	'./rtl/fir_core.v'
===============================================
|           Line           |  full/ parallel  |
===============================================
|          14964           |    auto/auto     |
===============================================

Statistics for case statements in always block at line 12107 in file
	'./rtl/fir_core.v'
===============================================
|           Line           |  full/ parallel  |
===============================================
|          15059           |    auto/auto     |
===============================================

Inferred memory devices in process
	in routine fir_core line 8915 in file
		'./rtl/fir_core.v'.
=======================================================================================================================
|                        Register Name                        |   Type    | Width | Bus | MB | AR | AS | SR | SS | ST |
=======================================================================================================================
| ac_float_11_1_5_AC_TRN_operator_11_1_5_AC_TRN_r_m_1_sva_reg | Flip-flop |  22   |  Y  | N  | N  | N  | N  | N  | N  |
=======================================================================================================================

Inferred memory devices in process
	in routine fir_core line 8923 in file
		'./rtl/fir_core.v'.
========================================================================================================================
|                        Register Name                         |   Type    | Width | Bus | MB | AR | AS | SR | SS | ST |
========================================================================================================================
| ac_float_11_1_5_AC_TRN_operator_11_1_5_AC_TRN_r_m_18_sva_reg | Flip-flop |  22   |  Y  | N  | N  | N  | N  | N  | N  |
========================================================================================================================

Inferred memory devices in process
	in routine fir_core line 8931 in file
		'./rtl/fir_core.v'.
========================================================================================================================
|                        Register Name                         |   Type    | Width | Bus | MB | AR | AS | SR | SS | ST |
========================================================================================================================
| ac_float_11_1_5_AC_TRN_operator_11_1_5_AC_TRN_r_m_19_sva_reg | Flip-flop |  22   |  Y  | N  | N  | N  | N  | N  | N  |
========================================================================================================================

Inferred memory devices in process
	in routine fir_core line 8939 in file
		'./rtl/fir_core.v'.
========================================================================================================================
|                        Register Name                         |   Type    | Width | Bus | MB | AR | AS | SR | SS | ST |
========================================================================================================================
| ac_float_11_1_5_AC_TRN_operator_11_1_5_AC_TRN_r_m_20_sva_reg | Flip-flop |  22   |  Y  | N  | N  | N  | N  | N  | N  |
========================================================================================================================

Inferred memory devices in process
	in routine fir_core line 8947 in file
		'./rtl/fir_core.v'.
========================================================================================================================
|                        Register Name                         |   Type    | Width | Bus | MB | AR | AS | SR | SS | ST |
========================================================================================================================
| ac_float_11_1_5_AC_TRN_operator_11_1_5_AC_TRN_r_m_21_sva_reg | Flip-flop |  22   |  Y  | N  | N  | N  | N  | N  | N  |
========================================================================================================================

Inferred memory devices in process
	in routine fir_core line 8955 in file
		'./rtl/fir_core.v'.
========================================================================================================================
|                        Register Name                         |   Type    | Width | Bus | MB | AR | AS | SR | SS | ST |
========================================================================================================================
| ac_float_11_1_5_AC_TRN_operator_11_1_5_AC_TRN_r_m_22_sva_reg | Flip-flop |  22   |  Y  | N  | N  | N  | N  | N  | N  |
========================================================================================================================

Inferred memory devices in process
	in routine fir_core line 8963 in file
		'./rtl/fir_core.v'.
========================================================================================================================
|                        Register Name                         |   Type    | Width | Bus | MB | AR | AS | SR | SS | ST |
========================================================================================================================
| ac_float_11_1_5_AC_TRN_operator_11_1_5_AC_TRN_r_m_23_sva_reg | Flip-flop |  22   |  Y  | N  | N  | N  | N  | N  | N  |
========================================================================================================================

Inferred memory devices in process
	in routine fir_core line 8971 in file
		'./rtl/fir_core.v'.
========================================================================================================================
|                        Register Name                         |   Type    | Width | Bus | MB | AR | AS | SR | SS | ST |
========================================================================================================================
| ac_float_11_1_5_AC_TRN_operator_11_1_5_AC_TRN_r_m_24_sva_reg | Flip-flop |  22   |  Y  | N  | N  | N  | N  | N  | N  |
========================================================================================================================

Inferred memory devices in process
	in routine fir_core line 8979 in file
		'./rtl/fir_core.v'.
========================================================================================================================
|                        Register Name                         |   Type    | Width | Bus | MB | AR | AS | SR | SS | ST |
========================================================================================================================
| ac_float_11_1_5_AC_TRN_operator_11_1_5_AC_TRN_r_m_25_sva_reg | Flip-flop |  22   |  Y  | N  | N  | N  | N  | N  | N  |
========================================================================================================================

Inferred memory devices in process
	in routine fir_core line 8987 in file
		'./rtl/fir_core.v'.
========================================================================================================================
|                        Register Name                         |   Type    | Width | Bus | MB | AR | AS | SR | SS | ST |
========================================================================================================================
| ac_float_11_1_5_AC_TRN_operator_11_1_5_AC_TRN_r_m_26_sva_reg | Flip-flop |  22   |  Y  | N  | N  | N  | N  | N  | N  |
========================================================================================================================

Inferred memory devices in process
	in routine fir_core line 8995 in file
		'./rtl/fir_core.v'.
========================================================================================================================
|                        Register Name                         |   Type    | Width | Bus | MB | AR | AS | SR | SS | ST |
========================================================================================================================
| ac_float_11_1_5_AC_TRN_operator_11_1_5_AC_TRN_r_m_27_sva_reg | Flip-flop |  22   |  Y  | N  | N  | N  | N  | N  | N  |
========================================================================================================================

Inferred memory devices in process
	in routine fir_core line 9003 in file
		'./rtl/fir_core.v'.
========================================================================================================================
|                        Register Name                         |   Type    | Width | Bus | MB | AR | AS | SR | SS | ST |
========================================================================================================================
| ac_float_11_1_5_AC_TRN_operator_11_1_5_AC_TRN_r_m_28_sva_reg | Flip-flop |  22   |  Y  | N  | N  | N  | N  | N  | N  |
========================================================================================================================

Inferred memory devices in process
	in routine fir_core line 9011 in file
		'./rtl/fir_core.v'.
========================================================================================================================
|                        Register Name                         |   Type    | Width | Bus | MB | AR | AS | SR | SS | ST |
========================================================================================================================
| ac_float_11_1_5_AC_TRN_operator_11_1_5_AC_TRN_r_m_29_sva_reg | Flip-flop |  22   |  Y  | N  | N  | N  | N  | N  | N  |
========================================================================================================================

Inferred memory devices in process
	in routine fir_core line 9019 in file
		'./rtl/fir_core.v'.
========================================================================================================================
|                        Register Name                         |   Type    | Width | Bus | MB | AR | AS | SR | SS | ST |
========================================================================================================================
| ac_float_11_1_5_AC_TRN_operator_11_1_5_AC_TRN_r_m_30_sva_reg | Flip-flop |  22   |  Y  | N  | N  | N  | N  | N  | N  |
========================================================================================================================

Inferred memory devices in process
	in routine fir_core line 9027 in file
		'./rtl/fir_core.v'.
========================================================================================================================
|                        Register Name                         |   Type    | Width | Bus | MB | AR | AS | SR | SS | ST |
========================================================================================================================
| ac_float_11_1_5_AC_TRN_operator_11_1_5_AC_TRN_r_m_31_sva_reg | Flip-flop |  22   |  Y  | N  | N  | N  | N  | N  | N  |
========================================================================================================================

Inferred memory devices in process
	in routine fir_core line 9035 in file
		'./rtl/fir_core.v'.
=====================================================================================================================
|                       Register Name                       |   Type    | Width | Bus | MB | AR | AS | SR | SS | ST |
=====================================================================================================================
| ac_float_11_1_5_AC_TRN_operator_11_1_5_AC_TRN_r_m_sva_reg | Flip-flop |  22   |  Y  | N  | N  | N  | N  | N  | N  |
=====================================================================================================================

Inferred memory devices in process
	in routine fir_core line 9043 in file
		'./rtl/fir_core.v'.
=======================================================================================================================
|                        Register Name                        |   Type    | Width | Bus | MB | AR | AS | SR | SS | ST |
=======================================================================================================================
| ac_float_11_1_5_AC_TRN_operator_11_1_5_AC_TRN_r_m_2_sva_reg | Flip-flop |  22   |  Y  | N  | N  | N  | N  | N  | N  |
=======================================================================================================================

Inferred memory devices in process
	in routine fir_core line 9051 in file
		'./rtl/fir_core.v'.
=======================================================================================================================
|                        Register Name                        |   Type    | Width | Bus | MB | AR | AS | SR | SS | ST |
=======================================================================================================================
| ac_float_11_1_5_AC_TRN_operator_11_1_5_AC_TRN_r_m_4_sva_reg | Flip-flop |  22   |  Y  | N  | N  | N  | N  | N  | N  |
=======================================================================================================================

Inferred memory devices in process
	in routine fir_core line 9059 in file
		'./rtl/fir_core.v'.
=======================================================================================================================
|                        Register Name                        |   Type    | Width | Bus | MB | AR | AS | SR | SS | ST |
=======================================================================================================================
| ac_float_11_1_5_AC_TRN_operator_11_1_5_AC_TRN_r_m_5_sva_reg | Flip-flop |  22   |  Y  | N  | N  | N  | N  | N  | N  |
=======================================================================================================================

Inferred memory devices in process
	in routine fir_core line 9067 in file
		'./rtl/fir_core.v'.
=======================================================================================================================
|                        Register Name                        |   Type    | Width | Bus | MB | AR | AS | SR | SS | ST |
=======================================================================================================================
| ac_float_11_1_5_AC_TRN_operator_11_1_5_AC_TRN_r_m_6_sva_reg | Flip-flop |  22   |  Y  | N  | N  | N  | N  | N  | N  |
=======================================================================================================================

Inferred memory devices in process
	in routine fir_core line 9075 in file
		'./rtl/fir_core.v'.
=======================================================================================================================
|                        Register Name                        |   Type    | Width | Bus | MB | AR | AS | SR | SS | ST |
=======================================================================================================================
| ac_float_11_1_5_AC_TRN_operator_11_1_5_AC_TRN_r_m_7_sva_reg | Flip-flop |  22   |  Y  | N  | N  | N  | N  | N  | N  |
=======================================================================================================================

Inferred memory devices in process
	in routine fir_core line 9083 in file
		'./rtl/fir_core.v'.
=======================================================================================================================
|                        Register Name                        |   Type    | Width | Bus | MB | AR | AS | SR | SS | ST |
=======================================================================================================================
| ac_float_11_1_5_AC_TRN_operator_11_1_5_AC_TRN_r_m_8_sva_reg | Flip-flop |  22   |  Y  | N  | N  | N  | N  | N  | N  |
=======================================================================================================================

Inferred memory devices in process
	in routine fir_core line 9091 in file
		'./rtl/fir_core.v'.
=======================================================================================================================
|                        Register Name                        |   Type    | Width | Bus | MB | AR | AS | SR | SS | ST |
=======================================================================================================================
| ac_float_11_1_5_AC_TRN_operator_11_1_5_AC_TRN_r_m_9_sva_reg | Flip-flop |  22   |  Y  | N  | N  | N  | N  | N  | N  |
=======================================================================================================================

Inferred memory devices in process
	in routine fir_core line 9099 in file
		'./rtl/fir_core.v'.
========================================================================================================================
|                        Register Name                         |   Type    | Width | Bus | MB | AR | AS | SR | SS | ST |
========================================================================================================================
| ac_float_11_1_5_AC_TRN_operator_11_1_5_AC_TRN_r_m_10_sva_reg | Flip-flop |  22   |  Y  | N  | N  | N  | N  | N  | N  |
========================================================================================================================

Inferred memory devices in process
	in routine fir_core line 9107 in file
		'./rtl/fir_core.v'.
========================================================================================================================
|                        Register Name                         |   Type    | Width | Bus | MB | AR | AS | SR | SS | ST |
========================================================================================================================
| ac_float_11_1_5_AC_TRN_operator_11_1_5_AC_TRN_r_m_11_sva_reg | Flip-flop |  22   |  Y  | N  | N  | N  | N  | N  | N  |
========================================================================================================================

Inferred memory devices in process
	in routine fir_core line 9115 in file
		'./rtl/fir_core.v'.
========================================================================================================================
|                        Register Name                         |   Type    | Width | Bus | MB | AR | AS | SR | SS | ST |
========================================================================================================================
| ac_float_11_1_5_AC_TRN_operator_11_1_5_AC_TRN_r_m_12_sva_reg | Flip-flop |  22   |  Y  | N  | N  | N  | N  | N  | N  |
========================================================================================================================

Inferred memory devices in process
	in routine fir_core line 9123 in file
		'./rtl/fir_core.v'.
========================================================================================================================
|                        Register Name                         |   Type    | Width | Bus | MB | AR | AS | SR | SS | ST |
========================================================================================================================
| ac_float_11_1_5_AC_TRN_operator_11_1_5_AC_TRN_r_m_13_sva_reg | Flip-flop |  22   |  Y  | N  | N  | N  | N  | N  | N  |
========================================================================================================================

Inferred memory devices in process
	in routine fir_core line 9131 in file
		'./rtl/fir_core.v'.
========================================================================================================================
|                        Register Name                         |   Type    | Width | Bus | MB | AR | AS | SR | SS | ST |
========================================================================================================================
| ac_float_11_1_5_AC_TRN_operator_11_1_5_AC_TRN_r_m_14_sva_reg | Flip-flop |  22   |  Y  | N  | N  | N  | N  | N  | N  |
========================================================================================================================

Inferred memory devices in process
	in routine fir_core line 9139 in file
		'./rtl/fir_core.v'.
========================================================================================================================
|                        Register Name                         |   Type    | Width | Bus | MB | AR | AS | SR | SS | ST |
========================================================================================================================
| ac_float_11_1_5_AC_TRN_operator_11_1_5_AC_TRN_r_m_15_sva_reg | Flip-flop |  22   |  Y  | N  | N  | N  | N  | N  | N  |
========================================================================================================================

Inferred memory devices in process
	in routine fir_core line 9147 in file
		'./rtl/fir_core.v'.
========================================================================================================================
|                        Register Name                         |   Type    | Width | Bus | MB | AR | AS | SR | SS | ST |
========================================================================================================================
| ac_float_11_1_5_AC_TRN_operator_11_1_5_AC_TRN_r_m_16_sva_reg | Flip-flop |  22   |  Y  | N  | N  | N  | N  | N  | N  |
========================================================================================================================

Inferred memory devices in process
	in routine fir_core line 9155 in file
		'./rtl/fir_core.v'.
========================================================================================================================
|                        Register Name                         |   Type    | Width | Bus | MB | AR | AS | SR | SS | ST |
========================================================================================================================
| ac_float_11_1_5_AC_TRN_operator_11_1_5_AC_TRN_r_m_17_sva_reg | Flip-flop |  22   |  Y  | N  | N  | N  | N  | N  | N  |
========================================================================================================================

Inferred memory devices in process
	in routine fir_core line 9163 in file
		'./rtl/fir_core.v'.
=======================================================================================================================
|                        Register Name                        |   Type    | Width | Bus | MB | AR | AS | SR | SS | ST |
=======================================================================================================================
| ac_float_11_1_5_AC_TRN_operator_11_1_5_AC_TRN_r_m_3_sva_reg | Flip-flop |  22   |  Y  | N  | N  | N  | N  | N  | N  |
=======================================================================================================================

Inferred memory devices in process
	in routine fir_core line 9171 in file
		'./rtl/fir_core.v'.
==================================================================================
|     Register Name      |   Type    | Width | Bus | MB | AR | AS | SR | SS | ST |
==================================================================================
| return_e_rsci_idat_reg | Flip-flop |   5   |  Y  | N  | N  | N  | N  | N  | N  |
==================================================================================

Inferred memory devices in process
	in routine fir_core line 9181 in file
		'./rtl/fir_core.v'.
==================================================================================
|     Register Name      |   Type    | Width | Bus | MB | AR | AS | SR | SS | ST |
==================================================================================
| return_m_rsci_idat_reg | Flip-flop |  11   |  Y  | N  | N  | N  | N  | N  | N  |
==================================================================================

Inferred memory devices in process
	in routine fir_core line 9192 in file
		'./rtl/fir_core.v'.
==========================================================================================================================================================================================================
|                                                                 Register Name                                                                  |   Type    | Width | Bus | MB | AR | AS | SR | SS | ST |
==========================================================================================================================================================================================================
| MAC_32_ac_float_cctor_assign_from_n32_31_22_2_AC_TRN_AC_WRAP_else_if_ac_float_cctor_assign_from_n32_31_22_2_AC_TRN_AC_WRAP_else_if_nor_itm_reg | Flip-flop |   1   |  N  | N  | N  | N  | N  | N  | N  |
==========================================================================================================================================================================================================

Inferred memory devices in process
	in routine fir_core line 9202 in file
		'./rtl/fir_core.v'.
==========================================================================================================================================================================================================
|                                                                 Register Name                                                                  |   Type    | Width | Bus | MB | AR | AS | SR | SS | ST |
==========================================================================================================================================================================================================
| MAC_31_ac_float_cctor_assign_from_n32_31_22_2_AC_TRN_AC_WRAP_else_if_ac_float_cctor_assign_from_n32_31_22_2_AC_TRN_AC_WRAP_else_if_nor_itm_reg | Flip-flop |   1   |  N  | N  | N  | N  | N  | N  | N  |
==========================================================================================================================================================================================================

Inferred memory devices in process
	in routine fir_core line 9212 in file
		'./rtl/fir_core.v'.
==========================================================================================================================================================================================================
|                                                                 Register Name                                                                  |   Type    | Width | Bus | MB | AR | AS | SR | SS | ST |
==========================================================================================================================================================================================================
| MAC_30_ac_float_cctor_assign_from_n32_31_22_2_AC_TRN_AC_WRAP_else_if_ac_float_cctor_assign_from_n32_31_22_2_AC_TRN_AC_WRAP_else_if_nor_itm_reg | Flip-flop |   1   |  N  | N  | N  | N  | N  | N  | N  |
==========================================================================================================================================================================================================

Inferred memory devices in process
	in routine fir_core line 9222 in file
		'./rtl/fir_core.v'.
==========================================================================================================================================================================================================
|                                                                 Register Name                                                                  |   Type    | Width | Bus | MB | AR | AS | SR | SS | ST |
==========================================================================================================================================================================================================
| MAC_29_ac_float_cctor_assign_from_n32_31_22_2_AC_TRN_AC_WRAP_else_if_ac_float_cctor_assign_from_n32_31_22_2_AC_TRN_AC_WRAP_else_if_nor_itm_reg | Flip-flop |   1   |  N  | N  | N  | N  | N  | N  | N  |
==========================================================================================================================================================================================================

Inferred memory devices in process
	in routine fir_core line 9232 in file
		'./rtl/fir_core.v'.
==========================================================================================================================================================================================================
|                                                                 Register Name                                                                  |   Type    | Width | Bus | MB | AR | AS | SR | SS | ST |
==========================================================================================================================================================================================================
| MAC_28_ac_float_cctor_assign_from_n32_31_22_2_AC_TRN_AC_WRAP_else_if_ac_float_cctor_assign_from_n32_31_22_2_AC_TRN_AC_WRAP_else_if_nor_itm_reg | Flip-flop |   1   |  N  | N  | N  | N  | N  | N  | N  |
==========================================================================================================================================================================================================

Inferred memory devices in process
	in routine fir_core line 9242 in file
		'./rtl/fir_core.v'.
==========================================================================================================================================================================================================
|                                                                 Register Name                                                                  |   Type    | Width | Bus | MB | AR | AS | SR | SS | ST |
==========================================================================================================================================================================================================
| MAC_27_ac_float_cctor_assign_from_n32_31_22_2_AC_TRN_AC_WRAP_else_if_ac_float_cctor_assign_from_n32_31_22_2_AC_TRN_AC_WRAP_else_if_nor_itm_reg | Flip-flop |   1   |  N  | N  | N  | N  | N  | N  | N  |
==========================================================================================================================================================================================================

Inferred memory devices in process
	in routine fir_core line 9252 in file
		'./rtl/fir_core.v'.
==========================================================================================================================================================================================================
|                                                                 Register Name                                                                  |   Type    | Width | Bus | MB | AR | AS | SR | SS | ST |
==========================================================================================================================================================================================================
| MAC_26_ac_float_cctor_assign_from_n32_31_22_2_AC_TRN_AC_WRAP_else_if_ac_float_cctor_assign_from_n32_31_22_2_AC_TRN_AC_WRAP_else_if_nor_itm_reg | Flip-flop |   1   |  N  | N  | N  | N  | N  | N  | N  |
==========================================================================================================================================================================================================

Inferred memory devices in process
	in routine fir_core line 9262 in file
		'./rtl/fir_core.v'.
==========================================================================================================================================================================================================
|                                                                 Register Name                                                                  |   Type    | Width | Bus | MB | AR | AS | SR | SS | ST |
==========================================================================================================================================================================================================
| MAC_25_ac_float_cctor_assign_from_n32_31_22_2_AC_TRN_AC_WRAP_else_if_ac_float_cctor_assign_from_n32_31_22_2_AC_TRN_AC_WRAP_else_if_nor_itm_reg | Flip-flop |   1   |  N  | N  | N  | N  | N  | N  | N  |
==========================================================================================================================================================================================================

Inferred memory devices in process
	in routine fir_core line 9272 in file
		'./rtl/fir_core.v'.
==========================================================================================================================================================================================================
|                                                                 Register Name                                                                  |   Type    | Width | Bus | MB | AR | AS | SR | SS | ST |
==========================================================================================================================================================================================================
| MAC_24_ac_float_cctor_assign_from_n32_31_22_2_AC_TRN_AC_WRAP_else_if_ac_float_cctor_assign_from_n32_31_22_2_AC_TRN_AC_WRAP_else_if_nor_itm_reg | Flip-flop |   1   |  N  | N  | N  | N  | N  | N  | N  |
==========================================================================================================================================================================================================

Inferred memory devices in process
	in routine fir_core line 9282 in file
		'./rtl/fir_core.v'.
==========================================================================================================================================================================================================
|                                                                 Register Name                                                                  |   Type    | Width | Bus | MB | AR | AS | SR | SS | ST |
==========================================================================================================================================================================================================
| MAC_23_ac_float_cctor_assign_from_n32_31_22_2_AC_TRN_AC_WRAP_else_if_ac_float_cctor_assign_from_n32_31_22_2_AC_TRN_AC_WRAP_else_if_nor_itm_reg | Flip-flop |   1   |  N  | N  | N  | N  | N  | N  | N  |
==========================================================================================================================================================================================================

Inferred memory devices in process
	in routine fir_core line 9292 in file
		'./rtl/fir_core.v'.
==========================================================================================================================================================================================================
|                                                                 Register Name                                                                  |   Type    | Width | Bus | MB | AR | AS | SR | SS | ST |
==========================================================================================================================================================================================================
| MAC_22_ac_float_cctor_assign_from_n32_31_22_2_AC_TRN_AC_WRAP_else_if_ac_float_cctor_assign_from_n32_31_22_2_AC_TRN_AC_WRAP_else_if_nor_itm_reg | Flip-flop |   1   |  N  | N  | N  | N  | N  | N  | N  |
==========================================================================================================================================================================================================

Inferred memory devices in process
	in routine fir_core line 9302 in file
		'./rtl/fir_core.v'.
==========================================================================================================================================================================================================
|                                                                 Register Name                                                                  |   Type    | Width | Bus | MB | AR | AS | SR | SS | ST |
==========================================================================================================================================================================================================
| MAC_21_ac_float_cctor_assign_from_n32_31_22_2_AC_TRN_AC_WRAP_else_if_ac_float_cctor_assign_from_n32_31_22_2_AC_TRN_AC_WRAP_else_if_nor_itm_reg | Flip-flop |   1   |  N  | N  | N  | N  | N  | N  | N  |
==========================================================================================================================================================================================================

Inferred memory devices in process
	in routine fir_core line 9312 in file
		'./rtl/fir_core.v'.
==========================================================================================================================================================================================================
|                                                                 Register Name                                                                  |   Type    | Width | Bus | MB | AR | AS | SR | SS | ST |
==========================================================================================================================================================================================================
| MAC_20_ac_float_cctor_assign_from_n32_31_22_2_AC_TRN_AC_WRAP_else_if_ac_float_cctor_assign_from_n32_31_22_2_AC_TRN_AC_WRAP_else_if_nor_itm_reg | Flip-flop |   1   |  N  | N  | N  | N  | N  | N  | N  |
==========================================================================================================================================================================================================

Inferred memory devices in process
	in routine fir_core line 9322 in file
		'./rtl/fir_core.v'.
==========================================================================================================================================================================================================
|                                                                 Register Name                                                                  |   Type    | Width | Bus | MB | AR | AS | SR | SS | ST |
==========================================================================================================================================================================================================
| MAC_19_ac_float_cctor_assign_from_n32_31_22_2_AC_TRN_AC_WRAP_else_if_ac_float_cctor_assign_from_n32_31_22_2_AC_TRN_AC_WRAP_else_if_nor_itm_reg | Flip-flop |   1   |  N  | N  | N  | N  | N  | N  | N  |
==========================================================================================================================================================================================================

Inferred memory devices in process
	in routine fir_core line 9332 in file
		'./rtl/fir_core.v'.
==========================================================================================================================================================================================================
|                                                                 Register Name                                                                  |   Type    | Width | Bus | MB | AR | AS | SR | SS | ST |
==========================================================================================================================================================================================================
| MAC_18_ac_float_cctor_assign_from_n32_31_22_2_AC_TRN_AC_WRAP_else_if_ac_float_cctor_assign_from_n32_31_22_2_AC_TRN_AC_WRAP_else_if_nor_itm_reg | Flip-flop |   1   |  N  | N  | N  | N  | N  | N  | N  |
==========================================================================================================================================================================================================

Inferred memory devices in process
	in routine fir_core line 9342 in file
		'./rtl/fir_core.v'.
==========================================================================================================================================================================================================
|                                                                 Register Name                                                                  |   Type    | Width | Bus | MB | AR | AS | SR | SS | ST |
==========================================================================================================================================================================================================
| MAC_11_ac_float_cctor_assign_from_n32_31_22_2_AC_TRN_AC_WRAP_else_if_ac_float_cctor_assign_from_n32_31_22_2_AC_TRN_AC_WRAP_else_if_nor_itm_reg | Flip-flop |   1   |  N  | N  | N  | N  | N  | N  | N  |
| MAC_17_ac_float_cctor_assign_from_n32_31_22_2_AC_TRN_AC_WRAP_else_if_ac_float_cctor_assign_from_n32_31_22_2_AC_TRN_AC_WRAP_else_if_nor_itm_reg | Flip-flop |   1   |  N  | N  | N  | N  | N  | N  | N  |
| MAC_16_ac_float_cctor_assign_from_n32_31_22_2_AC_TRN_AC_WRAP_else_if_ac_float_cctor_assign_from_n32_31_22_2_AC_TRN_AC_WRAP_else_if_nor_itm_reg | Flip-flop |   1   |  N  | N  | N  | N  | N  | N  | N  |
| MAC_15_ac_float_cctor_assign_from_n32_31_22_2_AC_TRN_AC_WRAP_else_if_ac_float_cctor_assign_from_n32_31_22_2_AC_TRN_AC_WRAP_else_if_nor_itm_reg | Flip-flop |   1   |  N  | N  | N  | N  | N  | N  | N  |
| MAC_14_ac_float_cctor_assign_from_n32_31_22_2_AC_TRN_AC_WRAP_else_if_ac_float_cctor_assign_from_n32_31_22_2_AC_TRN_AC_WRAP_else_if_nor_itm_reg | Flip-flop |   1   |  N  | N  | N  | N  | N  | N  | N  |
| MAC_13_ac_float_cctor_assign_from_n32_31_22_2_AC_TRN_AC_WRAP_else_if_ac_float_cctor_assign_from_n32_31_22_2_AC_TRN_AC_WRAP_else_if_nor_itm_reg | Flip-flop |   1   |  N  | N  | N  | N  | N  | N  | N  |
| MAC_12_ac_float_cctor_assign_from_n32_31_22_2_AC_TRN_AC_WRAP_else_if_ac_float_cctor_assign_from_n32_31_22_2_AC_TRN_AC_WRAP_else_if_nor_itm_reg | Flip-flop |   1   |  N  | N  | N  | N  | N  | N  | N  |
==========================================================================================================================================================================================================

Inferred memory devices in process
	in routine fir_core line 9391 in file
		'./rtl/fir_core.v'.
=========================================================================================================================================================================================================
|                                                                 Register Name                                                                 |   Type    | Width | Bus | MB | AR | AS | SR | SS | ST |
=========================================================================================================================================================================================================
| MAC_9_ac_float_cctor_assign_from_n32_31_22_2_AC_TRN_AC_WRAP_else_if_ac_float_cctor_assign_from_n32_31_22_2_AC_TRN_AC_WRAP_else_if_nor_itm_reg | Flip-flop |   1   |  N  | N  | N  | N  | N  | N  | N  |
=========================================================================================================================================================================================================

Inferred memory devices in process
	in routine fir_core line 9401 in file
		'./rtl/fir_core.v'.
=========================================================================================================================================================================================================
|                                                                 Register Name                                                                 |   Type    | Width | Bus | MB | AR | AS | SR | SS | ST |
=========================================================================================================================================================================================================
| MAC_8_ac_float_cctor_assign_from_n32_31_22_2_AC_TRN_AC_WRAP_else_if_ac_float_cctor_assign_from_n32_31_22_2_AC_TRN_AC_WRAP_else_if_nor_itm_reg | Flip-flop |   1   |  N  | N  | N  | N  | N  | N  | N  |
=========================================================================================================================================================================================================

Inferred memory devices in process
	in routine fir_core line 9411 in file
		'./rtl/fir_core.v'.
=========================================================================================================================================================================================================
|                                                                 Register Name                                                                 |   Type    | Width | Bus | MB | AR | AS | SR | SS | ST |
=========================================================================================================================================================================================================
| MAC_7_ac_float_cctor_assign_from_n32_31_22_2_AC_TRN_AC_WRAP_else_if_ac_float_cctor_assign_from_n32_31_22_2_AC_TRN_AC_WRAP_else_if_nor_itm_reg | Flip-flop |   1   |  N  | N  | N  | N  | N  | N  | N  |
=========================================================================================================================================================================================================

Inferred memory devices in process
	in routine fir_core line 9421 in file
		'./rtl/fir_core.v'.
=========================================================================================================================================================================================================
|                                                                 Register Name                                                                 |   Type    | Width | Bus | MB | AR | AS | SR | SS | ST |
=========================================================================================================================================================================================================
| MAC_6_ac_float_cctor_assign_from_n32_31_22_2_AC_TRN_AC_WRAP_else_if_ac_float_cctor_assign_from_n32_31_22_2_AC_TRN_AC_WRAP_else_if_nor_itm_reg | Flip-flop |   1   |  N  | N  | N  | N  | N  | N  | N  |
=========================================================================================================================================================================================================

Inferred memory devices in process
	in routine fir_core line 9431 in file
		'./rtl/fir_core.v'.
=========================================================================================================================================================================================================
|                                                                 Register Name                                                                 |   Type    | Width | Bus | MB | AR | AS | SR | SS | ST |
=========================================================================================================================================================================================================
| MAC_5_ac_float_cctor_assign_from_n32_31_22_2_AC_TRN_AC_WRAP_else_if_ac_float_cctor_assign_from_n32_31_22_2_AC_TRN_AC_WRAP_else_if_nor_itm_reg | Flip-flop |   1   |  N  | N  | N  | N  | N  | N  | N  |
=========================================================================================================================================================================================================

Inferred memory devices in process
	in routine fir_core line 9441 in file
		'./rtl/fir_core.v'.
=========================================================================================================================================================================================================
|                                                                 Register Name                                                                 |   Type    | Width | Bus | MB | AR | AS | SR | SS | ST |
=========================================================================================================================================================================================================
| MAC_4_ac_float_cctor_assign_from_n32_31_22_2_AC_TRN_AC_WRAP_else_if_ac_float_cctor_assign_from_n32_31_22_2_AC_TRN_AC_WRAP_else_if_nor_itm_reg | Flip-flop |   1   |  N  | N  | N  | N  | N  | N  | N  |
=========================================================================================================================================================================================================

Inferred memory devices in process
	in routine fir_core line 9451 in file
		'./rtl/fir_core.v'.
=========================================================================================================================================================================================================
|                                                                 Register Name                                                                 |   Type    | Width | Bus | MB | AR | AS | SR | SS | ST |
=========================================================================================================================================================================================================
| MAC_3_ac_float_cctor_assign_from_n32_31_22_2_AC_TRN_AC_WRAP_else_if_ac_float_cctor_assign_from_n32_31_22_2_AC_TRN_AC_WRAP_else_if_nor_itm_reg | Flip-flop |   1   |  N  | N  | N  | N  | N  | N  | N  |
=========================================================================================================================================================================================================

Inferred memory devices in process
	in routine fir_core line 9461 in file
		'./rtl/fir_core.v'.
=========================================================================================================================================================================================================
|                                                                 Register Name                                                                 |   Type    | Width | Bus | MB | AR | AS | SR | SS | ST |
=========================================================================================================================================================================================================
| MAC_2_ac_float_cctor_assign_from_n32_31_22_2_AC_TRN_AC_WRAP_else_if_ac_float_cctor_assign_from_n32_31_22_2_AC_TRN_AC_WRAP_else_if_nor_itm_reg | Flip-flop |   1   |  N  | N  | N  | N  | N  | N  | N  |
=========================================================================================================================================================================================================

Inferred memory devices in process
	in routine fir_core line 9471 in file
		'./rtl/fir_core.v'.
=========================================================================================================================================================================================================
|                                                                 Register Name                                                                 |   Type    | Width | Bus | MB | AR | AS | SR | SS | ST |
=========================================================================================================================================================================================================
| MAC_1_ac_float_cctor_assign_from_n32_31_22_2_AC_TRN_AC_WRAP_else_if_ac_float_cctor_assign_from_n32_31_22_2_AC_TRN_AC_WRAP_else_if_nor_itm_reg | Flip-flop |   1   |  N  | N  | N  | N  | N  | N  | N  |
=========================================================================================================================================================================================================

Inferred memory devices in process
	in routine fir_core line 9481 in file
		'./rtl/fir_core.v'.
==============================================================================================================================================================
|                                           Register Name                                            |   Type    | Width | Bus | MB | AR | AS | SR | SS | ST |
==============================================================================================================================================================
| ac_float_cctor_assign_from_n32_31_22_2_AC_TRN_AC_WRAP_actual_max_shift_left_acc_psp_4_sva_2_1_reg  | Flip-flop |   2   |  Y  | N  | N  | N  | N  | N  | N  |
| ac_float_cctor_assign_from_n32_31_22_2_AC_TRN_AC_WRAP_actual_max_shift_left_acc_psp_5_sva_2_1_reg  | Flip-flop |   2   |  Y  | N  | N  | N  | N  | N  | N  |
| ac_float_cctor_assign_from_n32_31_22_2_AC_TRN_AC_WRAP_actual_max_shift_left_acc_psp_6_sva_2_1_reg  | Flip-flop |   2   |  Y  | N  | N  | N  | N  | N  | N  |
| ac_float_cctor_assign_from_n32_31_22_2_AC_TRN_AC_WRAP_actual_max_shift_left_acc_psp_7_sva_2_1_reg  | Flip-flop |   2   |  Y  | N  | N  | N  | N  | N  | N  |
|        ac_float_cctor_assign_from_n32_31_22_2_AC_TRN_AC_WRAP_else_1_shift_l_mux_22_itm_reg         | Flip-flop |   4   |  Y  | N  | N  | N  | N  | N  | N  |
| ac_float_cctor_assign_from_n32_31_22_2_AC_TRN_AC_WRAP_actual_max_shift_left_acc_psp_8_sva_2_1_reg  | Flip-flop |   2   |  Y  | N  | N  | N  | N  | N  | N  |
|        ac_float_cctor_assign_from_n32_31_22_2_AC_TRN_AC_WRAP_else_1_shift_l_mux_25_itm_reg         | Flip-flop |   4   |  Y  | N  | N  | N  | N  | N  | N  |
| ac_float_cctor_assign_from_n32_31_22_2_AC_TRN_AC_WRAP_actual_max_shift_left_acc_psp_9_sva_2_1_reg  | Flip-flop |   2   |  Y  | N  | N  | N  | N  | N  | N  |
|           ac_float_cctor_assign_from_n32_31_22_2_AC_TRN_AC_WRAP_if_1_shift_r_10_sva_reg            | Flip-flop |   4   |  Y  | N  | N  | N  | N  | N  | N  |
| ac_float_cctor_assign_from_n32_31_22_2_AC_TRN_AC_WRAP_actual_max_shift_left_acc_psp_10_sva_2_1_reg | Flip-flop |   2   |  Y  | N  | N  | N  | N  | N  | N  |
|        ac_float_cctor_assign_from_n32_31_22_2_AC_TRN_AC_WRAP_else_1_shift_l_mux_31_itm_reg         | Flip-flop |   4   |  Y  | N  | N  | N  | N  | N  | N  |
| ac_float_cctor_assign_from_n32_31_22_2_AC_TRN_AC_WRAP_actual_max_shift_left_acc_psp_11_sva_2_1_reg | Flip-flop |   2   |  Y  | N  | N  | N  | N  | N  | N  |
|        ac_float_cctor_assign_from_n32_31_22_2_AC_TRN_AC_WRAP_else_1_shift_l_mux_34_itm_reg         | Flip-flop |   4   |  Y  | N  | N  | N  | N  | N  | N  |
| ac_float_cctor_assign_from_n32_31_22_2_AC_TRN_AC_WRAP_actual_max_shift_left_acc_psp_12_sva_2_1_reg | Flip-flop |   2   |  Y  | N  | N  | N  | N  | N  | N  |
|        ac_float_cctor_assign_from_n32_31_22_2_AC_TRN_AC_WRAP_else_1_shift_l_mux_37_itm_reg         | Flip-flop |   4   |  Y  | N  | N  | N  | N  | N  | N  |
| ac_float_cctor_assign_from_n32_31_22_2_AC_TRN_AC_WRAP_actual_max_shift_left_acc_psp_13_sva_2_1_reg | Flip-flop |   2   |  Y  | N  | N  | N  | N  | N  | N  |
|        ac_float_cctor_assign_from_n32_31_22_2_AC_TRN_AC_WRAP_else_1_shift_l_mux_40_itm_reg         | Flip-flop |   4   |  Y  | N  | N  | N  | N  | N  | N  |
| ac_float_cctor_assign_from_n32_31_22_2_AC_TRN_AC_WRAP_actual_max_shift_left_acc_psp_14_sva_2_1_reg | Flip-flop |   2   |  Y  | N  | N  | N  | N  | N  | N  |
|        ac_float_cctor_assign_from_n32_31_22_2_AC_TRN_AC_WRAP_else_1_shift_l_mux_43_itm_reg         | Flip-flop |   4   |  Y  | N  | N  | N  | N  | N  | N  |
| ac_float_cctor_assign_from_n32_31_22_2_AC_TRN_AC_WRAP_actual_max_shift_left_acc_psp_15_sva_2_1_reg | Flip-flop |   2   |  Y  | N  | N  | N  | N  | N  | N  |
|        ac_float_cctor_assign_from_n32_31_22_2_AC_TRN_AC_WRAP_else_1_shift_l_mux_46_itm_reg         | Flip-flop |   4   |  Y  | N  | N  | N  | N  | N  | N  |
| ac_float_cctor_assign_from_n32_31_22_2_AC_TRN_AC_WRAP_actual_max_shift_left_acc_psp_16_sva_2_1_reg | Flip-flop |   2   |  Y  | N  | N  | N  | N  | N  | N  |
|        ac_float_cctor_assign_from_n32_31_22_2_AC_TRN_AC_WRAP_else_1_shift_l_mux_49_itm_reg         | Flip-flop |   4   |  Y  | N  | N  | N  | N  | N  | N  |
| ac_float_cctor_assign_from_n32_31_22_2_AC_TRN_AC_WRAP_actual_max_shift_left_acc_psp_17_sva_2_1_reg | Flip-flop |   2   |  Y  | N  | N  | N  | N  | N  | N  |
|            MAC_21_ac_float_11_1_5_AC_TRN_operator_11_1_5_AC_TRN_acc_1_itm_4_0_rsp_0_reg            | Flip-flop |   1   |  N  | N  | N  | N  | N  | N  | N  |
|        ac_float_cctor_assign_from_n32_31_22_2_AC_TRN_AC_WRAP_else_1_shift_l_mux_13_itm_reg         | Flip-flop |   4   |  Y  | N  | N  | N  | N  | N  | N  |
|            MAC_21_ac_float_11_1_5_AC_TRN_operator_11_1_5_AC_TRN_acc_1_itm_4_0_rsp_1_reg            | Flip-flop |   4   |  Y  | N  | N  | N  | N  | N  | N  |
|                 MAC_32_r_ac_float_else_r_ac_float_else_r_ac_float_else_or_itm_reg                  | Flip-flop |   1   |  N  | N  | N  | N  | N  | N  | N  |
|                MAC_31_ac_float_11_1_5_AC_TRN_operator_11_1_5_AC_TRN_acc_1_itm_5_reg                | Flip-flop |   1   |  N  | N  | N  | N  | N  | N  | N  |
|                 MAC_31_r_ac_float_else_r_ac_float_else_r_ac_float_else_or_itm_reg                  | Flip-flop |   1   |  N  | N  | N  | N  | N  | N  | N  |
|                 MAC_30_r_ac_float_else_r_ac_float_else_r_ac_float_else_or_itm_reg                  | Flip-flop |   1   |  N  | N  | N  | N  | N  | N  | N  |
|                 MAC_29_r_ac_float_else_r_ac_float_else_r_ac_float_else_or_itm_reg                  | Flip-flop |   1   |  N  | N  | N  | N  | N  | N  | N  |
|                 MAC_28_r_ac_float_else_r_ac_float_else_r_ac_float_else_or_itm_reg                  | Flip-flop |   1   |  N  | N  | N  | N  | N  | N  | N  |
|                 MAC_27_r_ac_float_else_r_ac_float_else_r_ac_float_else_or_itm_reg                  | Flip-flop |   1   |  N  | N  | N  | N  | N  | N  | N  |
|                 MAC_26_r_ac_float_else_r_ac_float_else_r_ac_float_else_or_itm_reg                  | Flip-flop |   1   |  N  | N  | N  | N  | N  | N  | N  |
|                MAC_25_ac_float_11_1_5_AC_TRN_operator_11_1_5_AC_TRN_acc_1_itm_5_reg                | Flip-flop |   1   |  N  | N  | N  | N  | N  | N  | N  |
|                 MAC_25_r_ac_float_else_r_ac_float_else_r_ac_float_else_or_itm_reg                  | Flip-flop |   1   |  N  | N  | N  | N  | N  | N  | N  |
|                MAC_24_ac_float_11_1_5_AC_TRN_operator_11_1_5_AC_TRN_acc_1_itm_5_reg                | Flip-flop |   1   |  N  | N  | N  | N  | N  | N  | N  |
|                 MAC_24_r_ac_float_else_r_ac_float_else_r_ac_float_else_or_itm_reg                  | Flip-flop |   1   |  N  | N  | N  | N  | N  | N  | N  |
|                MAC_23_ac_float_11_1_5_AC_TRN_operator_11_1_5_AC_TRN_acc_1_itm_5_reg                | Flip-flop |   1   |  N  | N  | N  | N  | N  | N  | N  |
|                 MAC_23_r_ac_float_else_r_ac_float_else_r_ac_float_else_or_itm_reg                  | Flip-flop |   1   |  N  | N  | N  | N  | N  | N  | N  |
|                MAC_22_ac_float_11_1_5_AC_TRN_operator_11_1_5_AC_TRN_acc_1_itm_5_reg                | Flip-flop |   1   |  N  | N  | N  | N  | N  | N  | N  |
|                 MAC_22_r_ac_float_else_r_ac_float_else_r_ac_float_else_or_itm_reg                  | Flip-flop |   1   |  N  | N  | N  | N  | N  | N  | N  |
|                MAC_21_ac_float_11_1_5_AC_TRN_operator_11_1_5_AC_TRN_acc_1_itm_5_reg                | Flip-flop |   1   |  N  | N  | N  | N  | N  | N  | N  |
|                 MAC_21_r_ac_float_else_r_ac_float_else_r_ac_float_else_or_itm_reg                  | Flip-flop |   1   |  N  | N  | N  | N  | N  | N  | N  |
|                MAC_20_ac_float_11_1_5_AC_TRN_operator_11_1_5_AC_TRN_acc_1_itm_5_reg                | Flip-flop |   1   |  N  | N  | N  | N  | N  | N  | N  |
|                 MAC_20_r_ac_float_else_r_ac_float_else_r_ac_float_else_or_itm_reg                  | Flip-flop |   1   |  N  | N  | N  | N  | N  | N  | N  |
|                MAC_19_ac_float_11_1_5_AC_TRN_operator_11_1_5_AC_TRN_acc_1_itm_5_reg                | Flip-flop |   1   |  N  | N  | N  | N  | N  | N  | N  |
|                 MAC_19_r_ac_float_else_r_ac_float_else_r_ac_float_else_or_itm_reg                  | Flip-flop |   1   |  N  | N  | N  | N  | N  | N  | N  |
|                MAC_18_ac_float_11_1_5_AC_TRN_operator_11_1_5_AC_TRN_acc_1_itm_5_reg                | Flip-flop |   1   |  N  | N  | N  | N  | N  | N  | N  |
|                 MAC_18_r_ac_float_else_r_ac_float_else_r_ac_float_else_or_itm_reg                  | Flip-flop |   1   |  N  | N  | N  | N  | N  | N  | N  |
|                MAC_17_ac_float_11_1_5_AC_TRN_operator_11_1_5_AC_TRN_acc_1_itm_5_reg                | Flip-flop |   1   |  N  | N  | N  | N  | N  | N  | N  |
|                 MAC_17_r_ac_float_else_r_ac_float_else_r_ac_float_else_or_itm_reg                  | Flip-flop |   1   |  N  | N  | N  | N  | N  | N  | N  |
|                MAC_16_ac_float_11_1_5_AC_TRN_operator_11_1_5_AC_TRN_acc_1_itm_5_reg                | Flip-flop |   1   |  N  | N  | N  | N  | N  | N  | N  |
|                 MAC_16_r_ac_float_else_r_ac_float_else_r_ac_float_else_or_itm_reg                  | Flip-flop |   1   |  N  | N  | N  | N  | N  | N  | N  |
|                MAC_15_ac_float_11_1_5_AC_TRN_operator_11_1_5_AC_TRN_acc_1_itm_5_reg                | Flip-flop |   1   |  N  | N  | N  | N  | N  | N  | N  |
|                 MAC_15_r_ac_float_else_r_ac_float_else_r_ac_float_else_or_itm_reg                  | Flip-flop |   1   |  N  | N  | N  | N  | N  | N  | N  |
|                MAC_14_ac_float_11_1_5_AC_TRN_operator_11_1_5_AC_TRN_acc_1_itm_5_reg                | Flip-flop |   1   |  N  | N  | N  | N  | N  | N  | N  |
|                 MAC_14_r_ac_float_else_r_ac_float_else_r_ac_float_else_or_itm_reg                  | Flip-flop |   1   |  N  | N  | N  | N  | N  | N  | N  |
|                MAC_13_ac_float_11_1_5_AC_TRN_operator_11_1_5_AC_TRN_acc_1_itm_5_reg                | Flip-flop |   1   |  N  | N  | N  | N  | N  | N  | N  |
|                 MAC_13_r_ac_float_else_r_ac_float_else_r_ac_float_else_or_itm_reg                  | Flip-flop |   1   |  N  | N  | N  | N  | N  | N  | N  |
|                MAC_12_ac_float_11_1_5_AC_TRN_operator_11_1_5_AC_TRN_acc_1_itm_5_reg                | Flip-flop |   1   |  N  | N  | N  | N  | N  | N  | N  |
|                 MAC_12_r_ac_float_else_r_ac_float_else_r_ac_float_else_or_itm_reg                  | Flip-flop |   1   |  N  | N  | N  | N  | N  | N  | N  |
|                 MAC_11_r_ac_float_else_r_ac_float_else_r_ac_float_else_or_itm_reg                  | Flip-flop |   1   |  N  | N  | N  | N  | N  | N  | N  |
|                 MAC_10_r_ac_float_else_r_ac_float_else_r_ac_float_else_or_itm_reg                  | Flip-flop |   1   |  N  | N  | N  | N  | N  | N  | N  |
|                  MAC_9_r_ac_float_else_r_ac_float_else_r_ac_float_else_or_itm_reg                  | Flip-flop |   1   |  N  | N  | N  | N  | N  | N  | N  |
|                  MAC_8_r_ac_float_else_r_ac_float_else_r_ac_float_else_or_itm_reg                  | Flip-flop |   1   |  N  | N  | N  | N  | N  | N  | N  |
|                  MAC_7_r_ac_float_else_r_ac_float_else_r_ac_float_else_or_itm_reg                  | Flip-flop |   1   |  N  | N  | N  | N  | N  | N  | N  |
|                  MAC_6_r_ac_float_else_r_ac_float_else_r_ac_float_else_or_itm_reg                  | Flip-flop |   1   |  N  | N  | N  | N  | N  | N  | N  |
|                  MAC_5_r_ac_float_else_r_ac_float_else_r_ac_float_else_or_itm_reg                  | Flip-flop |   1   |  N  | N  | N  | N  | N  | N  | N  |
|                  MAC_4_r_ac_float_else_r_ac_float_else_r_ac_float_else_or_itm_reg                  | Flip-flop |   1   |  N  | N  | N  | N  | N  | N  | N  |
|                  MAC_3_r_ac_float_else_r_ac_float_else_r_ac_float_else_or_itm_reg                  | Flip-flop |   1   |  N  | N  | N  | N  | N  | N  | N  |
|                  MAC_2_r_ac_float_else_r_ac_float_else_r_ac_float_else_or_itm_reg                  | Flip-flop |   1   |  N  | N  | N  | N  | N  | N  | N  |
|                MAC_1_ac_float_11_1_5_AC_TRN_operator_11_1_5_AC_TRN_acc_1_itm_5_reg                 | Flip-flop |   1   |  N  | N  | N  | N  | N  | N  | N  |
|                  MAC_1_r_ac_float_else_r_ac_float_else_r_ac_float_else_or_itm_reg                  | Flip-flop |   1   |  N  | N  | N  | N  | N  | N  | N  |
|                                 reg_return_e_triosy_obj_ld_cse_reg                                 | Flip-flop |   1   |  N  | N  | N  | N  | N  | N  | N  |
|                                  reg_taps_e_triosy_obj_ld_cse_reg                                  | Flip-flop |   1   |  N  | N  | N  | N  | N  | N  | N  |
|                          MAC_1_leading_sign_18_1_1_0_cmp_31_mantissa_reg                           | Flip-flop |  18   |  Y  | N  | N  | N  | N  | N  | N  |
|                          MAC_1_leading_sign_18_1_1_0_cmp_30_mantissa_reg                           | Flip-flop |  18   |  Y  | N  | N  | N  | N  | N  | N  |
|                          MAC_1_leading_sign_18_1_1_0_cmp_29_mantissa_reg                           | Flip-flop |  18   |  Y  | N  | N  | N  | N  | N  | N  |
|                          MAC_1_leading_sign_18_1_1_0_cmp_28_mantissa_reg                           | Flip-flop |  18   |  Y  | N  | N  | N  | N  | N  | N  |
|                          MAC_1_leading_sign_18_1_1_0_cmp_27_mantissa_reg                           | Flip-flop |  18   |  Y  | N  | N  | N  | N  | N  | N  |
|                          MAC_1_leading_sign_18_1_1_0_cmp_26_mantissa_reg                           | Flip-flop |  18   |  Y  | N  | N  | N  | N  | N  | N  |
|                          MAC_1_leading_sign_18_1_1_0_cmp_25_mantissa_reg                           | Flip-flop |  18   |  Y  | N  | N  | N  | N  | N  | N  |
|                          MAC_1_leading_sign_18_1_1_0_cmp_24_mantissa_reg                           | Flip-flop |  18   |  Y  | N  | N  | N  | N  | N  | N  |
|                          MAC_1_leading_sign_18_1_1_0_cmp_23_mantissa_reg                           | Flip-flop |  18   |  Y  | N  | N  | N  | N  | N  | N  |
|                          MAC_1_leading_sign_18_1_1_0_cmp_22_mantissa_reg                           | Flip-flop |  18   |  Y  | N  | N  | N  | N  | N  | N  |
|                          MAC_1_leading_sign_18_1_1_0_cmp_21_mantissa_reg                           | Flip-flop |  18   |  Y  | N  | N  | N  | N  | N  | N  |
|                          MAC_1_leading_sign_18_1_1_0_cmp_20_mantissa_reg                           | Flip-flop |  18   |  Y  | N  | N  | N  | N  | N  | N  |
|                          MAC_1_leading_sign_18_1_1_0_cmp_19_mantissa_reg                           | Flip-flop |  18   |  Y  | N  | N  | N  | N  | N  | N  |
|                          MAC_1_leading_sign_18_1_1_0_cmp_18_mantissa_reg                           | Flip-flop |  18   |  Y  | N  | N  | N  | N  | N  | N  |
|                          MAC_1_leading_sign_18_1_1_0_cmp_17_mantissa_reg                           | Flip-flop |  18   |  Y  | N  | N  | N  | N  | N  | N  |
|                          MAC_1_leading_sign_18_1_1_0_cmp_16_mantissa_reg                           | Flip-flop |  18   |  Y  | N  | N  | N  | N  | N  | N  |
|                          MAC_1_leading_sign_18_1_1_0_cmp_15_mantissa_reg                           | Flip-flop |  18   |  Y  | N  | N  | N  | N  | N  | N  |
|                          MAC_1_leading_sign_18_1_1_0_cmp_14_mantissa_reg                           | Flip-flop |  18   |  Y  | N  | N  | N  | N  | N  | N  |
|                          MAC_1_leading_sign_18_1_1_0_cmp_13_mantissa_reg                           | Flip-flop |  18   |  Y  | N  | N  | N  | N  | N  | N  |
|                          MAC_1_leading_sign_18_1_1_0_cmp_12_mantissa_reg                           | Flip-flop |  18   |  Y  | N  | N  | N  | N  | N  | N  |
|                          MAC_1_leading_sign_18_1_1_0_cmp_11_mantissa_reg                           | Flip-flop |  18   |  Y  | N  | N  | N  | N  | N  | N  |
|                          MAC_1_leading_sign_18_1_1_0_cmp_10_mantissa_reg                           | Flip-flop |  18   |  Y  | N  | N  | N  | N  | N  | N  |
|                           MAC_1_leading_sign_18_1_1_0_cmp_9_mantissa_reg                           | Flip-flop |  18   |  Y  | N  | N  | N  | N  | N  | N  |
|                           MAC_1_leading_sign_18_1_1_0_cmp_8_mantissa_reg                           | Flip-flop |  18   |  Y  | N  | N  | N  | N  | N  | N  |
|                           MAC_1_leading_sign_18_1_1_0_cmp_7_mantissa_reg                           | Flip-flop |  18   |  Y  | N  | N  | N  | N  | N  | N  |
|                           MAC_1_leading_sign_18_1_1_0_cmp_6_mantissa_reg                           | Flip-flop |  18   |  Y  | N  | N  | N  | N  | N  | N  |
|                           MAC_1_leading_sign_18_1_1_0_cmp_5_mantissa_reg                           | Flip-flop |  18   |  Y  | N  | N  | N  | N  | N  | N  |
|                           MAC_1_leading_sign_18_1_1_0_cmp_4_mantissa_reg                           | Flip-flop |  18   |  Y  | N  | N  | N  | N  | N  | N  |
|                           MAC_1_leading_sign_18_1_1_0_cmp_3_mantissa_reg                           | Flip-flop |  18   |  Y  | N  | N  | N  | N  | N  | N  |
|                           MAC_1_leading_sign_18_1_1_0_cmp_2_mantissa_reg                           | Flip-flop |  18   |  Y  | N  | N  | N  | N  | N  | N  |
|                           MAC_1_leading_sign_18_1_1_0_cmp_1_mantissa_reg                           | Flip-flop |  18   |  Y  | N  | N  | N  | N  | N  | N  |
|                            MAC_1_leading_sign_18_1_1_0_cmp_mantissa_reg                            | Flip-flop |  18   |  Y  | N  | N  | N  | N  | N  | N  |
|          ac_float_cctor_assign_from_n32_31_22_2_AC_TRN_AC_WRAP_qr_6_0_18_lpi_1_dfm_6_reg           | Flip-flop |   1   |  N  | N  | N  | N  | N  | N  | N  |
|          ac_float_cctor_assign_from_n32_31_22_2_AC_TRN_AC_WRAP_qr_6_0_18_lpi_1_dfm_5_reg           | Flip-flop |   1   |  N  | N  | N  | N  | N  | N  | N  |
|          ac_float_cctor_assign_from_n32_31_22_2_AC_TRN_AC_WRAP_qr_6_0_19_lpi_1_dfm_6_reg           | Flip-flop |   1   |  N  | N  | N  | N  | N  | N  | N  |
|          ac_float_cctor_assign_from_n32_31_22_2_AC_TRN_AC_WRAP_qr_6_0_19_lpi_1_dfm_5_reg           | Flip-flop |   1   |  N  | N  | N  | N  | N  | N  | N  |
|          ac_float_cctor_assign_from_n32_31_22_2_AC_TRN_AC_WRAP_qr_6_0_20_lpi_1_dfm_6_reg           | Flip-flop |   1   |  N  | N  | N  | N  | N  | N  | N  |
|          ac_float_cctor_assign_from_n32_31_22_2_AC_TRN_AC_WRAP_qr_6_0_20_lpi_1_dfm_5_reg           | Flip-flop |   1   |  N  | N  | N  | N  | N  | N  | N  |
|          ac_float_cctor_assign_from_n32_31_22_2_AC_TRN_AC_WRAP_qr_6_0_21_lpi_1_dfm_6_reg           | Flip-flop |   1   |  N  | N  | N  | N  | N  | N  | N  |
|          ac_float_cctor_assign_from_n32_31_22_2_AC_TRN_AC_WRAP_qr_6_0_21_lpi_1_dfm_5_reg           | Flip-flop |   1   |  N  | N  | N  | N  | N  | N  | N  |
|          ac_float_cctor_assign_from_n32_31_22_2_AC_TRN_AC_WRAP_qr_6_0_22_lpi_1_dfm_6_reg           | Flip-flop |   1   |  N  | N  | N  | N  | N  | N  | N  |
|          ac_float_cctor_assign_from_n32_31_22_2_AC_TRN_AC_WRAP_qr_6_0_22_lpi_1_dfm_5_reg           | Flip-flop |   1   |  N  | N  | N  | N  | N  | N  | N  |
|          ac_float_cctor_assign_from_n32_31_22_2_AC_TRN_AC_WRAP_qr_6_0_23_lpi_1_dfm_6_reg           | Flip-flop |   1   |  N  | N  | N  | N  | N  | N  | N  |
|          ac_float_cctor_assign_from_n32_31_22_2_AC_TRN_AC_WRAP_qr_6_0_23_lpi_1_dfm_5_reg           | Flip-flop |   1   |  N  | N  | N  | N  | N  | N  | N  |
|          ac_float_cctor_assign_from_n32_31_22_2_AC_TRN_AC_WRAP_qr_6_0_24_lpi_1_dfm_6_reg           | Flip-flop |   1   |  N  | N  | N  | N  | N  | N  | N  |
|          ac_float_cctor_assign_from_n32_31_22_2_AC_TRN_AC_WRAP_qr_6_0_24_lpi_1_dfm_5_reg           | Flip-flop |   1   |  N  | N  | N  | N  | N  | N  | N  |
|          ac_float_cctor_assign_from_n32_31_22_2_AC_TRN_AC_WRAP_qr_6_0_25_lpi_1_dfm_6_reg           | Flip-flop |   1   |  N  | N  | N  | N  | N  | N  | N  |
|          ac_float_cctor_assign_from_n32_31_22_2_AC_TRN_AC_WRAP_qr_6_0_25_lpi_1_dfm_5_reg           | Flip-flop |   1   |  N  | N  | N  | N  | N  | N  | N  |
|          ac_float_cctor_assign_from_n32_31_22_2_AC_TRN_AC_WRAP_qr_6_0_26_lpi_1_dfm_6_reg           | Flip-flop |   1   |  N  | N  | N  | N  | N  | N  | N  |
|          ac_float_cctor_assign_from_n32_31_22_2_AC_TRN_AC_WRAP_qr_6_0_26_lpi_1_dfm_5_reg           | Flip-flop |   1   |  N  | N  | N  | N  | N  | N  | N  |
|          ac_float_cctor_assign_from_n32_31_22_2_AC_TRN_AC_WRAP_qr_6_0_27_lpi_1_dfm_6_reg           | Flip-flop |   1   |  N  | N  | N  | N  | N  | N  | N  |
|          ac_float_cctor_assign_from_n32_31_22_2_AC_TRN_AC_WRAP_qr_6_0_27_lpi_1_dfm_5_reg           | Flip-flop |   1   |  N  | N  | N  | N  | N  | N  | N  |
|          ac_float_cctor_assign_from_n32_31_22_2_AC_TRN_AC_WRAP_qr_6_0_28_lpi_1_dfm_6_reg           | Flip-flop |   1   |  N  | N  | N  | N  | N  | N  | N  |
|          ac_float_cctor_assign_from_n32_31_22_2_AC_TRN_AC_WRAP_qr_6_0_28_lpi_1_dfm_5_reg           | Flip-flop |   1   |  N  | N  | N  | N  | N  | N  | N  |
|          ac_float_cctor_assign_from_n32_31_22_2_AC_TRN_AC_WRAP_qr_6_0_29_lpi_1_dfm_6_reg           | Flip-flop |   1   |  N  | N  | N  | N  | N  | N  | N  |
|          ac_float_cctor_assign_from_n32_31_22_2_AC_TRN_AC_WRAP_qr_6_0_29_lpi_1_dfm_5_reg           | Flip-flop |   1   |  N  | N  | N  | N  | N  | N  | N  |
|          ac_float_cctor_assign_from_n32_31_22_2_AC_TRN_AC_WRAP_qr_6_0_30_lpi_1_dfm_6_reg           | Flip-flop |   1   |  N  | N  | N  | N  | N  | N  | N  |
|          ac_float_cctor_assign_from_n32_31_22_2_AC_TRN_AC_WRAP_qr_6_0_30_lpi_1_dfm_5_reg           | Flip-flop |   1   |  N  | N  | N  | N  | N  | N  | N  |
|          ac_float_cctor_assign_from_n32_31_22_2_AC_TRN_AC_WRAP_qr_6_0_31_lpi_1_dfm_6_reg           | Flip-flop |   1   |  N  | N  | N  | N  | N  | N  | N  |
|          ac_float_cctor_assign_from_n32_31_22_2_AC_TRN_AC_WRAP_qr_6_0_31_lpi_1_dfm_5_reg           | Flip-flop |   1   |  N  | N  | N  | N  | N  | N  | N  |
|           ac_float_cctor_assign_from_n32_31_22_2_AC_TRN_AC_WRAP_qr_6_0_lpi_1_dfm_6_5_reg           | Flip-flop |   2   |  Y  | N  | N  | N  | N  | N  | N  |
|        ac_float_cctor_assign_from_n32_31_22_2_AC_TRN_AC_WRAP_else_1_shift_l_mux_10_itm_reg         | Flip-flop |   4   |  Y  | N  | N  | N  | N  | N  | N  |
==============================================================================================================================================================

Inferred memory devices in process
	in routine fir_core line 9996 in file
		'./rtl/fir_core.v'.
==================================================================================================================================
|                             Register Name                              |   Type    | Width | Bus | MB | AR | AS | SR | SS | ST |
==================================================================================================================================
| MAC_31_ac_float_11_1_5_AC_TRN_operator_11_1_5_AC_TRN_acc_1_itm_4_0_reg | Flip-flop |   5   |  Y  | N  | N  | N  | N  | N  | N  |
==================================================================================================================================

Inferred memory devices in process
	in routine fir_core line 10007 in file
		'./rtl/fir_core.v'.
==================================================================================================================================
|                             Register Name                              |   Type    | Width | Bus | MB | AR | AS | SR | SS | ST |
==================================================================================================================================
| MAC_25_ac_float_11_1_5_AC_TRN_operator_11_1_5_AC_TRN_acc_1_itm_4_0_reg | Flip-flop |   5   |  Y  | N  | N  | N  | N  | N  | N  |
==================================================================================================================================

Inferred memory devices in process
	in routine fir_core line 10018 in file
		'./rtl/fir_core.v'.
==================================================================================================================================
|                             Register Name                              |   Type    | Width | Bus | MB | AR | AS | SR | SS | ST |
==================================================================================================================================
| MAC_24_ac_float_11_1_5_AC_TRN_operator_11_1_5_AC_TRN_acc_1_itm_4_0_reg | Flip-flop |   5   |  Y  | N  | N  | N  | N  | N  | N  |
==================================================================================================================================

Inferred memory devices in process
	in routine fir_core line 10029 in file
		'./rtl/fir_core.v'.
==================================================================================================================================
|                             Register Name                              |   Type    | Width | Bus | MB | AR | AS | SR | SS | ST |
==================================================================================================================================
| MAC_23_ac_float_11_1_5_AC_TRN_operator_11_1_5_AC_TRN_acc_1_itm_4_0_reg | Flip-flop |   5   |  Y  | N  | N  | N  | N  | N  | N  |
==================================================================================================================================

Inferred memory devices in process
	in routine fir_core line 10040 in file
		'./rtl/fir_core.v'.
==================================================================================================================================
|                             Register Name                              |   Type    | Width | Bus | MB | AR | AS | SR | SS | ST |
==================================================================================================================================
| MAC_22_ac_float_11_1_5_AC_TRN_operator_11_1_5_AC_TRN_acc_1_itm_4_0_reg | Flip-flop |   5   |  Y  | N  | N  | N  | N  | N  | N  |
==================================================================================================================================

Inferred memory devices in process
	in routine fir_core line 10051 in file
		'./rtl/fir_core.v'.
==================================================================================================================================
|                             Register Name                              |   Type    | Width | Bus | MB | AR | AS | SR | SS | ST |
==================================================================================================================================
| MAC_20_ac_float_11_1_5_AC_TRN_operator_11_1_5_AC_TRN_acc_1_itm_4_0_reg | Flip-flop |   5   |  Y  | N  | N  | N  | N  | N  | N  |
==================================================================================================================================

Inferred memory devices in process
	in routine fir_core line 10062 in file
		'./rtl/fir_core.v'.
==================================================================================================================================
|                             Register Name                              |   Type    | Width | Bus | MB | AR | AS | SR | SS | ST |
==================================================================================================================================
| MAC_19_ac_float_11_1_5_AC_TRN_operator_11_1_5_AC_TRN_acc_1_itm_4_0_reg | Flip-flop |   5   |  Y  | N  | N  | N  | N  | N  | N  |
==================================================================================================================================

Inferred memory devices in process
	in routine fir_core line 10073 in file
		'./rtl/fir_core.v'.
==================================================================================================================================
|                             Register Name                              |   Type    | Width | Bus | MB | AR | AS | SR | SS | ST |
==================================================================================================================================
| MAC_18_ac_float_11_1_5_AC_TRN_operator_11_1_5_AC_TRN_acc_1_itm_4_0_reg | Flip-flop |   5   |  Y  | N  | N  | N  | N  | N  | N  |
==================================================================================================================================

Inferred memory devices in process
	in routine fir_core line 10084 in file
		'./rtl/fir_core.v'.
==================================================================================================================================
|                             Register Name                              |   Type    | Width | Bus | MB | AR | AS | SR | SS | ST |
==================================================================================================================================
| MAC_17_ac_float_11_1_5_AC_TRN_operator_11_1_5_AC_TRN_acc_1_itm_4_0_reg | Flip-flop |   5   |  Y  | N  | N  | N  | N  | N  | N  |
==================================================================================================================================

Inferred memory devices in process
	in routine fir_core line 10095 in file
		'./rtl/fir_core.v'.
==================================================================================================================================
|                             Register Name                              |   Type    | Width | Bus | MB | AR | AS | SR | SS | ST |
==================================================================================================================================
| MAC_16_ac_float_11_1_5_AC_TRN_operator_11_1_5_AC_TRN_acc_1_itm_4_0_reg | Flip-flop |   5   |  Y  | N  | N  | N  | N  | N  | N  |
==================================================================================================================================

Inferred memory devices in process
	in routine fir_core line 10106 in file
		'./rtl/fir_core.v'.
==================================================================================================================================
|                             Register Name                              |   Type    | Width | Bus | MB | AR | AS | SR | SS | ST |
==================================================================================================================================
| MAC_15_ac_float_11_1_5_AC_TRN_operator_11_1_5_AC_TRN_acc_1_itm_4_0_reg | Flip-flop |   5   |  Y  | N  | N  | N  | N  | N  | N  |
==================================================================================================================================

Inferred memory devices in process
	in routine fir_core line 10117 in file
		'./rtl/fir_core.v'.
==================================================================================================================================
|                             Register Name                              |   Type    | Width | Bus | MB | AR | AS | SR | SS | ST |
==================================================================================================================================
| MAC_14_ac_float_11_1_5_AC_TRN_operator_11_1_5_AC_TRN_acc_1_itm_4_0_reg | Flip-flop |   5   |  Y  | N  | N  | N  | N  | N  | N  |
==================================================================================================================================

Inferred memory devices in process
	in routine fir_core line 10128 in file
		'./rtl/fir_core.v'.
==================================================================================================================================
|                             Register Name                              |   Type    | Width | Bus | MB | AR | AS | SR | SS | ST |
==================================================================================================================================
| MAC_13_ac_float_11_1_5_AC_TRN_operator_11_1_5_AC_TRN_acc_1_itm_4_0_reg | Flip-flop |   5   |  Y  | N  | N  | N  | N  | N  | N  |
==================================================================================================================================

Inferred memory devices in process
	in routine fir_core line 10139 in file
		'./rtl/fir_core.v'.
==================================================================================================================================
|                             Register Name                              |   Type    | Width | Bus | MB | AR | AS | SR | SS | ST |
==================================================================================================================================
| MAC_12_ac_float_11_1_5_AC_TRN_operator_11_1_5_AC_TRN_acc_1_itm_4_0_reg | Flip-flop |   5   |  Y  | N  | N  | N  | N  | N  | N  |
==================================================================================================================================

Inferred memory devices in process
	in routine fir_core line 10150 in file
		'./rtl/fir_core.v'.
=================================================================================================================================
|                             Register Name                             |   Type    | Width | Bus | MB | AR | AS | SR | SS | ST |
=================================================================================================================================
| MAC_1_ac_float_11_1_5_AC_TRN_operator_11_1_5_AC_TRN_acc_1_itm_4_0_reg | Flip-flop |   5   |  Y  | N  | N  | N  | N  | N  | N  |
=================================================================================================================================

Inferred memory devices in process
	in routine fir_core line 10161 in file
		'./rtl/fir_core.v'.
==================================================================================
|     Register Name      |   Type    | Width | Bus | MB | AR | AS | SR | SS | ST |
==================================================================================
| delay_lane_e_1_sva_reg | Flip-flop |   5   |  Y  | N  | N  | N  | N  | N  | N  |
==================================================================================

Inferred memory devices in process
	in routine fir_core line 10169 in file
		'./rtl/fir_core.v'.
==================================================================================
|     Register Name      |   Type    | Width | Bus | MB | AR | AS | SR | SS | ST |
==================================================================================
| delay_lane_m_1_sva_reg | Flip-flop |  11   |  Y  | N  | N  | N  | N  | N  | N  |
==================================================================================

Inferred memory devices in process
	in routine fir_core line 10177 in file
		'./rtl/fir_core.v'.
==================================================================================
|     Register Name      |   Type    | Width | Bus | MB | AR | AS | SR | SS | ST |
==================================================================================
| delay_lane_e_0_sva_reg | Flip-flop |   5   |  Y  | N  | N  | N  | N  | N  | N  |
==================================================================================

Inferred memory devices in process
	in routine fir_core line 10185 in file
		'./rtl/fir_core.v'.
==================================================================================
|     Register Name      |   Type    | Width | Bus | MB | AR | AS | SR | SS | ST |
==================================================================================
| delay_lane_m_0_sva_reg | Flip-flop |  11   |  Y  | N  | N  | N  | N  | N  | N  |
==================================================================================

Inferred memory devices in process
	in routine fir_core line 10193 in file
		'./rtl/fir_core.v'.
===================================================================================
|      Register Name      |   Type    | Width | Bus | MB | AR | AS | SR | SS | ST |
===================================================================================
| delay_lane_e_30_sva_reg | Flip-flop |   5   |  Y  | N  | N  | N  | N  | N  | N  |
===================================================================================

Inferred memory devices in process
	in routine fir_core line 10201 in file
		'./rtl/fir_core.v'.
===================================================================================
|      Register Name      |   Type    | Width | Bus | MB | AR | AS | SR | SS | ST |
===================================================================================
| delay_lane_m_30_sva_reg | Flip-flop |  11   |  Y  | N  | N  | N  | N  | N  | N  |
===================================================================================

Inferred memory devices in process
	in routine fir_core line 10209 in file
		'./rtl/fir_core.v'.
===================================================================================
|      Register Name      |   Type    | Width | Bus | MB | AR | AS | SR | SS | ST |
===================================================================================
| delay_lane_e_29_sva_reg | Flip-flop |   5   |  Y  | N  | N  | N  | N  | N  | N  |
===================================================================================

Inferred memory devices in process
	in routine fir_core line 10217 in file
		'./rtl/fir_core.v'.
===================================================================================
|      Register Name      |   Type    | Width | Bus | MB | AR | AS | SR | SS | ST |
===================================================================================
| delay_lane_m_29_sva_reg | Flip-flop |  11   |  Y  | N  | N  | N  | N  | N  | N  |
===================================================================================

Inferred memory devices in process
	in routine fir_core line 10225 in file
		'./rtl/fir_core.v'.
===================================================================================
|      Register Name      |   Type    | Width | Bus | MB | AR | AS | SR | SS | ST |
===================================================================================
| delay_lane_e_28_sva_reg | Flip-flop |   5   |  Y  | N  | N  | N  | N  | N  | N  |
===================================================================================

Inferred memory devices in process
	in routine fir_core line 10233 in file
		'./rtl/fir_core.v'.
===================================================================================
|      Register Name      |   Type    | Width | Bus | MB | AR | AS | SR | SS | ST |
===================================================================================
| delay_lane_m_28_sva_reg | Flip-flop |  11   |  Y  | N  | N  | N  | N  | N  | N  |
===================================================================================

Inferred memory devices in process
	in routine fir_core line 10241 in file
		'./rtl/fir_core.v'.
===================================================================================
|      Register Name      |   Type    | Width | Bus | MB | AR | AS | SR | SS | ST |
===================================================================================
| delay_lane_e_27_sva_reg | Flip-flop |   5   |  Y  | N  | N  | N  | N  | N  | N  |
===================================================================================

Inferred memory devices in process
	in routine fir_core line 10249 in file
		'./rtl/fir_core.v'.
===================================================================================
|      Register Name      |   Type    | Width | Bus | MB | AR | AS | SR | SS | ST |
===================================================================================
| delay_lane_m_27_sva_reg | Flip-flop |  11   |  Y  | N  | N  | N  | N  | N  | N  |
===================================================================================

Inferred memory devices in process
	in routine fir_core line 10257 in file
		'./rtl/fir_core.v'.
===================================================================================
|      Register Name      |   Type    | Width | Bus | MB | AR | AS | SR | SS | ST |
===================================================================================
| delay_lane_e_26_sva_reg | Flip-flop |   5   |  Y  | N  | N  | N  | N  | N  | N  |
===================================================================================

Inferred memory devices in process
	in routine fir_core line 10265 in file
		'./rtl/fir_core.v'.
===================================================================================
|      Register Name      |   Type    | Width | Bus | MB | AR | AS | SR | SS | ST |
===================================================================================
| delay_lane_m_26_sva_reg | Flip-flop |  11   |  Y  | N  | N  | N  | N  | N  | N  |
===================================================================================

Inferred memory devices in process
	in routine fir_core line 10273 in file
		'./rtl/fir_core.v'.
===================================================================================
|      Register Name      |   Type    | Width | Bus | MB | AR | AS | SR | SS | ST |
===================================================================================
| delay_lane_e_25_sva_reg | Flip-flop |   5   |  Y  | N  | N  | N  | N  | N  | N  |
===================================================================================

Inferred memory devices in process
	in routine fir_core line 10281 in file
		'./rtl/fir_core.v'.
===================================================================================
|      Register Name      |   Type    | Width | Bus | MB | AR | AS | SR | SS | ST |
===================================================================================
| delay_lane_m_25_sva_reg | Flip-flop |  11   |  Y  | N  | N  | N  | N  | N  | N  |
===================================================================================

Inferred memory devices in process
	in routine fir_core line 10289 in file
		'./rtl/fir_core.v'.
===================================================================================
|      Register Name      |   Type    | Width | Bus | MB | AR | AS | SR | SS | ST |
===================================================================================
| delay_lane_e_24_sva_reg | Flip-flop |   5   |  Y  | N  | N  | N  | N  | N  | N  |
===================================================================================

Inferred memory devices in process
	in routine fir_core line 10297 in file
		'./rtl/fir_core.v'.
===================================================================================
|      Register Name      |   Type    | Width | Bus | MB | AR | AS | SR | SS | ST |
===================================================================================
| delay_lane_m_24_sva_reg | Flip-flop |  11   |  Y  | N  | N  | N  | N  | N  | N  |
===================================================================================

Inferred memory devices in process
	in routine fir_core line 10305 in file
		'./rtl/fir_core.v'.
===================================================================================
|      Register Name      |   Type    | Width | Bus | MB | AR | AS | SR | SS | ST |
===================================================================================
| delay_lane_e_23_sva_reg | Flip-flop |   5   |  Y  | N  | N  | N  | N  | N  | N  |
===================================================================================

Inferred memory devices in process
	in routine fir_core line 10313 in file
		'./rtl/fir_core.v'.
===================================================================================
|      Register Name      |   Type    | Width | Bus | MB | AR | AS | SR | SS | ST |
===================================================================================
| delay_lane_m_23_sva_reg | Flip-flop |  11   |  Y  | N  | N  | N  | N  | N  | N  |
===================================================================================

Inferred memory devices in process
	in routine fir_core line 10321 in file
		'./rtl/fir_core.v'.
===================================================================================
|      Register Name      |   Type    | Width | Bus | MB | AR | AS | SR | SS | ST |
===================================================================================
| delay_lane_e_22_sva_reg | Flip-flop |   5   |  Y  | N  | N  | N  | N  | N  | N  |
===================================================================================

Inferred memory devices in process
	in routine fir_core line 10329 in file
		'./rtl/fir_core.v'.
===================================================================================
|      Register Name      |   Type    | Width | Bus | MB | AR | AS | SR | SS | ST |
===================================================================================
| delay_lane_m_22_sva_reg | Flip-flop |  11   |  Y  | N  | N  | N  | N  | N  | N  |
===================================================================================

Inferred memory devices in process
	in routine fir_core line 10337 in file
		'./rtl/fir_core.v'.
===================================================================================
|      Register Name      |   Type    | Width | Bus | MB | AR | AS | SR | SS | ST |
===================================================================================
| delay_lane_e_21_sva_reg | Flip-flop |   5   |  Y  | N  | N  | N  | N  | N  | N  |
===================================================================================

Inferred memory devices in process
	in routine fir_core line 10345 in file
		'./rtl/fir_core.v'.
===================================================================================
|      Register Name      |   Type    | Width | Bus | MB | AR | AS | SR | SS | ST |
===================================================================================
| delay_lane_m_21_sva_reg | Flip-flop |  11   |  Y  | N  | N  | N  | N  | N  | N  |
===================================================================================

Inferred memory devices in process
	in routine fir_core line 10353 in file
		'./rtl/fir_core.v'.
===================================================================================
|      Register Name      |   Type    | Width | Bus | MB | AR | AS | SR | SS | ST |
===================================================================================
| delay_lane_e_20_sva_reg | Flip-flop |   5   |  Y  | N  | N  | N  | N  | N  | N  |
===================================================================================

Inferred memory devices in process
	in routine fir_core line 10361 in file
		'./rtl/fir_core.v'.
===================================================================================
|      Register Name      |   Type    | Width | Bus | MB | AR | AS | SR | SS | ST |
===================================================================================
| delay_lane_m_20_sva_reg | Flip-flop |  11   |  Y  | N  | N  | N  | N  | N  | N  |
===================================================================================

Inferred memory devices in process
	in routine fir_core line 10369 in file
		'./rtl/fir_core.v'.
===================================================================================
|      Register Name      |   Type    | Width | Bus | MB | AR | AS | SR | SS | ST |
===================================================================================
| delay_lane_e_19_sva_reg | Flip-flop |   5   |  Y  | N  | N  | N  | N  | N  | N  |
===================================================================================

Inferred memory devices in process
	in routine fir_core line 10377 in file
		'./rtl/fir_core.v'.
===================================================================================
|      Register Name      |   Type    | Width | Bus | MB | AR | AS | SR | SS | ST |
===================================================================================
| delay_lane_m_19_sva_reg | Flip-flop |  11   |  Y  | N  | N  | N  | N  | N  | N  |
===================================================================================

Inferred memory devices in process
	in routine fir_core line 10385 in file
		'./rtl/fir_core.v'.
===================================================================================
|      Register Name      |   Type    | Width | Bus | MB | AR | AS | SR | SS | ST |
===================================================================================
| delay_lane_e_18_sva_reg | Flip-flop |   5   |  Y  | N  | N  | N  | N  | N  | N  |
===================================================================================

Inferred memory devices in process
	in routine fir_core line 10393 in file
		'./rtl/fir_core.v'.
===================================================================================
|      Register Name      |   Type    | Width | Bus | MB | AR | AS | SR | SS | ST |
===================================================================================
| delay_lane_m_18_sva_reg | Flip-flop |  11   |  Y  | N  | N  | N  | N  | N  | N  |
===================================================================================

Inferred memory devices in process
	in routine fir_core line 10401 in file
		'./rtl/fir_core.v'.
===================================================================================
|      Register Name      |   Type    | Width | Bus | MB | AR | AS | SR | SS | ST |
===================================================================================
| delay_lane_e_17_sva_reg | Flip-flop |   5   |  Y  | N  | N  | N  | N  | N  | N  |
===================================================================================

Inferred memory devices in process
	in routine fir_core line 10409 in file
		'./rtl/fir_core.v'.
===================================================================================
|      Register Name      |   Type    | Width | Bus | MB | AR | AS | SR | SS | ST |
===================================================================================
| delay_lane_m_17_sva_reg | Flip-flop |  11   |  Y  | N  | N  | N  | N  | N  | N  |
===================================================================================

Inferred memory devices in process
	in routine fir_core line 10417 in file
		'./rtl/fir_core.v'.
===================================================================================
|      Register Name      |   Type    | Width | Bus | MB | AR | AS | SR | SS | ST |
===================================================================================
| delay_lane_e_16_sva_reg | Flip-flop |   5   |  Y  | N  | N  | N  | N  | N  | N  |
===================================================================================

Inferred memory devices in process
	in routine fir_core line 10425 in file
		'./rtl/fir_core.v'.
===================================================================================
|      Register Name      |   Type    | Width | Bus | MB | AR | AS | SR | SS | ST |
===================================================================================
| delay_lane_m_16_sva_reg | Flip-flop |  11   |  Y  | N  | N  | N  | N  | N  | N  |
===================================================================================

Inferred memory devices in process
	in routine fir_core line 10433 in file
		'./rtl/fir_core.v'.
===================================================================================
|      Register Name      |   Type    | Width | Bus | MB | AR | AS | SR | SS | ST |
===================================================================================
| delay_lane_e_15_sva_reg | Flip-flop |   5   |  Y  | N  | N  | N  | N  | N  | N  |
===================================================================================

Inferred memory devices in process
	in routine fir_core line 10441 in file
		'./rtl/fir_core.v'.
===================================================================================
|      Register Name      |   Type    | Width | Bus | MB | AR | AS | SR | SS | ST |
===================================================================================
| delay_lane_m_15_sva_reg | Flip-flop |  11   |  Y  | N  | N  | N  | N  | N  | N  |
===================================================================================

Inferred memory devices in process
	in routine fir_core line 10449 in file
		'./rtl/fir_core.v'.
===================================================================================
|      Register Name      |   Type    | Width | Bus | MB | AR | AS | SR | SS | ST |
===================================================================================
| delay_lane_e_14_sva_reg | Flip-flop |   5   |  Y  | N  | N  | N  | N  | N  | N  |
===================================================================================

Inferred memory devices in process
	in routine fir_core line 10457 in file
		'./rtl/fir_core.v'.
===================================================================================
|      Register Name      |   Type    | Width | Bus | MB | AR | AS | SR | SS | ST |
===================================================================================
| delay_lane_m_14_sva_reg | Flip-flop |  11   |  Y  | N  | N  | N  | N  | N  | N  |
===================================================================================

Inferred memory devices in process
	in routine fir_core line 10465 in file
		'./rtl/fir_core.v'.
===================================================================================
|      Register Name      |   Type    | Width | Bus | MB | AR | AS | SR | SS | ST |
===================================================================================
| delay_lane_e_13_sva_reg | Flip-flop |   5   |  Y  | N  | N  | N  | N  | N  | N  |
===================================================================================

Inferred memory devices in process
	in routine fir_core line 10473 in file
		'./rtl/fir_core.v'.
===================================================================================
|      Register Name      |   Type    | Width | Bus | MB | AR | AS | SR | SS | ST |
===================================================================================
| delay_lane_m_13_sva_reg | Flip-flop |  11   |  Y  | N  | N  | N  | N  | N  | N  |
===================================================================================

Inferred memory devices in process
	in routine fir_core line 10481 in file
		'./rtl/fir_core.v'.
===================================================================================
|      Register Name      |   Type    | Width | Bus | MB | AR | AS | SR | SS | ST |
===================================================================================
| delay_lane_e_12_sva_reg | Flip-flop |   5   |  Y  | N  | N  | N  | N  | N  | N  |
===================================================================================

Inferred memory devices in process
	in routine fir_core line 10489 in file
		'./rtl/fir_core.v'.
===================================================================================
|      Register Name      |   Type    | Width | Bus | MB | AR | AS | SR | SS | ST |
===================================================================================
| delay_lane_m_12_sva_reg | Flip-flop |  11   |  Y  | N  | N  | N  | N  | N  | N  |
===================================================================================

Inferred memory devices in process
	in routine fir_core line 10497 in file
		'./rtl/fir_core.v'.
===================================================================================
|      Register Name      |   Type    | Width | Bus | MB | AR | AS | SR | SS | ST |
===================================================================================
| delay_lane_e_11_sva_reg | Flip-flop |   5   |  Y  | N  | N  | N  | N  | N  | N  |
===================================================================================

Inferred memory devices in process
	in routine fir_core line 10505 in file
		'./rtl/fir_core.v'.
===================================================================================
|      Register Name      |   Type    | Width | Bus | MB | AR | AS | SR | SS | ST |
===================================================================================
| delay_lane_m_11_sva_reg | Flip-flop |  11   |  Y  | N  | N  | N  | N  | N  | N  |
===================================================================================

Inferred memory devices in process
	in routine fir_core line 10513 in file
		'./rtl/fir_core.v'.
===================================================================================
|      Register Name      |   Type    | Width | Bus | MB | AR | AS | SR | SS | ST |
===================================================================================
| delay_lane_e_10_sva_reg | Flip-flop |   5   |  Y  | N  | N  | N  | N  | N  | N  |
===================================================================================

Inferred memory devices in process
	in routine fir_core line 10521 in file
		'./rtl/fir_core.v'.
===================================================================================
|      Register Name      |   Type    | Width | Bus | MB | AR | AS | SR | SS | ST |
===================================================================================
| delay_lane_m_10_sva_reg | Flip-flop |  11   |  Y  | N  | N  | N  | N  | N  | N  |
===================================================================================

Inferred memory devices in process
	in routine fir_core line 10529 in file
		'./rtl/fir_core.v'.
==================================================================================
|     Register Name      |   Type    | Width | Bus | MB | AR | AS | SR | SS | ST |
==================================================================================
| delay_lane_e_9_sva_reg | Flip-flop |   5   |  Y  | N  | N  | N  | N  | N  | N  |
==================================================================================

Inferred memory devices in process
	in routine fir_core line 10537 in file
		'./rtl/fir_core.v'.
==================================================================================
|     Register Name      |   Type    | Width | Bus | MB | AR | AS | SR | SS | ST |
==================================================================================
| delay_lane_m_9_sva_reg | Flip-flop |  11   |  Y  | N  | N  | N  | N  | N  | N  |
==================================================================================

Inferred memory devices in process
	in routine fir_core line 10545 in file
		'./rtl/fir_core.v'.
==================================================================================
|     Register Name      |   Type    | Width | Bus | MB | AR | AS | SR | SS | ST |
==================================================================================
| delay_lane_e_8_sva_reg | Flip-flop |   5   |  Y  | N  | N  | N  | N  | N  | N  |
==================================================================================

Inferred memory devices in process
	in routine fir_core line 10553 in file
		'./rtl/fir_core.v'.
==================================================================================
|     Register Name      |   Type    | Width | Bus | MB | AR | AS | SR | SS | ST |
==================================================================================
| delay_lane_m_8_sva_reg | Flip-flop |  11   |  Y  | N  | N  | N  | N  | N  | N  |
==================================================================================

Inferred memory devices in process
	in routine fir_core line 10561 in file
		'./rtl/fir_core.v'.
==================================================================================
|     Register Name      |   Type    | Width | Bus | MB | AR | AS | SR | SS | ST |
==================================================================================
| delay_lane_e_7_sva_reg | Flip-flop |   5   |  Y  | N  | N  | N  | N  | N  | N  |
==================================================================================

Inferred memory devices in process
	in routine fir_core line 10569 in file
		'./rtl/fir_core.v'.
==================================================================================
|     Register Name      |   Type    | Width | Bus | MB | AR | AS | SR | SS | ST |
==================================================================================
| delay_lane_m_7_sva_reg | Flip-flop |  11   |  Y  | N  | N  | N  | N  | N  | N  |
==================================================================================

Inferred memory devices in process
	in routine fir_core line 10577 in file
		'./rtl/fir_core.v'.
==================================================================================
|     Register Name      |   Type    | Width | Bus | MB | AR | AS | SR | SS | ST |
==================================================================================
| delay_lane_e_6_sva_reg | Flip-flop |   5   |  Y  | N  | N  | N  | N  | N  | N  |
==================================================================================

Inferred memory devices in process
	in routine fir_core line 10585 in file
		'./rtl/fir_core.v'.
==================================================================================
|     Register Name      |   Type    | Width | Bus | MB | AR | AS | SR | SS | ST |
==================================================================================
| delay_lane_m_6_sva_reg | Flip-flop |  11   |  Y  | N  | N  | N  | N  | N  | N  |
==================================================================================

Inferred memory devices in process
	in routine fir_core line 10593 in file
		'./rtl/fir_core.v'.
==================================================================================
|     Register Name      |   Type    | Width | Bus | MB | AR | AS | SR | SS | ST |
==================================================================================
| delay_lane_e_5_sva_reg | Flip-flop |   5   |  Y  | N  | N  | N  | N  | N  | N  |
==================================================================================

Inferred memory devices in process
	in routine fir_core line 10601 in file
		'./rtl/fir_core.v'.
==================================================================================
|     Register Name      |   Type    | Width | Bus | MB | AR | AS | SR | SS | ST |
==================================================================================
| delay_lane_m_5_sva_reg | Flip-flop |  11   |  Y  | N  | N  | N  | N  | N  | N  |
==================================================================================

Inferred memory devices in process
	in routine fir_core line 10609 in file
		'./rtl/fir_core.v'.
==================================================================================
|     Register Name      |   Type    | Width | Bus | MB | AR | AS | SR | SS | ST |
==================================================================================
| delay_lane_e_4_sva_reg | Flip-flop |   5   |  Y  | N  | N  | N  | N  | N  | N  |
==================================================================================

Inferred memory devices in process
	in routine fir_core line 10617 in file
		'./rtl/fir_core.v'.
==================================================================================
|     Register Name      |   Type    | Width | Bus | MB | AR | AS | SR | SS | ST |
==================================================================================
| delay_lane_m_4_sva_reg | Flip-flop |  11   |  Y  | N  | N  | N  | N  | N  | N  |
==================================================================================

Inferred memory devices in process
	in routine fir_core line 10625 in file
		'./rtl/fir_core.v'.
==================================================================================
|     Register Name      |   Type    | Width | Bus | MB | AR | AS | SR | SS | ST |
==================================================================================
| delay_lane_e_3_sva_reg | Flip-flop |   5   |  Y  | N  | N  | N  | N  | N  | N  |
==================================================================================

Inferred memory devices in process
	in routine fir_core line 10633 in file
		'./rtl/fir_core.v'.
==================================================================================
|     Register Name      |   Type    | Width | Bus | MB | AR | AS | SR | SS | ST |
==================================================================================
| delay_lane_m_3_sva_reg | Flip-flop |  11   |  Y  | N  | N  | N  | N  | N  | N  |
==================================================================================

Inferred memory devices in process
	in routine fir_core line 10641 in file
		'./rtl/fir_core.v'.
==================================================================================
|     Register Name      |   Type    | Width | Bus | MB | AR | AS | SR | SS | ST |
==================================================================================
| delay_lane_e_2_sva_reg | Flip-flop |   5   |  Y  | N  | N  | N  | N  | N  | N  |
==================================================================================

Inferred memory devices in process
	in routine fir_core line 10649 in file
		'./rtl/fir_core.v'.
==================================================================================
|     Register Name      |   Type    | Width | Bus | MB | AR | AS | SR | SS | ST |
==================================================================================
| delay_lane_m_2_sva_reg | Flip-flop |  11   |  Y  | N  | N  | N  | N  | N  | N  |
==================================================================================

Inferred memory devices in process
	in routine fir_core line 10657 in file
		'./rtl/fir_core.v'.
===============================================================================================================================================
|                                    Register Name                                    |   Type    | Width | Bus | MB | AR | AS | SR | SS | ST |
===============================================================================================================================================
| ac_float_cctor_assign_from_n32_31_22_2_AC_TRN_AC_WRAP_else_1_shift_l_mux_12_itm_reg | Flip-flop |   1   |  N  | N  | N  | N  | N  | N  | N  |
===============================================================================================================================================

Inferred memory devices in process
	in routine fir_core line 10674 in file
		'./rtl/fir_core.v'.
========================================================================================================================
|                        Register Name                         |   Type    | Width | Bus | MB | AR | AS | SR | SS | ST |
========================================================================================================================
| operator_13_2_true_AC_TRN_AC_WRAP_rshift_psp_10_sva_10_7_reg | Flip-flop |   4   |  Y  | N  | N  | N  | N  | N  | N  |
========================================================================================================================

Inferred memory devices in process
	in routine fir_core line 10732 in file
		'./rtl/fir_core.v'.
=============================================================================================================================================
|                                   Register Name                                   |   Type    | Width | Bus | MB | AR | AS | SR | SS | ST |
=============================================================================================================================================
| ac_float_cctor_assign_from_n32_31_22_2_AC_TRN_AC_WRAP_qr_6_0_18_lpi_1_dfm_4_0_reg | Flip-flop |   5   |  Y  | N  | N  | N  | N  | N  | N  |
=============================================================================================================================================

Inferred memory devices in process
	in routine fir_core line 10747 in file
		'./rtl/fir_core.v'.
=============================================================================================================================================
|                                   Register Name                                   |   Type    | Width | Bus | MB | AR | AS | SR | SS | ST |
=============================================================================================================================================
| ac_float_cctor_assign_from_n32_31_22_2_AC_TRN_AC_WRAP_qr_6_0_19_lpi_1_dfm_4_0_reg | Flip-flop |   5   |  Y  | N  | N  | N  | N  | N  | N  |
=============================================================================================================================================

Inferred memory devices in process
	in routine fir_core line 10762 in file
		'./rtl/fir_core.v'.
=============================================================================================================================================
|                                   Register Name                                   |   Type    | Width | Bus | MB | AR | AS | SR | SS | ST |
=============================================================================================================================================
| ac_float_cctor_assign_from_n32_31_22_2_AC_TRN_AC_WRAP_qr_6_0_20_lpi_1_dfm_4_0_reg | Flip-flop |   5   |  Y  | N  | N  | N  | N  | N  | N  |
=============================================================================================================================================

Inferred memory devices in process
	in routine fir_core line 10777 in file
		'./rtl/fir_core.v'.
=============================================================================================================================================
|                                   Register Name                                   |   Type    | Width | Bus | MB | AR | AS | SR | SS | ST |
=============================================================================================================================================
| ac_float_cctor_assign_from_n32_31_22_2_AC_TRN_AC_WRAP_qr_6_0_21_lpi_1_dfm_4_0_reg | Flip-flop |   5   |  Y  | N  | N  | N  | N  | N  | N  |
=============================================================================================================================================

Inferred memory devices in process
	in routine fir_core line 10792 in file
		'./rtl/fir_core.v'.
=============================================================================================================================================
|                                   Register Name                                   |   Type    | Width | Bus | MB | AR | AS | SR | SS | ST |
=============================================================================================================================================
| ac_float_cctor_assign_from_n32_31_22_2_AC_TRN_AC_WRAP_qr_6_0_22_lpi_1_dfm_4_0_reg | Flip-flop |   5   |  Y  | N  | N  | N  | N  | N  | N  |
=============================================================================================================================================

Inferred memory devices in process
	in routine fir_core line 10807 in file
		'./rtl/fir_core.v'.
=============================================================================================================================================
|                                   Register Name                                   |   Type    | Width | Bus | MB | AR | AS | SR | SS | ST |
=============================================================================================================================================
| ac_float_cctor_assign_from_n32_31_22_2_AC_TRN_AC_WRAP_qr_6_0_23_lpi_1_dfm_4_0_reg | Flip-flop |   5   |  Y  | N  | N  | N  | N  | N  | N  |
=============================================================================================================================================

Inferred memory devices in process
	in routine fir_core line 10822 in file
		'./rtl/fir_core.v'.
=============================================================================================================================================
|                                   Register Name                                   |   Type    | Width | Bus | MB | AR | AS | SR | SS | ST |
=============================================================================================================================================
| ac_float_cctor_assign_from_n32_31_22_2_AC_TRN_AC_WRAP_qr_6_0_24_lpi_1_dfm_4_0_reg | Flip-flop |   5   |  Y  | N  | N  | N  | N  | N  | N  |
=============================================================================================================================================

Inferred memory devices in process
	in routine fir_core line 10837 in file
		'./rtl/fir_core.v'.
=============================================================================================================================================
|                                   Register Name                                   |   Type    | Width | Bus | MB | AR | AS | SR | SS | ST |
=============================================================================================================================================
| ac_float_cctor_assign_from_n32_31_22_2_AC_TRN_AC_WRAP_qr_6_0_25_lpi_1_dfm_4_0_reg | Flip-flop |   5   |  Y  | N  | N  | N  | N  | N  | N  |
=============================================================================================================================================

Inferred memory devices in process
	in routine fir_core line 10852 in file
		'./rtl/fir_core.v'.
=============================================================================================================================================
|                                   Register Name                                   |   Type    | Width | Bus | MB | AR | AS | SR | SS | ST |
=============================================================================================================================================
| ac_float_cctor_assign_from_n32_31_22_2_AC_TRN_AC_WRAP_qr_6_0_26_lpi_1_dfm_4_0_reg | Flip-flop |   5   |  Y  | N  | N  | N  | N  | N  | N  |
=============================================================================================================================================

Inferred memory devices in process
	in routine fir_core line 10867 in file
		'./rtl/fir_core.v'.
=============================================================================================================================================
|                                   Register Name                                   |   Type    | Width | Bus | MB | AR | AS | SR | SS | ST |
=============================================================================================================================================
| ac_float_cctor_assign_from_n32_31_22_2_AC_TRN_AC_WRAP_qr_6_0_27_lpi_1_dfm_4_0_reg | Flip-flop |   5   |  Y  | N  | N  | N  | N  | N  | N  |
=============================================================================================================================================

Inferred memory devices in process
	in routine fir_core line 10882 in file
		'./rtl/fir_core.v'.
=============================================================================================================================================
|                                   Register Name                                   |   Type    | Width | Bus | MB | AR | AS | SR | SS | ST |
=============================================================================================================================================
| ac_float_cctor_assign_from_n32_31_22_2_AC_TRN_AC_WRAP_qr_6_0_28_lpi_1_dfm_4_0_reg | Flip-flop |   5   |  Y  | N  | N  | N  | N  | N  | N  |
=============================================================================================================================================

Inferred memory devices in process
	in routine fir_core line 10897 in file
		'./rtl/fir_core.v'.
=============================================================================================================================================
|                                   Register Name                                   |   Type    | Width | Bus | MB | AR | AS | SR | SS | ST |
=============================================================================================================================================
| ac_float_cctor_assign_from_n32_31_22_2_AC_TRN_AC_WRAP_qr_6_0_29_lpi_1_dfm_4_0_reg | Flip-flop |   5   |  Y  | N  | N  | N  | N  | N  | N  |
=============================================================================================================================================

Inferred memory devices in process
	in routine fir_core line 10912 in file
		'./rtl/fir_core.v'.
=============================================================================================================================================
|                                   Register Name                                   |   Type    | Width | Bus | MB | AR | AS | SR | SS | ST |
=============================================================================================================================================
| ac_float_cctor_assign_from_n32_31_22_2_AC_TRN_AC_WRAP_qr_6_0_30_lpi_1_dfm_4_0_reg | Flip-flop |   5   |  Y  | N  | N  | N  | N  | N  | N  |
=============================================================================================================================================

Inferred memory devices in process
	in routine fir_core line 10927 in file
		'./rtl/fir_core.v'.
=============================================================================================================================================
|                                   Register Name                                   |   Type    | Width | Bus | MB | AR | AS | SR | SS | ST |
=============================================================================================================================================
| ac_float_cctor_assign_from_n32_31_22_2_AC_TRN_AC_WRAP_qr_6_0_31_lpi_1_dfm_4_0_reg | Flip-flop |   5   |  Y  | N  | N  | N  | N  | N  | N  |
=============================================================================================================================================

Inferred memory devices in process
	in routine fir_core line 10942 in file
		'./rtl/fir_core.v'.
=========================================================================================================================================================
|                                         Register Name                                         |   Type    | Width | Bus | MB | AR | AS | SR | SS | ST |
=========================================================================================================================================================
| ac_float_cctor_assign_from_n32_31_22_2_AC_TRN_AC_WRAP_actual_max_shift_left_acc_psp_1_sva_reg | Flip-flop |   3   |  Y  | N  | N  | N  | N  | N  | N  |
=========================================================================================================================================================

Inferred memory devices in process
	in routine fir_core line 10954 in file
		'./rtl/fir_core.v'.
==========================================================================================================================================================
|                                         Register Name                                          |   Type    | Width | Bus | MB | AR | AS | SR | SS | ST |
==========================================================================================================================================================
| ac_float_cctor_assign_from_n32_31_22_2_AC_TRN_AC_WRAP_actual_max_shift_left_acc_psp_18_sva_reg | Flip-flop |   3   |  Y  | N  | N  | N  | N  | N  | N  |
==========================================================================================================================================================

Inferred memory devices in process
	in routine fir_core line 10964 in file
		'./rtl/fir_core.v'.
==========================================================================================================================================================
|                                         Register Name                                          |   Type    | Width | Bus | MB | AR | AS | SR | SS | ST |
==========================================================================================================================================================
| ac_float_cctor_assign_from_n32_31_22_2_AC_TRN_AC_WRAP_actual_max_shift_left_acc_psp_19_sva_reg | Flip-flop |   3   |  Y  | N  | N  | N  | N  | N  | N  |
==========================================================================================================================================================

Inferred memory devices in process
	in routine fir_core line 10974 in file
		'./rtl/fir_core.v'.
==========================================================================================================================================================
|                                         Register Name                                          |   Type    | Width | Bus | MB | AR | AS | SR | SS | ST |
==========================================================================================================================================================
| ac_float_cctor_assign_from_n32_31_22_2_AC_TRN_AC_WRAP_actual_max_shift_left_acc_psp_20_sva_reg | Flip-flop |   3   |  Y  | N  | N  | N  | N  | N  | N  |
==========================================================================================================================================================

Inferred memory devices in process
	in routine fir_core line 10984 in file
		'./rtl/fir_core.v'.
==========================================================================================================================================================
|                                         Register Name                                          |   Type    | Width | Bus | MB | AR | AS | SR | SS | ST |
==========================================================================================================================================================
| ac_float_cctor_assign_from_n32_31_22_2_AC_TRN_AC_WRAP_actual_max_shift_left_acc_psp_21_sva_reg | Flip-flop |   3   |  Y  | N  | N  | N  | N  | N  | N  |
==========================================================================================================================================================

Inferred memory devices in process
	in routine fir_core line 10994 in file
		'./rtl/fir_core.v'.
==========================================================================================================================================================
|                                         Register Name                                          |   Type    | Width | Bus | MB | AR | AS | SR | SS | ST |
==========================================================================================================================================================
| ac_float_cctor_assign_from_n32_31_22_2_AC_TRN_AC_WRAP_actual_max_shift_left_acc_psp_22_sva_reg | Flip-flop |   3   |  Y  | N  | N  | N  | N  | N  | N  |
==========================================================================================================================================================

Inferred memory devices in process
	in routine fir_core line 11004 in file
		'./rtl/fir_core.v'.
==========================================================================================================================================================
|                                         Register Name                                          |   Type    | Width | Bus | MB | AR | AS | SR | SS | ST |
==========================================================================================================================================================
| ac_float_cctor_assign_from_n32_31_22_2_AC_TRN_AC_WRAP_actual_max_shift_left_acc_psp_23_sva_reg | Flip-flop |   3   |  Y  | N  | N  | N  | N  | N  | N  |
==========================================================================================================================================================

Inferred memory devices in process
	in routine fir_core line 11014 in file
		'./rtl/fir_core.v'.
==========================================================================================================================================================
|                                         Register Name                                          |   Type    | Width | Bus | MB | AR | AS | SR | SS | ST |
==========================================================================================================================================================
| ac_float_cctor_assign_from_n32_31_22_2_AC_TRN_AC_WRAP_actual_max_shift_left_acc_psp_24_sva_reg | Flip-flop |   3   |  Y  | N  | N  | N  | N  | N  | N  |
==========================================================================================================================================================

Inferred memory devices in process
	in routine fir_core line 11024 in file
		'./rtl/fir_core.v'.
==========================================================================================================================================================
|                                         Register Name                                          |   Type    | Width | Bus | MB | AR | AS | SR | SS | ST |
==========================================================================================================================================================
| ac_float_cctor_assign_from_n32_31_22_2_AC_TRN_AC_WRAP_actual_max_shift_left_acc_psp_25_sva_reg | Flip-flop |   3   |  Y  | N  | N  | N  | N  | N  | N  |
==========================================================================================================================================================

Inferred memory devices in process
	in routine fir_core line 11034 in file
		'./rtl/fir_core.v'.
==========================================================================================================================================================
|                                         Register Name                                          |   Type    | Width | Bus | MB | AR | AS | SR | SS | ST |
==========================================================================================================================================================
| ac_float_cctor_assign_from_n32_31_22_2_AC_TRN_AC_WRAP_actual_max_shift_left_acc_psp_26_sva_reg | Flip-flop |   3   |  Y  | N  | N  | N  | N  | N  | N  |
==========================================================================================================================================================

Inferred memory devices in process
	in routine fir_core line 11044 in file
		'./rtl/fir_core.v'.
==========================================================================================================================================================
|                                         Register Name                                          |   Type    | Width | Bus | MB | AR | AS | SR | SS | ST |
==========================================================================================================================================================
| ac_float_cctor_assign_from_n32_31_22_2_AC_TRN_AC_WRAP_actual_max_shift_left_acc_psp_27_sva_reg | Flip-flop |   3   |  Y  | N  | N  | N  | N  | N  | N  |
==========================================================================================================================================================

Inferred memory devices in process
	in routine fir_core line 11054 in file
		'./rtl/fir_core.v'.
==========================================================================================================================================================
|                                         Register Name                                          |   Type    | Width | Bus | MB | AR | AS | SR | SS | ST |
==========================================================================================================================================================
| ac_float_cctor_assign_from_n32_31_22_2_AC_TRN_AC_WRAP_actual_max_shift_left_acc_psp_28_sva_reg | Flip-flop |   3   |  Y  | N  | N  | N  | N  | N  | N  |
==========================================================================================================================================================

Inferred memory devices in process
	in routine fir_core line 11064 in file
		'./rtl/fir_core.v'.
==========================================================================================================================================================
|                                         Register Name                                          |   Type    | Width | Bus | MB | AR | AS | SR | SS | ST |
==========================================================================================================================================================
| ac_float_cctor_assign_from_n32_31_22_2_AC_TRN_AC_WRAP_actual_max_shift_left_acc_psp_29_sva_reg | Flip-flop |   3   |  Y  | N  | N  | N  | N  | N  | N  |
==========================================================================================================================================================

Inferred memory devices in process
	in routine fir_core line 11074 in file
		'./rtl/fir_core.v'.
==========================================================================================================================================================
|                                         Register Name                                          |   Type    | Width | Bus | MB | AR | AS | SR | SS | ST |
==========================================================================================================================================================
| ac_float_cctor_assign_from_n32_31_22_2_AC_TRN_AC_WRAP_actual_max_shift_left_acc_psp_30_sva_reg | Flip-flop |   3   |  Y  | N  | N  | N  | N  | N  | N  |
==========================================================================================================================================================

Inferred memory devices in process
	in routine fir_core line 11084 in file
		'./rtl/fir_core.v'.
==========================================================================================================================================================
|                                         Register Name                                          |   Type    | Width | Bus | MB | AR | AS | SR | SS | ST |
==========================================================================================================================================================
| ac_float_cctor_assign_from_n32_31_22_2_AC_TRN_AC_WRAP_actual_max_shift_left_acc_psp_31_sva_reg | Flip-flop |   3   |  Y  | N  | N  | N  | N  | N  | N  |
==========================================================================================================================================================

Inferred memory devices in process
	in routine fir_core line 11094 in file
		'./rtl/fir_core.v'.
=======================================================================================================================================================
|                                        Register Name                                        |   Type    | Width | Bus | MB | AR | AS | SR | SS | ST |
=======================================================================================================================================================
| ac_float_cctor_assign_from_n32_31_22_2_AC_TRN_AC_WRAP_actual_max_shift_left_acc_psp_sva_reg | Flip-flop |   3   |  Y  | N  | N  | N  | N  | N  | N  |
=======================================================================================================================================================

Inferred memory devices in process
	in routine fir_core line 11104 in file
		'./rtl/fir_core.v'.
===================================================================================================================================
|                              Register Name                              |   Type    | Width | Bus | MB | AR | AS | SR | SS | ST |
===================================================================================================================================
| ac_float_cctor_assign_from_n32_31_22_2_AC_TRN_AC_WRAP_acc_psp_3_sva_reg | Flip-flop |   7   |  Y  | N  | N  | N  | N  | N  | N  |
===================================================================================================================================

Inferred memory devices in process
	in routine fir_core line 11112 in file
		'./rtl/fir_core.v'.
==========================================================================================================================================
|                                 Register Name                                  |   Type    | Width | Bus | MB | AR | AS | SR | SS | ST |
==========================================================================================================================================
| ac_float_cctor_assign_from_n32_31_22_2_AC_TRN_AC_WRAP_qr_6_0_lpi_1_dfm_4_0_reg | Flip-flop |   5   |  Y  | N  | N  | N  | N  | N  | N  |
==========================================================================================================================================

Inferred memory devices in process
	in routine fir_core line 11125 in file
		'./rtl/fir_core.v'.
======================================================================================================
|               Register Name                |   Type    | Width | Bus | MB | AR | AS | SR | SS | ST |
======================================================================================================
| MAC_ac_float_cctor_m_25_lpi_1_dfm_10_7_reg | Flip-flop |   4   |  Y  | N  | N  | N  | N  | N  | N  |
======================================================================================================

Inferred memory devices in process
	in routine fir_core line 11134 in file
		'./rtl/fir_core.v'.
=====================================================================================================
|               Register Name               |   Type    | Width | Bus | MB | AR | AS | SR | SS | ST |
=====================================================================================================
| MAC_ac_float_cctor_m_25_lpi_1_dfm_6_0_reg | Flip-flop |   7   |  Y  | N  | N  | N  | N  | N  | N  |
=====================================================================================================

Inferred memory devices in process
	in routine fir_core line 11144 in file
		'./rtl/fir_core.v'.
======================================================================================================
|               Register Name                |   Type    | Width | Bus | MB | AR | AS | SR | SS | ST |
======================================================================================================
|  MAC_ac_float_cctor_m_lpi_1_dfm_10_7_reg   | Flip-flop |   4   |  Y  | N  | N  | N  | N  | N  | N  |
| MAC_ac_float_cctor_m_26_lpi_1_dfm_10_7_reg | Flip-flop |   4   |  Y  | N  | N  | N  | N  | N  | N  |
| MAC_ac_float_cctor_m_27_lpi_1_dfm_10_7_reg | Flip-flop |   4   |  Y  | N  | N  | N  | N  | N  | N  |
| MAC_ac_float_cctor_m_28_lpi_1_dfm_10_7_reg | Flip-flop |   4   |  Y  | N  | N  | N  | N  | N  | N  |
| MAC_ac_float_cctor_m_29_lpi_1_dfm_10_7_reg | Flip-flop |   4   |  Y  | N  | N  | N  | N  | N  | N  |
| MAC_ac_float_cctor_m_30_lpi_1_dfm_10_7_reg | Flip-flop |   4   |  Y  | N  | N  | N  | N  | N  | N  |
| MAC_ac_float_cctor_m_31_lpi_1_dfm_10_7_reg | Flip-flop |   4   |  Y  | N  | N  | N  | N  | N  | N  |
| MAC_ac_float_cctor_m_4_lpi_1_dfm_10_7_reg  | Flip-flop |   4   |  Y  | N  | N  | N  | N  | N  | N  |
| MAC_ac_float_cctor_m_5_lpi_1_dfm_10_7_reg  | Flip-flop |   4   |  Y  | N  | N  | N  | N  | N  | N  |
| MAC_ac_float_cctor_m_6_lpi_1_dfm_10_7_reg  | Flip-flop |   4   |  Y  | N  | N  | N  | N  | N  | N  |
| MAC_ac_float_cctor_m_7_lpi_1_dfm_10_7_reg  | Flip-flop |   4   |  Y  | N  | N  | N  | N  | N  | N  |
| MAC_ac_float_cctor_m_8_lpi_1_dfm_10_7_reg  | Flip-flop |   4   |  Y  | N  | N  | N  | N  | N  | N  |
| MAC_ac_float_cctor_m_9_lpi_1_dfm_10_7_reg  | Flip-flop |   4   |  Y  | N  | N  | N  | N  | N  | N  |
======================================================================================================

Inferred memory devices in process
	in routine fir_core line 11176 in file
		'./rtl/fir_core.v'.
=====================================================================================================
|               Register Name               |   Type    | Width | Bus | MB | AR | AS | SR | SS | ST |
=====================================================================================================
|  MAC_ac_float_cctor_m_lpi_1_dfm_6_0_reg   | Flip-flop |   7   |  Y  | N  | N  | N  | N  | N  | N  |
| MAC_ac_float_cctor_m_26_lpi_1_dfm_6_0_reg | Flip-flop |   7   |  Y  | N  | N  | N  | N  | N  | N  |
| MAC_ac_float_cctor_m_27_lpi_1_dfm_6_0_reg | Flip-flop |   7   |  Y  | N  | N  | N  | N  | N  | N  |
| MAC_ac_float_cctor_m_28_lpi_1_dfm_6_0_reg | Flip-flop |   7   |  Y  | N  | N  | N  | N  | N  | N  |
| MAC_ac_float_cctor_m_29_lpi_1_dfm_6_0_reg | Flip-flop |   7   |  Y  | N  | N  | N  | N  | N  | N  |
| MAC_ac_float_cctor_m_30_lpi_1_dfm_6_0_reg | Flip-flop |   7   |  Y  | N  | N  | N  | N  | N  | N  |
| MAC_ac_float_cctor_m_31_lpi_1_dfm_6_0_reg | Flip-flop |   7   |  Y  | N  | N  | N  | N  | N  | N  |
| MAC_ac_float_cctor_m_4_lpi_1_dfm_6_0_reg  | Flip-flop |   7   |  Y  | N  | N  | N  | N  | N  | N  |
| MAC_ac_float_cctor_m_5_lpi_1_dfm_6_0_reg  | Flip-flop |   7   |  Y  | N  | N  | N  | N  | N  | N  |
| MAC_ac_float_cctor_m_6_lpi_1_dfm_6_0_reg  | Flip-flop |   7   |  Y  | N  | N  | N  | N  | N  | N  |
| MAC_ac_float_cctor_m_7_lpi_1_dfm_6_0_reg  | Flip-flop |   7   |  Y  | N  | N  | N  | N  | N  | N  |
| MAC_ac_float_cctor_m_8_lpi_1_dfm_6_0_reg  | Flip-flop |   7   |  Y  | N  | N  | N  | N  | N  | N  |
| MAC_ac_float_cctor_m_9_lpi_1_dfm_6_0_reg  | Flip-flop |   7   |  Y  | N  | N  | N  | N  | N  | N  |
=====================================================================================================

Inferred memory devices in process
	in routine fir_core line 11221 in file
		'./rtl/fir_core.v'.
=====================================================================================================================================
|                               Register Name                               |   Type    | Width | Bus | MB | AR | AS | SR | SS | ST |
=====================================================================================================================================
| ac_float_cctor_assign_from_n32_31_22_2_AC_TRN_AC_WRAP_op2_21_11_1_sva_reg | Flip-flop |  11   |  Y  | N  | N  | N  | N  | N  | N  |
=====================================================================================================================================

Inferred memory devices in process
	in routine fir_core line 11240 in file
		'./rtl/fir_core.v'.
=======================================================================================================================================================================================================
|                                                                Register Name                                                                |   Type    | Width | Bus | MB | AR | AS | SR | SS | ST |
=======================================================================================================================================================================================================
| ac_float_cctor_assign_from_n32_31_22_2_AC_TRN_AC_WRAP_else_if_ac_float_cctor_assign_from_n32_31_22_2_AC_TRN_AC_WRAP_else_if_nand_3_itm_reg  | Flip-flop |   1   |  N  | N  | N  | N  | N  | N  | N  |
|                        ac_float_cctor_assign_from_n32_31_22_2_AC_TRN_AC_WRAP_else_1_shift_exponent_limited_2_sva_reg                        | Flip-flop |   1   |  N  | N  | N  | N  | N  | N  | N  |
|                        ac_float_cctor_assign_from_n32_31_22_2_AC_TRN_AC_WRAP_else_1_shift_exponent_limited_4_sva_reg                        | Flip-flop |   1   |  N  | N  | N  | N  | N  | N  | N  |
|                        ac_float_cctor_assign_from_n32_31_22_2_AC_TRN_AC_WRAP_else_1_shift_exponent_limited_5_sva_reg                        | Flip-flop |   1   |  N  | N  | N  | N  | N  | N  | N  |
|                        ac_float_cctor_assign_from_n32_31_22_2_AC_TRN_AC_WRAP_else_1_shift_exponent_limited_6_sva_reg                        | Flip-flop |   1   |  N  | N  | N  | N  | N  | N  | N  |
|                        ac_float_cctor_assign_from_n32_31_22_2_AC_TRN_AC_WRAP_else_1_shift_exponent_limited_7_sva_reg                        | Flip-flop |   1   |  N  | N  | N  | N  | N  | N  | N  |
|                        ac_float_cctor_assign_from_n32_31_22_2_AC_TRN_AC_WRAP_else_1_shift_exponent_limited_8_sva_reg                        | Flip-flop |   1   |  N  | N  | N  | N  | N  | N  | N  |
|                        ac_float_cctor_assign_from_n32_31_22_2_AC_TRN_AC_WRAP_else_1_shift_exponent_limited_9_sva_reg                        | Flip-flop |   1   |  N  | N  | N  | N  | N  | N  | N  |
|                       ac_float_cctor_assign_from_n32_31_22_2_AC_TRN_AC_WRAP_else_1_shift_exponent_limited_12_sva_reg                        | Flip-flop |   1   |  N  | N  | N  | N  | N  | N  | N  |
|                       ac_float_cctor_assign_from_n32_31_22_2_AC_TRN_AC_WRAP_else_1_shift_exponent_limited_13_sva_reg                        | Flip-flop |   1   |  N  | N  | N  | N  | N  | N  | N  |
|                       ac_float_cctor_assign_from_n32_31_22_2_AC_TRN_AC_WRAP_else_1_shift_exponent_limited_14_sva_reg                        | Flip-flop |   1   |  N  | N  | N  | N  | N  | N  | N  |
|                       ac_float_cctor_assign_from_n32_31_22_2_AC_TRN_AC_WRAP_else_1_shift_exponent_limited_15_sva_reg                        | Flip-flop |   1   |  N  | N  | N  | N  | N  | N  | N  |
|                       ac_float_cctor_assign_from_n32_31_22_2_AC_TRN_AC_WRAP_else_1_shift_exponent_limited_16_sva_reg                        | Flip-flop |   1   |  N  | N  | N  | N  | N  | N  | N  |
|                       ac_float_cctor_assign_from_n32_31_22_2_AC_TRN_AC_WRAP_else_1_shift_exponent_limited_17_sva_reg                        | Flip-flop |   1   |  N  | N  | N  | N  | N  | N  | N  |
| ac_float_cctor_assign_from_n32_31_22_2_AC_TRN_AC_WRAP_else_if_ac_float_cctor_assign_from_n32_31_22_2_AC_TRN_AC_WRAP_else_if_nand_16_itm_reg | Flip-flop |   1   |  N  | N  | N  | N  | N  | N  | N  |
| ac_float_cctor_assign_from_n32_31_22_2_AC_TRN_AC_WRAP_else_if_ac_float_cctor_assign_from_n32_31_22_2_AC_TRN_AC_WRAP_else_if_nand_15_itm_reg | Flip-flop |   1   |  N  | N  | N  | N  | N  | N  | N  |
| ac_float_cctor_assign_from_n32_31_22_2_AC_TRN_AC_WRAP_else_if_ac_float_cctor_assign_from_n32_31_22_2_AC_TRN_AC_WRAP_else_if_nand_14_itm_reg | Flip-flop |   1   |  N  | N  | N  | N  | N  | N  | N  |
| ac_float_cctor_assign_from_n32_31_22_2_AC_TRN_AC_WRAP_else_if_ac_float_cctor_assign_from_n32_31_22_2_AC_TRN_AC_WRAP_else_if_nand_13_itm_reg | Flip-flop |   1   |  N  | N  | N  | N  | N  | N  | N  |
| ac_float_cctor_assign_from_n32_31_22_2_AC_TRN_AC_WRAP_else_if_ac_float_cctor_assign_from_n32_31_22_2_AC_TRN_AC_WRAP_else_if_nand_12_itm_reg | Flip-flop |   1   |  N  | N  | N  | N  | N  | N  | N  |
| ac_float_cctor_assign_from_n32_31_22_2_AC_TRN_AC_WRAP_else_if_ac_float_cctor_assign_from_n32_31_22_2_AC_TRN_AC_WRAP_else_if_nand_11_itm_reg | Flip-flop |   1   |  N  | N  | N  | N  | N  | N  | N  |
| ac_float_cctor_assign_from_n32_31_22_2_AC_TRN_AC_WRAP_else_if_ac_float_cctor_assign_from_n32_31_22_2_AC_TRN_AC_WRAP_else_if_nand_10_itm_reg | Flip-flop |   1   |  N  | N  | N  | N  | N  | N  | N  |
| ac_float_cctor_assign_from_n32_31_22_2_AC_TRN_AC_WRAP_else_if_ac_float_cctor_assign_from_n32_31_22_2_AC_TRN_AC_WRAP_else_if_nand_9_itm_reg  | Flip-flop |   1   |  N  | N  | N  | N  | N  | N  | N  |
| ac_float_cctor_assign_from_n32_31_22_2_AC_TRN_AC_WRAP_else_if_ac_float_cctor_assign_from_n32_31_22_2_AC_TRN_AC_WRAP_else_if_nand_8_itm_reg  | Flip-flop |   1   |  N  | N  | N  | N  | N  | N  | N  |
| ac_float_cctor_assign_from_n32_31_22_2_AC_TRN_AC_WRAP_else_if_ac_float_cctor_assign_from_n32_31_22_2_AC_TRN_AC_WRAP_else_if_nand_7_itm_reg  | Flip-flop |   1   |  N  | N  | N  | N  | N  | N  | N  |
| ac_float_cctor_assign_from_n32_31_22_2_AC_TRN_AC_WRAP_else_if_ac_float_cctor_assign_from_n32_31_22_2_AC_TRN_AC_WRAP_else_if_nand_6_itm_reg  | Flip-flop |   1   |  N  | N  | N  | N  | N  | N  | N  |
| ac_float_cctor_assign_from_n32_31_22_2_AC_TRN_AC_WRAP_else_if_ac_float_cctor_assign_from_n32_31_22_2_AC_TRN_AC_WRAP_else_if_nand_5_itm_reg  | Flip-flop |   1   |  N  | N  | N  | N  | N  | N  | N  |
| ac_float_cctor_assign_from_n32_31_22_2_AC_TRN_AC_WRAP_else_if_ac_float_cctor_assign_from_n32_31_22_2_AC_TRN_AC_WRAP_else_if_nand_4_itm_reg  | Flip-flop |   1   |  N  | N  | N  | N  | N  | N  | N  |
=======================================================================================================================================================================================================

Inferred memory devices in process
	in routine fir_core line 11382 in file
		'./rtl/fir_core.v'.
=============================================================================================================================================================
|                                           Register Name                                           |   Type    | Width | Bus | MB | AR | AS | SR | SS | ST |
=============================================================================================================================================================
| ac_float_cctor_assign_from_n32_31_22_2_AC_TRN_AC_WRAP_actual_max_shift_left_acc_psp_2_sva_2_1_reg | Flip-flop |   2   |  Y  | N  | N  | N  | N  | N  | N  |
=============================================================================================================================================================

Inferred memory devices in process
	in routine fir_core line 11392 in file
		'./rtl/fir_core.v'.
==========================================================================================================================================================
|                                         Register Name                                          |   Type    | Width | Bus | MB | AR | AS | SR | SS | ST |
==========================================================================================================================================================
| ac_float_cctor_assign_from_n32_31_22_2_AC_TRN_AC_WRAP_else_1_shift_exponent_limited_10_sva_reg | Flip-flop |   1   |  N  | N  | N  | N  | N  | N  | N  |
==========================================================================================================================================================

Inferred memory devices in process
	in routine fir_core line 11405 in file
		'./rtl/fir_core.v'.
==========================================================================================================================================================
|                                         Register Name                                          |   Type    | Width | Bus | MB | AR | AS | SR | SS | ST |
==========================================================================================================================================================
| ac_float_cctor_assign_from_n32_31_22_2_AC_TRN_AC_WRAP_else_1_shift_exponent_limited_11_sva_reg | Flip-flop |   1   |  N  | N  | N  | N  | N  | N  | N  |
==========================================================================================================================================================

Inferred memory devices in process
	in routine fir_core line 11417 in file
		'./rtl/fir_core.v'.
======================================================================================================================================
|                               Register Name                                |   Type    | Width | Bus | MB | AR | AS | SR | SS | ST |
======================================================================================================================================
| ac_float_cctor_assign_from_n32_31_22_2_AC_TRN_AC_WRAP_op2_21_11_18_sva_reg | Flip-flop |  11   |  Y  | N  | N  | N  | N  | N  | N  |
======================================================================================================================================

Inferred memory devices in process
	in routine fir_core line 11431 in file
		'./rtl/fir_core.v'.
======================================================================================================================================
|                               Register Name                                |   Type    | Width | Bus | MB | AR | AS | SR | SS | ST |
======================================================================================================================================
| ac_float_cctor_assign_from_n32_31_22_2_AC_TRN_AC_WRAP_op2_21_11_19_sva_reg | Flip-flop |  11   |  Y  | N  | N  | N  | N  | N  | N  |
======================================================================================================================================

Inferred memory devices in process
	in routine fir_core line 11445 in file
		'./rtl/fir_core.v'.
======================================================================================================================================
|                               Register Name                                |   Type    | Width | Bus | MB | AR | AS | SR | SS | ST |
======================================================================================================================================
| ac_float_cctor_assign_from_n32_31_22_2_AC_TRN_AC_WRAP_op2_21_11_20_sva_reg | Flip-flop |  11   |  Y  | N  | N  | N  | N  | N  | N  |
======================================================================================================================================

Inferred memory devices in process
	in routine fir_core line 11459 in file
		'./rtl/fir_core.v'.
======================================================================================================================================
|                               Register Name                                |   Type    | Width | Bus | MB | AR | AS | SR | SS | ST |
======================================================================================================================================
| ac_float_cctor_assign_from_n32_31_22_2_AC_TRN_AC_WRAP_op2_21_11_21_sva_reg | Flip-flop |  11   |  Y  | N  | N  | N  | N  | N  | N  |
======================================================================================================================================

Inferred memory devices in process
	in routine fir_core line 11473 in file
		'./rtl/fir_core.v'.
======================================================================================================================================
|                               Register Name                                |   Type    | Width | Bus | MB | AR | AS | SR | SS | ST |
======================================================================================================================================
| ac_float_cctor_assign_from_n32_31_22_2_AC_TRN_AC_WRAP_op2_21_11_22_sva_reg | Flip-flop |  11   |  Y  | N  | N  | N  | N  | N  | N  |
======================================================================================================================================

Inferred memory devices in process
	in routine fir_core line 11487 in file
		'./rtl/fir_core.v'.
======================================================================================================================================
|                               Register Name                                |   Type    | Width | Bus | MB | AR | AS | SR | SS | ST |
======================================================================================================================================
| ac_float_cctor_assign_from_n32_31_22_2_AC_TRN_AC_WRAP_op2_21_11_23_sva_reg | Flip-flop |  11   |  Y  | N  | N  | N  | N  | N  | N  |
======================================================================================================================================

Inferred memory devices in process
	in routine fir_core line 11501 in file
		'./rtl/fir_core.v'.
======================================================================================================================================
|                               Register Name                                |   Type    | Width | Bus | MB | AR | AS | SR | SS | ST |
======================================================================================================================================
| ac_float_cctor_assign_from_n32_31_22_2_AC_TRN_AC_WRAP_op2_21_11_24_sva_reg | Flip-flop |  11   |  Y  | N  | N  | N  | N  | N  | N  |
======================================================================================================================================

Inferred memory devices in process
	in routine fir_core line 11515 in file
		'./rtl/fir_core.v'.
======================================================================================================================================
|                               Register Name                                |   Type    | Width | Bus | MB | AR | AS | SR | SS | ST |
======================================================================================================================================
| ac_float_cctor_assign_from_n32_31_22_2_AC_TRN_AC_WRAP_op2_21_11_25_sva_reg | Flip-flop |  11   |  Y  | N  | N  | N  | N  | N  | N  |
======================================================================================================================================

Inferred memory devices in process
	in routine fir_core line 11529 in file
		'./rtl/fir_core.v'.
======================================================================================================================================
|                               Register Name                                |   Type    | Width | Bus | MB | AR | AS | SR | SS | ST |
======================================================================================================================================
| ac_float_cctor_assign_from_n32_31_22_2_AC_TRN_AC_WRAP_op2_21_11_26_sva_reg | Flip-flop |  11   |  Y  | N  | N  | N  | N  | N  | N  |
======================================================================================================================================

Inferred memory devices in process
	in routine fir_core line 11543 in file
		'./rtl/fir_core.v'.
======================================================================================================================================
|                               Register Name                                |   Type    | Width | Bus | MB | AR | AS | SR | SS | ST |
======================================================================================================================================
| ac_float_cctor_assign_from_n32_31_22_2_AC_TRN_AC_WRAP_op2_21_11_27_sva_reg | Flip-flop |  11   |  Y  | N  | N  | N  | N  | N  | N  |
======================================================================================================================================

Inferred memory devices in process
	in routine fir_core line 11557 in file
		'./rtl/fir_core.v'.
======================================================================================================================================
|                               Register Name                                |   Type    | Width | Bus | MB | AR | AS | SR | SS | ST |
======================================================================================================================================
| ac_float_cctor_assign_from_n32_31_22_2_AC_TRN_AC_WRAP_op2_21_11_28_sva_reg | Flip-flop |  11   |  Y  | N  | N  | N  | N  | N  | N  |
======================================================================================================================================

Inferred memory devices in process
	in routine fir_core line 11571 in file
		'./rtl/fir_core.v'.
======================================================================================================================================
|                               Register Name                                |   Type    | Width | Bus | MB | AR | AS | SR | SS | ST |
======================================================================================================================================
| ac_float_cctor_assign_from_n32_31_22_2_AC_TRN_AC_WRAP_op2_21_11_29_sva_reg | Flip-flop |  11   |  Y  | N  | N  | N  | N  | N  | N  |
======================================================================================================================================

Inferred memory devices in process
	in routine fir_core line 11585 in file
		'./rtl/fir_core.v'.
======================================================================================================================================
|                               Register Name                                |   Type    | Width | Bus | MB | AR | AS | SR | SS | ST |
======================================================================================================================================
| ac_float_cctor_assign_from_n32_31_22_2_AC_TRN_AC_WRAP_op2_21_11_30_sva_reg | Flip-flop |  11   |  Y  | N  | N  | N  | N  | N  | N  |
======================================================================================================================================

Inferred memory devices in process
	in routine fir_core line 11599 in file
		'./rtl/fir_core.v'.
======================================================================================================================================
|                               Register Name                                |   Type    | Width | Bus | MB | AR | AS | SR | SS | ST |
======================================================================================================================================
| ac_float_cctor_assign_from_n32_31_22_2_AC_TRN_AC_WRAP_op2_21_11_31_sva_reg | Flip-flop |  11   |  Y  | N  | N  | N  | N  | N  | N  |
======================================================================================================================================

Inferred memory devices in process
	in routine fir_core line 11613 in file
		'./rtl/fir_core.v'.
===================================================================================================================================
|                              Register Name                              |   Type    | Width | Bus | MB | AR | AS | SR | SS | ST |
===================================================================================================================================
| ac_float_cctor_assign_from_n32_31_22_2_AC_TRN_AC_WRAP_op2_21_11_sva_reg | Flip-flop |  11   |  Y  | N  | N  | N  | N  | N  | N  |
===================================================================================================================================

Inferred memory devices in process
	in routine fir_core line 11627 in file
		'./rtl/fir_core.v'.
======================================================================================================================================================================================================
|                                                               Register Name                                                                |   Type    | Width | Bus | MB | AR | AS | SR | SS | ST |
======================================================================================================================================================================================================
| ac_float_cctor_assign_from_n32_31_22_2_AC_TRN_AC_WRAP_else_if_ac_float_cctor_assign_from_n32_31_22_2_AC_TRN_AC_WRAP_else_if_nand_2_itm_reg | Flip-flop |   1   |  N  | N  | N  | N  | N  | N  | N  |
======================================================================================================================================================================================================

Inferred memory devices in process
	in routine fir_core line 11638 in file
		'./rtl/fir_core.v'.
=========================================================================================================================
|                         Register Name                         |   Type    | Width | Bus | MB | AR | AS | SR | SS | ST |
=========================================================================================================================
| result_assign_from_n16_15_13_2_AC_TRN_AC_WRAP_unequal_tmp_reg | Flip-flop |   1   |  N  | N  | N  | N  | N  | N  | N  |
=========================================================================================================================

Inferred memory devices in process
	in routine fir_core line 11650 in file
		'./rtl/fir_core.v'.
=======================================================================================================================================
|                                Register Name                                |   Type    | Width | Bus | MB | AR | AS | SR | SS | ST |
=======================================================================================================================================
| result_plus_minus_11_1_5_AC_TRN_11_1_5_AC_TRN_op_lshift_mux_11_itm_3_0_reg  | Flip-flop |   4   |  Y  | N  | N  | N  | N  | N  | N  |
| result_plus_minus_11_1_5_AC_TRN_11_1_5_AC_TRN_op_lshift_mux_11_itm_10_7_reg | Flip-flop |   4   |  Y  | N  | N  | N  | N  | N  | N  |
|  result_plus_minus_11_1_5_AC_TRN_11_1_5_AC_TRN_op_lshift_mux_11_itm_6_reg   | Flip-flop |   1   |  N  | N  | N  | N  | N  | N  | N  |
| result_plus_minus_11_1_5_AC_TRN_11_1_5_AC_TRN_op_lshift_mux_11_itm_5_4_reg  | Flip-flop |   2   |  Y  | N  | N  | N  | N  | N  | N  |
=======================================================================================================================================

Inferred memory devices in process
	in routine fir_core line 11882 in file
		'./rtl/fir_core.v'.
==================================================================================================
|             Register Name              |   Type    | Width | Bus | MB | AR | AS | SR | SS | ST |
==================================================================================================
| ac_float_cctor_operator_return_sva_reg | Flip-flop |   1   |  N  | N  | N  | N  | N  | N  | N  |
==================================================================================================

Inferred memory devices in process
	in routine fir_core line 11890 in file
		'./rtl/fir_core.v'.
====================================================================================================
|              Register Name               |   Type    | Width | Bus | MB | AR | AS | SR | SS | ST |
====================================================================================================
| ac_float_cctor_operator_return_9_sva_reg | Flip-flop |   1   |  N  | N  | N  | N  | N  | N  | N  |
====================================================================================================

Inferred memory devices in process
	in routine fir_core line 11898 in file
		'./rtl/fir_core.v'.
=================================================================================================================================================
|                                     Register Name                                     |   Type    | Width | Bus | MB | AR | AS | SR | SS | ST |
=================================================================================================================================================
| result_assign_from_n16_15_13_2_AC_TRN_AC_WRAP_actual_max_shift_left_acc_psp_1_sva_reg | Flip-flop |   2   |  Y  | N  | N  | N  | N  | N  | N  |
=================================================================================================================================================

Inferred memory devices in process
	in routine fir_core line 11910 in file
		'./rtl/fir_core.v'.
==========================================================================================================================================
|                                 Register Name                                  |   Type    | Width | Bus | MB | AR | AS | SR | SS | ST |
==========================================================================================================================================
| ac_float_cctor_assign_from_n32_31_22_2_AC_TRN_AC_WRAP_acc_psp_10_sva_rsp_0_reg | Flip-flop |   1   |  N  | N  | N  | N  | N  | N  | N  |
==========================================================================================================================================

Inferred memory devices in process
	in routine fir_core line 11920 in file
		'./rtl/fir_core.v'.
==========================================================================================================================================
|                                 Register Name                                  |   Type    | Width | Bus | MB | AR | AS | SR | SS | ST |
==========================================================================================================================================
| ac_float_cctor_assign_from_n32_31_22_2_AC_TRN_AC_WRAP_acc_psp_10_sva_rsp_2_reg | Flip-flop |   5   |  Y  | N  | N  | N  | N  | N  | N  |
| ac_float_cctor_assign_from_n32_31_22_2_AC_TRN_AC_WRAP_acc_psp_10_sva_rsp_1_reg | Flip-flop |   1   |  N  | N  | N  | N  | N  | N  | N  |
==========================================================================================================================================

Inferred memory devices in process
	in routine fir_core line 11940 in file
		'./rtl/fir_core.v'.
=============================================================================================================================
|                           Register Name                           |   Type    | Width | Bus | MB | AR | AS | SR | SS | ST |
=============================================================================================================================
| operator_13_2_true_AC_TRN_AC_WRAP_rshift_psp_10_sva_6_0_rsp_2_reg | Flip-flop |   4   |  Y  | N  | N  | N  | N  | N  | N  |
| operator_13_2_true_AC_TRN_AC_WRAP_rshift_psp_10_sva_6_0_rsp_0_reg | Flip-flop |   1   |  N  | N  | N  | N  | N  | N  | N  |
| operator_13_2_true_AC_TRN_AC_WRAP_rshift_psp_10_sva_6_0_rsp_1_reg | Flip-flop |   2   |  Y  | N  | N  | N  | N  | N  | N  |
=============================================================================================================================

Inferred memory devices in process
	in routine fir_core line 12107 in file
		'./rtl/fir_core.v'.
====================================================================================================================================
|                              Register Name                               |   Type    | Width | Bus | MB | AR | AS | SR | SS | ST |
====================================================================================================================================
| result_plus_minus_11_1_5_AC_TRN_11_1_5_AC_TRN_add_r_12_1_1_sva_rsp_1_reg | Flip-flop |   4   |  Y  | N  | N  | N  | N  | N  | N  |
| result_plus_minus_11_1_5_AC_TRN_11_1_5_AC_TRN_add_r_12_1_1_sva_rsp_0_reg | Flip-flop |   8   |  Y  | N  | N  | N  | N  | N  | N  |
====================================================================================================================================
Presto compilation completed successfully. (fir_core)
Elaborated 1 design.
Current design is now 'fir_core'.
Information: Building the design 'ccs_in_v1' instantiated from design 'fir_core' with
	the parameters "rscid=1,width=11". (HDL-193)
Presto compilation completed successfully. (ccs_in_v1_rscid1_width11)
Information: Building the design 'ccs_in_v1' instantiated from design 'fir_core' with
	the parameters "rscid=2,width=5". (HDL-193)
Presto compilation completed successfully. (ccs_in_v1_rscid2_width5)
Information: Building the design 'ccs_in_v1' instantiated from design 'fir_core' with
	the parameters "rscid=3,width=352". (HDL-193)
Presto compilation completed successfully. (ccs_in_v1_rscid3_width352)
Information: Building the design 'ccs_in_v1' instantiated from design 'fir_core' with
	the parameters "rscid=4,width=160". (HDL-193)
Presto compilation completed successfully. (ccs_in_v1_rscid4_width160)
Information: Building the design 'ccs_out_v1' instantiated from design 'fir_core' with
	the parameters "rscid=5,width=11". (HDL-193)
Presto compilation completed successfully. (ccs_out_v1_rscid5_width11)
Information: Building the design 'ccs_out_v1' instantiated from design 'fir_core' with
	the parameters "rscid=6,width=5". (HDL-193)
Presto compilation completed successfully. (ccs_out_v1_rscid6_width5)
Information: Building the design 'mgc_io_sync_v2' instantiated from design 'fir_core' with
	the parameters "valid=0". (HDL-193)
Presto compilation completed successfully. (mgc_io_sync_v2_valid0)
Information: Building the design 'mgc_shift_l_v5' instantiated from design 'fir_core' with
	the parameters "width_a=13,signd_a=0,width_s=4,width_z=13". (HDL-193)
Presto compilation completed successfully. (mgc_shift_l_v5_width_a13_signd_a0_width_s4_width_z13)
Information: Building the design 'mgc_shift_r_v5' instantiated from design 'fir_core' with
	the parameters "width_a=22,signd_a=1,width_s=4,width_z=22". (HDL-193)
Warning:  ./rtl/fir_core.v:187: signed to unsigned part selection occurs. (VER-318)
Warning:  ./rtl/fir_core.v:189: signed to unsigned part selection occurs. (VER-318)
Presto compilation completed successfully. (mgc_shift_r_v5_width_a22_signd_a1_width_s4_width_z22)
Information: Building the design 'mgc_shift_l_v5' instantiated from design 'fir_core' with
	the parameters "width_a=22,signd_a=0,width_s=5,width_z=22". (HDL-193)
Presto compilation completed successfully. (mgc_shift_l_v5_width_a22_signd_a0_width_s5_width_z22)
Information: Building the design 'mgc_shift_l_v5' instantiated from design 'fir_core' with
	the parameters "width_a=22,signd_a=0,width_s=6,width_z=22". (HDL-193)
Presto compilation completed successfully. (mgc_shift_l_v5_width_a22_signd_a0_width_s6_width_z22)
Information: Building the design 'mgc_shift_r_v5' instantiated from design 'fir_core' with
	the parameters "width_a=12,signd_a=1,width_s=5,width_z=12". (HDL-193)
Warning:  ./rtl/fir_core.v:187: signed to unsigned part selection occurs. (VER-318)
Warning:  ./rtl/fir_core.v:189: signed to unsigned part selection occurs. (VER-318)
Presto compilation completed successfully. (mgc_shift_r_v5_width_a12_signd_a1_width_s5_width_z12)
Information: Building the design 'leading_sign_13_1_1_0'. (HDL-193)

Statistics for case statements in always block at line 273 in file
	'./rtl/fir_core.v'
===============================================
|           Line           |  full/ parallel  |
===============================================
|           285            |    auto/auto     |
===============================================
Presto compilation completed successfully. (leading_sign_13_1_1_0)
Information: Building the design 'mgc_shift_br_v5' instantiated from design 'fir_core' with
	the parameters "width_a=22,signd_a=1,width_s=5,width_z=22". (HDL-193)
Warning:  ./rtl/fir_core.v:362: signed to unsigned part selection occurs. (VER-318)
Warning:  ./rtl/fir_core.v:364: signed to unsigned part selection occurs. (VER-318)
Presto compilation completed successfully. (mgc_shift_br_v5_width_a22_signd_a1_width_s5_width_z22)
Information: Building the design 'fir_core_wait_dp'. (HDL-193)

Inferred memory devices in process
	in routine fir_core_wait_dp line 1514 in file
		'./rtl/fir_core.v'.
=====================================================================================================================
|                       Register Name                       |   Type    | Width | Bus | MB | AR | AS | SR | SS | ST |
=====================================================================================================================
| MAC_1_leading_sign_18_1_1_0_cmp_31_all_same_oreg_rneg_reg | Flip-flop |   1   |  N  | N  | N  | N  | N  | N  | N  |
|      MAC_1_leading_sign_18_1_1_0_cmp_31_rtn_oreg_reg      | Flip-flop |   5   |  Y  | N  | N  | N  | N  | N  | N  |
|  MAC_1_leading_sign_18_1_1_0_cmp_all_same_oreg_rneg_reg   | Flip-flop |   1   |  N  | N  | N  | N  | N  | N  | N  |
|       MAC_1_leading_sign_18_1_1_0_cmp_rtn_oreg_reg        | Flip-flop |   5   |  Y  | N  | N  | N  | N  | N  | N  |
| MAC_1_leading_sign_18_1_1_0_cmp_1_all_same_oreg_rneg_reg  | Flip-flop |   1   |  N  | N  | N  | N  | N  | N  | N  |
|      MAC_1_leading_sign_18_1_1_0_cmp_1_rtn_oreg_reg       | Flip-flop |   5   |  Y  | N  | N  | N  | N  | N  | N  |
| MAC_1_leading_sign_18_1_1_0_cmp_2_all_same_oreg_rneg_reg  | Flip-flop |   1   |  N  | N  | N  | N  | N  | N  | N  |
|      MAC_1_leading_sign_18_1_1_0_cmp_2_rtn_oreg_reg       | Flip-flop |   5   |  Y  | N  | N  | N  | N  | N  | N  |
| MAC_1_leading_sign_18_1_1_0_cmp_3_all_same_oreg_rneg_reg  | Flip-flop |   1   |  N  | N  | N  | N  | N  | N  | N  |
|      MAC_1_leading_sign_18_1_1_0_cmp_3_rtn_oreg_reg       | Flip-flop |   5   |  Y  | N  | N  | N  | N  | N  | N  |
| MAC_1_leading_sign_18_1_1_0_cmp_4_all_same_oreg_rneg_reg  | Flip-flop |   1   |  N  | N  | N  | N  | N  | N  | N  |
|      MAC_1_leading_sign_18_1_1_0_cmp_4_rtn_oreg_reg       | Flip-flop |   5   |  Y  | N  | N  | N  | N  | N  | N  |
| MAC_1_leading_sign_18_1_1_0_cmp_5_all_same_oreg_rneg_reg  | Flip-flop |   1   |  N  | N  | N  | N  | N  | N  | N  |
|      MAC_1_leading_sign_18_1_1_0_cmp_5_rtn_oreg_reg       | Flip-flop |   5   |  Y  | N  | N  | N  | N  | N  | N  |
| MAC_1_leading_sign_18_1_1_0_cmp_6_all_same_oreg_rneg_reg  | Flip-flop |   1   |  N  | N  | N  | N  | N  | N  | N  |
|      MAC_1_leading_sign_18_1_1_0_cmp_6_rtn_oreg_reg       | Flip-flop |   5   |  Y  | N  | N  | N  | N  | N  | N  |
| MAC_1_leading_sign_18_1_1_0_cmp_7_all_same_oreg_rneg_reg  | Flip-flop |   1   |  N  | N  | N  | N  | N  | N  | N  |
|      MAC_1_leading_sign_18_1_1_0_cmp_7_rtn_oreg_reg       | Flip-flop |   5   |  Y  | N  | N  | N  | N  | N  | N  |
| MAC_1_leading_sign_18_1_1_0_cmp_8_all_same_oreg_rneg_reg  | Flip-flop |   1   |  N  | N  | N  | N  | N  | N  | N  |
|      MAC_1_leading_sign_18_1_1_0_cmp_8_rtn_oreg_reg       | Flip-flop |   5   |  Y  | N  | N  | N  | N  | N  | N  |
| MAC_1_leading_sign_18_1_1_0_cmp_9_all_same_oreg_rneg_reg  | Flip-flop |   1   |  N  | N  | N  | N  | N  | N  | N  |
|      MAC_1_leading_sign_18_1_1_0_cmp_9_rtn_oreg_reg       | Flip-flop |   5   |  Y  | N  | N  | N  | N  | N  | N  |
| MAC_1_leading_sign_18_1_1_0_cmp_10_all_same_oreg_rneg_reg | Flip-flop |   1   |  N  | N  | N  | N  | N  | N  | N  |
|      MAC_1_leading_sign_18_1_1_0_cmp_10_rtn_oreg_reg      | Flip-flop |   5   |  Y  | N  | N  | N  | N  | N  | N  |
| MAC_1_leading_sign_18_1_1_0_cmp_11_all_same_oreg_rneg_reg | Flip-flop |   1   |  N  | N  | N  | N  | N  | N  | N  |
|      MAC_1_leading_sign_18_1_1_0_cmp_11_rtn_oreg_reg      | Flip-flop |   5   |  Y  | N  | N  | N  | N  | N  | N  |
| MAC_1_leading_sign_18_1_1_0_cmp_12_all_same_oreg_rneg_reg | Flip-flop |   1   |  N  | N  | N  | N  | N  | N  | N  |
|      MAC_1_leading_sign_18_1_1_0_cmp_12_rtn_oreg_reg      | Flip-flop |   5   |  Y  | N  | N  | N  | N  | N  | N  |
| MAC_1_leading_sign_18_1_1_0_cmp_13_all_same_oreg_rneg_reg | Flip-flop |   1   |  N  | N  | N  | N  | N  | N  | N  |
|      MAC_1_leading_sign_18_1_1_0_cmp_13_rtn_oreg_reg      | Flip-flop |   5   |  Y  | N  | N  | N  | N  | N  | N  |
| MAC_1_leading_sign_18_1_1_0_cmp_14_all_same_oreg_rneg_reg | Flip-flop |   1   |  N  | N  | N  | N  | N  | N  | N  |
|      MAC_1_leading_sign_18_1_1_0_cmp_14_rtn_oreg_reg      | Flip-flop |   5   |  Y  | N  | N  | N  | N  | N  | N  |
| MAC_1_leading_sign_18_1_1_0_cmp_15_all_same_oreg_rneg_reg | Flip-flop |   1   |  N  | N  | N  | N  | N  | N  | N  |
|      MAC_1_leading_sign_18_1_1_0_cmp_15_rtn_oreg_reg      | Flip-flop |   5   |  Y  | N  | N  | N  | N  | N  | N  |
| MAC_1_leading_sign_18_1_1_0_cmp_16_all_same_oreg_rneg_reg | Flip-flop |   1   |  N  | N  | N  | N  | N  | N  | N  |
|      MAC_1_leading_sign_18_1_1_0_cmp_16_rtn_oreg_reg      | Flip-flop |   5   |  Y  | N  | N  | N  | N  | N  | N  |
| MAC_1_leading_sign_18_1_1_0_cmp_17_all_same_oreg_rneg_reg | Flip-flop |   1   |  N  | N  | N  | N  | N  | N  | N  |
|      MAC_1_leading_sign_18_1_1_0_cmp_17_rtn_oreg_reg      | Flip-flop |   5   |  Y  | N  | N  | N  | N  | N  | N  |
| MAC_1_leading_sign_18_1_1_0_cmp_18_all_same_oreg_rneg_reg | Flip-flop |   1   |  N  | N  | N  | N  | N  | N  | N  |
|      MAC_1_leading_sign_18_1_1_0_cmp_18_rtn_oreg_reg      | Flip-flop |   5   |  Y  | N  | N  | N  | N  | N  | N  |
| MAC_1_leading_sign_18_1_1_0_cmp_19_all_same_oreg_rneg_reg | Flip-flop |   1   |  N  | N  | N  | N  | N  | N  | N  |
|      MAC_1_leading_sign_18_1_1_0_cmp_19_rtn_oreg_reg      | Flip-flop |   5   |  Y  | N  | N  | N  | N  | N  | N  |
| MAC_1_leading_sign_18_1_1_0_cmp_20_all_same_oreg_rneg_reg | Flip-flop |   1   |  N  | N  | N  | N  | N  | N  | N  |
|      MAC_1_leading_sign_18_1_1_0_cmp_20_rtn_oreg_reg      | Flip-flop |   5   |  Y  | N  | N  | N  | N  | N  | N  |
| MAC_1_leading_sign_18_1_1_0_cmp_21_all_same_oreg_rneg_reg | Flip-flop |   1   |  N  | N  | N  | N  | N  | N  | N  |
|      MAC_1_leading_sign_18_1_1_0_cmp_21_rtn_oreg_reg      | Flip-flop |   5   |  Y  | N  | N  | N  | N  | N  | N  |
| MAC_1_leading_sign_18_1_1_0_cmp_22_all_same_oreg_rneg_reg | Flip-flop |   1   |  N  | N  | N  | N  | N  | N  | N  |
|      MAC_1_leading_sign_18_1_1_0_cmp_22_rtn_oreg_reg      | Flip-flop |   5   |  Y  | N  | N  | N  | N  | N  | N  |
| MAC_1_leading_sign_18_1_1_0_cmp_23_all_same_oreg_rneg_reg | Flip-flop |   1   |  N  | N  | N  | N  | N  | N  | N  |
|      MAC_1_leading_sign_18_1_1_0_cmp_23_rtn_oreg_reg      | Flip-flop |   5   |  Y  | N  | N  | N  | N  | N  | N  |
| MAC_1_leading_sign_18_1_1_0_cmp_24_all_same_oreg_rneg_reg | Flip-flop |   1   |  N  | N  | N  | N  | N  | N  | N  |
|      MAC_1_leading_sign_18_1_1_0_cmp_24_rtn_oreg_reg      | Flip-flop |   5   |  Y  | N  | N  | N  | N  | N  | N  |
| MAC_1_leading_sign_18_1_1_0_cmp_25_all_same_oreg_rneg_reg | Flip-flop |   1   |  N  | N  | N  | N  | N  | N  | N  |
|      MAC_1_leading_sign_18_1_1_0_cmp_25_rtn_oreg_reg      | Flip-flop |   5   |  Y  | N  | N  | N  | N  | N  | N  |
| MAC_1_leading_sign_18_1_1_0_cmp_26_all_same_oreg_rneg_reg | Flip-flop |   1   |  N  | N  | N  | N  | N  | N  | N  |
|      MAC_1_leading_sign_18_1_1_0_cmp_26_rtn_oreg_reg      | Flip-flop |   5   |  Y  | N  | N  | N  | N  | N  | N  |
| MAC_1_leading_sign_18_1_1_0_cmp_27_all_same_oreg_rneg_reg | Flip-flop |   1   |  N  | N  | N  | N  | N  | N  | N  |
|      MAC_1_leading_sign_18_1_1_0_cmp_27_rtn_oreg_reg      | Flip-flop |   5   |  Y  | N  | N  | N  | N  | N  | N  |
| MAC_1_leading_sign_18_1_1_0_cmp_28_all_same_oreg_rneg_reg | Flip-flop |   1   |  N  | N  | N  | N  | N  | N  | N  |
|      MAC_1_leading_sign_18_1_1_0_cmp_28_rtn_oreg_reg      | Flip-flop |   5   |  Y  | N  | N  | N  | N  | N  | N  |
| MAC_1_leading_sign_18_1_1_0_cmp_29_all_same_oreg_rneg_reg | Flip-flop |   1   |  N  | N  | N  | N  | N  | N  | N  |
|      MAC_1_leading_sign_18_1_1_0_cmp_29_rtn_oreg_reg      | Flip-flop |   5   |  Y  | N  | N  | N  | N  | N  | N  |
| MAC_1_leading_sign_18_1_1_0_cmp_30_all_same_oreg_rneg_reg | Flip-flop |   1   |  N  | N  | N  | N  | N  | N  | N  |
|      MAC_1_leading_sign_18_1_1_0_cmp_30_rtn_oreg_reg      | Flip-flop |   5   |  Y  | N  | N  | N  | N  | N  | N  |
=====================================================================================================================
Presto compilation completed successfully. (fir_core_wait_dp)
Information: Building the design 'fir_core_core_fsm'. (HDL-193)

Statistics for case statements in always block at line 669 in file
	'./rtl/fir_core.v'
===============================================
|           Line           |  full/ parallel  |
===============================================
|           671            |    auto/auto     |
===============================================

Inferred memory devices in process
	in routine fir_core_core_fsm line 1200 in file
		'./rtl/fir_core.v'.
===============================================================================
|    Register Name    |   Type    | Width | Bus | MB | AR | AS | SR | SS | ST |
===============================================================================
|    state_var_reg    | Flip-flop |   8   |  Y  | N  | N  | N  | N  | N  | N  |
===============================================================================
Presto compilation completed successfully. (fir_core_core_fsm)
1
list_libs
Logical Libraries:
-------------------------------------------------------------------------
Library		File			Path
-------		----			----
  saed32lvt_ss0p75v125c saed32lvt_ss0p75v125c.db /home/ajh9498/Documents/SALSA_HLS/FIR/syn/ref/DBs
  gtech		gtech.db		/eda/synopsys/syn/T-2022.03-SP5-5/libraries/syn
  standard.sldb	standard.sldb		/eda/synopsys/syn/T-2022.03-SP5-5/libraries/syn
1
list_designs
ccs_in_v1_rscid1_width11
ccs_in_v1_rscid2_width5
ccs_in_v1_rscid3_width352
ccs_in_v1_rscid4_width160
ccs_out_v1_rscid5_width11
ccs_out_v1_rscid6_width5
fir_core (*)
fir_core_core_fsm
fir_core_wait_dp
leading_sign_13_1_1_0
mgc_io_sync_v2_valid0
mgc_shift_br_v5_width_a22_signd_a1_width_s5_width_z22
mgc_shift_l_v5_width_a13_signd_a0_width_s4_width_z13
mgc_shift_l_v5_width_a22_signd_a0_width_s5_width_z22
mgc_shift_l_v5_width_a22_signd_a0_width_s6_width_z22
mgc_shift_r_v5_width_a12_signd_a1_width_s5_width_z12
mgc_shift_r_v5_width_a22_signd_a1_width_s4_width_z22
1
source fir_core.con
Information: Setting sdc_version outside of an SDC file has no effect (SDC-1)
Using operating conditions 'ss0p75v125c' found in library 'saed32lvt_ss0p75v125c'.
1
compile_ultra
Loading db file '/eda/synopsys/syn/T-2022.03-SP5-5/libraries/syn/dw_foundation.sldb'
Warning: DesignWare synthetic library dw_foundation.sldb is added to the synthetic_library in the current command. (UISN-40)
Information: Performing power optimization. (PWR-850)
Analyzing: "/home/ajh9498/Documents/SALSA_HLS/FIR/syn/ref/DBs/saed32lvt_ss0p75v125c.db"
Library analysis succeeded.
Information: linking reference library : /home/ajh9498/Documents/SALSA_HLS/FIR/syn/ref/CLIBs/saed32_lvt.ndm. (PSYN-878)
Warning: Default routing directions were assigned to all the layers. (DCT-306)

  Linking design 'fir_core'
  Using the following designs and libraries:
  --------------------------------------------------------------------------
  * (17 designs)              /home/ajh9498/Documents/SALSA_HLS/FIR/syn/setup/fir_core.db, etc
  saed32lvt_ss0p75v125c (library) /home/ajh9498/Documents/SALSA_HLS/FIR/syn/ref/DBs/saed32lvt_ss0p75v125c.db
  dw_foundation.sldb (library) /eda/synopsys/syn/T-2022.03-SP5-5/libraries/syn/dw_foundation.sldb

Information: No preferred routing direction found for design layer M1. Using reference direction H. (DCT-035)
Information: No preferred routing direction found for design layer M2. Using reference direction V. (DCT-035)
Information: No preferred routing direction found for design layer M3. Using reference direction H. (DCT-035)
Information: No preferred routing direction found for design layer M4. Using reference direction V. (DCT-035)
Information: No preferred routing direction found for design layer M5. Using reference direction H. (DCT-035)
Information: No preferred routing direction found for design layer M6. Using reference direction V. (DCT-035)
Information: No preferred routing direction found for design layer M7. Using reference direction H. (DCT-035)
Information: No preferred routing direction found for design layer M8. Using reference direction V. (DCT-035)
Information: No preferred routing direction found for design layer M9. Using reference direction H. (DCT-035)
Information: No preferred routing direction found for design layer MRDL. Using reference direction V. (DCT-035)

TLU+ File = /home/ajh9498/Documents/SALSA_HLS/FIR/syn/ref/tech/saed32nm_1p9m_Cmax.tluplus

--------- Sanity Check on TLUPlus Files -------------
1. Checking the conducting layer names in ITF and mapping file ... 
[ Passed! ]
2. Checking the via layer names in ITF and mapping file ... 
[ Passed! ]
3. Checking the consistency of Min Width and Min Spacing between MW-tech and ITF ... 
[ Passed! ]
----------------- Check Ends ------------------
Information: Evaluating DesignWare library utilization. (UISN-27)

============================================================================
| DesignWare Building Block Library  |         Version         | Available |
============================================================================
| Basic DW Building Blocks           | T-2022.03-DWBB_202203.4 |     *     |
| Licensed DW Building Blocks        | T-2022.03-DWBB_202203.4 |     *     |
============================================================================

====================================================================================================
| Flow Information                                                                                 |
----------------------------------------------------------------------------------------------------
| Flow         | Design Compiler NXT Topographical                                                 |
| Comand Line  | compile_ultra                                                                     |
====================================================================================================
| Design Information                                      | Value                                  |
====================================================================================================
| Number of Scenarios                                     | 0                                      |
| Leaf Cell Count                                         | 17781                                  |
| Number of User Hierarchies                              | 98                                     |
| Sequential Cell Count                                   | 2798                                   |
| Macro Count                                             | 0                                      |
| Number of Power Domains                                 | 0                                      |
| Number of Path Groups                                   | 2                                      |
| Number of VT Class                                      | 1                                      |
| Number of Voltage Areas                                 | 0                                      |
| Number of Clocks                                        | 1                                      |
| Number of Dont Touch Cells                              | 1813                                   |
| Number of Dont Touch Nets                               | 0                                      |
| Number of Size Only Cells                               | 0                                      |
| Design with UPF Data                                    | false                                  |
====================================================================================================
Information: Sequential output inversion is enabled.  SVF file must be used for formal verification. (OPT-1208)

Information: There are 1313 potential problems in your design. Please run 'check_design' for more information. (LINT-99)

Information: Uniquified 6 instances of design 'mgc_io_sync_v2_valid0'. (OPT-1056)
Information: Uniquified 17 instances of design 'mgc_shift_l_v5_width_a13_signd_a0_width_s4_width_z13'. (OPT-1056)
Information: Uniquified 31 instances of design 'mgc_shift_r_v5_width_a22_signd_a1_width_s4_width_z22'. (OPT-1056)
Information: Uniquified 16 instances of design 'mgc_shift_l_v5_width_a22_signd_a0_width_s5_width_z22'. (OPT-1056)
Information: Uniquified 16 instances of design 'mgc_shift_l_v5_width_a22_signd_a0_width_s6_width_z22'. (OPT-1056)
Information: Uniquified 2 instances of design 'leading_sign_13_1_1_0'. (OPT-1056)
  Simplifying Design 'fir_core'

****************************************************************
Information: TLUPlus based RC computation is enabled. (RCEX-141)
****************************************************************
Information: The distance unit in Capacitance and Resistance is 1 micron. (RCEX-007)
Information: The RC model used is TLU+. (RCEX-015)
Information: Library Derived Cap for layer M1 : 0.16 0.16 (RCEX-011)
Information: Library Derived Res for layer M1 : 2e-06 2e-06 (RCEX-011)
Information: Library Derived Cap for layer M2 : 0.17 0.17 (RCEX-011)
Information: Library Derived Res for layer M2 : 1.8e-06 1.8e-06 (RCEX-011)
Information: Library Derived Cap for layer M3 : 0.11 0.11 (RCEX-011)
Information: Library Derived Res for layer M3 : 1.8e-06 1.8e-06 (RCEX-011)
Information: Library Derived Cap for layer M4 : 0.11 0.11 (RCEX-011)
Information: Library Derived Res for layer M4 : 1.8e-06 1.8e-06 (RCEX-011)
Information: Library Derived Cap for layer M5 : 0.094 0.094 (RCEX-011)
Information: Library Derived Res for layer M5 : 1.8e-06 1.8e-06 (RCEX-011)
Information: Library Derived Cap for layer M6 : 0.094 0.094 (RCEX-011)
Information: Library Derived Res for layer M6 : 1.8e-06 1.8e-06 (RCEX-011)
Information: Library Derived Cap for layer M7 : 0.092 0.092 (RCEX-011)
Information: Library Derived Res for layer M7 : 1.8e-06 1.8e-06 (RCEX-011)
Information: Library Derived Cap for layer M8 : 0.092 0.092 (RCEX-011)
Information: Library Derived Res for layer M8 : 1.8e-06 1.8e-06 (RCEX-011)
Information: Library Derived Cap for layer M9 : 0.11 0.11 (RCEX-011)
Information: Library Derived Res for layer M9 : 1.8e-06 1.8e-06 (RCEX-011)
Information: Library Derived Cap for layer MRDL : 0.11 0.11 (RCEX-011)
Information: Library Derived Res for layer MRDL : 1.8e-07 1.8e-07 (RCEX-011)
Information: Library Derived Horizontal Cap : 0.11 0.11 (RCEX-011)
Information: Library Derived Horizontal Res : 1.8e-06 1.8e-06 (RCEX-011)
Information: Library Derived Vertical Cap : 0.11 0.11 (RCEX-011)
Information: Library Derived Vertical Res : 1.5e-06 1.5e-06 (RCEX-011)
Information: Using derived R and C coefficients. (RCEX-008)
Information: Using region-based R and C coefficients. (RCEX-013)
Information: Library Derived Via Res : 4.6e-07 4.6e-07 (RCEX-011)
Loaded alib file '../alib-52/saed32lvt_ss0p75v125c.db.alib'
  Building model 'DW01_NAND2'
Information: Ungrouping hierarchy input_m_rsci before Pass 1 (OPT-776)
Information: Ungrouping hierarchy input_e_rsci before Pass 1 (OPT-776)
Information: Ungrouping hierarchy taps_m_rsci before Pass 1 (OPT-776)
Information: Ungrouping hierarchy taps_e_rsci before Pass 1 (OPT-776)
Information: Ungrouping hierarchy return_m_rsci before Pass 1 (OPT-776)
Information: Ungrouping hierarchy return_e_rsci before Pass 1 (OPT-776)
Information: Ungrouping hierarchy input_m_triosy_obj before Pass 1 (OPT-776)
Information: Ungrouping hierarchy MAC_1_leading_sign_13_1_1_0_rg before Pass 1 (OPT-776)
Information: Ungrouping hierarchy MAC_3_ac_float_cctor_assign_from_n32_31_22_2_AC_TRN_AC_WRAP_if_1_rshift_rg before Pass 1 (OPT-776)
Information: Ungrouping hierarchy return_e_triosy_obj before Pass 1 (OPT-776)
Information: Ungrouping hierarchy return_m_triosy_obj before Pass 1 (OPT-776)
Information: Ungrouping hierarchy taps_e_triosy_obj before Pass 1 (OPT-776)
Information: Ungrouping hierarchy taps_m_triosy_obj before Pass 1 (OPT-776)
Information: Ungrouping hierarchy input_e_triosy_obj before Pass 1 (OPT-776)
Information: Ungrouping hierarchy MAC_10_leading_sign_13_1_1_0_rg before Pass 1 (OPT-776)
Information: Ungrouping 15 of 99 hierarchies before Pass 1 (OPT-775)
Information: State dependent leakage is now switched from on to off.

  Beginning Pass 1 Mapping
  ------------------------
  Processing 'fir_core'
Information: Added key list 'DesignWare' to design 'fir_core'. (DDB-72)
 Implement Synthetic for 'fir_core'.
  Processing 'fir_core_core_fsm'
 Implement Synthetic for 'fir_core_core_fsm'.
  Processing 'fir_core_wait_dp'
  Processing 'mgc_shift_l_v5_width_a22_signd_a0_width_s6_width_z22_0'
 Implement Synthetic for 'mgc_shift_l_v5_width_a22_signd_a0_width_s6_width_z22_0'.
Information: Added key list 'DesignWare' to design 'mgc_shift_l_v5_width_a22_signd_a0_width_s6_width_z22_0'. (DDB-72)
  Processing 'mgc_shift_l_v5_width_a22_signd_a0_width_s5_width_z22_0'
 Implement Synthetic for 'mgc_shift_l_v5_width_a22_signd_a0_width_s5_width_z22_0'.
Information: Added key list 'DesignWare' to design 'mgc_shift_l_v5_width_a22_signd_a0_width_s5_width_z22_0'. (DDB-72)
  Processing 'mgc_shift_r_v5_width_a22_signd_a1_width_s4_width_z22_0'
 Implement Synthetic for 'mgc_shift_r_v5_width_a22_signd_a1_width_s4_width_z22_0'.
Information: Added key list 'DesignWare' to design 'mgc_shift_r_v5_width_a22_signd_a1_width_s4_width_z22_0'. (DDB-72)
  Processing 'mgc_shift_l_v5_width_a13_signd_a0_width_s4_width_z13_0'
 Implement Synthetic for 'mgc_shift_l_v5_width_a13_signd_a0_width_s4_width_z13_0'.
Information: Added key list 'DesignWare' to design 'mgc_shift_l_v5_width_a13_signd_a0_width_s4_width_z13_0'. (DDB-72)
  Processing 'mgc_shift_r_v5_width_a12_signd_a1_width_s5_width_z12'
 Implement Synthetic for 'mgc_shift_r_v5_width_a12_signd_a1_width_s5_width_z12'.
Information: Added key list 'DesignWare' to design 'mgc_shift_r_v5_width_a12_signd_a1_width_s5_width_z12'. (DDB-72)

  Updating timing information
Information: Updating design information... (UID-85)
Information: The library cell 'PMT3_LVT' in the library 'saed32lvt_ss0p75v125c' is not characterized for internal power. (PWR-536)
Information: The library cell 'PMT2_LVT' in the library 'saed32lvt_ss0p75v125c' is not characterized for internal power. (PWR-536)
Information: The library cell 'PMT1_LVT' in the library 'saed32lvt_ss0p75v125c' is not characterized for internal power. (PWR-536)
Information: The library cell 'NMT3_LVT' in the library 'saed32lvt_ss0p75v125c' is not characterized for internal power. (PWR-536)
Information: The library cell 'NMT2_LVT' in the library 'saed32lvt_ss0p75v125c' is not characterized for internal power. (PWR-536)
Information: The library cell 'NMT1_LVT' in the library 'saed32lvt_ss0p75v125c' is not characterized for internal power. (PWR-536)
Information: The target library(s) contains cell(s), other than black boxes, that are not characterized for internal power. (PWR-24)

Threshold voltage group cell usage:
>> saed32cell_lvt 100.00%

  Beginning Mapping Optimizations  (Ultra High effort)
  -------------------------------
Information: Ungrouping hierarchy MAC_17_operator_13_2_true_AC_TRN_AC_WRAP_lshift_rg 'mgc_shift_l_v5_width_a13_signd_a0_width_s4_width_z13_16' #insts = 36. (OPT-777)
Information: Ungrouping hierarchy MAC_6_operator_13_2_true_AC_TRN_AC_WRAP_rshift_rg 'mgc_shift_r_v5_width_a12_signd_a1_width_s5_width_z12' #insts = 60. (OPT-777)
Information: Ungrouping hierarchy fir_core_wait_dp_inst 'fir_core_wait_dp' #insts = 417. (OPT-777)
Information: Ungrouping hierarchy fir_core_core_fsm_inst 'fir_core_core_fsm' #insts = 50. (OPT-777)
Information: Ungrouping hierarchy MAC_16_operator_13_2_true_AC_TRN_AC_WRAP_lshift_rg 'mgc_shift_l_v5_width_a13_signd_a0_width_s4_width_z13_0' #insts = 36. (OPT-777)
Information: Ungrouping hierarchy MAC_15_operator_13_2_true_AC_TRN_AC_WRAP_lshift_rg 'mgc_shift_l_v5_width_a13_signd_a0_width_s4_width_z13_1' #insts = 36. (OPT-777)
Information: Ungrouping hierarchy MAC_14_operator_13_2_true_AC_TRN_AC_WRAP_lshift_rg 'mgc_shift_l_v5_width_a13_signd_a0_width_s4_width_z13_2' #insts = 36. (OPT-777)
Information: Ungrouping hierarchy MAC_13_operator_13_2_true_AC_TRN_AC_WRAP_lshift_rg 'mgc_shift_l_v5_width_a13_signd_a0_width_s4_width_z13_3' #insts = 36. (OPT-777)
Information: Ungrouping hierarchy MAC_12_operator_13_2_true_AC_TRN_AC_WRAP_lshift_rg 'mgc_shift_l_v5_width_a13_signd_a0_width_s4_width_z13_4' #insts = 36. (OPT-777)
Information: Ungrouping hierarchy MAC_11_operator_13_2_true_AC_TRN_AC_WRAP_lshift_rg 'mgc_shift_l_v5_width_a13_signd_a0_width_s4_width_z13_5' #insts = 36. (OPT-777)
Information: Ungrouping hierarchy MAC_10_operator_13_2_true_AC_TRN_AC_WRAP_lshift_rg 'mgc_shift_l_v5_width_a13_signd_a0_width_s4_width_z13_6' #insts = 36. (OPT-777)
Information: Ungrouping hierarchy MAC_25_operator_13_2_true_AC_TRN_AC_WRAP_lshift_rg 'mgc_shift_l_v5_width_a13_signd_a0_width_s4_width_z13_7' #insts = 36. (OPT-777)
Information: Ungrouping hierarchy MAC_26_operator_13_2_true_AC_TRN_AC_WRAP_lshift_rg 'mgc_shift_l_v5_width_a13_signd_a0_width_s4_width_z13_8' #insts = 36. (OPT-777)
Information: Ungrouping hierarchy MAC_27_operator_13_2_true_AC_TRN_AC_WRAP_lshift_rg 'mgc_shift_l_v5_width_a13_signd_a0_width_s4_width_z13_9' #insts = 36. (OPT-777)
Information: Ungrouping hierarchy MAC_28_operator_13_2_true_AC_TRN_AC_WRAP_lshift_rg 'mgc_shift_l_v5_width_a13_signd_a0_width_s4_width_z13_10' #insts = 36. (OPT-777)
Information: Ungrouping hierarchy MAC_29_operator_13_2_true_AC_TRN_AC_WRAP_lshift_rg 'mgc_shift_l_v5_width_a13_signd_a0_width_s4_width_z13_11' #insts = 36. (OPT-777)
Information: Ungrouping hierarchy MAC_30_operator_13_2_true_AC_TRN_AC_WRAP_lshift_rg 'mgc_shift_l_v5_width_a13_signd_a0_width_s4_width_z13_12' #insts = 36. (OPT-777)
Information: Ungrouping hierarchy MAC_31_operator_13_2_true_AC_TRN_AC_WRAP_lshift_rg 'mgc_shift_l_v5_width_a13_signd_a0_width_s4_width_z13_13' #insts = 36. (OPT-777)
Information: Ungrouping hierarchy MAC_1_operator_13_2_true_AC_TRN_AC_WRAP_lshift_rg 'mgc_shift_l_v5_width_a13_signd_a0_width_s4_width_z13_14' #insts = 36. (OPT-777)
Information: Ungrouping hierarchy MAC_32_operator_13_2_true_AC_TRN_AC_WRAP_lshift_rg 'mgc_shift_l_v5_width_a13_signd_a0_width_s4_width_z13_15' #insts = 36. (OPT-777)
Information: Ungrouping hierarchy MAC_3_operator_22_2_true_AC_TRN_AC_WRAP_lshift_rg 'mgc_shift_l_v5_width_a22_signd_a0_width_s6_width_z22_0' #insts = 72. (OPT-777)
Information: Ungrouping hierarchy MAC_17_ac_float_cctor_assign_from_n32_31_22_2_AC_TRN_AC_WRAP_if_1_rshift_rg 'mgc_shift_r_v5_width_a22_signd_a1_width_s4_width_z22_0' #insts = 43. (OPT-777)
Information: Ungrouping hierarchy MAC_17_operator_22_2_true_AC_TRN_AC_WRAP_lshift_rg 'mgc_shift_l_v5_width_a22_signd_a0_width_s6_width_z22_1' #insts = 72. (OPT-777)
Information: Ungrouping hierarchy MAC_16_ac_float_cctor_assign_from_n32_31_22_2_AC_TRN_AC_WRAP_if_1_rshift_rg 'mgc_shift_r_v5_width_a22_signd_a1_width_s4_width_z22_1' #insts = 43. (OPT-777)
Information: Ungrouping hierarchy MAC_16_operator_22_2_true_AC_TRN_AC_WRAP_lshift_rg 'mgc_shift_l_v5_width_a22_signd_a0_width_s6_width_z22_2' #insts = 72. (OPT-777)
Information: Ungrouping hierarchy MAC_15_ac_float_cctor_assign_from_n32_31_22_2_AC_TRN_AC_WRAP_if_1_rshift_rg 'mgc_shift_r_v5_width_a22_signd_a1_width_s4_width_z22_2' #insts = 43. (OPT-777)
Information: Ungrouping hierarchy MAC_15_operator_22_2_true_AC_TRN_AC_WRAP_lshift_rg 'mgc_shift_l_v5_width_a22_signd_a0_width_s6_width_z22_3' #insts = 72. (OPT-777)
Information: Ungrouping hierarchy MAC_14_ac_float_cctor_assign_from_n32_31_22_2_AC_TRN_AC_WRAP_if_1_rshift_rg 'mgc_shift_r_v5_width_a22_signd_a1_width_s4_width_z22_3' #insts = 43. (OPT-777)
Information: Ungrouping hierarchy MAC_14_operator_22_2_true_AC_TRN_AC_WRAP_lshift_rg 'mgc_shift_l_v5_width_a22_signd_a0_width_s6_width_z22_4' #insts = 72. (OPT-777)
Information: Ungrouping hierarchy MAC_13_ac_float_cctor_assign_from_n32_31_22_2_AC_TRN_AC_WRAP_if_1_rshift_rg 'mgc_shift_r_v5_width_a22_signd_a1_width_s4_width_z22_4' #insts = 43. (OPT-777)
Information: Ungrouping hierarchy MAC_13_operator_22_2_true_AC_TRN_AC_WRAP_lshift_rg 'mgc_shift_l_v5_width_a22_signd_a0_width_s6_width_z22_5' #insts = 72. (OPT-777)
Information: Ungrouping hierarchy MAC_12_ac_float_cctor_assign_from_n32_31_22_2_AC_TRN_AC_WRAP_if_1_rshift_rg 'mgc_shift_r_v5_width_a22_signd_a1_width_s4_width_z22_5' #insts = 43. (OPT-777)
Information: Ungrouping hierarchy MAC_12_operator_22_2_true_AC_TRN_AC_WRAP_lshift_rg 'mgc_shift_l_v5_width_a22_signd_a0_width_s6_width_z22_6' #insts = 72. (OPT-777)
Information: Ungrouping hierarchy MAC_11_ac_float_cctor_assign_from_n32_31_22_2_AC_TRN_AC_WRAP_if_1_rshift_rg 'mgc_shift_r_v5_width_a22_signd_a1_width_s4_width_z22_6' #insts = 43. (OPT-777)
Information: Ungrouping hierarchy MAC_11_operator_22_2_true_AC_TRN_AC_WRAP_lshift_rg 'mgc_shift_l_v5_width_a22_signd_a0_width_s6_width_z22_7' #insts = 72. (OPT-777)
Information: Ungrouping hierarchy MAC_10_ac_float_cctor_assign_from_n32_31_22_2_AC_TRN_AC_WRAP_if_1_rshift_rg 'mgc_shift_r_v5_width_a22_signd_a1_width_s4_width_z22_7' #insts = 43. (OPT-777)
Information: Ungrouping hierarchy MAC_10_operator_22_2_true_AC_TRN_AC_WRAP_lshift_rg 'mgc_shift_l_v5_width_a22_signd_a0_width_s6_width_z22_8' #insts = 72. (OPT-777)
Information: Ungrouping hierarchy MAC_9_ac_float_cctor_assign_from_n32_31_22_2_AC_TRN_AC_WRAP_if_1_rshift_rg 'mgc_shift_r_v5_width_a22_signd_a1_width_s4_width_z22_8' #insts = 43. (OPT-777)
Information: Ungrouping hierarchy MAC_9_operator_22_2_true_AC_TRN_AC_WRAP_lshift_rg 'mgc_shift_l_v5_width_a22_signd_a0_width_s6_width_z22_9' #insts = 72. (OPT-777)
Information: Ungrouping hierarchy MAC_8_ac_float_cctor_assign_from_n32_31_22_2_AC_TRN_AC_WRAP_if_1_rshift_rg 'mgc_shift_r_v5_width_a22_signd_a1_width_s4_width_z22_9' #insts = 43. (OPT-777)
Information: Ungrouping hierarchy MAC_8_operator_22_2_true_AC_TRN_AC_WRAP_lshift_rg 'mgc_shift_l_v5_width_a22_signd_a0_width_s6_width_z22_10' #insts = 72. (OPT-777)
Information: Ungrouping hierarchy MAC_7_ac_float_cctor_assign_from_n32_31_22_2_AC_TRN_AC_WRAP_if_1_rshift_rg 'mgc_shift_r_v5_width_a22_signd_a1_width_s4_width_z22_10' #insts = 43. (OPT-777)
Information: Ungrouping hierarchy MAC_7_operator_22_2_true_AC_TRN_AC_WRAP_lshift_rg 'mgc_shift_l_v5_width_a22_signd_a0_width_s6_width_z22_11' #insts = 72. (OPT-777)
Information: Ungrouping hierarchy MAC_6_ac_float_cctor_assign_from_n32_31_22_2_AC_TRN_AC_WRAP_if_1_rshift_rg 'mgc_shift_r_v5_width_a22_signd_a1_width_s4_width_z22_11' #insts = 43. (OPT-777)
Information: Ungrouping hierarchy MAC_6_operator_22_2_true_AC_TRN_AC_WRAP_lshift_rg 'mgc_shift_l_v5_width_a22_signd_a0_width_s6_width_z22_12' #insts = 72. (OPT-777)
Information: Ungrouping hierarchy MAC_5_ac_float_cctor_assign_from_n32_31_22_2_AC_TRN_AC_WRAP_if_1_rshift_rg 'mgc_shift_r_v5_width_a22_signd_a1_width_s4_width_z22_12' #insts = 43. (OPT-777)
Information: Ungrouping hierarchy MAC_5_operator_22_2_true_AC_TRN_AC_WRAP_lshift_rg 'mgc_shift_l_v5_width_a22_signd_a0_width_s6_width_z22_13' #insts = 72. (OPT-777)
Information: Ungrouping hierarchy MAC_4_ac_float_cctor_assign_from_n32_31_22_2_AC_TRN_AC_WRAP_if_1_rshift_rg 'mgc_shift_r_v5_width_a22_signd_a1_width_s4_width_z22_13' #insts = 43. (OPT-777)
Information: Ungrouping hierarchy MAC_4_operator_22_2_true_AC_TRN_AC_WRAP_lshift_rg 'mgc_shift_l_v5_width_a22_signd_a0_width_s6_width_z22_14' #insts = 72. (OPT-777)
Information: Ungrouping hierarchy MAC_32_operator_22_2_true_AC_TRN_AC_WRAP_lshift_rg 'mgc_shift_l_v5_width_a22_signd_a0_width_s5_width_z22_0' #insts = 70. (OPT-777)
Information: Ungrouping hierarchy MAC_32_ac_float_cctor_assign_from_n32_31_22_2_AC_TRN_AC_WRAP_if_1_rshift_rg 'mgc_shift_r_v5_width_a22_signd_a1_width_s4_width_z22_14' #insts = 43. (OPT-777)
Information: Ungrouping hierarchy MAC_31_operator_22_2_true_AC_TRN_AC_WRAP_lshift_rg 'mgc_shift_l_v5_width_a22_signd_a0_width_s5_width_z22_1' #insts = 70. (OPT-777)
Information: Ungrouping hierarchy MAC_31_ac_float_cctor_assign_from_n32_31_22_2_AC_TRN_AC_WRAP_if_1_rshift_rg 'mgc_shift_r_v5_width_a22_signd_a1_width_s4_width_z22_15' #insts = 43. (OPT-777)
Information: Ungrouping hierarchy MAC_30_operator_22_2_true_AC_TRN_AC_WRAP_lshift_rg 'mgc_shift_l_v5_width_a22_signd_a0_width_s5_width_z22_2' #insts = 70. (OPT-777)
Information: Ungrouping hierarchy MAC_30_ac_float_cctor_assign_from_n32_31_22_2_AC_TRN_AC_WRAP_if_1_rshift_rg 'mgc_shift_r_v5_width_a22_signd_a1_width_s4_width_z22_16' #insts = 43. (OPT-777)
Information: Ungrouping hierarchy MAC_29_operator_22_2_true_AC_TRN_AC_WRAP_lshift_rg 'mgc_shift_l_v5_width_a22_signd_a0_width_s5_width_z22_3' #insts = 70. (OPT-777)
Information: Ungrouping hierarchy MAC_29_ac_float_cctor_assign_from_n32_31_22_2_AC_TRN_AC_WRAP_if_1_rshift_rg 'mgc_shift_r_v5_width_a22_signd_a1_width_s4_width_z22_17' #insts = 43. (OPT-777)
Information: Ungrouping hierarchy MAC_28_operator_22_2_true_AC_TRN_AC_WRAP_lshift_rg 'mgc_shift_l_v5_width_a22_signd_a0_width_s5_width_z22_4' #insts = 70. (OPT-777)
Information: Ungrouping hierarchy MAC_28_ac_float_cctor_assign_from_n32_31_22_2_AC_TRN_AC_WRAP_if_1_rshift_rg 'mgc_shift_r_v5_width_a22_signd_a1_width_s4_width_z22_18' #insts = 43. (OPT-777)
Information: Ungrouping hierarchy MAC_27_operator_22_2_true_AC_TRN_AC_WRAP_lshift_rg 'mgc_shift_l_v5_width_a22_signd_a0_width_s5_width_z22_5' #insts = 70. (OPT-777)
Information: Ungrouping hierarchy MAC_27_ac_float_cctor_assign_from_n32_31_22_2_AC_TRN_AC_WRAP_if_1_rshift_rg 'mgc_shift_r_v5_width_a22_signd_a1_width_s4_width_z22_19' #insts = 43. (OPT-777)
Information: Ungrouping hierarchy MAC_26_operator_22_2_true_AC_TRN_AC_WRAP_lshift_rg 'mgc_shift_l_v5_width_a22_signd_a0_width_s5_width_z22_6' #insts = 70. (OPT-777)
Information: Ungrouping hierarchy MAC_26_ac_float_cctor_assign_from_n32_31_22_2_AC_TRN_AC_WRAP_if_1_rshift_rg 'mgc_shift_r_v5_width_a22_signd_a1_width_s4_width_z22_20' #insts = 43. (OPT-777)
Information: Ungrouping hierarchy MAC_25_operator_22_2_true_AC_TRN_AC_WRAP_lshift_rg 'mgc_shift_l_v5_width_a22_signd_a0_width_s5_width_z22_7' #insts = 70. (OPT-777)
Information: Ungrouping hierarchy MAC_25_ac_float_cctor_assign_from_n32_31_22_2_AC_TRN_AC_WRAP_if_1_rshift_rg 'mgc_shift_r_v5_width_a22_signd_a1_width_s4_width_z22_21' #insts = 43. (OPT-777)
Information: Ungrouping hierarchy MAC_24_operator_22_2_true_AC_TRN_AC_WRAP_lshift_rg 'mgc_shift_l_v5_width_a22_signd_a0_width_s5_width_z22_8' #insts = 70. (OPT-777)
Information: Ungrouping hierarchy MAC_24_ac_float_cctor_assign_from_n32_31_22_2_AC_TRN_AC_WRAP_if_1_rshift_rg 'mgc_shift_r_v5_width_a22_signd_a1_width_s4_width_z22_22' #insts = 43. (OPT-777)
Information: Ungrouping hierarchy MAC_23_operator_22_2_true_AC_TRN_AC_WRAP_lshift_rg 'mgc_shift_l_v5_width_a22_signd_a0_width_s5_width_z22_9' #insts = 70. (OPT-777)
Information: Ungrouping hierarchy MAC_23_ac_float_cctor_assign_from_n32_31_22_2_AC_TRN_AC_WRAP_if_1_rshift_rg 'mgc_shift_r_v5_width_a22_signd_a1_width_s4_width_z22_23' #insts = 43. (OPT-777)
Information: Ungrouping hierarchy MAC_22_operator_22_2_true_AC_TRN_AC_WRAP_lshift_rg 'mgc_shift_l_v5_width_a22_signd_a0_width_s5_width_z22_10' #insts = 70. (OPT-777)
Information: Ungrouping hierarchy MAC_22_ac_float_cctor_assign_from_n32_31_22_2_AC_TRN_AC_WRAP_if_1_rshift_rg 'mgc_shift_r_v5_width_a22_signd_a1_width_s4_width_z22_24' #insts = 43. (OPT-777)
Information: Ungrouping hierarchy MAC_21_operator_22_2_true_AC_TRN_AC_WRAP_lshift_rg 'mgc_shift_l_v5_width_a22_signd_a0_width_s5_width_z22_11' #insts = 70. (OPT-777)
Information: Ungrouping hierarchy MAC_21_ac_float_cctor_assign_from_n32_31_22_2_AC_TRN_AC_WRAP_if_1_rshift_rg 'mgc_shift_r_v5_width_a22_signd_a1_width_s4_width_z22_25' #insts = 43. (OPT-777)
Information: Ungrouping hierarchy MAC_20_operator_22_2_true_AC_TRN_AC_WRAP_lshift_rg 'mgc_shift_l_v5_width_a22_signd_a0_width_s5_width_z22_12' #insts = 70. (OPT-777)
Information: Ungrouping hierarchy MAC_20_ac_float_cctor_assign_from_n32_31_22_2_AC_TRN_AC_WRAP_if_1_rshift_rg 'mgc_shift_r_v5_width_a22_signd_a1_width_s4_width_z22_26' #insts = 43. (OPT-777)
Information: Ungrouping hierarchy MAC_19_operator_22_2_true_AC_TRN_AC_WRAP_lshift_rg 'mgc_shift_l_v5_width_a22_signd_a0_width_s5_width_z22_13' #insts = 70. (OPT-777)
Information: Ungrouping hierarchy MAC_19_ac_float_cctor_assign_from_n32_31_22_2_AC_TRN_AC_WRAP_if_1_rshift_rg 'mgc_shift_r_v5_width_a22_signd_a1_width_s4_width_z22_27' #insts = 43. (OPT-777)
Information: Ungrouping hierarchy MAC_18_operator_22_2_true_AC_TRN_AC_WRAP_lshift_rg 'mgc_shift_l_v5_width_a22_signd_a0_width_s5_width_z22_14' #insts = 70. (OPT-777)
Information: Ungrouping hierarchy MAC_18_ac_float_cctor_assign_from_n32_31_22_2_AC_TRN_AC_WRAP_if_1_rshift_rg 'mgc_shift_r_v5_width_a22_signd_a1_width_s4_width_z22_28' #insts = 43. (OPT-777)
Information: Ungrouping hierarchy MAC_2_operator_22_2_true_AC_TRN_AC_WRAP_lshift_rg 'mgc_shift_l_v5_width_a22_signd_a0_width_s6_width_z22_15' #insts = 72. (OPT-777)
Information: Ungrouping hierarchy MAC_2_ac_float_cctor_assign_from_n32_31_22_2_AC_TRN_AC_WRAP_if_1_rshift_rg 'mgc_shift_r_v5_width_a22_signd_a1_width_s4_width_z22_29' #insts = 43. (OPT-777)
Information: Ungrouping hierarchy MAC_1_operator_22_2_true_AC_TRN_AC_WRAP_lshift_rg 'mgc_shift_l_v5_width_a22_signd_a0_width_s5_width_z22_15' #insts = 70. (OPT-777)
Information: Ungrouping hierarchy MAC_1_ac_float_cctor_assign_from_n32_31_22_2_AC_TRN_AC_WRAP_if_1_rshift_rg 'mgc_shift_r_v5_width_a22_signd_a1_width_s4_width_z22_30' #insts = 43. (OPT-777)
  Mapping Optimization (Phase 1)
  Mapping Optimization (Phase 2)
  Mapping Optimization (Phase 3)

Threshold voltage group cell usage:
>> saed32cell_lvt 100.00%

  Beginning Global Optimizations
  ------------------------------
  Global Optimization (Phase 1)
  Global Optimization (Phase 2)
  Global Optimization (Phase 3)
  Global Optimization (Phase 4)
  Global Optimization (Phase 5)
  Global Optimization (Phase 6)
  Global Optimization (Phase 7)
  Global Optimization (Phase 8)
  Global Optimization (Phase 9)
  Global Optimization (Phase 10)
  Global Optimization (Phase 11)
  Global Optimization (Phase 12)
  Global Optimization (Phase 13)
  Global Optimization (Phase 14)
  Global Optimization (Phase 15)
  Global Optimization (Phase 16)
  Global Optimization (Phase 17)
  Global Optimization (Phase 18)
  Global Optimization (Phase 19)
  Global Optimization (Phase 20)
  Global Optimization (Phase 21)
  Global Optimization (Phase 22)
  Global Optimization (Phase 23)
  Global Optimization (Phase 24)
  Global Optimization (Phase 25)
  Global Optimization (Phase 26)

Threshold voltage group cell usage:
>> saed32cell_lvt 100.00%

  Beginning Delay Optimization
  ----------------------------

                                  TOTAL                                                
   ELAPSED            WORST NEG   SETUP    DESIGN                              LEAKAGE 
    TIME      AREA      SLACK     COST    RULE COST         ENDPOINT            POWER  
  --------- --------- --------- --------- --------- ------------------------- ---------
    0:02:30  115216.7      1.49    1791.1    5398.6                           17252886528.0000
    0:02:30  115216.7      1.48    1791.8    5398.7                           17252886528.0000
    0:02:30  115216.7      1.48    1791.8    5398.7                           17252886528.0000
    0:06:24  120790.6      1.08    1592.6    5466.5                           17575577600.0000
    0:06:24  120790.6      1.08    1592.6    5466.5                           17575577600.0000
    0:06:46  122720.5      0.95    1369.9    2551.2                           17964945408.0000
    0:06:46  122720.5      0.95    1369.9    2551.2                           17964945408.0000
    0:06:49  121092.2      0.95    1370.4    2590.1                           17825345536.0000

Threshold voltage group cell usage:
>> saed32cell_lvt 100.00%
    0:07:18  120979.4      0.92    1292.8    1216.6                           17895288832.0000
Loading db file '/home/ajh9498/Documents/SALSA_HLS/FIR/syn/ref/DBs/saed32lvt_ss0p75v125c.db'
Warning: Design 'fir_core' contains 1 high-fanout nets. A fanout number of 1000 will be used for delay calculations involving these nets. (TIM-134)
     Net 'clk': 2798 load(s), 1 driver(s)
  Loading design 'fir_core'
Warning: Design 'fir_core' contains 1 high-fanout nets. A fanout number of 1000 will be used for delay calculations involving these nets. (TIM-134)
Information: The library cell 'PMT3_LVT' in the library 'saed32lvt_ss0p75v125c' is not characterized for internal power. (PWR-536)
Information: The library cell 'PMT2_LVT' in the library 'saed32lvt_ss0p75v125c' is not characterized for internal power. (PWR-536)
Information: The library cell 'PMT1_LVT' in the library 'saed32lvt_ss0p75v125c' is not characterized for internal power. (PWR-536)
Information: The library cell 'NMT3_LVT' in the library 'saed32lvt_ss0p75v125c' is not characterized for internal power. (PWR-536)
Information: The library cell 'NMT2_LVT' in the library 'saed32lvt_ss0p75v125c' is not characterized for internal power. (PWR-536)
Information: The library cell 'NMT1_LVT' in the library 'saed32lvt_ss0p75v125c' is not characterized for internal power. (PWR-536)
Information: The target library(s) contains cell(s), other than black boxes, that are not characterized for internal power. (PWR-24)
****************************************************************
Information: TLUPlus based RC computation is enabled. (RCEX-141)
****************************************************************
Information: The distance unit in Capacitance and Resistance is 1 micron. (RCEX-007)
Information: The RC model used is TLU+. (RCEX-015)
Information: Library Derived Cap for layer M1 : 0.16 0.16 (RCEX-011)
Information: Library Derived Res for layer M1 : 2e-06 2e-06 (RCEX-011)
Information: Library Derived Cap for layer M2 : 0.17 0.17 (RCEX-011)
Information: Library Derived Res for layer M2 : 1.8e-06 1.8e-06 (RCEX-011)
Information: Library Derived Cap for layer M3 : 0.11 0.11 (RCEX-011)
Information: Library Derived Res for layer M3 : 1.8e-06 1.8e-06 (RCEX-011)
Information: Library Derived Cap for layer M4 : 0.11 0.11 (RCEX-011)
Information: Library Derived Res for layer M4 : 1.8e-06 1.8e-06 (RCEX-011)
Information: Library Derived Cap for layer M5 : 0.094 0.094 (RCEX-011)
Information: Library Derived Res for layer M5 : 1.8e-06 1.8e-06 (RCEX-011)
Information: Library Derived Cap for layer M6 : 0.094 0.094 (RCEX-011)
Information: Library Derived Res for layer M6 : 1.8e-06 1.8e-06 (RCEX-011)
Information: Library Derived Cap for layer M7 : 0.092 0.092 (RCEX-011)
Information: Library Derived Res for layer M7 : 1.8e-06 1.8e-06 (RCEX-011)
Information: Library Derived Cap for layer M8 : 0.092 0.092 (RCEX-011)
Information: Library Derived Res for layer M8 : 1.8e-06 1.8e-06 (RCEX-011)
Information: Library Derived Cap for layer M9 : 0.11 0.11 (RCEX-011)
Information: Library Derived Res for layer M9 : 1.8e-06 1.8e-06 (RCEX-011)
Information: Library Derived Cap for layer MRDL : 0.11 0.11 (RCEX-011)
Information: Library Derived Res for layer MRDL : 1.8e-07 1.8e-07 (RCEX-011)
Information: Library Derived Horizontal Cap : 0.11 0.11 (RCEX-011)
Information: Library Derived Horizontal Res : 1.8e-06 1.8e-06 (RCEX-011)
Information: Library Derived Vertical Cap : 0.11 0.11 (RCEX-011)
Information: Library Derived Vertical Res : 1.5e-06 1.5e-06 (RCEX-011)
Information: Using derived R and C coefficients. (RCEX-008)
Information: Using region-based R and C coefficients. (RCEX-013)
Information: Library Derived Via Res : 4.6e-07 4.6e-07 (RCEX-011)

Running Main Compile placer.
Placing standard cells from scratch.
...17%...33%...50%...67%...83%...100% done.
Running Main Compile placer - done.


 Collecting Buffer Trees ... Found 2613

 Processing Buffer Trees ... 

    [262]  10% ...
    [524]  20% ...
    [786]  30% ...
    [1048]  40% ...
    [1310]  50% ...
    [1572]  60% ...
    [1834]  70% ...
    [2096]  80% ...
    [2358]  90% ...
    [2613] 100% Done ...


Information: Automatic high-fanout synthesis deletes 1613 cells. (HFS-802)
Information: Automatic high-fanout synthesis adds 1145 new cells. (PSYN-864)


Threshold voltage group cell usage:
>> saed32cell_lvt 100.00%


  Beginning Timing Optimizations
  ------------------------------

                                  TOTAL                                                
   ELAPSED            WORST NEG   SETUP    DESIGN                              LEAKAGE 
    TIME      AREA      SLACK     COST    RULE COST         ENDPOINT            POWER  
  --------- --------- --------- --------- --------- ------------------------- ---------
    0:07:42  120385.5      3.71    3037.3   64201.3                           17862864896.0000
  Global Optimization (Phase 27)
  Global Optimization (Phase 28)
  Global Optimization (Phase 29)
  Global Optimization (Phase 30)
    0:07:43  120384.5      3.71    3037.3   64201.3                           17862084608.0000
    0:07:52  116962.2      1.34    2198.9   59992.7                           15248160768.0000


  Beginning Design Rule Fixing  (max_transition)  (max_capacitance)
  ------------------------------------
    0:07:58  120251.0      1.31    1911.9     231.7                           16515021824.0000
    0:07:58  120251.0      1.31    1911.9     231.7                           16515021824.0000
Info-lpmode: computing default table with library = lib8
    0:07:58  120251.0      1.31    1911.9     231.7                           16515021824.0000
    0:08:01  120319.4      1.10    1805.8     756.1                           16555179008.0000
    0:08:01  120319.4      1.10    1805.8     756.1                           16555179008.0000
    0:08:24  122841.0      0.93    1566.0    2279.4                           17249921024.0000
    0:08:24  122841.0      0.93    1566.0    2279.4                           17249921024.0000
    0:08:26  122843.6      0.92    1559.9    2434.2                           17273260032.0000
    0:08:26  122843.6      0.92    1559.9    2434.2                           17273260032.0000
    0:09:22  124546.1      0.86    1477.2    3334.2                           17933674496.0000
    0:09:22  124546.1      0.86    1477.2    3334.2                           17933674496.0000
    0:09:43  124708.7      0.86    1467.5    3492.6                           17950105600.0000
    0:09:43  124708.7      0.86    1467.5    3492.6                           17950105600.0000
    0:09:55  124963.4      0.86    1498.1    3599.5                           18025996288.0000
    0:09:55  124963.4      0.86    1498.1    3599.5                           18025996288.0000
    0:09:57  124966.7      0.86    1498.0    3599.3                           18026240000.0000
    0:10:08  125006.3      0.86    1483.2    3680.0                           18092371968.0000
    0:10:09  125006.3      0.86    1483.2    3680.0                           18092371968.0000
    0:10:09  125006.3      0.86    1483.2    3680.0                           18092371968.0000
    0:10:17  121891.8      0.89    1451.7    3162.6                           17419264000.0000

Threshold voltage group cell usage:
>> saed32cell_lvt 100.00%


  Beginning High Effort Optimization Phase
  ----------------------------------------

Threshold voltage group cell usage:
>> saed32cell_lvt 100.00%


  Beginning Timing Optimization
  -----------------------------

                                  TOTAL                                                
   ELAPSED            WORST NEG   SETUP    DESIGN                              LEAKAGE 
    TIME      AREA      SLACK     COST    RULE COST         ENDPOINT            POWER  
  --------- --------- --------- --------- --------- ------------------------- ---------
    0:10:17  121891.8      0.89    1451.7    3162.6                           17419264000.0000
    0:10:17  121891.8      0.89    1451.7    3162.6                           17419264000.0000
    0:10:21  121495.1      0.88    1440.6     524.4                           17617332224.0000
    0:10:21  121495.1      0.88    1440.6     524.4                           17617332224.0000
    0:10:22  121494.8      0.87    1439.7     714.4                           17615532032.0000
    0:10:22  121494.8      0.87    1439.7     714.4                           17615532032.0000
    0:10:24  121629.0      0.86    1436.7    1086.3                           17638230016.0000

Threshold voltage group cell usage:
>> saed32cell_lvt 100.00%


  High Effort Optimization Phase Complete
  ---------------------------------------

Information: State dependent leakage is now switched from off to on.
Information: Propagating switching activity (low effort zero delay simulation). (PWR-6)
    0:10:27  121629.5      0.87    1436.7    1071.2                           16726318080.0000


Note: Symbol # after min delay cost means estimated hold TNS across all active scenarios 


  Optimization Complete
  ---------------------

Threshold voltage group cell usage:
>> saed32cell_lvt 100.00%
Loading db file '/home/ajh9498/Documents/SALSA_HLS/FIR/syn/ref/DBs/saed32lvt_ss0p75v125c.db'
1
report_area
 
****************************************
Report : area
Design : fir_core
Version: T-2022.03-SP5-5
Date   : Tue May 13 01:40:38 2025
****************************************

Information: Updating design information... (UID-85)
Warning: Design 'fir_core' contains 1 high-fanout nets. A fanout number of 1000 will be used for delay calculations involving these nets. (TIM-134)
Library(s) Used:

    saed32lvt_ss0p75v125c (File: /home/ajh9498/Documents/SALSA_HLS/FIR/syn/ref/DBs/saed32lvt_ss0p75v125c.db)

Number of ports:                         1320
Number of nets:                         45522
Number of cells:                        42595
Number of combinational cells:          39693
Number of sequential cells:              2798
Number of macros/black boxes:               0
Number of buf/inv:                       9271
Number of references:                      73

Combinational area:             102221.291769
Buf/Inv area:                    14747.214021
Noncombinational area:           19408.215283
Macro/Black Box area:                0.000000
Net Interconnect area:      undefined  (Wire load has zero net area)

Total cell area:                121629.507052
Total area:                 undefined
1
report_power
Information: Propagating switching activity (low effort zero delay simulation). (PWR-6)
Warning: Design has unannotated primary inputs. (PWR-414)
Warning: Design has unannotated sequential cell outputs. (PWR-415)
 
****************************************
Report : power
        -analysis_effort low
Design : fir_core
Version: T-2022.03-SP5-5
Date   : Tue May 13 01:40:45 2025
****************************************


Library(s) Used:

    saed32lvt_ss0p75v125c (File: /home/ajh9498/Documents/SALSA_HLS/FIR/syn/ref/DBs/saed32lvt_ss0p75v125c.db)


Operating Conditions: ss0p75v125c   Library: saed32lvt_ss0p75v125c
Wire Load Model Mode: Inactive.


Global Operating Voltage = 0.75 
Power-specific unit information :
    Voltage Units = 1V
    Capacitance Units = 1.000000ff
    Time Units = 1ns
    Dynamic Power Units = 1uW    (derived from V,C,T units)
    Leakage Power Units = 1pW


Attributes
----------
i - Including register clock pin internal power

Warning: Cannot report correlated power unless power prediction mode is set. (PWR-727)
Power Breakdown
---------------

                             Cell        Driven Net  Tot Dynamic      Cell
                             Internal    Switching   Power (uW)       Leakage
Cell                         Power (uW)  Power (uW)  (% Cell/Tot)     Power (pW)
--------------------------------------------------------------------------------
Netlist Power                1.560e+04   2.949e+03   1.855e+04 (84%)  1.672e+10
Estimated Clock Tree Power   N/A         N/A         N/A (N/A)        N/A
--------------------------------------------------------------------------------

                 Internal         Switching           Leakage            Total
Power Group      Power            Power               Power              Power   (   %    )  Attrs
--------------------------------------------------------------------------------------------------
io_pad             0.0000            0.0000            0.0000            0.0000  (   0.00%)
memory             0.0000            0.0000            0.0000            0.0000  (   0.00%)
black_box          0.0000            0.0000            0.0000            0.0000  (   0.00%)
clock_network  9.6503e+03            0.0000            0.0000        9.6503e+03  (  27.36%)  i
register       1.1510e+03          142.9237        4.2775e+09        5.5714e+03  (  15.79%)
sequential         0.0000            0.0000            0.0000            0.0000  (   0.00%)
combinational  4.8028e+03        2.8064e+03        1.2446e+10        2.0055e+04  (  56.85%)
--------------------------------------------------------------------------------------------------
Total          1.5604e+04 uW     2.9493e+03 uW     1.6723e+10 pW     3.5277e+04 uW
1
exit

Memory usage for this session 652 Mbytes.
Memory usage for this session including child processes 652 Mbytes.
CPU usage for this session 685 seconds ( 0.19 hours ).
Elapsed time for this session 715 seconds ( 0.20 hours ).

Thank you...
