
                            Design Compiler (R) NXT 

              Version T-2022.03-SP5-5 for linux64 - Jun 13, 2023 

                    Copyright (c) 1988 - 2023 Synopsys, Inc.
   This software and the associated documentation are proprietary to Synopsys,
 Inc. This software may only be used in accordance with the terms and conditions
 of a written license agreement with Synopsys, Inc. All other use, reproduction,
   or distribution of this software is strictly prohibited.  Licensed Products
     communicate with Synopsys servers for the purpose of providing software
    updates, detecting software piracy and verifying that customers are using
    Licensed Products in conformity with the applicable License Key for such
  Licensed Products. Synopsys will use information gathered in connection with
    this process to deliver software updates and pursue software pirates and
                                   infringers.

 Inclusivity & Diversity - Visit SolvNetPlus to read the "Synopsys Statement on
            Inclusivity and Diversity" (Refer to article 000036315 at
                        https://solvnetplus.synopsys.com)
Initializing...
Starting shell in Topographical mode...
Initializing gui preferences from file  /home/ajh9498/.synopsys_dc_gui/preferences.tcl
source setup.tcl
Information: Loading technology file '/home/ajh9498/Documents/SALSA_HLS/FIR/syn/ref/tech/saed32nm_1p9m.tf' (FILE-007)
Warning: Technology used to create frame-view and current technology have inconsistency: Fat table contents are different. (FRAM-054)
Warning: Technology 'saed32nm_1p9m_mw.tf' used for frame-view creation in library 'saed32_lvt|saed32_lvt_std', is inconsistent with the current technology 'saed32nm_1p9m.tf' of library 'fir_core.dlib'. Please run derive_design_level_via_regions to generate up-do-date via region in the design library. (NDM-102)
Warning: Technology used to create frame-view and current technology have inconsistency: Fat table contents are different. (FRAM-054)
Warning: Technology 'saed32nm_1p9m_mw.tf' used for frame-view creation in library 'saed32_lvt|saed32_lvt_lsup', is inconsistent with the current technology 'saed32nm_1p9m.tf' of library 'fir_core.dlib'. Please run derive_design_level_via_regions to generate up-do-date via region in the design library. (NDM-102)
Warning: Technology used to create frame-view and current technology have inconsistency: Fat table contents are different. (FRAM-054)
Warning: Technology 'saed32nm_1p9m_mw.tf' used for frame-view creation in library 'saed32_lvt|saed32_lvt_lsdn', is inconsistent with the current technology 'saed32nm_1p9m.tf' of library 'fir_core.dlib'. Please run derive_design_level_via_regions to generate up-do-date via region in the design library. (NDM-102)
Warning: Technology used to create frame-view and current technology have inconsistency: Fat table contents are different. (FRAM-054)
Warning: Technology 'saed32nm_1p9m_mw.tf' used for frame-view creation in library 'saed32_lvt|saed32_lvt_pg', is inconsistent with the current technology 'saed32nm_1p9m.tf' of library 'fir_core.dlib'. Please run derive_design_level_via_regions to generate up-do-date via region in the design library. (NDM-102)
Information: Using technology 'saed32nm_1p9m.tf' to derive design library via region in the frame-views of library 'saed32_lvt|saed32_lvt_std'. (FRAM-088)
Warning: There is no via region created in block 'AND2X1_LVT.frame'. Please check your design and settings.  (FRAM-069)
Warning: There is no via region created in block 'AND2X2_LVT.frame'. Please check your design and settings.  (FRAM-069)
Warning: There is no via region created in block 'AND2X4_LVT.frame'. Please check your design and settings.  (FRAM-069)
Warning: There is no via region created in block 'AND3X1_LVT.frame'. Please check your design and settings.  (FRAM-069)
Warning: There is no via region created in block 'AND3X2_LVT.frame'. Please check your design and settings.  (FRAM-069)
Warning: There is no via region created in block 'AND3X4_LVT.frame'. Please check your design and settings.  (FRAM-069)
Warning: There is no via region created in block 'AND4X1_LVT.frame'. Please check your design and settings.  (FRAM-069)
Warning: There is no via region created in block 'AND4X2_LVT.frame'. Please check your design and settings.  (FRAM-069)
Warning: There is no via region created in block 'AND4X4_LVT.frame'. Please check your design and settings.  (FRAM-069)
Warning: There is no via region created in block 'ANTENNA_LVT.frame'. Please check your design and settings.  (FRAM-069)
Warning: There is no via region created in block 'AO222X2_LVT.frame'. Please check your design and settings.  (FRAM-069)
Warning: There is no via region created in block 'AOBUFX1_LVT.frame'. Please check your design and settings.  (FRAM-069)
Warning: There is no via region created in block 'AOBUFX2_LVT.frame'. Please check your design and settings.  (FRAM-069)
Warning: There is no via region created in block 'AOBUFX4_LVT.frame'. Please check your design and settings.  (FRAM-069)
Warning: There is no via region created in block 'AOINVX1_LVT.frame'. Please check your design and settings.  (FRAM-069)
Warning: There is no via region created in block 'AOINVX2_LVT.frame'. Please check your design and settings.  (FRAM-069)
Warning: There is no via region created in block 'AOINVX4_LVT.frame'. Please check your design and settings.  (FRAM-069)
Warning: There is no via region created in block 'BSLEX1_LVT.frame'. Please check your design and settings.  (FRAM-069)
Warning: There is no via region created in block 'BSLEX2_LVT.frame'. Please check your design and settings.  (FRAM-069)
Warning: There is no via region created in block 'BSLEX4_LVT.frame'. Please check your design and settings.  (FRAM-069)
Warning: There is no via region created in block 'BUSKP_LVT.frame'. Please check your design and settings.  (FRAM-069)
Warning: There is no via region created in block 'CLOAD1_LVT.frame'. Please check your design and settings.  (FRAM-069)
Warning: There is no via region created in block 'DEC24X1_LVT.frame'. Please check your design and settings.  (FRAM-069)
Warning: There is no via region created in block 'DEC24X2_LVT.frame'. Please check your design and settings.  (FRAM-069)
Warning: There is no via region created in block 'DELLN1X2_LVT.frame'. Please check your design and settings.  (FRAM-069)
Warning: There is no via region created in block 'DELLN2X2_LVT.frame'. Please check your design and settings.  (FRAM-069)
Warning: There is no via region created in block 'DELLN3X2_LVT.frame'. Please check your design and settings.  (FRAM-069)
Warning: There is no via region created in block 'FADDX1_LVT.frame'. Please check your design and settings.  (FRAM-069)
Warning: There is no via region created in block 'FADDX2_LVT.frame'. Please check your design and settings.  (FRAM-069)
Warning: There is no via region created in block 'HADDX1_LVT.frame'. Please check your design and settings.  (FRAM-069)
Warning: There is no via region created in block 'HADDX2_LVT.frame'. Please check your design and settings.  (FRAM-069)
Warning: There is no via region created in block 'IBUFFX16_LVT.frame'. Please check your design and settings.  (FRAM-069)
Warning: There is no via region created in block 'IBUFFX2_LVT.frame'. Please check your design and settings.  (FRAM-069)
Warning: There is no via region created in block 'IBUFFX32_LVT.frame'. Please check your design and settings.  (FRAM-069)
Warning: There is no via region created in block 'IBUFFX4_LVT.frame'. Please check your design and settings.  (FRAM-069)
Warning: There is no via region created in block 'IBUFFX8_LVT.frame'. Please check your design and settings.  (FRAM-069)
Warning: There is no via region created in block 'INVX0_LVT.frame'. Please check your design and settings.  (FRAM-069)
Warning: There is no via region created in block 'INVX16_LVT.frame'. Please check your design and settings.  (FRAM-069)
Warning: There is no via region created in block 'INVX1_LVT.frame'. Please check your design and settings.  (FRAM-069)
Warning: There is no via region created in block 'INVX2_LVT.frame'. Please check your design and settings.  (FRAM-069)
Warning: There is no via region created in block 'INVX32_LVT.frame'. Please check your design and settings.  (FRAM-069)
Warning: There is no via region created in block 'INVX4_LVT.frame'. Please check your design and settings.  (FRAM-069)
Warning: There is no via region created in block 'INVX8_LVT.frame'. Please check your design and settings.  (FRAM-069)
Warning: There is no via region created in block 'ISOLANDAOX1_LVT.frame'. Please check your design and settings.  (FRAM-069)
Warning: There is no via region created in block 'ISOLANDAOX2_LVT.frame'. Please check your design and settings.  (FRAM-069)
Warning: There is no via region created in block 'ISOLANDAOX4_LVT.frame'. Please check your design and settings.  (FRAM-069)
Warning: There is no via region created in block 'ISOLANDAOX8_LVT.frame'. Please check your design and settings.  (FRAM-069)
Warning: There is no via region created in block 'ISOLANDX1_LVT.frame'. Please check your design and settings.  (FRAM-069)
Warning: There is no via region created in block 'ISOLANDX2_LVT.frame'. Please check your design and settings.  (FRAM-069)
Warning: There is no via region created in block 'ISOLANDX4_LVT.frame'. Please check your design and settings.  (FRAM-069)
Warning: There is no via region created in block 'ISOLANDX8_LVT.frame'. Please check your design and settings.  (FRAM-069)
Warning: There is no via region created in block 'ISOLORAOX1_LVT.frame'. Please check your design and settings.  (FRAM-069)
Warning: There is no via region created in block 'ISOLORAOX2_LVT.frame'. Please check your design and settings.  (FRAM-069)
Warning: There is no via region created in block 'ISOLORAOX4_LVT.frame'. Please check your design and settings.  (FRAM-069)
Warning: There is no via region created in block 'ISOLORAOX8_LVT.frame'. Please check your design and settings.  (FRAM-069)
Warning: There is no via region created in block 'ISOLORX1_LVT.frame'. Please check your design and settings.  (FRAM-069)
Warning: There is no via region created in block 'ISOLORX2_LVT.frame'. Please check your design and settings.  (FRAM-069)
Warning: There is no via region created in block 'ISOLORX4_LVT.frame'. Please check your design and settings.  (FRAM-069)
Warning: There is no via region created in block 'ISOLORX8_LVT.frame'. Please check your design and settings.  (FRAM-069)
Warning: There is no via region created in block 'LNANDX1_LVT.frame'. Please check your design and settings.  (FRAM-069)
Warning: There is no via region created in block 'LNANDX2_LVT.frame'. Please check your design and settings.  (FRAM-069)
Warning: There is no via region created in block 'NAND2X0_LVT.frame'. Please check your design and settings.  (FRAM-069)
Warning: There is no via region created in block 'NAND2X2_LVT.frame'. Please check your design and settings.  (FRAM-069)
Warning: There is no via region created in block 'NAND2X4_LVT.frame'. Please check your design and settings.  (FRAM-069)
Warning: There is no via region created in block 'NAND3X0_LVT.frame'. Please check your design and settings.  (FRAM-069)
Warning: There is no via region created in block 'NAND3X1_LVT.frame'. Please check your design and settings.  (FRAM-069)
Warning: There is no via region created in block 'NAND3X2_LVT.frame'. Please check your design and settings.  (FRAM-069)
Warning: There is no via region created in block 'NAND3X4_LVT.frame'. Please check your design and settings.  (FRAM-069)
Warning: There is no via region created in block 'NAND4X0_LVT.frame'. Please check your design and settings.  (FRAM-069)
Warning: There is no via region created in block 'NAND4X1_LVT.frame'. Please check your design and settings.  (FRAM-069)
Warning: There is no via region created in block 'NBUFFX16_LVT.frame'. Please check your design and settings.  (FRAM-069)
Warning: There is no via region created in block 'NBUFFX2_LVT.frame'. Please check your design and settings.  (FRAM-069)
Warning: There is no via region created in block 'NBUFFX32_LVT.frame'. Please check your design and settings.  (FRAM-069)
Warning: There is no via region created in block 'NBUFFX4_LVT.frame'. Please check your design and settings.  (FRAM-069)
Warning: There is no via region created in block 'NBUFFX8_LVT.frame'. Please check your design and settings.  (FRAM-069)
Warning: There is no via region created in block 'NMT1_LVT.frame'. Please check your design and settings.  (FRAM-069)
Warning: There is no via region created in block 'NMT2_LVT.frame'. Please check your design and settings.  (FRAM-069)
Warning: There is no via region created in block 'NMT3_LVT.frame'. Please check your design and settings.  (FRAM-069)
Warning: There is no via region created in block 'OA21X1_LVT.frame'. Please check your design and settings.  (FRAM-069)
Warning: There is no via region created in block 'OA21X2_LVT.frame'. Please check your design and settings.  (FRAM-069)
Warning: There is no via region created in block 'OA221X1_LVT.frame'. Please check your design and settings.  (FRAM-069)
Warning: There is no via region created in block 'OA221X2_LVT.frame'. Please check your design and settings.  (FRAM-069)
Warning: There is no via region created in block 'OA222X1_LVT.frame'. Please check your design and settings.  (FRAM-069)
Warning: There is no via region created in block 'OA222X2_LVT.frame'. Please check your design and settings.  (FRAM-069)
Warning: There is no via region created in block 'OA22X1_LVT.frame'. Please check your design and settings.  (FRAM-069)
Warning: There is no via region created in block 'OA22X2_LVT.frame'. Please check your design and settings.  (FRAM-069)
Warning: There is no via region created in block 'OAI21X1_LVT.frame'. Please check your design and settings.  (FRAM-069)
Warning: There is no via region created in block 'OAI21X2_LVT.frame'. Please check your design and settings.  (FRAM-069)
Warning: There is no via region created in block 'OAI221X1_LVT.frame'. Please check your design and settings.  (FRAM-069)
Warning: There is no via region created in block 'OAI221X2_LVT.frame'. Please check your design and settings.  (FRAM-069)
Warning: There is no via region created in block 'OAI222X1_LVT.frame'. Please check your design and settings.  (FRAM-069)
Warning: There is no via region created in block 'OAI222X2_LVT.frame'. Please check your design and settings.  (FRAM-069)
Warning: There is no via region created in block 'OAI22X1_LVT.frame'. Please check your design and settings.  (FRAM-069)
Warning: There is no via region created in block 'OAI22X2_LVT.frame'. Please check your design and settings.  (FRAM-069)
Warning: There is no via region created in block 'OR4X1_LVT.frame'. Please check your design and settings.  (FRAM-069)
Warning: There is no via region created in block 'OR4X2_LVT.frame'. Please check your design and settings.  (FRAM-069)
Warning: There is no via region created in block 'PGX1_LVT.frame'. Please check your design and settings.  (FRAM-069)
Warning: There is no via region created in block 'PGX2_LVT.frame'. Please check your design and settings.  (FRAM-069)
Warning: There is no via region created in block 'PGX4_LVT.frame'. Please check your design and settings.  (FRAM-069)
Warning: There is no via region created in block 'PMT1_LVT.frame'. Please check your design and settings.  (FRAM-069)
Warning: There is no via region created in block 'PMT2_LVT.frame'. Please check your design and settings.  (FRAM-069)
Warning: There is no via region created in block 'PMT3_LVT.frame'. Please check your design and settings.  (FRAM-069)
Warning: There is no via region created in block 'TIEH_LVT.frame'. Please check your design and settings.  (FRAM-069)
Warning: There is no via region created in block 'TIEL_LVT.frame'. Please check your design and settings.  (FRAM-069)
Warning: There is no via region created in block 'TNBUFFX16_LVT.frame'. Please check your design and settings.  (FRAM-069)
Warning: There is no via region created in block 'TNBUFFX1_LVT.frame'. Please check your design and settings.  (FRAM-069)
Warning: There is no via region created in block 'TNBUFFX2_LVT.frame'. Please check your design and settings.  (FRAM-069)
Warning: There is no via region created in block 'TNBUFFX32_LVT.frame'. Please check your design and settings.  (FRAM-069)
Warning: There is no via region created in block 'TNBUFFX4_LVT.frame'. Please check your design and settings.  (FRAM-069)
Warning: There is no via region created in block 'TNBUFFX8_LVT.frame'. Please check your design and settings.  (FRAM-069)
Warning: There is no via region created in block 'XNOR2X1_LVT.frame'. Please check your design and settings.  (FRAM-069)
Warning: There is no via region created in block 'XNOR2X2_LVT.frame'. Please check your design and settings.  (FRAM-069)
Warning: There is no via region created in block 'XOR2X1_LVT.frame'. Please check your design and settings.  (FRAM-069)
Warning: There is no via region created in block 'XOR2X2_LVT.frame'. Please check your design and settings.  (FRAM-069)
Warning: There is no via region created in block 'XOR3X1_LVT.frame'. Please check your design and settings.  (FRAM-069)
Warning: There is no via region created in block 'XOR3X2_LVT.frame'. Please check your design and settings.  (FRAM-069)
Via regions for library saed32_lvt|saed32_lvt_std created successfully
Information: Using technology 'saed32nm_1p9m.tf' to derive design library via region in the frame-views of library 'saed32_lvt|saed32_lvt_lsup'. (FRAM-088)
Warning: There is no via region created in block 'LSUPX1_LVT.frame'. Please check your design and settings.  (FRAM-069)
Warning: There is no via region created in block 'LSUPX2_LVT.frame'. Please check your design and settings.  (FRAM-069)
Warning: There is no via region created in block 'LSUPX4_LVT.frame'. Please check your design and settings.  (FRAM-069)
Warning: There is no via region created in block 'LSUPX8_LVT.frame'. Please check your design and settings.  (FRAM-069)
Via regions for library saed32_lvt|saed32_lvt_lsup created successfully
Information: Using technology 'saed32nm_1p9m.tf' to derive design library via region in the frame-views of library 'saed32_lvt|saed32_lvt_lsdn'. (FRAM-088)
Warning: There is no via region created in block 'LSDNENCLSSX1_LVT.frame'. Please check your design and settings.  (FRAM-069)
Warning: There is no via region created in block 'LSDNENCLSSX2_LVT.frame'. Please check your design and settings.  (FRAM-069)
Warning: There is no via region created in block 'LSDNENCLSSX4_LVT.frame'. Please check your design and settings.  (FRAM-069)
Warning: There is no via region created in block 'LSDNENCLSSX8_LVT.frame'. Please check your design and settings.  (FRAM-069)
Warning: There is no via region created in block 'LSDNENSSX4_LVT.frame'. Please check your design and settings.  (FRAM-069)
Warning: There is no via region created in block 'LSDNENSSX8_LVT.frame'. Please check your design and settings.  (FRAM-069)
Warning: There is no via region created in block 'LSDNSSX1_LVT.frame'. Please check your design and settings.  (FRAM-069)
Warning: There is no via region created in block 'LSDNSSX2_LVT.frame'. Please check your design and settings.  (FRAM-069)
Warning: There is no via region created in block 'LSDNSSX4_LVT.frame'. Please check your design and settings.  (FRAM-069)
Warning: There is no via region created in block 'LSDNSSX8_LVT.frame'. Please check your design and settings.  (FRAM-069)
Warning: There is no via region created in block 'LSDNX1_LVT.frame'. Please check your design and settings.  (FRAM-069)
Warning: There is no via region created in block 'LSDNX2_LVT.frame'. Please check your design and settings.  (FRAM-069)
Warning: There is no via region created in block 'LSDNX4_LVT.frame'. Please check your design and settings.  (FRAM-069)
Warning: There is no via region created in block 'LSDNX8_LVT.frame'. Please check your design and settings.  (FRAM-069)
Via regions for library saed32_lvt|saed32_lvt_lsdn created successfully
Information: Using technology 'saed32nm_1p9m.tf' to derive design library via region in the frame-views of library 'saed32_lvt|saed32_lvt_pg'. (FRAM-088)
Warning: There is no via region created in block 'FOOT2X16_LVT.frame'. Please check your design and settings.  (FRAM-069)
Warning: There is no via region created in block 'FOOT2X32_LVT.frame'. Please check your design and settings.  (FRAM-069)
Warning: There is no via region created in block 'FOOT2X4_LVT.frame'. Please check your design and settings.  (FRAM-069)
Warning: There is no via region created in block 'FOOT2X8_LVT.frame'. Please check your design and settings.  (FRAM-069)
Warning: There is no via region created in block 'FOOTX16_LVT.frame'. Please check your design and settings.  (FRAM-069)
Warning: There is no via region created in block 'FOOTX2_LVT.frame'. Please check your design and settings.  (FRAM-069)
Warning: There is no via region created in block 'FOOTX32_LVT.frame'. Please check your design and settings.  (FRAM-069)
Warning: There is no via region created in block 'FOOTX4_LVT.frame'. Please check your design and settings.  (FRAM-069)
Warning: There is no via region created in block 'FOOTX8_LVT.frame'. Please check your design and settings.  (FRAM-069)
Warning: There is no via region created in block 'HEAD2X16_LVT.frame'. Please check your design and settings.  (FRAM-069)
Warning: There is no via region created in block 'HEAD2X2_LVT.frame'. Please check your design and settings.  (FRAM-069)
Warning: There is no via region created in block 'HEAD2X32_LVT.frame'. Please check your design and settings.  (FRAM-069)
Warning: There is no via region created in block 'HEAD2X8_LVT.frame'. Please check your design and settings.  (FRAM-069)
Warning: There is no via region created in block 'HEADX16_LVT.frame'. Please check your design and settings.  (FRAM-069)
Warning: There is no via region created in block 'HEADX2_LVT.frame'. Please check your design and settings.  (FRAM-069)
Warning: There is no via region created in block 'HEADX32_LVT.frame'. Please check your design and settings.  (FRAM-069)
Warning: There is no via region created in block 'HEADX4_LVT.frame'. Please check your design and settings.  (FRAM-069)
Warning: There is no via region created in block 'HEADX8_LVT.frame'. Please check your design and settings.  (FRAM-069)
Via regions for library saed32_lvt|saed32_lvt_pg created successfully
Saving library 'fir_core.dlib'
Information: Using the 'create_lib' command has enabled NDM mode for the current Design Compiler NXT session. (DCT-294)
Information: Incrementing open_count of library 'fir_core.dlib' to 2. (LIB-017)

==================================================================

Library Settings:
search_path:              . /eda/synopsys/syn/T-2022.03-SP5-5/libraries/syn /eda/synopsys/syn/T-2022.03-SP5-5/dw/syn_ver /eda/synopsys/syn/T-2022.03-SP5-5/dw/sim_ver ../ref/DBs ../ref/CLIBs ../ref/tech  ./rtl ./sdc
link_library:             * saed32lvt_ss0p75v125c.db
target_library:           saed32lvt_ss0p75v125c.db
physical libraries:       saed32_lvt.ndm
physical design library:  fir_core.dlib

==================================================================
analyze -f verilog fir_core.v
Running PRESTO HDLC
Compiling source file ./rtl/fir_core.v
Presto compilation completed successfully.
Loading db file '/home/ajh9498/Documents/SALSA_HLS/FIR/syn/ref/DBs/saed32lvt_ss0p75v125c.db'
1
elaborate fir_core
Loading db file '/eda/synopsys/syn/T-2022.03-SP5-5/libraries/syn/gtech.db'
Loading db file '/eda/synopsys/syn/T-2022.03-SP5-5/libraries/syn/standard.sldb'
  Loading link library 'saed32lvt_ss0p75v125c'
  Loading link library 'gtech'
Running PRESTO HDLC
Warning:  ./rtl/fir_core.v:13806: signed to unsigned assignment occurs. (VER-318)
Warning:  ./rtl/fir_core.v:13808: signed to unsigned assignment occurs. (VER-318)
Warning:  ./rtl/fir_core.v:13810: signed to unsigned assignment occurs. (VER-318)
Warning:  ./rtl/fir_core.v:13812: signed to unsigned assignment occurs. (VER-318)
Warning:  ./rtl/fir_core.v:13814: signed to unsigned assignment occurs. (VER-318)
Warning:  ./rtl/fir_core.v:13816: signed to unsigned assignment occurs. (VER-318)
Warning:  ./rtl/fir_core.v:13818: signed to unsigned assignment occurs. (VER-318)
Warning:  ./rtl/fir_core.v:13820: signed to unsigned assignment occurs. (VER-318)
Warning:  ./rtl/fir_core.v:13822: signed to unsigned assignment occurs. (VER-318)
Warning:  ./rtl/fir_core.v:13824: signed to unsigned assignment occurs. (VER-318)
Warning:  ./rtl/fir_core.v:13826: signed to unsigned assignment occurs. (VER-318)
Warning:  ./rtl/fir_core.v:13828: signed to unsigned assignment occurs. (VER-318)
Warning:  ./rtl/fir_core.v:13830: signed to unsigned assignment occurs. (VER-318)
Warning:  ./rtl/fir_core.v:13832: signed to unsigned assignment occurs. (VER-318)
Warning:  ./rtl/fir_core.v:13834: signed to unsigned assignment occurs. (VER-318)
Warning:  ./rtl/fir_core.v:13836: signed to unsigned assignment occurs. (VER-318)
Warning:  ./rtl/fir_core.v:13838: signed to unsigned assignment occurs. (VER-318)
Warning:  ./rtl/fir_core.v:13840: signed to unsigned assignment occurs. (VER-318)
Warning:  ./rtl/fir_core.v:13842: signed to unsigned assignment occurs. (VER-318)
Warning:  ./rtl/fir_core.v:13844: signed to unsigned assignment occurs. (VER-318)
Warning:  ./rtl/fir_core.v:13846: signed to unsigned assignment occurs. (VER-318)
Warning:  ./rtl/fir_core.v:13848: signed to unsigned assignment occurs. (VER-318)
Warning:  ./rtl/fir_core.v:13850: signed to unsigned assignment occurs. (VER-318)
Warning:  ./rtl/fir_core.v:13852: signed to unsigned assignment occurs. (VER-318)
Warning:  ./rtl/fir_core.v:13854: signed to unsigned assignment occurs. (VER-318)
Warning:  ./rtl/fir_core.v:13856: signed to unsigned assignment occurs. (VER-318)
Warning:  ./rtl/fir_core.v:13858: signed to unsigned assignment occurs. (VER-318)
Warning:  ./rtl/fir_core.v:13860: signed to unsigned assignment occurs. (VER-318)
Warning:  ./rtl/fir_core.v:13862: signed to unsigned assignment occurs. (VER-318)
Warning:  ./rtl/fir_core.v:13864: signed to unsigned assignment occurs. (VER-318)
Warning:  ./rtl/fir_core.v:13866: signed to unsigned assignment occurs. (VER-318)
Warning:  ./rtl/fir_core.v:13868: signed to unsigned assignment occurs. (VER-318)
Warning:  ./rtl/fir_core.v:13870: signed to unsigned assignment occurs. (VER-318)
Warning:  ./rtl/fir_core.v:13872: signed to unsigned assignment occurs. (VER-318)
Warning:  ./rtl/fir_core.v:13874: signed to unsigned assignment occurs. (VER-318)
Warning:  ./rtl/fir_core.v:13876: signed to unsigned assignment occurs. (VER-318)
Warning:  ./rtl/fir_core.v:13878: signed to unsigned assignment occurs. (VER-318)
Warning:  ./rtl/fir_core.v:13880: signed to unsigned assignment occurs. (VER-318)
Warning:  ./rtl/fir_core.v:13882: signed to unsigned assignment occurs. (VER-318)
Warning:  ./rtl/fir_core.v:13884: signed to unsigned assignment occurs. (VER-318)
Warning:  ./rtl/fir_core.v:13886: signed to unsigned assignment occurs. (VER-318)
Warning:  ./rtl/fir_core.v:13888: signed to unsigned assignment occurs. (VER-318)
Warning:  ./rtl/fir_core.v:13890: signed to unsigned assignment occurs. (VER-318)
Warning:  ./rtl/fir_core.v:13892: signed to unsigned assignment occurs. (VER-318)
Warning:  ./rtl/fir_core.v:13894: signed to unsigned assignment occurs. (VER-318)
Warning:  ./rtl/fir_core.v:13896: signed to unsigned assignment occurs. (VER-318)
Warning:  ./rtl/fir_core.v:13898: signed to unsigned assignment occurs. (VER-318)
Warning:  ./rtl/fir_core.v:13900: signed to unsigned assignment occurs. (VER-318)
Warning:  ./rtl/fir_core.v:13902: signed to unsigned assignment occurs. (VER-318)
Warning:  ./rtl/fir_core.v:13904: signed to unsigned assignment occurs. (VER-318)
Warning:  ./rtl/fir_core.v:13906: signed to unsigned assignment occurs. (VER-318)
Warning:  ./rtl/fir_core.v:13908: signed to unsigned assignment occurs. (VER-318)
Warning:  ./rtl/fir_core.v:13910: signed to unsigned assignment occurs. (VER-318)
Warning:  ./rtl/fir_core.v:13912: signed to unsigned assignment occurs. (VER-318)
Warning:  ./rtl/fir_core.v:13914: signed to unsigned assignment occurs. (VER-318)
Warning:  ./rtl/fir_core.v:13916: signed to unsigned assignment occurs. (VER-318)
Warning:  ./rtl/fir_core.v:13918: signed to unsigned assignment occurs. (VER-318)
Warning:  ./rtl/fir_core.v:13920: signed to unsigned assignment occurs. (VER-318)
Warning:  ./rtl/fir_core.v:13922: signed to unsigned assignment occurs. (VER-318)
Warning:  ./rtl/fir_core.v:13924: signed to unsigned assignment occurs. (VER-318)
Warning:  ./rtl/fir_core.v:13926: signed to unsigned assignment occurs. (VER-318)
Warning:  ./rtl/fir_core.v:13928: signed to unsigned assignment occurs. (VER-318)
Warning:  ./rtl/fir_core.v:13930: signed to unsigned assignment occurs. (VER-318)
Warning:  ./rtl/fir_core.v:13932: signed to unsigned assignment occurs. (VER-318)
Warning:  ./rtl/fir_core.v:16333: signed to unsigned assignment occurs. (VER-318)
Warning:  ./rtl/fir_core.v:16335: signed to unsigned assignment occurs. (VER-318)
Warning:  ./rtl/fir_core.v:16337: signed to unsigned assignment occurs. (VER-318)
Warning:  ./rtl/fir_core.v:16339: signed to unsigned assignment occurs. (VER-318)
Warning:  ./rtl/fir_core.v:16341: signed to unsigned assignment occurs. (VER-318)
Warning:  ./rtl/fir_core.v:16343: signed to unsigned assignment occurs. (VER-318)
Warning:  ./rtl/fir_core.v:16345: signed to unsigned assignment occurs. (VER-318)
Warning:  ./rtl/fir_core.v:16347: signed to unsigned assignment occurs. (VER-318)
Warning:  ./rtl/fir_core.v:16349: signed to unsigned assignment occurs. (VER-318)
Warning:  ./rtl/fir_core.v:16351: signed to unsigned assignment occurs. (VER-318)
Warning:  ./rtl/fir_core.v:16353: signed to unsigned assignment occurs. (VER-318)
Warning:  ./rtl/fir_core.v:16355: signed to unsigned assignment occurs. (VER-318)
Warning:  ./rtl/fir_core.v:16357: signed to unsigned assignment occurs. (VER-318)
Warning:  ./rtl/fir_core.v:16359: signed to unsigned assignment occurs. (VER-318)
Warning:  ./rtl/fir_core.v:16361: signed to unsigned assignment occurs. (VER-318)
Warning:  ./rtl/fir_core.v:16363: signed to unsigned assignment occurs. (VER-318)
Warning:  ./rtl/fir_core.v:16365: signed to unsigned assignment occurs. (VER-318)
Warning:  ./rtl/fir_core.v:16367: signed to unsigned assignment occurs. (VER-318)
Warning:  ./rtl/fir_core.v:16369: signed to unsigned assignment occurs. (VER-318)
Warning:  ./rtl/fir_core.v:16371: signed to unsigned assignment occurs. (VER-318)
Warning:  ./rtl/fir_core.v:16373: signed to unsigned assignment occurs. (VER-318)
Warning:  ./rtl/fir_core.v:16375: signed to unsigned assignment occurs. (VER-318)
Warning:  ./rtl/fir_core.v:16377: signed to unsigned assignment occurs. (VER-318)
Warning:  ./rtl/fir_core.v:16379: signed to unsigned assignment occurs. (VER-318)
Warning:  ./rtl/fir_core.v:16381: signed to unsigned assignment occurs. (VER-318)
Warning:  ./rtl/fir_core.v:16383: signed to unsigned assignment occurs. (VER-318)
Warning:  ./rtl/fir_core.v:16385: signed to unsigned assignment occurs. (VER-318)
Warning:  ./rtl/fir_core.v:16387: signed to unsigned assignment occurs. (VER-318)
Warning:  ./rtl/fir_core.v:16389: signed to unsigned assignment occurs. (VER-318)
Warning:  ./rtl/fir_core.v:16391: signed to unsigned assignment occurs. (VER-318)
Warning:  ./rtl/fir_core.v:16393: signed to unsigned assignment occurs. (VER-318)
Warning:  ./rtl/fir_core.v:16395: signed to unsigned assignment occurs. (VER-318)
Warning:  ./rtl/fir_core.v:16397: signed to unsigned assignment occurs. (VER-318)
Warning:  ./rtl/fir_core.v:16399: signed to unsigned assignment occurs. (VER-318)
Warning:  ./rtl/fir_core.v:16401: signed to unsigned assignment occurs. (VER-318)
Warning:  ./rtl/fir_core.v:16403: signed to unsigned assignment occurs. (VER-318)
Warning:  ./rtl/fir_core.v:16405: signed to unsigned assignment occurs. (VER-318)
Warning:  ./rtl/fir_core.v:16407: signed to unsigned assignment occurs. (VER-318)
Warning:  ./rtl/fir_core.v:16409: signed to unsigned assignment occurs. (VER-318)
Warning:  ./rtl/fir_core.v:16411: signed to unsigned assignment occurs. (VER-318)
Warning:  ./rtl/fir_core.v:16413: signed to unsigned assignment occurs. (VER-318)
Warning:  ./rtl/fir_core.v:16415: signed to unsigned assignment occurs. (VER-318)
Warning:  ./rtl/fir_core.v:16417: signed to unsigned assignment occurs. (VER-318)
Warning:  ./rtl/fir_core.v:16419: signed to unsigned assignment occurs. (VER-318)
Warning:  ./rtl/fir_core.v:16421: signed to unsigned assignment occurs. (VER-318)
Warning:  ./rtl/fir_core.v:16423: signed to unsigned assignment occurs. (VER-318)
Warning:  ./rtl/fir_core.v:16425: signed to unsigned assignment occurs. (VER-318)
Warning:  ./rtl/fir_core.v:16427: signed to unsigned assignment occurs. (VER-318)
Warning:  ./rtl/fir_core.v:16429: signed to unsigned assignment occurs. (VER-318)
Warning:  ./rtl/fir_core.v:16431: signed to unsigned assignment occurs. (VER-318)
Warning:  ./rtl/fir_core.v:16433: signed to unsigned assignment occurs. (VER-318)
Warning:  ./rtl/fir_core.v:16435: signed to unsigned assignment occurs. (VER-318)
Warning:  ./rtl/fir_core.v:16437: signed to unsigned assignment occurs. (VER-318)
Warning:  ./rtl/fir_core.v:16439: signed to unsigned assignment occurs. (VER-318)
Warning:  ./rtl/fir_core.v:16441: signed to unsigned assignment occurs. (VER-318)
Warning:  ./rtl/fir_core.v:16443: signed to unsigned assignment occurs. (VER-318)
Warning:  ./rtl/fir_core.v:16445: signed to unsigned assignment occurs. (VER-318)
Warning:  ./rtl/fir_core.v:16447: signed to unsigned assignment occurs. (VER-318)
Warning:  ./rtl/fir_core.v:16449: signed to unsigned assignment occurs. (VER-318)
Warning:  ./rtl/fir_core.v:16451: signed to unsigned assignment occurs. (VER-318)
Warning:  ./rtl/fir_core.v:16453: signed to unsigned assignment occurs. (VER-318)
Warning:  ./rtl/fir_core.v:16455: signed to unsigned assignment occurs. (VER-318)

Statistics for case statements in always block at line 9233 in file
	'./rtl/fir_core.v'
===============================================
|           Line           |  full/ parallel  |
===============================================
|          30618           |    auto/auto     |
===============================================

Statistics for case statements in always block at line 9236 in file
	'./rtl/fir_core.v'
===============================================
|           Line           |  full/ parallel  |
===============================================
|          30694           |    auto/auto     |
===============================================

Statistics for case statements in always block at line 12532 in file
	'./rtl/fir_core.v'
===============================================
|           Line           |  full/ parallel  |
===============================================
|          30713           |    auto/auto     |
===============================================

Statistics for case statements in always block at line 13795 in file
	'./rtl/fir_core.v'
===============================================
|           Line           |  full/ parallel  |
===============================================
|          30637           |    auto/auto     |
===============================================

Statistics for case statements in always block at line 15502 in file
	'./rtl/fir_core.v'
===============================================
|           Line           |  full/ parallel  |
===============================================
|          30751           |    auto/auto     |
===============================================

Statistics for case statements in always block at line 16263 in file
	'./rtl/fir_core.v'
===============================================
|           Line           |  full/ parallel  |
===============================================
|          30656           |    auto/auto     |
===============================================

Statistics for case statements in always block at line 16303 in file
	'./rtl/fir_core.v'
===============================================
|           Line           |  full/ parallel  |
===============================================
|          30732           |    auto/auto     |
===============================================

Statistics for case statements in always block at line 22861 in file
	'./rtl/fir_core.v'
===============================================
|           Line           |  full/ parallel  |
===============================================
|          30675           |    auto/auto     |
===============================================

Statistics for case statements in always block at line 25104 in file
	'./rtl/fir_core.v'
===============================================
|           Line           |  full/ parallel  |
===============================================
|          30770           |    auto/auto     |
===============================================

Inferred memory devices in process
	in routine fir_core line 18739 in file
		'./rtl/fir_core.v'.
=======================================================================================================================
|                        Register Name                        |   Type    | Width | Bus | MB | AR | AS | SR | SS | ST |
=======================================================================================================================
| ac_float_11_1_5_AC_TRN_operator_11_1_5_AC_TRN_r_m_1_sva_reg | Flip-flop |  22   |  Y  | N  | N  | N  | N  | N  | N  |
=======================================================================================================================

Inferred memory devices in process
	in routine fir_core line 18747 in file
		'./rtl/fir_core.v'.
========================================================================================================================
|                        Register Name                         |   Type    | Width | Bus | MB | AR | AS | SR | SS | ST |
========================================================================================================================
| ac_float_11_1_5_AC_TRN_operator_11_1_5_AC_TRN_r_m_34_sva_reg | Flip-flop |  22   |  Y  | N  | N  | N  | N  | N  | N  |
========================================================================================================================

Inferred memory devices in process
	in routine fir_core line 18755 in file
		'./rtl/fir_core.v'.
========================================================================================================================
|                        Register Name                         |   Type    | Width | Bus | MB | AR | AS | SR | SS | ST |
========================================================================================================================
| ac_float_11_1_5_AC_TRN_operator_11_1_5_AC_TRN_r_m_35_sva_reg | Flip-flop |  22   |  Y  | N  | N  | N  | N  | N  | N  |
========================================================================================================================

Inferred memory devices in process
	in routine fir_core line 18763 in file
		'./rtl/fir_core.v'.
========================================================================================================================
|                        Register Name                         |   Type    | Width | Bus | MB | AR | AS | SR | SS | ST |
========================================================================================================================
| ac_float_11_1_5_AC_TRN_operator_11_1_5_AC_TRN_r_m_36_sva_reg | Flip-flop |  22   |  Y  | N  | N  | N  | N  | N  | N  |
========================================================================================================================

Inferred memory devices in process
	in routine fir_core line 18771 in file
		'./rtl/fir_core.v'.
========================================================================================================================
|                        Register Name                         |   Type    | Width | Bus | MB | AR | AS | SR | SS | ST |
========================================================================================================================
| ac_float_11_1_5_AC_TRN_operator_11_1_5_AC_TRN_r_m_37_sva_reg | Flip-flop |  22   |  Y  | N  | N  | N  | N  | N  | N  |
========================================================================================================================

Inferred memory devices in process
	in routine fir_core line 18779 in file
		'./rtl/fir_core.v'.
========================================================================================================================
|                        Register Name                         |   Type    | Width | Bus | MB | AR | AS | SR | SS | ST |
========================================================================================================================
| ac_float_11_1_5_AC_TRN_operator_11_1_5_AC_TRN_r_m_38_sva_reg | Flip-flop |  22   |  Y  | N  | N  | N  | N  | N  | N  |
========================================================================================================================

Inferred memory devices in process
	in routine fir_core line 18787 in file
		'./rtl/fir_core.v'.
========================================================================================================================
|                        Register Name                         |   Type    | Width | Bus | MB | AR | AS | SR | SS | ST |
========================================================================================================================
| ac_float_11_1_5_AC_TRN_operator_11_1_5_AC_TRN_r_m_39_sva_reg | Flip-flop |  22   |  Y  | N  | N  | N  | N  | N  | N  |
========================================================================================================================

Inferred memory devices in process
	in routine fir_core line 18795 in file
		'./rtl/fir_core.v'.
========================================================================================================================
|                        Register Name                         |   Type    | Width | Bus | MB | AR | AS | SR | SS | ST |
========================================================================================================================
| ac_float_11_1_5_AC_TRN_operator_11_1_5_AC_TRN_r_m_40_sva_reg | Flip-flop |  22   |  Y  | N  | N  | N  | N  | N  | N  |
========================================================================================================================

Inferred memory devices in process
	in routine fir_core line 18803 in file
		'./rtl/fir_core.v'.
========================================================================================================================
|                        Register Name                         |   Type    | Width | Bus | MB | AR | AS | SR | SS | ST |
========================================================================================================================
| ac_float_11_1_5_AC_TRN_operator_11_1_5_AC_TRN_r_m_41_sva_reg | Flip-flop |  22   |  Y  | N  | N  | N  | N  | N  | N  |
========================================================================================================================

Inferred memory devices in process
	in routine fir_core line 18811 in file
		'./rtl/fir_core.v'.
========================================================================================================================
|                        Register Name                         |   Type    | Width | Bus | MB | AR | AS | SR | SS | ST |
========================================================================================================================
| ac_float_11_1_5_AC_TRN_operator_11_1_5_AC_TRN_r_m_42_sva_reg | Flip-flop |  22   |  Y  | N  | N  | N  | N  | N  | N  |
========================================================================================================================

Inferred memory devices in process
	in routine fir_core line 18819 in file
		'./rtl/fir_core.v'.
========================================================================================================================
|                        Register Name                         |   Type    | Width | Bus | MB | AR | AS | SR | SS | ST |
========================================================================================================================
| ac_float_11_1_5_AC_TRN_operator_11_1_5_AC_TRN_r_m_43_sva_reg | Flip-flop |  22   |  Y  | N  | N  | N  | N  | N  | N  |
========================================================================================================================

Inferred memory devices in process
	in routine fir_core line 18827 in file
		'./rtl/fir_core.v'.
========================================================================================================================
|                        Register Name                         |   Type    | Width | Bus | MB | AR | AS | SR | SS | ST |
========================================================================================================================
| ac_float_11_1_5_AC_TRN_operator_11_1_5_AC_TRN_r_m_44_sva_reg | Flip-flop |  22   |  Y  | N  | N  | N  | N  | N  | N  |
========================================================================================================================

Inferred memory devices in process
	in routine fir_core line 18835 in file
		'./rtl/fir_core.v'.
========================================================================================================================
|                        Register Name                         |   Type    | Width | Bus | MB | AR | AS | SR | SS | ST |
========================================================================================================================
| ac_float_11_1_5_AC_TRN_operator_11_1_5_AC_TRN_r_m_45_sva_reg | Flip-flop |  22   |  Y  | N  | N  | N  | N  | N  | N  |
========================================================================================================================

Inferred memory devices in process
	in routine fir_core line 18843 in file
		'./rtl/fir_core.v'.
========================================================================================================================
|                        Register Name                         |   Type    | Width | Bus | MB | AR | AS | SR | SS | ST |
========================================================================================================================
| ac_float_11_1_5_AC_TRN_operator_11_1_5_AC_TRN_r_m_46_sva_reg | Flip-flop |  22   |  Y  | N  | N  | N  | N  | N  | N  |
========================================================================================================================

Inferred memory devices in process
	in routine fir_core line 18851 in file
		'./rtl/fir_core.v'.
========================================================================================================================
|                        Register Name                         |   Type    | Width | Bus | MB | AR | AS | SR | SS | ST |
========================================================================================================================
| ac_float_11_1_5_AC_TRN_operator_11_1_5_AC_TRN_r_m_47_sva_reg | Flip-flop |  22   |  Y  | N  | N  | N  | N  | N  | N  |
========================================================================================================================

Inferred memory devices in process
	in routine fir_core line 18859 in file
		'./rtl/fir_core.v'.
========================================================================================================================
|                        Register Name                         |   Type    | Width | Bus | MB | AR | AS | SR | SS | ST |
========================================================================================================================
| ac_float_11_1_5_AC_TRN_operator_11_1_5_AC_TRN_r_m_48_sva_reg | Flip-flop |  22   |  Y  | N  | N  | N  | N  | N  | N  |
========================================================================================================================

Inferred memory devices in process
	in routine fir_core line 18867 in file
		'./rtl/fir_core.v'.
========================================================================================================================
|                        Register Name                         |   Type    | Width | Bus | MB | AR | AS | SR | SS | ST |
========================================================================================================================
| ac_float_11_1_5_AC_TRN_operator_11_1_5_AC_TRN_r_m_49_sva_reg | Flip-flop |  22   |  Y  | N  | N  | N  | N  | N  | N  |
========================================================================================================================

Inferred memory devices in process
	in routine fir_core line 18875 in file
		'./rtl/fir_core.v'.
========================================================================================================================
|                        Register Name                         |   Type    | Width | Bus | MB | AR | AS | SR | SS | ST |
========================================================================================================================
| ac_float_11_1_5_AC_TRN_operator_11_1_5_AC_TRN_r_m_50_sva_reg | Flip-flop |  22   |  Y  | N  | N  | N  | N  | N  | N  |
========================================================================================================================

Inferred memory devices in process
	in routine fir_core line 18883 in file
		'./rtl/fir_core.v'.
========================================================================================================================
|                        Register Name                         |   Type    | Width | Bus | MB | AR | AS | SR | SS | ST |
========================================================================================================================
| ac_float_11_1_5_AC_TRN_operator_11_1_5_AC_TRN_r_m_51_sva_reg | Flip-flop |  22   |  Y  | N  | N  | N  | N  | N  | N  |
========================================================================================================================

Inferred memory devices in process
	in routine fir_core line 18891 in file
		'./rtl/fir_core.v'.
========================================================================================================================
|                        Register Name                         |   Type    | Width | Bus | MB | AR | AS | SR | SS | ST |
========================================================================================================================
| ac_float_11_1_5_AC_TRN_operator_11_1_5_AC_TRN_r_m_52_sva_reg | Flip-flop |  22   |  Y  | N  | N  | N  | N  | N  | N  |
========================================================================================================================

Inferred memory devices in process
	in routine fir_core line 18899 in file
		'./rtl/fir_core.v'.
========================================================================================================================
|                        Register Name                         |   Type    | Width | Bus | MB | AR | AS | SR | SS | ST |
========================================================================================================================
| ac_float_11_1_5_AC_TRN_operator_11_1_5_AC_TRN_r_m_53_sva_reg | Flip-flop |  22   |  Y  | N  | N  | N  | N  | N  | N  |
========================================================================================================================

Inferred memory devices in process
	in routine fir_core line 18907 in file
		'./rtl/fir_core.v'.
========================================================================================================================
|                        Register Name                         |   Type    | Width | Bus | MB | AR | AS | SR | SS | ST |
========================================================================================================================
| ac_float_11_1_5_AC_TRN_operator_11_1_5_AC_TRN_r_m_54_sva_reg | Flip-flop |  22   |  Y  | N  | N  | N  | N  | N  | N  |
========================================================================================================================

Inferred memory devices in process
	in routine fir_core line 18915 in file
		'./rtl/fir_core.v'.
========================================================================================================================
|                        Register Name                         |   Type    | Width | Bus | MB | AR | AS | SR | SS | ST |
========================================================================================================================
| ac_float_11_1_5_AC_TRN_operator_11_1_5_AC_TRN_r_m_55_sva_reg | Flip-flop |  22   |  Y  | N  | N  | N  | N  | N  | N  |
========================================================================================================================

Inferred memory devices in process
	in routine fir_core line 18923 in file
		'./rtl/fir_core.v'.
========================================================================================================================
|                        Register Name                         |   Type    | Width | Bus | MB | AR | AS | SR | SS | ST |
========================================================================================================================
| ac_float_11_1_5_AC_TRN_operator_11_1_5_AC_TRN_r_m_56_sva_reg | Flip-flop |  22   |  Y  | N  | N  | N  | N  | N  | N  |
========================================================================================================================

Inferred memory devices in process
	in routine fir_core line 18931 in file
		'./rtl/fir_core.v'.
========================================================================================================================
|                        Register Name                         |   Type    | Width | Bus | MB | AR | AS | SR | SS | ST |
========================================================================================================================
| ac_float_11_1_5_AC_TRN_operator_11_1_5_AC_TRN_r_m_57_sva_reg | Flip-flop |  22   |  Y  | N  | N  | N  | N  | N  | N  |
========================================================================================================================

Inferred memory devices in process
	in routine fir_core line 18939 in file
		'./rtl/fir_core.v'.
========================================================================================================================
|                        Register Name                         |   Type    | Width | Bus | MB | AR | AS | SR | SS | ST |
========================================================================================================================
| ac_float_11_1_5_AC_TRN_operator_11_1_5_AC_TRN_r_m_58_sva_reg | Flip-flop |  22   |  Y  | N  | N  | N  | N  | N  | N  |
========================================================================================================================

Inferred memory devices in process
	in routine fir_core line 18947 in file
		'./rtl/fir_core.v'.
========================================================================================================================
|                        Register Name                         |   Type    | Width | Bus | MB | AR | AS | SR | SS | ST |
========================================================================================================================
| ac_float_11_1_5_AC_TRN_operator_11_1_5_AC_TRN_r_m_59_sva_reg | Flip-flop |  22   |  Y  | N  | N  | N  | N  | N  | N  |
========================================================================================================================

Inferred memory devices in process
	in routine fir_core line 18955 in file
		'./rtl/fir_core.v'.
========================================================================================================================
|                        Register Name                         |   Type    | Width | Bus | MB | AR | AS | SR | SS | ST |
========================================================================================================================
| ac_float_11_1_5_AC_TRN_operator_11_1_5_AC_TRN_r_m_60_sva_reg | Flip-flop |  22   |  Y  | N  | N  | N  | N  | N  | N  |
========================================================================================================================

Inferred memory devices in process
	in routine fir_core line 18963 in file
		'./rtl/fir_core.v'.
========================================================================================================================
|                        Register Name                         |   Type    | Width | Bus | MB | AR | AS | SR | SS | ST |
========================================================================================================================
| ac_float_11_1_5_AC_TRN_operator_11_1_5_AC_TRN_r_m_61_sva_reg | Flip-flop |  22   |  Y  | N  | N  | N  | N  | N  | N  |
========================================================================================================================

Inferred memory devices in process
	in routine fir_core line 18971 in file
		'./rtl/fir_core.v'.
========================================================================================================================
|                        Register Name                         |   Type    | Width | Bus | MB | AR | AS | SR | SS | ST |
========================================================================================================================
| ac_float_11_1_5_AC_TRN_operator_11_1_5_AC_TRN_r_m_62_sva_reg | Flip-flop |  22   |  Y  | N  | N  | N  | N  | N  | N  |
========================================================================================================================

Inferred memory devices in process
	in routine fir_core line 18979 in file
		'./rtl/fir_core.v'.
========================================================================================================================
|                        Register Name                         |   Type    | Width | Bus | MB | AR | AS | SR | SS | ST |
========================================================================================================================
| ac_float_11_1_5_AC_TRN_operator_11_1_5_AC_TRN_r_m_63_sva_reg | Flip-flop |  22   |  Y  | N  | N  | N  | N  | N  | N  |
========================================================================================================================

Inferred memory devices in process
	in routine fir_core line 18987 in file
		'./rtl/fir_core.v'.
=====================================================================================================================
|                       Register Name                       |   Type    | Width | Bus | MB | AR | AS | SR | SS | ST |
=====================================================================================================================
| ac_float_11_1_5_AC_TRN_operator_11_1_5_AC_TRN_r_m_sva_reg | Flip-flop |  22   |  Y  | N  | N  | N  | N  | N  | N  |
=====================================================================================================================

Inferred memory devices in process
	in routine fir_core line 18995 in file
		'./rtl/fir_core.v'.
=======================================================================================================================
|                        Register Name                        |   Type    | Width | Bus | MB | AR | AS | SR | SS | ST |
=======================================================================================================================
| ac_float_11_1_5_AC_TRN_operator_11_1_5_AC_TRN_r_m_2_sva_reg | Flip-flop |  22   |  Y  | N  | N  | N  | N  | N  | N  |
=======================================================================================================================

Inferred memory devices in process
	in routine fir_core line 19003 in file
		'./rtl/fir_core.v'.
=======================================================================================================================
|                        Register Name                        |   Type    | Width | Bus | MB | AR | AS | SR | SS | ST |
=======================================================================================================================
| ac_float_11_1_5_AC_TRN_operator_11_1_5_AC_TRN_r_m_4_sva_reg | Flip-flop |  22   |  Y  | N  | N  | N  | N  | N  | N  |
=======================================================================================================================

Inferred memory devices in process
	in routine fir_core line 19011 in file
		'./rtl/fir_core.v'.
=======================================================================================================================
|                        Register Name                        |   Type    | Width | Bus | MB | AR | AS | SR | SS | ST |
=======================================================================================================================
| ac_float_11_1_5_AC_TRN_operator_11_1_5_AC_TRN_r_m_5_sva_reg | Flip-flop |  22   |  Y  | N  | N  | N  | N  | N  | N  |
=======================================================================================================================

Inferred memory devices in process
	in routine fir_core line 19019 in file
		'./rtl/fir_core.v'.
=======================================================================================================================
|                        Register Name                        |   Type    | Width | Bus | MB | AR | AS | SR | SS | ST |
=======================================================================================================================
| ac_float_11_1_5_AC_TRN_operator_11_1_5_AC_TRN_r_m_6_sva_reg | Flip-flop |  22   |  Y  | N  | N  | N  | N  | N  | N  |
=======================================================================================================================

Inferred memory devices in process
	in routine fir_core line 19027 in file
		'./rtl/fir_core.v'.
=======================================================================================================================
|                        Register Name                        |   Type    | Width | Bus | MB | AR | AS | SR | SS | ST |
=======================================================================================================================
| ac_float_11_1_5_AC_TRN_operator_11_1_5_AC_TRN_r_m_7_sva_reg | Flip-flop |  22   |  Y  | N  | N  | N  | N  | N  | N  |
=======================================================================================================================

Inferred memory devices in process
	in routine fir_core line 19035 in file
		'./rtl/fir_core.v'.
=======================================================================================================================
|                        Register Name                        |   Type    | Width | Bus | MB | AR | AS | SR | SS | ST |
=======================================================================================================================
| ac_float_11_1_5_AC_TRN_operator_11_1_5_AC_TRN_r_m_8_sva_reg | Flip-flop |  22   |  Y  | N  | N  | N  | N  | N  | N  |
=======================================================================================================================

Inferred memory devices in process
	in routine fir_core line 19043 in file
		'./rtl/fir_core.v'.
=======================================================================================================================
|                        Register Name                        |   Type    | Width | Bus | MB | AR | AS | SR | SS | ST |
=======================================================================================================================
| ac_float_11_1_5_AC_TRN_operator_11_1_5_AC_TRN_r_m_9_sva_reg | Flip-flop |  22   |  Y  | N  | N  | N  | N  | N  | N  |
=======================================================================================================================

Inferred memory devices in process
	in routine fir_core line 19051 in file
		'./rtl/fir_core.v'.
========================================================================================================================
|                        Register Name                         |   Type    | Width | Bus | MB | AR | AS | SR | SS | ST |
========================================================================================================================
| ac_float_11_1_5_AC_TRN_operator_11_1_5_AC_TRN_r_m_10_sva_reg | Flip-flop |  22   |  Y  | N  | N  | N  | N  | N  | N  |
========================================================================================================================

Inferred memory devices in process
	in routine fir_core line 19059 in file
		'./rtl/fir_core.v'.
========================================================================================================================
|                        Register Name                         |   Type    | Width | Bus | MB | AR | AS | SR | SS | ST |
========================================================================================================================
| ac_float_11_1_5_AC_TRN_operator_11_1_5_AC_TRN_r_m_11_sva_reg | Flip-flop |  22   |  Y  | N  | N  | N  | N  | N  | N  |
========================================================================================================================

Inferred memory devices in process
	in routine fir_core line 19067 in file
		'./rtl/fir_core.v'.
========================================================================================================================
|                        Register Name                         |   Type    | Width | Bus | MB | AR | AS | SR | SS | ST |
========================================================================================================================
| ac_float_11_1_5_AC_TRN_operator_11_1_5_AC_TRN_r_m_12_sva_reg | Flip-flop |  22   |  Y  | N  | N  | N  | N  | N  | N  |
========================================================================================================================

Inferred memory devices in process
	in routine fir_core line 19075 in file
		'./rtl/fir_core.v'.
========================================================================================================================
|                        Register Name                         |   Type    | Width | Bus | MB | AR | AS | SR | SS | ST |
========================================================================================================================
| ac_float_11_1_5_AC_TRN_operator_11_1_5_AC_TRN_r_m_13_sva_reg | Flip-flop |  22   |  Y  | N  | N  | N  | N  | N  | N  |
========================================================================================================================

Inferred memory devices in process
	in routine fir_core line 19083 in file
		'./rtl/fir_core.v'.
========================================================================================================================
|                        Register Name                         |   Type    | Width | Bus | MB | AR | AS | SR | SS | ST |
========================================================================================================================
| ac_float_11_1_5_AC_TRN_operator_11_1_5_AC_TRN_r_m_14_sva_reg | Flip-flop |  22   |  Y  | N  | N  | N  | N  | N  | N  |
========================================================================================================================

Inferred memory devices in process
	in routine fir_core line 19091 in file
		'./rtl/fir_core.v'.
========================================================================================================================
|                        Register Name                         |   Type    | Width | Bus | MB | AR | AS | SR | SS | ST |
========================================================================================================================
| ac_float_11_1_5_AC_TRN_operator_11_1_5_AC_TRN_r_m_15_sva_reg | Flip-flop |  22   |  Y  | N  | N  | N  | N  | N  | N  |
========================================================================================================================

Inferred memory devices in process
	in routine fir_core line 19099 in file
		'./rtl/fir_core.v'.
========================================================================================================================
|                        Register Name                         |   Type    | Width | Bus | MB | AR | AS | SR | SS | ST |
========================================================================================================================
| ac_float_11_1_5_AC_TRN_operator_11_1_5_AC_TRN_r_m_16_sva_reg | Flip-flop |  22   |  Y  | N  | N  | N  | N  | N  | N  |
========================================================================================================================

Inferred memory devices in process
	in routine fir_core line 19107 in file
		'./rtl/fir_core.v'.
========================================================================================================================
|                        Register Name                         |   Type    | Width | Bus | MB | AR | AS | SR | SS | ST |
========================================================================================================================
| ac_float_11_1_5_AC_TRN_operator_11_1_5_AC_TRN_r_m_17_sva_reg | Flip-flop |  22   |  Y  | N  | N  | N  | N  | N  | N  |
========================================================================================================================

Inferred memory devices in process
	in routine fir_core line 19115 in file
		'./rtl/fir_core.v'.
========================================================================================================================
|                        Register Name                         |   Type    | Width | Bus | MB | AR | AS | SR | SS | ST |
========================================================================================================================
| ac_float_11_1_5_AC_TRN_operator_11_1_5_AC_TRN_r_m_18_sva_reg | Flip-flop |  22   |  Y  | N  | N  | N  | N  | N  | N  |
========================================================================================================================

Inferred memory devices in process
	in routine fir_core line 19123 in file
		'./rtl/fir_core.v'.
========================================================================================================================
|                        Register Name                         |   Type    | Width | Bus | MB | AR | AS | SR | SS | ST |
========================================================================================================================
| ac_float_11_1_5_AC_TRN_operator_11_1_5_AC_TRN_r_m_19_sva_reg | Flip-flop |  22   |  Y  | N  | N  | N  | N  | N  | N  |
========================================================================================================================

Inferred memory devices in process
	in routine fir_core line 19131 in file
		'./rtl/fir_core.v'.
========================================================================================================================
|                        Register Name                         |   Type    | Width | Bus | MB | AR | AS | SR | SS | ST |
========================================================================================================================
| ac_float_11_1_5_AC_TRN_operator_11_1_5_AC_TRN_r_m_20_sva_reg | Flip-flop |  22   |  Y  | N  | N  | N  | N  | N  | N  |
========================================================================================================================

Inferred memory devices in process
	in routine fir_core line 19139 in file
		'./rtl/fir_core.v'.
========================================================================================================================
|                        Register Name                         |   Type    | Width | Bus | MB | AR | AS | SR | SS | ST |
========================================================================================================================
| ac_float_11_1_5_AC_TRN_operator_11_1_5_AC_TRN_r_m_21_sva_reg | Flip-flop |  22   |  Y  | N  | N  | N  | N  | N  | N  |
========================================================================================================================

Inferred memory devices in process
	in routine fir_core line 19147 in file
		'./rtl/fir_core.v'.
========================================================================================================================
|                        Register Name                         |   Type    | Width | Bus | MB | AR | AS | SR | SS | ST |
========================================================================================================================
| ac_float_11_1_5_AC_TRN_operator_11_1_5_AC_TRN_r_m_22_sva_reg | Flip-flop |  22   |  Y  | N  | N  | N  | N  | N  | N  |
========================================================================================================================

Inferred memory devices in process
	in routine fir_core line 19155 in file
		'./rtl/fir_core.v'.
========================================================================================================================
|                        Register Name                         |   Type    | Width | Bus | MB | AR | AS | SR | SS | ST |
========================================================================================================================
| ac_float_11_1_5_AC_TRN_operator_11_1_5_AC_TRN_r_m_23_sva_reg | Flip-flop |  22   |  Y  | N  | N  | N  | N  | N  | N  |
========================================================================================================================

Inferred memory devices in process
	in routine fir_core line 19163 in file
		'./rtl/fir_core.v'.
========================================================================================================================
|                        Register Name                         |   Type    | Width | Bus | MB | AR | AS | SR | SS | ST |
========================================================================================================================
| ac_float_11_1_5_AC_TRN_operator_11_1_5_AC_TRN_r_m_24_sva_reg | Flip-flop |  22   |  Y  | N  | N  | N  | N  | N  | N  |
========================================================================================================================

Inferred memory devices in process
	in routine fir_core line 19171 in file
		'./rtl/fir_core.v'.
========================================================================================================================
|                        Register Name                         |   Type    | Width | Bus | MB | AR | AS | SR | SS | ST |
========================================================================================================================
| ac_float_11_1_5_AC_TRN_operator_11_1_5_AC_TRN_r_m_25_sva_reg | Flip-flop |  22   |  Y  | N  | N  | N  | N  | N  | N  |
========================================================================================================================

Inferred memory devices in process
	in routine fir_core line 19179 in file
		'./rtl/fir_core.v'.
========================================================================================================================
|                        Register Name                         |   Type    | Width | Bus | MB | AR | AS | SR | SS | ST |
========================================================================================================================
| ac_float_11_1_5_AC_TRN_operator_11_1_5_AC_TRN_r_m_26_sva_reg | Flip-flop |  22   |  Y  | N  | N  | N  | N  | N  | N  |
========================================================================================================================

Inferred memory devices in process
	in routine fir_core line 19187 in file
		'./rtl/fir_core.v'.
========================================================================================================================
|                        Register Name                         |   Type    | Width | Bus | MB | AR | AS | SR | SS | ST |
========================================================================================================================
| ac_float_11_1_5_AC_TRN_operator_11_1_5_AC_TRN_r_m_27_sva_reg | Flip-flop |  22   |  Y  | N  | N  | N  | N  | N  | N  |
========================================================================================================================

Inferred memory devices in process
	in routine fir_core line 19195 in file
		'./rtl/fir_core.v'.
========================================================================================================================
|                        Register Name                         |   Type    | Width | Bus | MB | AR | AS | SR | SS | ST |
========================================================================================================================
| ac_float_11_1_5_AC_TRN_operator_11_1_5_AC_TRN_r_m_28_sva_reg | Flip-flop |  22   |  Y  | N  | N  | N  | N  | N  | N  |
========================================================================================================================

Inferred memory devices in process
	in routine fir_core line 19203 in file
		'./rtl/fir_core.v'.
========================================================================================================================
|                        Register Name                         |   Type    | Width | Bus | MB | AR | AS | SR | SS | ST |
========================================================================================================================
| ac_float_11_1_5_AC_TRN_operator_11_1_5_AC_TRN_r_m_29_sva_reg | Flip-flop |  22   |  Y  | N  | N  | N  | N  | N  | N  |
========================================================================================================================

Inferred memory devices in process
	in routine fir_core line 19211 in file
		'./rtl/fir_core.v'.
========================================================================================================================
|                        Register Name                         |   Type    | Width | Bus | MB | AR | AS | SR | SS | ST |
========================================================================================================================
| ac_float_11_1_5_AC_TRN_operator_11_1_5_AC_TRN_r_m_30_sva_reg | Flip-flop |  22   |  Y  | N  | N  | N  | N  | N  | N  |
========================================================================================================================

Inferred memory devices in process
	in routine fir_core line 19219 in file
		'./rtl/fir_core.v'.
========================================================================================================================
|                        Register Name                         |   Type    | Width | Bus | MB | AR | AS | SR | SS | ST |
========================================================================================================================
| ac_float_11_1_5_AC_TRN_operator_11_1_5_AC_TRN_r_m_31_sva_reg | Flip-flop |  22   |  Y  | N  | N  | N  | N  | N  | N  |
========================================================================================================================

Inferred memory devices in process
	in routine fir_core line 19227 in file
		'./rtl/fir_core.v'.
========================================================================================================================
|                        Register Name                         |   Type    | Width | Bus | MB | AR | AS | SR | SS | ST |
========================================================================================================================
| ac_float_11_1_5_AC_TRN_operator_11_1_5_AC_TRN_r_m_32_sva_reg | Flip-flop |  22   |  Y  | N  | N  | N  | N  | N  | N  |
========================================================================================================================

Inferred memory devices in process
	in routine fir_core line 19235 in file
		'./rtl/fir_core.v'.
========================================================================================================================
|                        Register Name                         |   Type    | Width | Bus | MB | AR | AS | SR | SS | ST |
========================================================================================================================
| ac_float_11_1_5_AC_TRN_operator_11_1_5_AC_TRN_r_m_33_sva_reg | Flip-flop |  22   |  Y  | N  | N  | N  | N  | N  | N  |
========================================================================================================================

Inferred memory devices in process
	in routine fir_core line 19243 in file
		'./rtl/fir_core.v'.
=======================================================================================================================
|                        Register Name                        |   Type    | Width | Bus | MB | AR | AS | SR | SS | ST |
=======================================================================================================================
| ac_float_11_1_5_AC_TRN_operator_11_1_5_AC_TRN_r_m_3_sva_reg | Flip-flop |  22   |  Y  | N  | N  | N  | N  | N  | N  |
=======================================================================================================================

Inferred memory devices in process
	in routine fir_core line 19251 in file
		'./rtl/fir_core.v'.
==================================================================================
|     Register Name      |   Type    | Width | Bus | MB | AR | AS | SR | SS | ST |
==================================================================================
| return_e_rsci_idat_reg | Flip-flop |   5   |  Y  | N  | N  | N  | N  | N  | N  |
==================================================================================

Inferred memory devices in process
	in routine fir_core line 19262 in file
		'./rtl/fir_core.v'.
==================================================================================
|     Register Name      |   Type    | Width | Bus | MB | AR | AS | SR | SS | ST |
==================================================================================
| return_m_rsci_idat_reg | Flip-flop |  11   |  Y  | N  | N  | N  | N  | N  | N  |
==================================================================================

Inferred memory devices in process
	in routine fir_core line 19273 in file
		'./rtl/fir_core.v'.
=========================================================================================================================================================================================================
|                                                                 Register Name                                                                 |   Type    | Width | Bus | MB | AR | AS | SR | SS | ST |
=========================================================================================================================================================================================================
| MAC_3_ac_float_cctor_assign_from_n32_31_22_2_AC_TRN_AC_WRAP_else_if_ac_float_cctor_assign_from_n32_31_22_2_AC_TRN_AC_WRAP_else_if_nor_itm_reg | Flip-flop |   1   |  N  | N  | N  | N  | N  | N  | N  |
=========================================================================================================================================================================================================

Inferred memory devices in process
	in routine fir_core line 19283 in file
		'./rtl/fir_core.v'.
==========================================================================================================================================================================================================
|                                                                 Register Name                                                                  |   Type    | Width | Bus | MB | AR | AS | SR | SS | ST |
==========================================================================================================================================================================================================
| MAC_64_ac_float_cctor_assign_from_n32_31_22_2_AC_TRN_AC_WRAP_else_if_ac_float_cctor_assign_from_n32_31_22_2_AC_TRN_AC_WRAP_else_if_nor_itm_reg | Flip-flop |   1   |  N  | N  | N  | N  | N  | N  | N  |
==========================================================================================================================================================================================================

Inferred memory devices in process
	in routine fir_core line 19293 in file
		'./rtl/fir_core.v'.
==========================================================================================================================================================================================================
|                                                                 Register Name                                                                  |   Type    | Width | Bus | MB | AR | AS | SR | SS | ST |
==========================================================================================================================================================================================================
| MAC_63_ac_float_cctor_assign_from_n32_31_22_2_AC_TRN_AC_WRAP_else_if_ac_float_cctor_assign_from_n32_31_22_2_AC_TRN_AC_WRAP_else_if_nor_itm_reg | Flip-flop |   1   |  N  | N  | N  | N  | N  | N  | N  |
==========================================================================================================================================================================================================

Inferred memory devices in process
	in routine fir_core line 19303 in file
		'./rtl/fir_core.v'.
==========================================================================================================================================================================================================
|                                                                 Register Name                                                                  |   Type    | Width | Bus | MB | AR | AS | SR | SS | ST |
==========================================================================================================================================================================================================
| MAC_62_ac_float_cctor_assign_from_n32_31_22_2_AC_TRN_AC_WRAP_else_if_ac_float_cctor_assign_from_n32_31_22_2_AC_TRN_AC_WRAP_else_if_nor_itm_reg | Flip-flop |   1   |  N  | N  | N  | N  | N  | N  | N  |
==========================================================================================================================================================================================================

Inferred memory devices in process
	in routine fir_core line 19313 in file
		'./rtl/fir_core.v'.
==========================================================================================================================================================================================================
|                                                                 Register Name                                                                  |   Type    | Width | Bus | MB | AR | AS | SR | SS | ST |
==========================================================================================================================================================================================================
| MAC_61_ac_float_cctor_assign_from_n32_31_22_2_AC_TRN_AC_WRAP_else_if_ac_float_cctor_assign_from_n32_31_22_2_AC_TRN_AC_WRAP_else_if_nor_itm_reg | Flip-flop |   1   |  N  | N  | N  | N  | N  | N  | N  |
==========================================================================================================================================================================================================

Inferred memory devices in process
	in routine fir_core line 19323 in file
		'./rtl/fir_core.v'.
==========================================================================================================================================================================================================
|                                                                 Register Name                                                                  |   Type    | Width | Bus | MB | AR | AS | SR | SS | ST |
==========================================================================================================================================================================================================
| MAC_60_ac_float_cctor_assign_from_n32_31_22_2_AC_TRN_AC_WRAP_else_if_ac_float_cctor_assign_from_n32_31_22_2_AC_TRN_AC_WRAP_else_if_nor_itm_reg | Flip-flop |   1   |  N  | N  | N  | N  | N  | N  | N  |
==========================================================================================================================================================================================================

Inferred memory devices in process
	in routine fir_core line 19333 in file
		'./rtl/fir_core.v'.
==========================================================================================================================================================================================================
|                                                                 Register Name                                                                  |   Type    | Width | Bus | MB | AR | AS | SR | SS | ST |
==========================================================================================================================================================================================================
| MAC_59_ac_float_cctor_assign_from_n32_31_22_2_AC_TRN_AC_WRAP_else_if_ac_float_cctor_assign_from_n32_31_22_2_AC_TRN_AC_WRAP_else_if_nor_itm_reg | Flip-flop |   1   |  N  | N  | N  | N  | N  | N  | N  |
==========================================================================================================================================================================================================

Inferred memory devices in process
	in routine fir_core line 19343 in file
		'./rtl/fir_core.v'.
==========================================================================================================================================================================================================
|                                                                 Register Name                                                                  |   Type    | Width | Bus | MB | AR | AS | SR | SS | ST |
==========================================================================================================================================================================================================
| MAC_58_ac_float_cctor_assign_from_n32_31_22_2_AC_TRN_AC_WRAP_else_if_ac_float_cctor_assign_from_n32_31_22_2_AC_TRN_AC_WRAP_else_if_nor_itm_reg | Flip-flop |   1   |  N  | N  | N  | N  | N  | N  | N  |
==========================================================================================================================================================================================================

Inferred memory devices in process
	in routine fir_core line 19353 in file
		'./rtl/fir_core.v'.
==========================================================================================================================================================================================================
|                                                                 Register Name                                                                  |   Type    | Width | Bus | MB | AR | AS | SR | SS | ST |
==========================================================================================================================================================================================================
| MAC_57_ac_float_cctor_assign_from_n32_31_22_2_AC_TRN_AC_WRAP_else_if_ac_float_cctor_assign_from_n32_31_22_2_AC_TRN_AC_WRAP_else_if_nor_itm_reg | Flip-flop |   1   |  N  | N  | N  | N  | N  | N  | N  |
==========================================================================================================================================================================================================

Inferred memory devices in process
	in routine fir_core line 19363 in file
		'./rtl/fir_core.v'.
==========================================================================================================================================================================================================
|                                                                 Register Name                                                                  |   Type    | Width | Bus | MB | AR | AS | SR | SS | ST |
==========================================================================================================================================================================================================
| MAC_56_ac_float_cctor_assign_from_n32_31_22_2_AC_TRN_AC_WRAP_else_if_ac_float_cctor_assign_from_n32_31_22_2_AC_TRN_AC_WRAP_else_if_nor_itm_reg | Flip-flop |   1   |  N  | N  | N  | N  | N  | N  | N  |
==========================================================================================================================================================================================================

Inferred memory devices in process
	in routine fir_core line 19373 in file
		'./rtl/fir_core.v'.
==========================================================================================================================================================================================================
|                                                                 Register Name                                                                  |   Type    | Width | Bus | MB | AR | AS | SR | SS | ST |
==========================================================================================================================================================================================================
| MAC_55_ac_float_cctor_assign_from_n32_31_22_2_AC_TRN_AC_WRAP_else_if_ac_float_cctor_assign_from_n32_31_22_2_AC_TRN_AC_WRAP_else_if_nor_itm_reg | Flip-flop |   1   |  N  | N  | N  | N  | N  | N  | N  |
==========================================================================================================================================================================================================

Inferred memory devices in process
	in routine fir_core line 19383 in file
		'./rtl/fir_core.v'.
==========================================================================================================================================================================================================
|                                                                 Register Name                                                                  |   Type    | Width | Bus | MB | AR | AS | SR | SS | ST |
==========================================================================================================================================================================================================
| MAC_54_ac_float_cctor_assign_from_n32_31_22_2_AC_TRN_AC_WRAP_else_if_ac_float_cctor_assign_from_n32_31_22_2_AC_TRN_AC_WRAP_else_if_nor_itm_reg | Flip-flop |   1   |  N  | N  | N  | N  | N  | N  | N  |
==========================================================================================================================================================================================================

Inferred memory devices in process
	in routine fir_core line 19393 in file
		'./rtl/fir_core.v'.
==========================================================================================================================================================================================================
|                                                                 Register Name                                                                  |   Type    | Width | Bus | MB | AR | AS | SR | SS | ST |
==========================================================================================================================================================================================================
| MAC_53_ac_float_cctor_assign_from_n32_31_22_2_AC_TRN_AC_WRAP_else_if_ac_float_cctor_assign_from_n32_31_22_2_AC_TRN_AC_WRAP_else_if_nor_itm_reg | Flip-flop |   1   |  N  | N  | N  | N  | N  | N  | N  |
==========================================================================================================================================================================================================

Inferred memory devices in process
	in routine fir_core line 19403 in file
		'./rtl/fir_core.v'.
==========================================================================================================================================================================================================
|                                                                 Register Name                                                                  |   Type    | Width | Bus | MB | AR | AS | SR | SS | ST |
==========================================================================================================================================================================================================
| MAC_52_ac_float_cctor_assign_from_n32_31_22_2_AC_TRN_AC_WRAP_else_if_ac_float_cctor_assign_from_n32_31_22_2_AC_TRN_AC_WRAP_else_if_nor_itm_reg | Flip-flop |   1   |  N  | N  | N  | N  | N  | N  | N  |
==========================================================================================================================================================================================================

Inferred memory devices in process
	in routine fir_core line 19413 in file
		'./rtl/fir_core.v'.
==========================================================================================================================================================================================================
|                                                                 Register Name                                                                  |   Type    | Width | Bus | MB | AR | AS | SR | SS | ST |
==========================================================================================================================================================================================================
| MAC_51_ac_float_cctor_assign_from_n32_31_22_2_AC_TRN_AC_WRAP_else_if_ac_float_cctor_assign_from_n32_31_22_2_AC_TRN_AC_WRAP_else_if_nor_itm_reg | Flip-flop |   1   |  N  | N  | N  | N  | N  | N  | N  |
==========================================================================================================================================================================================================

Inferred memory devices in process
	in routine fir_core line 19423 in file
		'./rtl/fir_core.v'.
==========================================================================================================================================================================================================
|                                                                 Register Name                                                                  |   Type    | Width | Bus | MB | AR | AS | SR | SS | ST |
==========================================================================================================================================================================================================
| MAC_50_ac_float_cctor_assign_from_n32_31_22_2_AC_TRN_AC_WRAP_else_if_ac_float_cctor_assign_from_n32_31_22_2_AC_TRN_AC_WRAP_else_if_nor_itm_reg | Flip-flop |   1   |  N  | N  | N  | N  | N  | N  | N  |
==========================================================================================================================================================================================================

Inferred memory devices in process
	in routine fir_core line 19433 in file
		'./rtl/fir_core.v'.
==========================================================================================================================================================================================================
|                                                                 Register Name                                                                  |   Type    | Width | Bus | MB | AR | AS | SR | SS | ST |
==========================================================================================================================================================================================================
| MAC_49_ac_float_cctor_assign_from_n32_31_22_2_AC_TRN_AC_WRAP_else_if_ac_float_cctor_assign_from_n32_31_22_2_AC_TRN_AC_WRAP_else_if_nor_itm_reg | Flip-flop |   1   |  N  | N  | N  | N  | N  | N  | N  |
==========================================================================================================================================================================================================

Inferred memory devices in process
	in routine fir_core line 19443 in file
		'./rtl/fir_core.v'.
==========================================================================================================================================================================================================
|                                                                 Register Name                                                                  |   Type    | Width | Bus | MB | AR | AS | SR | SS | ST |
==========================================================================================================================================================================================================
| MAC_48_ac_float_cctor_assign_from_n32_31_22_2_AC_TRN_AC_WRAP_else_if_ac_float_cctor_assign_from_n32_31_22_2_AC_TRN_AC_WRAP_else_if_nor_itm_reg | Flip-flop |   1   |  N  | N  | N  | N  | N  | N  | N  |
==========================================================================================================================================================================================================

Inferred memory devices in process
	in routine fir_core line 19453 in file
		'./rtl/fir_core.v'.
==========================================================================================================================================================================================================
|                                                                 Register Name                                                                  |   Type    | Width | Bus | MB | AR | AS | SR | SS | ST |
==========================================================================================================================================================================================================
| MAC_47_ac_float_cctor_assign_from_n32_31_22_2_AC_TRN_AC_WRAP_else_if_ac_float_cctor_assign_from_n32_31_22_2_AC_TRN_AC_WRAP_else_if_nor_itm_reg | Flip-flop |   1   |  N  | N  | N  | N  | N  | N  | N  |
==========================================================================================================================================================================================================

Inferred memory devices in process
	in routine fir_core line 19463 in file
		'./rtl/fir_core.v'.
==========================================================================================================================================================================================================
|                                                                 Register Name                                                                  |   Type    | Width | Bus | MB | AR | AS | SR | SS | ST |
==========================================================================================================================================================================================================
| MAC_46_ac_float_cctor_assign_from_n32_31_22_2_AC_TRN_AC_WRAP_else_if_ac_float_cctor_assign_from_n32_31_22_2_AC_TRN_AC_WRAP_else_if_nor_itm_reg | Flip-flop |   1   |  N  | N  | N  | N  | N  | N  | N  |
==========================================================================================================================================================================================================

Inferred memory devices in process
	in routine fir_core line 19473 in file
		'./rtl/fir_core.v'.
==========================================================================================================================================================================================================
|                                                                 Register Name                                                                  |   Type    | Width | Bus | MB | AR | AS | SR | SS | ST |
==========================================================================================================================================================================================================
| MAC_45_ac_float_cctor_assign_from_n32_31_22_2_AC_TRN_AC_WRAP_else_if_ac_float_cctor_assign_from_n32_31_22_2_AC_TRN_AC_WRAP_else_if_nor_itm_reg | Flip-flop |   1   |  N  | N  | N  | N  | N  | N  | N  |
==========================================================================================================================================================================================================

Inferred memory devices in process
	in routine fir_core line 19483 in file
		'./rtl/fir_core.v'.
==========================================================================================================================================================================================================
|                                                                 Register Name                                                                  |   Type    | Width | Bus | MB | AR | AS | SR | SS | ST |
==========================================================================================================================================================================================================
| MAC_44_ac_float_cctor_assign_from_n32_31_22_2_AC_TRN_AC_WRAP_else_if_ac_float_cctor_assign_from_n32_31_22_2_AC_TRN_AC_WRAP_else_if_nor_itm_reg | Flip-flop |   1   |  N  | N  | N  | N  | N  | N  | N  |
==========================================================================================================================================================================================================

Inferred memory devices in process
	in routine fir_core line 19493 in file
		'./rtl/fir_core.v'.
==========================================================================================================================================================================================================
|                                                                 Register Name                                                                  |   Type    | Width | Bus | MB | AR | AS | SR | SS | ST |
==========================================================================================================================================================================================================
| MAC_43_ac_float_cctor_assign_from_n32_31_22_2_AC_TRN_AC_WRAP_else_if_ac_float_cctor_assign_from_n32_31_22_2_AC_TRN_AC_WRAP_else_if_nor_itm_reg | Flip-flop |   1   |  N  | N  | N  | N  | N  | N  | N  |
==========================================================================================================================================================================================================

Inferred memory devices in process
	in routine fir_core line 19503 in file
		'./rtl/fir_core.v'.
==========================================================================================================================================================================================================
|                                                                 Register Name                                                                  |   Type    | Width | Bus | MB | AR | AS | SR | SS | ST |
==========================================================================================================================================================================================================
| MAC_42_ac_float_cctor_assign_from_n32_31_22_2_AC_TRN_AC_WRAP_else_if_ac_float_cctor_assign_from_n32_31_22_2_AC_TRN_AC_WRAP_else_if_nor_itm_reg | Flip-flop |   1   |  N  | N  | N  | N  | N  | N  | N  |
==========================================================================================================================================================================================================

Inferred memory devices in process
	in routine fir_core line 19513 in file
		'./rtl/fir_core.v'.
==========================================================================================================================================================================================================
|                                                                 Register Name                                                                  |   Type    | Width | Bus | MB | AR | AS | SR | SS | ST |
==========================================================================================================================================================================================================
| MAC_41_ac_float_cctor_assign_from_n32_31_22_2_AC_TRN_AC_WRAP_else_if_ac_float_cctor_assign_from_n32_31_22_2_AC_TRN_AC_WRAP_else_if_nor_itm_reg | Flip-flop |   1   |  N  | N  | N  | N  | N  | N  | N  |
==========================================================================================================================================================================================================

Inferred memory devices in process
	in routine fir_core line 19523 in file
		'./rtl/fir_core.v'.
==========================================================================================================================================================================================================
|                                                                 Register Name                                                                  |   Type    | Width | Bus | MB | AR | AS | SR | SS | ST |
==========================================================================================================================================================================================================
| MAC_40_ac_float_cctor_assign_from_n32_31_22_2_AC_TRN_AC_WRAP_else_if_ac_float_cctor_assign_from_n32_31_22_2_AC_TRN_AC_WRAP_else_if_nor_itm_reg | Flip-flop |   1   |  N  | N  | N  | N  | N  | N  | N  |
==========================================================================================================================================================================================================

Inferred memory devices in process
	in routine fir_core line 19533 in file
		'./rtl/fir_core.v'.
==========================================================================================================================================================================================================
|                                                                 Register Name                                                                  |   Type    | Width | Bus | MB | AR | AS | SR | SS | ST |
==========================================================================================================================================================================================================
| MAC_39_ac_float_cctor_assign_from_n32_31_22_2_AC_TRN_AC_WRAP_else_if_ac_float_cctor_assign_from_n32_31_22_2_AC_TRN_AC_WRAP_else_if_nor_itm_reg | Flip-flop |   1   |  N  | N  | N  | N  | N  | N  | N  |
==========================================================================================================================================================================================================

Inferred memory devices in process
	in routine fir_core line 19543 in file
		'./rtl/fir_core.v'.
==========================================================================================================================================================================================================
|                                                                 Register Name                                                                  |   Type    | Width | Bus | MB | AR | AS | SR | SS | ST |
==========================================================================================================================================================================================================
| MAC_38_ac_float_cctor_assign_from_n32_31_22_2_AC_TRN_AC_WRAP_else_if_ac_float_cctor_assign_from_n32_31_22_2_AC_TRN_AC_WRAP_else_if_nor_itm_reg | Flip-flop |   1   |  N  | N  | N  | N  | N  | N  | N  |
==========================================================================================================================================================================================================

Inferred memory devices in process
	in routine fir_core line 19553 in file
		'./rtl/fir_core.v'.
==========================================================================================================================================================================================================
|                                                                 Register Name                                                                  |   Type    | Width | Bus | MB | AR | AS | SR | SS | ST |
==========================================================================================================================================================================================================
| MAC_37_ac_float_cctor_assign_from_n32_31_22_2_AC_TRN_AC_WRAP_else_if_ac_float_cctor_assign_from_n32_31_22_2_AC_TRN_AC_WRAP_else_if_nor_itm_reg | Flip-flop |   1   |  N  | N  | N  | N  | N  | N  | N  |
==========================================================================================================================================================================================================

Inferred memory devices in process
	in routine fir_core line 19563 in file
		'./rtl/fir_core.v'.
==========================================================================================================================================================================================================
|                                                                 Register Name                                                                  |   Type    | Width | Bus | MB | AR | AS | SR | SS | ST |
==========================================================================================================================================================================================================
| MAC_36_ac_float_cctor_assign_from_n32_31_22_2_AC_TRN_AC_WRAP_else_if_ac_float_cctor_assign_from_n32_31_22_2_AC_TRN_AC_WRAP_else_if_nor_itm_reg | Flip-flop |   1   |  N  | N  | N  | N  | N  | N  | N  |
==========================================================================================================================================================================================================

Inferred memory devices in process
	in routine fir_core line 19573 in file
		'./rtl/fir_core.v'.
==========================================================================================================================================================================================================
|                                                                 Register Name                                                                  |   Type    | Width | Bus | MB | AR | AS | SR | SS | ST |
==========================================================================================================================================================================================================
| MAC_35_ac_float_cctor_assign_from_n32_31_22_2_AC_TRN_AC_WRAP_else_if_ac_float_cctor_assign_from_n32_31_22_2_AC_TRN_AC_WRAP_else_if_nor_itm_reg | Flip-flop |   1   |  N  | N  | N  | N  | N  | N  | N  |
==========================================================================================================================================================================================================

Inferred memory devices in process
	in routine fir_core line 19583 in file
		'./rtl/fir_core.v'.
==========================================================================================================================================================================================================
|                                                                 Register Name                                                                  |   Type    | Width | Bus | MB | AR | AS | SR | SS | ST |
==========================================================================================================================================================================================================
| MAC_34_ac_float_cctor_assign_from_n32_31_22_2_AC_TRN_AC_WRAP_else_if_ac_float_cctor_assign_from_n32_31_22_2_AC_TRN_AC_WRAP_else_if_nor_itm_reg | Flip-flop |   1   |  N  | N  | N  | N  | N  | N  | N  |
==========================================================================================================================================================================================================

Inferred memory devices in process
	in routine fir_core line 19593 in file
		'./rtl/fir_core.v'.
==========================================================================================================================================================================================================
|                                                                 Register Name                                                                  |   Type    | Width | Bus | MB | AR | AS | SR | SS | ST |
==========================================================================================================================================================================================================
| MAC_33_ac_float_cctor_assign_from_n32_31_22_2_AC_TRN_AC_WRAP_else_if_ac_float_cctor_assign_from_n32_31_22_2_AC_TRN_AC_WRAP_else_if_nor_itm_reg | Flip-flop |   1   |  N  | N  | N  | N  | N  | N  | N  |
==========================================================================================================================================================================================================

Inferred memory devices in process
	in routine fir_core line 19603 in file
		'./rtl/fir_core.v'.
==========================================================================================================================================================================================================
|                                                                 Register Name                                                                  |   Type    | Width | Bus | MB | AR | AS | SR | SS | ST |
==========================================================================================================================================================================================================
| MAC_32_ac_float_cctor_assign_from_n32_31_22_2_AC_TRN_AC_WRAP_else_if_ac_float_cctor_assign_from_n32_31_22_2_AC_TRN_AC_WRAP_else_if_nor_itm_reg | Flip-flop |   1   |  N  | N  | N  | N  | N  | N  | N  |
==========================================================================================================================================================================================================

Inferred memory devices in process
	in routine fir_core line 19613 in file
		'./rtl/fir_core.v'.
==========================================================================================================================================================================================================
|                                                                 Register Name                                                                  |   Type    | Width | Bus | MB | AR | AS | SR | SS | ST |
==========================================================================================================================================================================================================
| MAC_31_ac_float_cctor_assign_from_n32_31_22_2_AC_TRN_AC_WRAP_else_if_ac_float_cctor_assign_from_n32_31_22_2_AC_TRN_AC_WRAP_else_if_nor_itm_reg | Flip-flop |   1   |  N  | N  | N  | N  | N  | N  | N  |
==========================================================================================================================================================================================================

Inferred memory devices in process
	in routine fir_core line 19623 in file
		'./rtl/fir_core.v'.
==========================================================================================================================================================================================================
|                                                                 Register Name                                                                  |   Type    | Width | Bus | MB | AR | AS | SR | SS | ST |
==========================================================================================================================================================================================================
| MAC_30_ac_float_cctor_assign_from_n32_31_22_2_AC_TRN_AC_WRAP_else_if_ac_float_cctor_assign_from_n32_31_22_2_AC_TRN_AC_WRAP_else_if_nor_itm_reg | Flip-flop |   1   |  N  | N  | N  | N  | N  | N  | N  |
==========================================================================================================================================================================================================

Inferred memory devices in process
	in routine fir_core line 19633 in file
		'./rtl/fir_core.v'.
==========================================================================================================================================================================================================
|                                                                 Register Name                                                                  |   Type    | Width | Bus | MB | AR | AS | SR | SS | ST |
==========================================================================================================================================================================================================
| MAC_29_ac_float_cctor_assign_from_n32_31_22_2_AC_TRN_AC_WRAP_else_if_ac_float_cctor_assign_from_n32_31_22_2_AC_TRN_AC_WRAP_else_if_nor_itm_reg | Flip-flop |   1   |  N  | N  | N  | N  | N  | N  | N  |
==========================================================================================================================================================================================================

Inferred memory devices in process
	in routine fir_core line 19643 in file
		'./rtl/fir_core.v'.
==========================================================================================================================================================================================================
|                                                                 Register Name                                                                  |   Type    | Width | Bus | MB | AR | AS | SR | SS | ST |
==========================================================================================================================================================================================================
| MAC_28_ac_float_cctor_assign_from_n32_31_22_2_AC_TRN_AC_WRAP_else_if_ac_float_cctor_assign_from_n32_31_22_2_AC_TRN_AC_WRAP_else_if_nor_itm_reg | Flip-flop |   1   |  N  | N  | N  | N  | N  | N  | N  |
==========================================================================================================================================================================================================

Inferred memory devices in process
	in routine fir_core line 19653 in file
		'./rtl/fir_core.v'.
==========================================================================================================================================================================================================
|                                                                 Register Name                                                                  |   Type    | Width | Bus | MB | AR | AS | SR | SS | ST |
==========================================================================================================================================================================================================
| MAC_27_ac_float_cctor_assign_from_n32_31_22_2_AC_TRN_AC_WRAP_else_if_ac_float_cctor_assign_from_n32_31_22_2_AC_TRN_AC_WRAP_else_if_nor_itm_reg | Flip-flop |   1   |  N  | N  | N  | N  | N  | N  | N  |
==========================================================================================================================================================================================================

Inferred memory devices in process
	in routine fir_core line 19663 in file
		'./rtl/fir_core.v'.
==========================================================================================================================================================================================================
|                                                                 Register Name                                                                  |   Type    | Width | Bus | MB | AR | AS | SR | SS | ST |
==========================================================================================================================================================================================================
| MAC_26_ac_float_cctor_assign_from_n32_31_22_2_AC_TRN_AC_WRAP_else_if_ac_float_cctor_assign_from_n32_31_22_2_AC_TRN_AC_WRAP_else_if_nor_itm_reg | Flip-flop |   1   |  N  | N  | N  | N  | N  | N  | N  |
==========================================================================================================================================================================================================

Inferred memory devices in process
	in routine fir_core line 19673 in file
		'./rtl/fir_core.v'.
==========================================================================================================================================================================================================
|                                                                 Register Name                                                                  |   Type    | Width | Bus | MB | AR | AS | SR | SS | ST |
==========================================================================================================================================================================================================
| MAC_25_ac_float_cctor_assign_from_n32_31_22_2_AC_TRN_AC_WRAP_else_if_ac_float_cctor_assign_from_n32_31_22_2_AC_TRN_AC_WRAP_else_if_nor_itm_reg | Flip-flop |   1   |  N  | N  | N  | N  | N  | N  | N  |
==========================================================================================================================================================================================================

Inferred memory devices in process
	in routine fir_core line 19683 in file
		'./rtl/fir_core.v'.
==========================================================================================================================================================================================================
|                                                                 Register Name                                                                  |   Type    | Width | Bus | MB | AR | AS | SR | SS | ST |
==========================================================================================================================================================================================================
| MAC_1_ac_float_cctor_assign_from_n32_31_22_2_AC_TRN_AC_WRAP_else_if_ac_float_cctor_assign_from_n32_31_22_2_AC_TRN_AC_WRAP_else_if_nor_itm_reg  | Flip-flop |   1   |  N  | N  | N  | N  | N  | N  | N  |
| MAC_24_ac_float_cctor_assign_from_n32_31_22_2_AC_TRN_AC_WRAP_else_if_ac_float_cctor_assign_from_n32_31_22_2_AC_TRN_AC_WRAP_else_if_nor_itm_reg | Flip-flop |   1   |  N  | N  | N  | N  | N  | N  | N  |
| MAC_23_ac_float_cctor_assign_from_n32_31_22_2_AC_TRN_AC_WRAP_else_if_ac_float_cctor_assign_from_n32_31_22_2_AC_TRN_AC_WRAP_else_if_nor_itm_reg | Flip-flop |   1   |  N  | N  | N  | N  | N  | N  | N  |
| MAC_22_ac_float_cctor_assign_from_n32_31_22_2_AC_TRN_AC_WRAP_else_if_ac_float_cctor_assign_from_n32_31_22_2_AC_TRN_AC_WRAP_else_if_nor_itm_reg | Flip-flop |   1   |  N  | N  | N  | N  | N  | N  | N  |
| MAC_21_ac_float_cctor_assign_from_n32_31_22_2_AC_TRN_AC_WRAP_else_if_ac_float_cctor_assign_from_n32_31_22_2_AC_TRN_AC_WRAP_else_if_nor_itm_reg | Flip-flop |   1   |  N  | N  | N  | N  | N  | N  | N  |
| MAC_20_ac_float_cctor_assign_from_n32_31_22_2_AC_TRN_AC_WRAP_else_if_ac_float_cctor_assign_from_n32_31_22_2_AC_TRN_AC_WRAP_else_if_nor_itm_reg | Flip-flop |   1   |  N  | N  | N  | N  | N  | N  | N  |
| MAC_19_ac_float_cctor_assign_from_n32_31_22_2_AC_TRN_AC_WRAP_else_if_ac_float_cctor_assign_from_n32_31_22_2_AC_TRN_AC_WRAP_else_if_nor_itm_reg | Flip-flop |   1   |  N  | N  | N  | N  | N  | N  | N  |
| MAC_18_ac_float_cctor_assign_from_n32_31_22_2_AC_TRN_AC_WRAP_else_if_ac_float_cctor_assign_from_n32_31_22_2_AC_TRN_AC_WRAP_else_if_nor_itm_reg | Flip-flop |   1   |  N  | N  | N  | N  | N  | N  | N  |
| MAC_17_ac_float_cctor_assign_from_n32_31_22_2_AC_TRN_AC_WRAP_else_if_ac_float_cctor_assign_from_n32_31_22_2_AC_TRN_AC_WRAP_else_if_nor_itm_reg | Flip-flop |   1   |  N  | N  | N  | N  | N  | N  | N  |
| MAC_16_ac_float_cctor_assign_from_n32_31_22_2_AC_TRN_AC_WRAP_else_if_ac_float_cctor_assign_from_n32_31_22_2_AC_TRN_AC_WRAP_else_if_nor_itm_reg | Flip-flop |   1   |  N  | N  | N  | N  | N  | N  | N  |
| MAC_15_ac_float_cctor_assign_from_n32_31_22_2_AC_TRN_AC_WRAP_else_if_ac_float_cctor_assign_from_n32_31_22_2_AC_TRN_AC_WRAP_else_if_nor_itm_reg | Flip-flop |   1   |  N  | N  | N  | N  | N  | N  | N  |
| MAC_14_ac_float_cctor_assign_from_n32_31_22_2_AC_TRN_AC_WRAP_else_if_ac_float_cctor_assign_from_n32_31_22_2_AC_TRN_AC_WRAP_else_if_nor_itm_reg | Flip-flop |   1   |  N  | N  | N  | N  | N  | N  | N  |
| MAC_13_ac_float_cctor_assign_from_n32_31_22_2_AC_TRN_AC_WRAP_else_if_ac_float_cctor_assign_from_n32_31_22_2_AC_TRN_AC_WRAP_else_if_nor_itm_reg | Flip-flop |   1   |  N  | N  | N  | N  | N  | N  | N  |
| MAC_12_ac_float_cctor_assign_from_n32_31_22_2_AC_TRN_AC_WRAP_else_if_ac_float_cctor_assign_from_n32_31_22_2_AC_TRN_AC_WRAP_else_if_nor_itm_reg | Flip-flop |   1   |  N  | N  | N  | N  | N  | N  | N  |
| MAC_11_ac_float_cctor_assign_from_n32_31_22_2_AC_TRN_AC_WRAP_else_if_ac_float_cctor_assign_from_n32_31_22_2_AC_TRN_AC_WRAP_else_if_nor_itm_reg | Flip-flop |   1   |  N  | N  | N  | N  | N  | N  | N  |
==========================================================================================================================================================================================================

Inferred memory devices in process
	in routine fir_core line 19780 in file
		'./rtl/fir_core.v'.
=========================================================================================================================================================================================================
|                                                                 Register Name                                                                 |   Type    | Width | Bus | MB | AR | AS | SR | SS | ST |
=========================================================================================================================================================================================================
| MAC_9_ac_float_cctor_assign_from_n32_31_22_2_AC_TRN_AC_WRAP_else_if_ac_float_cctor_assign_from_n32_31_22_2_AC_TRN_AC_WRAP_else_if_nor_itm_reg | Flip-flop |   1   |  N  | N  | N  | N  | N  | N  | N  |
=========================================================================================================================================================================================================

Inferred memory devices in process
	in routine fir_core line 19790 in file
		'./rtl/fir_core.v'.
=========================================================================================================================================================================================================
|                                                                 Register Name                                                                 |   Type    | Width | Bus | MB | AR | AS | SR | SS | ST |
=========================================================================================================================================================================================================
| MAC_8_ac_float_cctor_assign_from_n32_31_22_2_AC_TRN_AC_WRAP_else_if_ac_float_cctor_assign_from_n32_31_22_2_AC_TRN_AC_WRAP_else_if_nor_itm_reg | Flip-flop |   1   |  N  | N  | N  | N  | N  | N  | N  |
=========================================================================================================================================================================================================

Inferred memory devices in process
	in routine fir_core line 19800 in file
		'./rtl/fir_core.v'.
=========================================================================================================================================================================================================
|                                                                 Register Name                                                                 |   Type    | Width | Bus | MB | AR | AS | SR | SS | ST |
=========================================================================================================================================================================================================
| MAC_7_ac_float_cctor_assign_from_n32_31_22_2_AC_TRN_AC_WRAP_else_if_ac_float_cctor_assign_from_n32_31_22_2_AC_TRN_AC_WRAP_else_if_nor_itm_reg | Flip-flop |   1   |  N  | N  | N  | N  | N  | N  | N  |
=========================================================================================================================================================================================================

Inferred memory devices in process
	in routine fir_core line 19810 in file
		'./rtl/fir_core.v'.
=========================================================================================================================================================================================================
|                                                                 Register Name                                                                 |   Type    | Width | Bus | MB | AR | AS | SR | SS | ST |
=========================================================================================================================================================================================================
| MAC_6_ac_float_cctor_assign_from_n32_31_22_2_AC_TRN_AC_WRAP_else_if_ac_float_cctor_assign_from_n32_31_22_2_AC_TRN_AC_WRAP_else_if_nor_itm_reg | Flip-flop |   1   |  N  | N  | N  | N  | N  | N  | N  |
=========================================================================================================================================================================================================

Inferred memory devices in process
	in routine fir_core line 19820 in file
		'./rtl/fir_core.v'.
=========================================================================================================================================================================================================
|                                                                 Register Name                                                                 |   Type    | Width | Bus | MB | AR | AS | SR | SS | ST |
=========================================================================================================================================================================================================
| MAC_5_ac_float_cctor_assign_from_n32_31_22_2_AC_TRN_AC_WRAP_else_if_ac_float_cctor_assign_from_n32_31_22_2_AC_TRN_AC_WRAP_else_if_nor_itm_reg | Flip-flop |   1   |  N  | N  | N  | N  | N  | N  | N  |
=========================================================================================================================================================================================================

Inferred memory devices in process
	in routine fir_core line 19830 in file
		'./rtl/fir_core.v'.
=========================================================================================================================================================================================================
|                                                                 Register Name                                                                 |   Type    | Width | Bus | MB | AR | AS | SR | SS | ST |
=========================================================================================================================================================================================================
| MAC_4_ac_float_cctor_assign_from_n32_31_22_2_AC_TRN_AC_WRAP_else_if_ac_float_cctor_assign_from_n32_31_22_2_AC_TRN_AC_WRAP_else_if_nor_itm_reg | Flip-flop |   1   |  N  | N  | N  | N  | N  | N  | N  |
=========================================================================================================================================================================================================

Inferred memory devices in process
	in routine fir_core line 19840 in file
		'./rtl/fir_core.v'.
=========================================================================================================================================================================================================
|                                                                 Register Name                                                                 |   Type    | Width | Bus | MB | AR | AS | SR | SS | ST |
=========================================================================================================================================================================================================
| MAC_2_ac_float_cctor_assign_from_n32_31_22_2_AC_TRN_AC_WRAP_else_if_ac_float_cctor_assign_from_n32_31_22_2_AC_TRN_AC_WRAP_else_if_nor_itm_reg | Flip-flop |   1   |  N  | N  | N  | N  | N  | N  | N  |
=========================================================================================================================================================================================================

Inferred memory devices in process
	in routine fir_core line 19850 in file
		'./rtl/fir_core.v'.
==============================================================================================================================================================
|                                           Register Name                                            |   Type    | Width | Bus | MB | AR | AS | SR | SS | ST |
==============================================================================================================================================================
| ac_float_cctor_assign_from_n32_31_22_2_AC_TRN_AC_WRAP_actual_max_shift_left_acc_psp_9_sva_2_1_reg  | Flip-flop |   2   |  Y  | N  | N  | N  | N  | N  | N  |
|           ac_float_cctor_assign_from_n32_31_22_2_AC_TRN_AC_WRAP_if_1_shift_r_10_sva_reg            | Flip-flop |   4   |  Y  | N  | N  | N  | N  | N  | N  |
| ac_float_cctor_assign_from_n32_31_22_2_AC_TRN_AC_WRAP_actual_max_shift_left_acc_psp_10_sva_2_1_reg | Flip-flop |   2   |  Y  | N  | N  | N  | N  | N  | N  |
|        ac_float_cctor_assign_from_n32_31_22_2_AC_TRN_AC_WRAP_else_1_shift_l_mux_31_itm_reg         | Flip-flop |   4   |  Y  | N  | N  | N  | N  | N  | N  |
| ac_float_cctor_assign_from_n32_31_22_2_AC_TRN_AC_WRAP_actual_max_shift_left_acc_psp_11_sva_2_1_reg | Flip-flop |   2   |  Y  | N  | N  | N  | N  | N  | N  |
|        ac_float_cctor_assign_from_n32_31_22_2_AC_TRN_AC_WRAP_else_1_shift_l_mux_34_itm_reg         | Flip-flop |   4   |  Y  | N  | N  | N  | N  | N  | N  |
| ac_float_cctor_assign_from_n32_31_22_2_AC_TRN_AC_WRAP_actual_max_shift_left_acc_psp_12_sva_2_1_reg | Flip-flop |   2   |  Y  | N  | N  | N  | N  | N  | N  |
|        ac_float_cctor_assign_from_n32_31_22_2_AC_TRN_AC_WRAP_else_1_shift_l_mux_37_itm_reg         | Flip-flop |   4   |  Y  | N  | N  | N  | N  | N  | N  |
| ac_float_cctor_assign_from_n32_31_22_2_AC_TRN_AC_WRAP_actual_max_shift_left_acc_psp_13_sva_2_1_reg | Flip-flop |   2   |  Y  | N  | N  | N  | N  | N  | N  |
|        ac_float_cctor_assign_from_n32_31_22_2_AC_TRN_AC_WRAP_else_1_shift_l_mux_40_itm_reg         | Flip-flop |   4   |  Y  | N  | N  | N  | N  | N  | N  |
| ac_float_cctor_assign_from_n32_31_22_2_AC_TRN_AC_WRAP_actual_max_shift_left_acc_psp_14_sva_2_1_reg | Flip-flop |   2   |  Y  | N  | N  | N  | N  | N  | N  |
|        ac_float_cctor_assign_from_n32_31_22_2_AC_TRN_AC_WRAP_else_1_shift_l_mux_43_itm_reg         | Flip-flop |   4   |  Y  | N  | N  | N  | N  | N  | N  |
| ac_float_cctor_assign_from_n32_31_22_2_AC_TRN_AC_WRAP_actual_max_shift_left_acc_psp_15_sva_2_1_reg | Flip-flop |   2   |  Y  | N  | N  | N  | N  | N  | N  |
|        ac_float_cctor_assign_from_n32_31_22_2_AC_TRN_AC_WRAP_else_1_shift_l_mux_46_itm_reg         | Flip-flop |   4   |  Y  | N  | N  | N  | N  | N  | N  |
| ac_float_cctor_assign_from_n32_31_22_2_AC_TRN_AC_WRAP_actual_max_shift_left_acc_psp_16_sva_2_1_reg | Flip-flop |   2   |  Y  | N  | N  | N  | N  | N  | N  |
|        ac_float_cctor_assign_from_n32_31_22_2_AC_TRN_AC_WRAP_else_1_shift_l_mux_49_itm_reg         | Flip-flop |   4   |  Y  | N  | N  | N  | N  | N  | N  |
| ac_float_cctor_assign_from_n32_31_22_2_AC_TRN_AC_WRAP_actual_max_shift_left_acc_psp_17_sva_2_1_reg | Flip-flop |   2   |  Y  | N  | N  | N  | N  | N  | N  |
|        ac_float_cctor_assign_from_n32_31_22_2_AC_TRN_AC_WRAP_else_1_shift_l_mux_52_itm_reg         | Flip-flop |   4   |  Y  | N  | N  | N  | N  | N  | N  |
| ac_float_cctor_assign_from_n32_31_22_2_AC_TRN_AC_WRAP_actual_max_shift_left_acc_psp_18_sva_2_1_reg | Flip-flop |   2   |  Y  | N  | N  | N  | N  | N  | N  |
|        ac_float_cctor_assign_from_n32_31_22_2_AC_TRN_AC_WRAP_else_1_shift_l_mux_55_itm_reg         | Flip-flop |   4   |  Y  | N  | N  | N  | N  | N  | N  |
| ac_float_cctor_assign_from_n32_31_22_2_AC_TRN_AC_WRAP_actual_max_shift_left_acc_psp_19_sva_2_1_reg | Flip-flop |   2   |  Y  | N  | N  | N  | N  | N  | N  |
|        ac_float_cctor_assign_from_n32_31_22_2_AC_TRN_AC_WRAP_else_1_shift_l_mux_58_itm_reg         | Flip-flop |   4   |  Y  | N  | N  | N  | N  | N  | N  |
| ac_float_cctor_assign_from_n32_31_22_2_AC_TRN_AC_WRAP_actual_max_shift_left_acc_psp_20_sva_2_1_reg | Flip-flop |   2   |  Y  | N  | N  | N  | N  | N  | N  |
|        ac_float_cctor_assign_from_n32_31_22_2_AC_TRN_AC_WRAP_else_1_shift_l_mux_61_itm_reg         | Flip-flop |   4   |  Y  | N  | N  | N  | N  | N  | N  |
| ac_float_cctor_assign_from_n32_31_22_2_AC_TRN_AC_WRAP_actual_max_shift_left_acc_psp_21_sva_2_1_reg | Flip-flop |   2   |  Y  | N  | N  | N  | N  | N  | N  |
|        ac_float_cctor_assign_from_n32_31_22_2_AC_TRN_AC_WRAP_else_1_shift_l_mux_64_itm_reg         | Flip-flop |   4   |  Y  | N  | N  | N  | N  | N  | N  |
| ac_float_cctor_assign_from_n32_31_22_2_AC_TRN_AC_WRAP_actual_max_shift_left_acc_psp_22_sva_2_1_reg | Flip-flop |   2   |  Y  | N  | N  | N  | N  | N  | N  |
|        ac_float_cctor_assign_from_n32_31_22_2_AC_TRN_AC_WRAP_else_1_shift_l_mux_67_itm_reg         | Flip-flop |   4   |  Y  | N  | N  | N  | N  | N  | N  |
| ac_float_cctor_assign_from_n32_31_22_2_AC_TRN_AC_WRAP_actual_max_shift_left_acc_psp_23_sva_2_1_reg | Flip-flop |   2   |  Y  | N  | N  | N  | N  | N  | N  |
|        ac_float_cctor_assign_from_n32_31_22_2_AC_TRN_AC_WRAP_else_1_shift_l_mux_70_itm_reg         | Flip-flop |   4   |  Y  | N  | N  | N  | N  | N  | N  |
| ac_float_cctor_assign_from_n32_31_22_2_AC_TRN_AC_WRAP_actual_max_shift_left_acc_psp_24_sva_2_1_reg | Flip-flop |   2   |  Y  | N  | N  | N  | N  | N  | N  |
|        ac_float_cctor_assign_from_n32_31_22_2_AC_TRN_AC_WRAP_else_1_shift_l_mux_73_itm_reg         | Flip-flop |   4   |  Y  | N  | N  | N  | N  | N  | N  |
| ac_float_cctor_assign_from_n32_31_22_2_AC_TRN_AC_WRAP_actual_max_shift_left_acc_psp_25_sva_2_1_reg | Flip-flop |   2   |  Y  | N  | N  | N  | N  | N  | N  |
|        ac_float_cctor_assign_from_n32_31_22_2_AC_TRN_AC_WRAP_else_1_shift_l_mux_76_itm_reg         | Flip-flop |   4   |  Y  | N  | N  | N  | N  | N  | N  |
| ac_float_cctor_assign_from_n32_31_22_2_AC_TRN_AC_WRAP_actual_max_shift_left_acc_psp_26_sva_2_1_reg | Flip-flop |   2   |  Y  | N  | N  | N  | N  | N  | N  |
|        ac_float_cctor_assign_from_n32_31_22_2_AC_TRN_AC_WRAP_else_1_shift_l_mux_79_itm_reg         | Flip-flop |   4   |  Y  | N  | N  | N  | N  | N  | N  |
| ac_float_cctor_assign_from_n32_31_22_2_AC_TRN_AC_WRAP_actual_max_shift_left_acc_psp_27_sva_2_1_reg | Flip-flop |   2   |  Y  | N  | N  | N  | N  | N  | N  |
|        ac_float_cctor_assign_from_n32_31_22_2_AC_TRN_AC_WRAP_else_1_shift_l_mux_82_itm_reg         | Flip-flop |   4   |  Y  | N  | N  | N  | N  | N  | N  |
| ac_float_cctor_assign_from_n32_31_22_2_AC_TRN_AC_WRAP_actual_max_shift_left_acc_psp_28_sva_2_1_reg | Flip-flop |   2   |  Y  | N  | N  | N  | N  | N  | N  |
|        ac_float_cctor_assign_from_n32_31_22_2_AC_TRN_AC_WRAP_else_1_shift_l_mux_85_itm_reg         | Flip-flop |   4   |  Y  | N  | N  | N  | N  | N  | N  |
| ac_float_cctor_assign_from_n32_31_22_2_AC_TRN_AC_WRAP_actual_max_shift_left_acc_psp_29_sva_2_1_reg | Flip-flop |   2   |  Y  | N  | N  | N  | N  | N  | N  |
|        ac_float_cctor_assign_from_n32_31_22_2_AC_TRN_AC_WRAP_else_1_shift_l_mux_88_itm_reg         | Flip-flop |   4   |  Y  | N  | N  | N  | N  | N  | N  |
| ac_float_cctor_assign_from_n32_31_22_2_AC_TRN_AC_WRAP_actual_max_shift_left_acc_psp_30_sva_2_1_reg | Flip-flop |   2   |  Y  | N  | N  | N  | N  | N  | N  |
|        ac_float_cctor_assign_from_n32_31_22_2_AC_TRN_AC_WRAP_else_1_shift_l_mux_91_itm_reg         | Flip-flop |   4   |  Y  | N  | N  | N  | N  | N  | N  |
| ac_float_cctor_assign_from_n32_31_22_2_AC_TRN_AC_WRAP_actual_max_shift_left_acc_psp_31_sva_2_1_reg | Flip-flop |   2   |  Y  | N  | N  | N  | N  | N  | N  |
|        ac_float_cctor_assign_from_n32_31_22_2_AC_TRN_AC_WRAP_else_1_shift_l_mux_94_itm_reg         | Flip-flop |   4   |  Y  | N  | N  | N  | N  | N  | N  |
| ac_float_cctor_assign_from_n32_31_22_2_AC_TRN_AC_WRAP_actual_max_shift_left_acc_psp_32_sva_2_1_reg | Flip-flop |   2   |  Y  | N  | N  | N  | N  | N  | N  |
|        ac_float_cctor_assign_from_n32_31_22_2_AC_TRN_AC_WRAP_else_1_shift_l_mux_97_itm_reg         | Flip-flop |   4   |  Y  | N  | N  | N  | N  | N  | N  |
| ac_float_cctor_assign_from_n32_31_22_2_AC_TRN_AC_WRAP_actual_max_shift_left_acc_psp_33_sva_2_1_reg | Flip-flop |   2   |  Y  | N  | N  | N  | N  | N  | N  |
|            MAC_21_ac_float_11_1_5_AC_TRN_operator_11_1_5_AC_TRN_acc_1_itm_4_0_rsp_0_reg            | Flip-flop |   1   |  N  | N  | N  | N  | N  | N  | N  |
|            MAC_21_ac_float_11_1_5_AC_TRN_operator_11_1_5_AC_TRN_acc_1_itm_4_0_rsp_1_reg            | Flip-flop |   4   |  Y  | N  | N  | N  | N  | N  | N  |
|                 MAC_64_r_ac_float_else_r_ac_float_else_r_ac_float_else_or_itm_reg                  | Flip-flop |   1   |  N  | N  | N  | N  | N  | N  | N  |
|                 MAC_63_r_ac_float_else_r_ac_float_else_r_ac_float_else_or_itm_reg                  | Flip-flop |   1   |  N  | N  | N  | N  | N  | N  | N  |
|                 MAC_62_r_ac_float_else_r_ac_float_else_r_ac_float_else_or_itm_reg                  | Flip-flop |   1   |  N  | N  | N  | N  | N  | N  | N  |
|                 MAC_61_r_ac_float_else_r_ac_float_else_r_ac_float_else_or_itm_reg                  | Flip-flop |   1   |  N  | N  | N  | N  | N  | N  | N  |
|                 MAC_60_r_ac_float_else_r_ac_float_else_r_ac_float_else_or_itm_reg                  | Flip-flop |   1   |  N  | N  | N  | N  | N  | N  | N  |
|                 MAC_59_r_ac_float_else_r_ac_float_else_r_ac_float_else_or_itm_reg                  | Flip-flop |   1   |  N  | N  | N  | N  | N  | N  | N  |
|                 MAC_58_r_ac_float_else_r_ac_float_else_r_ac_float_else_or_itm_reg                  | Flip-flop |   1   |  N  | N  | N  | N  | N  | N  | N  |
|                 MAC_57_r_ac_float_else_r_ac_float_else_r_ac_float_else_or_itm_reg                  | Flip-flop |   1   |  N  | N  | N  | N  | N  | N  | N  |
|                 MAC_56_r_ac_float_else_r_ac_float_else_r_ac_float_else_or_itm_reg                  | Flip-flop |   1   |  N  | N  | N  | N  | N  | N  | N  |
|                 MAC_55_r_ac_float_else_r_ac_float_else_r_ac_float_else_or_itm_reg                  | Flip-flop |   1   |  N  | N  | N  | N  | N  | N  | N  |
|                 MAC_54_r_ac_float_else_r_ac_float_else_r_ac_float_else_or_itm_reg                  | Flip-flop |   1   |  N  | N  | N  | N  | N  | N  | N  |
|                 MAC_53_r_ac_float_else_r_ac_float_else_r_ac_float_else_or_itm_reg                  | Flip-flop |   1   |  N  | N  | N  | N  | N  | N  | N  |
|                 MAC_52_r_ac_float_else_r_ac_float_else_r_ac_float_else_or_itm_reg                  | Flip-flop |   1   |  N  | N  | N  | N  | N  | N  | N  |
|                 MAC_51_r_ac_float_else_r_ac_float_else_r_ac_float_else_or_itm_reg                  | Flip-flop |   1   |  N  | N  | N  | N  | N  | N  | N  |
|                 MAC_50_r_ac_float_else_r_ac_float_else_r_ac_float_else_or_itm_reg                  | Flip-flop |   1   |  N  | N  | N  | N  | N  | N  | N  |
|                 MAC_49_r_ac_float_else_r_ac_float_else_r_ac_float_else_or_itm_reg                  | Flip-flop |   1   |  N  | N  | N  | N  | N  | N  | N  |
|                 MAC_48_r_ac_float_else_r_ac_float_else_r_ac_float_else_or_itm_reg                  | Flip-flop |   1   |  N  | N  | N  | N  | N  | N  | N  |
|                 MAC_47_r_ac_float_else_r_ac_float_else_r_ac_float_else_or_itm_reg                  | Flip-flop |   1   |  N  | N  | N  | N  | N  | N  | N  |
|                 MAC_46_r_ac_float_else_r_ac_float_else_r_ac_float_else_or_itm_reg                  | Flip-flop |   1   |  N  | N  | N  | N  | N  | N  | N  |
|                 MAC_45_r_ac_float_else_r_ac_float_else_r_ac_float_else_or_itm_reg                  | Flip-flop |   1   |  N  | N  | N  | N  | N  | N  | N  |
|                 MAC_44_r_ac_float_else_r_ac_float_else_r_ac_float_else_or_itm_reg                  | Flip-flop |   1   |  N  | N  | N  | N  | N  | N  | N  |
|                 MAC_43_r_ac_float_else_r_ac_float_else_r_ac_float_else_or_itm_reg                  | Flip-flop |   1   |  N  | N  | N  | N  | N  | N  | N  |
|                 MAC_42_r_ac_float_else_r_ac_float_else_r_ac_float_else_or_itm_reg                  | Flip-flop |   1   |  N  | N  | N  | N  | N  | N  | N  |
|                 MAC_41_r_ac_float_else_r_ac_float_else_r_ac_float_else_or_itm_reg                  | Flip-flop |   1   |  N  | N  | N  | N  | N  | N  | N  |
|                MAC_40_ac_float_11_1_5_AC_TRN_operator_11_1_5_AC_TRN_acc_1_itm_5_reg                | Flip-flop |   1   |  N  | N  | N  | N  | N  | N  | N  |
|                 MAC_40_r_ac_float_else_r_ac_float_else_r_ac_float_else_or_itm_reg                  | Flip-flop |   1   |  N  | N  | N  | N  | N  | N  | N  |
|                MAC_39_ac_float_11_1_5_AC_TRN_operator_11_1_5_AC_TRN_acc_1_itm_5_reg                | Flip-flop |   1   |  N  | N  | N  | N  | N  | N  | N  |
|                 MAC_39_r_ac_float_else_r_ac_float_else_r_ac_float_else_or_itm_reg                  | Flip-flop |   1   |  N  | N  | N  | N  | N  | N  | N  |
|                MAC_38_ac_float_11_1_5_AC_TRN_operator_11_1_5_AC_TRN_acc_1_itm_5_reg                | Flip-flop |   1   |  N  | N  | N  | N  | N  | N  | N  |
|                 MAC_38_r_ac_float_else_r_ac_float_else_r_ac_float_else_or_itm_reg                  | Flip-flop |   1   |  N  | N  | N  | N  | N  | N  | N  |
|                MAC_37_ac_float_11_1_5_AC_TRN_operator_11_1_5_AC_TRN_acc_1_itm_5_reg                | Flip-flop |   1   |  N  | N  | N  | N  | N  | N  | N  |
|                 MAC_37_r_ac_float_else_r_ac_float_else_r_ac_float_else_or_itm_reg                  | Flip-flop |   1   |  N  | N  | N  | N  | N  | N  | N  |
|                MAC_36_ac_float_11_1_5_AC_TRN_operator_11_1_5_AC_TRN_acc_1_itm_5_reg                | Flip-flop |   1   |  N  | N  | N  | N  | N  | N  | N  |
|                 MAC_36_r_ac_float_else_r_ac_float_else_r_ac_float_else_or_itm_reg                  | Flip-flop |   1   |  N  | N  | N  | N  | N  | N  | N  |
|                MAC_35_ac_float_11_1_5_AC_TRN_operator_11_1_5_AC_TRN_acc_1_itm_5_reg                | Flip-flop |   1   |  N  | N  | N  | N  | N  | N  | N  |
|                 MAC_35_r_ac_float_else_r_ac_float_else_r_ac_float_else_or_itm_reg                  | Flip-flop |   1   |  N  | N  | N  | N  | N  | N  | N  |
|                MAC_34_ac_float_11_1_5_AC_TRN_operator_11_1_5_AC_TRN_acc_1_itm_5_reg                | Flip-flop |   1   |  N  | N  | N  | N  | N  | N  | N  |
|                 MAC_34_r_ac_float_else_r_ac_float_else_r_ac_float_else_or_itm_reg                  | Flip-flop |   1   |  N  | N  | N  | N  | N  | N  | N  |
|                MAC_33_ac_float_11_1_5_AC_TRN_operator_11_1_5_AC_TRN_acc_1_itm_5_reg                | Flip-flop |   1   |  N  | N  | N  | N  | N  | N  | N  |
|                 MAC_33_r_ac_float_else_r_ac_float_else_r_ac_float_else_or_itm_reg                  | Flip-flop |   1   |  N  | N  | N  | N  | N  | N  | N  |
|                MAC_32_ac_float_11_1_5_AC_TRN_operator_11_1_5_AC_TRN_acc_1_itm_5_reg                | Flip-flop |   1   |  N  | N  | N  | N  | N  | N  | N  |
|                 MAC_32_r_ac_float_else_r_ac_float_else_r_ac_float_else_or_itm_reg                  | Flip-flop |   1   |  N  | N  | N  | N  | N  | N  | N  |
|                MAC_31_ac_float_11_1_5_AC_TRN_operator_11_1_5_AC_TRN_acc_1_itm_5_reg                | Flip-flop |   1   |  N  | N  | N  | N  | N  | N  | N  |
|                 MAC_31_r_ac_float_else_r_ac_float_else_r_ac_float_else_or_itm_reg                  | Flip-flop |   1   |  N  | N  | N  | N  | N  | N  | N  |
|                MAC_30_ac_float_11_1_5_AC_TRN_operator_11_1_5_AC_TRN_acc_1_itm_5_reg                | Flip-flop |   1   |  N  | N  | N  | N  | N  | N  | N  |
|                 MAC_30_r_ac_float_else_r_ac_float_else_r_ac_float_else_or_itm_reg                  | Flip-flop |   1   |  N  | N  | N  | N  | N  | N  | N  |
|                MAC_29_ac_float_11_1_5_AC_TRN_operator_11_1_5_AC_TRN_acc_1_itm_5_reg                | Flip-flop |   1   |  N  | N  | N  | N  | N  | N  | N  |
|                 MAC_29_r_ac_float_else_r_ac_float_else_r_ac_float_else_or_itm_reg                  | Flip-flop |   1   |  N  | N  | N  | N  | N  | N  | N  |
|                MAC_28_ac_float_11_1_5_AC_TRN_operator_11_1_5_AC_TRN_acc_1_itm_5_reg                | Flip-flop |   1   |  N  | N  | N  | N  | N  | N  | N  |
|                 MAC_28_r_ac_float_else_r_ac_float_else_r_ac_float_else_or_itm_reg                  | Flip-flop |   1   |  N  | N  | N  | N  | N  | N  | N  |
|                MAC_27_ac_float_11_1_5_AC_TRN_operator_11_1_5_AC_TRN_acc_1_itm_5_reg                | Flip-flop |   1   |  N  | N  | N  | N  | N  | N  | N  |
|                 MAC_27_r_ac_float_else_r_ac_float_else_r_ac_float_else_or_itm_reg                  | Flip-flop |   1   |  N  | N  | N  | N  | N  | N  | N  |
|                MAC_26_ac_float_11_1_5_AC_TRN_operator_11_1_5_AC_TRN_acc_1_itm_5_reg                | Flip-flop |   1   |  N  | N  | N  | N  | N  | N  | N  |
|                 MAC_26_r_ac_float_else_r_ac_float_else_r_ac_float_else_or_itm_reg                  | Flip-flop |   1   |  N  | N  | N  | N  | N  | N  | N  |
|                MAC_25_ac_float_11_1_5_AC_TRN_operator_11_1_5_AC_TRN_acc_1_itm_5_reg                | Flip-flop |   1   |  N  | N  | N  | N  | N  | N  | N  |
|                 MAC_25_r_ac_float_else_r_ac_float_else_r_ac_float_else_or_itm_reg                  | Flip-flop |   1   |  N  | N  | N  | N  | N  | N  | N  |
|                MAC_24_ac_float_11_1_5_AC_TRN_operator_11_1_5_AC_TRN_acc_1_itm_5_reg                | Flip-flop |   1   |  N  | N  | N  | N  | N  | N  | N  |
|                 MAC_24_r_ac_float_else_r_ac_float_else_r_ac_float_else_or_itm_reg                  | Flip-flop |   1   |  N  | N  | N  | N  | N  | N  | N  |
|                MAC_23_ac_float_11_1_5_AC_TRN_operator_11_1_5_AC_TRN_acc_1_itm_5_reg                | Flip-flop |   1   |  N  | N  | N  | N  | N  | N  | N  |
|                 MAC_23_r_ac_float_else_r_ac_float_else_r_ac_float_else_or_itm_reg                  | Flip-flop |   1   |  N  | N  | N  | N  | N  | N  | N  |
|                MAC_22_ac_float_11_1_5_AC_TRN_operator_11_1_5_AC_TRN_acc_1_itm_5_reg                | Flip-flop |   1   |  N  | N  | N  | N  | N  | N  | N  |
|                 MAC_22_r_ac_float_else_r_ac_float_else_r_ac_float_else_or_itm_reg                  | Flip-flop |   1   |  N  | N  | N  | N  | N  | N  | N  |
|                MAC_21_ac_float_11_1_5_AC_TRN_operator_11_1_5_AC_TRN_acc_1_itm_5_reg                | Flip-flop |   1   |  N  | N  | N  | N  | N  | N  | N  |
|                 MAC_21_r_ac_float_else_r_ac_float_else_r_ac_float_else_or_itm_reg                  | Flip-flop |   1   |  N  | N  | N  | N  | N  | N  | N  |
|                MAC_20_ac_float_11_1_5_AC_TRN_operator_11_1_5_AC_TRN_acc_1_itm_5_reg                | Flip-flop |   1   |  N  | N  | N  | N  | N  | N  | N  |
|                 MAC_20_r_ac_float_else_r_ac_float_else_r_ac_float_else_or_itm_reg                  | Flip-flop |   1   |  N  | N  | N  | N  | N  | N  | N  |
|                MAC_19_ac_float_11_1_5_AC_TRN_operator_11_1_5_AC_TRN_acc_1_itm_5_reg                | Flip-flop |   1   |  N  | N  | N  | N  | N  | N  | N  |
|                 MAC_19_r_ac_float_else_r_ac_float_else_r_ac_float_else_or_itm_reg                  | Flip-flop |   1   |  N  | N  | N  | N  | N  | N  | N  |
|                MAC_18_ac_float_11_1_5_AC_TRN_operator_11_1_5_AC_TRN_acc_1_itm_5_reg                | Flip-flop |   1   |  N  | N  | N  | N  | N  | N  | N  |
|                 MAC_18_r_ac_float_else_r_ac_float_else_r_ac_float_else_or_itm_reg                  | Flip-flop |   1   |  N  | N  | N  | N  | N  | N  | N  |
|                MAC_17_ac_float_11_1_5_AC_TRN_operator_11_1_5_AC_TRN_acc_1_itm_5_reg                | Flip-flop |   1   |  N  | N  | N  | N  | N  | N  | N  |
|                 MAC_17_r_ac_float_else_r_ac_float_else_r_ac_float_else_or_itm_reg                  | Flip-flop |   1   |  N  | N  | N  | N  | N  | N  | N  |
|                MAC_16_ac_float_11_1_5_AC_TRN_operator_11_1_5_AC_TRN_acc_1_itm_5_reg                | Flip-flop |   1   |  N  | N  | N  | N  | N  | N  | N  |
|                 MAC_16_r_ac_float_else_r_ac_float_else_r_ac_float_else_or_itm_reg                  | Flip-flop |   1   |  N  | N  | N  | N  | N  | N  | N  |
|                MAC_15_ac_float_11_1_5_AC_TRN_operator_11_1_5_AC_TRN_acc_1_itm_5_reg                | Flip-flop |   1   |  N  | N  | N  | N  | N  | N  | N  |
|                 MAC_15_r_ac_float_else_r_ac_float_else_r_ac_float_else_or_itm_reg                  | Flip-flop |   1   |  N  | N  | N  | N  | N  | N  | N  |
|                MAC_14_ac_float_11_1_5_AC_TRN_operator_11_1_5_AC_TRN_acc_1_itm_5_reg                | Flip-flop |   1   |  N  | N  | N  | N  | N  | N  | N  |
|                 MAC_14_r_ac_float_else_r_ac_float_else_r_ac_float_else_or_itm_reg                  | Flip-flop |   1   |  N  | N  | N  | N  | N  | N  | N  |
|                MAC_13_ac_float_11_1_5_AC_TRN_operator_11_1_5_AC_TRN_acc_1_itm_5_reg                | Flip-flop |   1   |  N  | N  | N  | N  | N  | N  | N  |
|                 MAC_13_r_ac_float_else_r_ac_float_else_r_ac_float_else_or_itm_reg                  | Flip-flop |   1   |  N  | N  | N  | N  | N  | N  | N  |
|                MAC_12_ac_float_11_1_5_AC_TRN_operator_11_1_5_AC_TRN_acc_1_itm_5_reg                | Flip-flop |   1   |  N  | N  | N  | N  | N  | N  | N  |
|                 MAC_12_r_ac_float_else_r_ac_float_else_r_ac_float_else_or_itm_reg                  | Flip-flop |   1   |  N  | N  | N  | N  | N  | N  | N  |
|                 MAC_11_r_ac_float_else_r_ac_float_else_r_ac_float_else_or_itm_reg                  | Flip-flop |   1   |  N  | N  | N  | N  | N  | N  | N  |
|                 MAC_10_r_ac_float_else_r_ac_float_else_r_ac_float_else_or_itm_reg                  | Flip-flop |   1   |  N  | N  | N  | N  | N  | N  | N  |
|                  MAC_9_r_ac_float_else_r_ac_float_else_r_ac_float_else_or_itm_reg                  | Flip-flop |   1   |  N  | N  | N  | N  | N  | N  | N  |
|                  MAC_8_r_ac_float_else_r_ac_float_else_r_ac_float_else_or_itm_reg                  | Flip-flop |   1   |  N  | N  | N  | N  | N  | N  | N  |
|                  MAC_7_r_ac_float_else_r_ac_float_else_r_ac_float_else_or_itm_reg                  | Flip-flop |   1   |  N  | N  | N  | N  | N  | N  | N  |
|                  MAC_6_r_ac_float_else_r_ac_float_else_r_ac_float_else_or_itm_reg                  | Flip-flop |   1   |  N  | N  | N  | N  | N  | N  | N  |
|                  MAC_5_r_ac_float_else_r_ac_float_else_r_ac_float_else_or_itm_reg                  | Flip-flop |   1   |  N  | N  | N  | N  | N  | N  | N  |
|                  MAC_4_r_ac_float_else_r_ac_float_else_r_ac_float_else_or_itm_reg                  | Flip-flop |   1   |  N  | N  | N  | N  | N  | N  | N  |
|                MAC_3_ac_float_11_1_5_AC_TRN_operator_11_1_5_AC_TRN_acc_1_itm_5_reg                 | Flip-flop |   1   |  N  | N  | N  | N  | N  | N  | N  |
|                  MAC_3_r_ac_float_else_r_ac_float_else_r_ac_float_else_or_itm_reg                  | Flip-flop |   1   |  N  | N  | N  | N  | N  | N  | N  |
|                MAC_2_ac_float_11_1_5_AC_TRN_operator_11_1_5_AC_TRN_acc_1_itm_5_reg                 | Flip-flop |   1   |  N  | N  | N  | N  | N  | N  | N  |
|                  MAC_2_r_ac_float_else_r_ac_float_else_r_ac_float_else_or_itm_reg                  | Flip-flop |   1   |  N  | N  | N  | N  | N  | N  | N  |
|                MAC_1_ac_float_11_1_5_AC_TRN_operator_11_1_5_AC_TRN_acc_1_itm_5_reg                 | Flip-flop |   1   |  N  | N  | N  | N  | N  | N  | N  |
|                  MAC_1_r_ac_float_else_r_ac_float_else_r_ac_float_else_or_itm_reg                  | Flip-flop |   1   |  N  | N  | N  | N  | N  | N  | N  |
|                                 reg_return_e_triosy_obj_ld_cse_reg                                 | Flip-flop |   1   |  N  | N  | N  | N  | N  | N  | N  |
|                                  reg_taps_e_triosy_obj_ld_cse_reg                                  | Flip-flop |   1   |  N  | N  | N  | N  | N  | N  | N  |
|                          MAC_1_leading_sign_18_1_1_0_cmp_63_mantissa_reg                           | Flip-flop |  18   |  Y  | N  | N  | N  | N  | N  | N  |
|                          MAC_1_leading_sign_18_1_1_0_cmp_62_mantissa_reg                           | Flip-flop |  18   |  Y  | N  | N  | N  | N  | N  | N  |
|                          MAC_1_leading_sign_18_1_1_0_cmp_61_mantissa_reg                           | Flip-flop |  18   |  Y  | N  | N  | N  | N  | N  | N  |
|                          MAC_1_leading_sign_18_1_1_0_cmp_60_mantissa_reg                           | Flip-flop |  18   |  Y  | N  | N  | N  | N  | N  | N  |
|                          MAC_1_leading_sign_18_1_1_0_cmp_59_mantissa_reg                           | Flip-flop |  18   |  Y  | N  | N  | N  | N  | N  | N  |
|                          MAC_1_leading_sign_18_1_1_0_cmp_58_mantissa_reg                           | Flip-flop |  18   |  Y  | N  | N  | N  | N  | N  | N  |
|                          MAC_1_leading_sign_18_1_1_0_cmp_57_mantissa_reg                           | Flip-flop |  18   |  Y  | N  | N  | N  | N  | N  | N  |
|                          MAC_1_leading_sign_18_1_1_0_cmp_56_mantissa_reg                           | Flip-flop |  18   |  Y  | N  | N  | N  | N  | N  | N  |
|                          MAC_1_leading_sign_18_1_1_0_cmp_55_mantissa_reg                           | Flip-flop |  18   |  Y  | N  | N  | N  | N  | N  | N  |
|                          MAC_1_leading_sign_18_1_1_0_cmp_54_mantissa_reg                           | Flip-flop |  18   |  Y  | N  | N  | N  | N  | N  | N  |
|                          MAC_1_leading_sign_18_1_1_0_cmp_53_mantissa_reg                           | Flip-flop |  18   |  Y  | N  | N  | N  | N  | N  | N  |
|                          MAC_1_leading_sign_18_1_1_0_cmp_52_mantissa_reg                           | Flip-flop |  18   |  Y  | N  | N  | N  | N  | N  | N  |
|                          MAC_1_leading_sign_18_1_1_0_cmp_51_mantissa_reg                           | Flip-flop |  18   |  Y  | N  | N  | N  | N  | N  | N  |
|                          MAC_1_leading_sign_18_1_1_0_cmp_50_mantissa_reg                           | Flip-flop |  18   |  Y  | N  | N  | N  | N  | N  | N  |
|                          MAC_1_leading_sign_18_1_1_0_cmp_49_mantissa_reg                           | Flip-flop |  18   |  Y  | N  | N  | N  | N  | N  | N  |
|                          MAC_1_leading_sign_18_1_1_0_cmp_48_mantissa_reg                           | Flip-flop |  18   |  Y  | N  | N  | N  | N  | N  | N  |
|                          MAC_1_leading_sign_18_1_1_0_cmp_47_mantissa_reg                           | Flip-flop |  18   |  Y  | N  | N  | N  | N  | N  | N  |
|                          MAC_1_leading_sign_18_1_1_0_cmp_46_mantissa_reg                           | Flip-flop |  18   |  Y  | N  | N  | N  | N  | N  | N  |
|                          MAC_1_leading_sign_18_1_1_0_cmp_45_mantissa_reg                           | Flip-flop |  18   |  Y  | N  | N  | N  | N  | N  | N  |
|                          MAC_1_leading_sign_18_1_1_0_cmp_44_mantissa_reg                           | Flip-flop |  18   |  Y  | N  | N  | N  | N  | N  | N  |
|                          MAC_1_leading_sign_18_1_1_0_cmp_43_mantissa_reg                           | Flip-flop |  18   |  Y  | N  | N  | N  | N  | N  | N  |
|                          MAC_1_leading_sign_18_1_1_0_cmp_42_mantissa_reg                           | Flip-flop |  18   |  Y  | N  | N  | N  | N  | N  | N  |
|                          MAC_1_leading_sign_18_1_1_0_cmp_41_mantissa_reg                           | Flip-flop |  18   |  Y  | N  | N  | N  | N  | N  | N  |
|                          MAC_1_leading_sign_18_1_1_0_cmp_40_mantissa_reg                           | Flip-flop |  18   |  Y  | N  | N  | N  | N  | N  | N  |
|                          MAC_1_leading_sign_18_1_1_0_cmp_39_mantissa_reg                           | Flip-flop |  18   |  Y  | N  | N  | N  | N  | N  | N  |
|                          MAC_1_leading_sign_18_1_1_0_cmp_38_mantissa_reg                           | Flip-flop |  18   |  Y  | N  | N  | N  | N  | N  | N  |
|                          MAC_1_leading_sign_18_1_1_0_cmp_37_mantissa_reg                           | Flip-flop |  18   |  Y  | N  | N  | N  | N  | N  | N  |
|                          MAC_1_leading_sign_18_1_1_0_cmp_36_mantissa_reg                           | Flip-flop |  18   |  Y  | N  | N  | N  | N  | N  | N  |
|                          MAC_1_leading_sign_18_1_1_0_cmp_35_mantissa_reg                           | Flip-flop |  18   |  Y  | N  | N  | N  | N  | N  | N  |
|                          MAC_1_leading_sign_18_1_1_0_cmp_34_mantissa_reg                           | Flip-flop |  18   |  Y  | N  | N  | N  | N  | N  | N  |
|                          MAC_1_leading_sign_18_1_1_0_cmp_33_mantissa_reg                           | Flip-flop |  18   |  Y  | N  | N  | N  | N  | N  | N  |
|                          MAC_1_leading_sign_18_1_1_0_cmp_32_mantissa_reg                           | Flip-flop |  18   |  Y  | N  | N  | N  | N  | N  | N  |
|                          MAC_1_leading_sign_18_1_1_0_cmp_31_mantissa_reg                           | Flip-flop |  18   |  Y  | N  | N  | N  | N  | N  | N  |
|                          MAC_1_leading_sign_18_1_1_0_cmp_30_mantissa_reg                           | Flip-flop |  18   |  Y  | N  | N  | N  | N  | N  | N  |
|                          MAC_1_leading_sign_18_1_1_0_cmp_29_mantissa_reg                           | Flip-flop |  18   |  Y  | N  | N  | N  | N  | N  | N  |
|                          MAC_1_leading_sign_18_1_1_0_cmp_28_mantissa_reg                           | Flip-flop |  18   |  Y  | N  | N  | N  | N  | N  | N  |
|                          MAC_1_leading_sign_18_1_1_0_cmp_27_mantissa_reg                           | Flip-flop |  18   |  Y  | N  | N  | N  | N  | N  | N  |
|                          MAC_1_leading_sign_18_1_1_0_cmp_26_mantissa_reg                           | Flip-flop |  18   |  Y  | N  | N  | N  | N  | N  | N  |
|                          MAC_1_leading_sign_18_1_1_0_cmp_25_mantissa_reg                           | Flip-flop |  18   |  Y  | N  | N  | N  | N  | N  | N  |
|                          MAC_1_leading_sign_18_1_1_0_cmp_24_mantissa_reg                           | Flip-flop |  18   |  Y  | N  | N  | N  | N  | N  | N  |
|                          MAC_1_leading_sign_18_1_1_0_cmp_23_mantissa_reg                           | Flip-flop |  18   |  Y  | N  | N  | N  | N  | N  | N  |
|                          MAC_1_leading_sign_18_1_1_0_cmp_22_mantissa_reg                           | Flip-flop |  18   |  Y  | N  | N  | N  | N  | N  | N  |
|                          MAC_1_leading_sign_18_1_1_0_cmp_21_mantissa_reg                           | Flip-flop |  18   |  Y  | N  | N  | N  | N  | N  | N  |
|                          MAC_1_leading_sign_18_1_1_0_cmp_20_mantissa_reg                           | Flip-flop |  18   |  Y  | N  | N  | N  | N  | N  | N  |
|                          MAC_1_leading_sign_18_1_1_0_cmp_19_mantissa_reg                           | Flip-flop |  18   |  Y  | N  | N  | N  | N  | N  | N  |
|                          MAC_1_leading_sign_18_1_1_0_cmp_18_mantissa_reg                           | Flip-flop |  18   |  Y  | N  | N  | N  | N  | N  | N  |
|                          MAC_1_leading_sign_18_1_1_0_cmp_17_mantissa_reg                           | Flip-flop |  18   |  Y  | N  | N  | N  | N  | N  | N  |
|                          MAC_1_leading_sign_18_1_1_0_cmp_16_mantissa_reg                           | Flip-flop |  18   |  Y  | N  | N  | N  | N  | N  | N  |
|                          MAC_1_leading_sign_18_1_1_0_cmp_15_mantissa_reg                           | Flip-flop |  18   |  Y  | N  | N  | N  | N  | N  | N  |
|                          MAC_1_leading_sign_18_1_1_0_cmp_14_mantissa_reg                           | Flip-flop |  18   |  Y  | N  | N  | N  | N  | N  | N  |
|                          MAC_1_leading_sign_18_1_1_0_cmp_13_mantissa_reg                           | Flip-flop |  18   |  Y  | N  | N  | N  | N  | N  | N  |
|                          MAC_1_leading_sign_18_1_1_0_cmp_12_mantissa_reg                           | Flip-flop |  18   |  Y  | N  | N  | N  | N  | N  | N  |
|                          MAC_1_leading_sign_18_1_1_0_cmp_11_mantissa_reg                           | Flip-flop |  18   |  Y  | N  | N  | N  | N  | N  | N  |
|                          MAC_1_leading_sign_18_1_1_0_cmp_10_mantissa_reg                           | Flip-flop |  18   |  Y  | N  | N  | N  | N  | N  | N  |
|                           MAC_1_leading_sign_18_1_1_0_cmp_9_mantissa_reg                           | Flip-flop |  18   |  Y  | N  | N  | N  | N  | N  | N  |
|                           MAC_1_leading_sign_18_1_1_0_cmp_8_mantissa_reg                           | Flip-flop |  18   |  Y  | N  | N  | N  | N  | N  | N  |
|                           MAC_1_leading_sign_18_1_1_0_cmp_7_mantissa_reg                           | Flip-flop |  18   |  Y  | N  | N  | N  | N  | N  | N  |
|                           MAC_1_leading_sign_18_1_1_0_cmp_6_mantissa_reg                           | Flip-flop |  18   |  Y  | N  | N  | N  | N  | N  | N  |
|                           MAC_1_leading_sign_18_1_1_0_cmp_5_mantissa_reg                           | Flip-flop |  18   |  Y  | N  | N  | N  | N  | N  | N  |
|                           MAC_1_leading_sign_18_1_1_0_cmp_4_mantissa_reg                           | Flip-flop |  18   |  Y  | N  | N  | N  | N  | N  | N  |
|                           MAC_1_leading_sign_18_1_1_0_cmp_3_mantissa_reg                           | Flip-flop |  18   |  Y  | N  | N  | N  | N  | N  | N  |
|                           MAC_1_leading_sign_18_1_1_0_cmp_2_mantissa_reg                           | Flip-flop |  18   |  Y  | N  | N  | N  | N  | N  | N  |
|                           MAC_1_leading_sign_18_1_1_0_cmp_1_mantissa_reg                           | Flip-flop |  18   |  Y  | N  | N  | N  | N  | N  | N  |
|                            MAC_1_leading_sign_18_1_1_0_cmp_mantissa_reg                            | Flip-flop |  18   |  Y  | N  | N  | N  | N  | N  | N  |
|          ac_float_cctor_assign_from_n32_31_22_2_AC_TRN_AC_WRAP_qr_6_0_34_lpi_1_dfm_6_reg           | Flip-flop |   1   |  N  | N  | N  | N  | N  | N  | N  |
|          ac_float_cctor_assign_from_n32_31_22_2_AC_TRN_AC_WRAP_qr_6_0_34_lpi_1_dfm_5_reg           | Flip-flop |   1   |  N  | N  | N  | N  | N  | N  | N  |
|          ac_float_cctor_assign_from_n32_31_22_2_AC_TRN_AC_WRAP_qr_6_0_35_lpi_1_dfm_6_reg           | Flip-flop |   1   |  N  | N  | N  | N  | N  | N  | N  |
|          ac_float_cctor_assign_from_n32_31_22_2_AC_TRN_AC_WRAP_qr_6_0_35_lpi_1_dfm_5_reg           | Flip-flop |   1   |  N  | N  | N  | N  | N  | N  | N  |
|          ac_float_cctor_assign_from_n32_31_22_2_AC_TRN_AC_WRAP_qr_6_0_36_lpi_1_dfm_6_reg           | Flip-flop |   1   |  N  | N  | N  | N  | N  | N  | N  |
|          ac_float_cctor_assign_from_n32_31_22_2_AC_TRN_AC_WRAP_qr_6_0_36_lpi_1_dfm_5_reg           | Flip-flop |   1   |  N  | N  | N  | N  | N  | N  | N  |
|          ac_float_cctor_assign_from_n32_31_22_2_AC_TRN_AC_WRAP_qr_6_0_37_lpi_1_dfm_6_reg           | Flip-flop |   1   |  N  | N  | N  | N  | N  | N  | N  |
|          ac_float_cctor_assign_from_n32_31_22_2_AC_TRN_AC_WRAP_qr_6_0_37_lpi_1_dfm_5_reg           | Flip-flop |   1   |  N  | N  | N  | N  | N  | N  | N  |
|          ac_float_cctor_assign_from_n32_31_22_2_AC_TRN_AC_WRAP_qr_6_0_38_lpi_1_dfm_6_reg           | Flip-flop |   1   |  N  | N  | N  | N  | N  | N  | N  |
|          ac_float_cctor_assign_from_n32_31_22_2_AC_TRN_AC_WRAP_qr_6_0_38_lpi_1_dfm_5_reg           | Flip-flop |   1   |  N  | N  | N  | N  | N  | N  | N  |
|          ac_float_cctor_assign_from_n32_31_22_2_AC_TRN_AC_WRAP_qr_6_0_39_lpi_1_dfm_6_reg           | Flip-flop |   1   |  N  | N  | N  | N  | N  | N  | N  |
|          ac_float_cctor_assign_from_n32_31_22_2_AC_TRN_AC_WRAP_qr_6_0_39_lpi_1_dfm_5_reg           | Flip-flop |   1   |  N  | N  | N  | N  | N  | N  | N  |
|          ac_float_cctor_assign_from_n32_31_22_2_AC_TRN_AC_WRAP_qr_6_0_40_lpi_1_dfm_6_reg           | Flip-flop |   1   |  N  | N  | N  | N  | N  | N  | N  |
|          ac_float_cctor_assign_from_n32_31_22_2_AC_TRN_AC_WRAP_qr_6_0_40_lpi_1_dfm_5_reg           | Flip-flop |   1   |  N  | N  | N  | N  | N  | N  | N  |
|          ac_float_cctor_assign_from_n32_31_22_2_AC_TRN_AC_WRAP_qr_6_0_41_lpi_1_dfm_6_reg           | Flip-flop |   1   |  N  | N  | N  | N  | N  | N  | N  |
|          ac_float_cctor_assign_from_n32_31_22_2_AC_TRN_AC_WRAP_qr_6_0_41_lpi_1_dfm_5_reg           | Flip-flop |   1   |  N  | N  | N  | N  | N  | N  | N  |
|          ac_float_cctor_assign_from_n32_31_22_2_AC_TRN_AC_WRAP_qr_6_0_42_lpi_1_dfm_6_reg           | Flip-flop |   1   |  N  | N  | N  | N  | N  | N  | N  |
|          ac_float_cctor_assign_from_n32_31_22_2_AC_TRN_AC_WRAP_qr_6_0_42_lpi_1_dfm_5_reg           | Flip-flop |   1   |  N  | N  | N  | N  | N  | N  | N  |
|          ac_float_cctor_assign_from_n32_31_22_2_AC_TRN_AC_WRAP_qr_6_0_43_lpi_1_dfm_6_reg           | Flip-flop |   1   |  N  | N  | N  | N  | N  | N  | N  |
|          ac_float_cctor_assign_from_n32_31_22_2_AC_TRN_AC_WRAP_qr_6_0_43_lpi_1_dfm_5_reg           | Flip-flop |   1   |  N  | N  | N  | N  | N  | N  | N  |
|          ac_float_cctor_assign_from_n32_31_22_2_AC_TRN_AC_WRAP_qr_6_0_44_lpi_1_dfm_6_reg           | Flip-flop |   1   |  N  | N  | N  | N  | N  | N  | N  |
|          ac_float_cctor_assign_from_n32_31_22_2_AC_TRN_AC_WRAP_qr_6_0_44_lpi_1_dfm_5_reg           | Flip-flop |   1   |  N  | N  | N  | N  | N  | N  | N  |
|          ac_float_cctor_assign_from_n32_31_22_2_AC_TRN_AC_WRAP_qr_6_0_45_lpi_1_dfm_6_reg           | Flip-flop |   1   |  N  | N  | N  | N  | N  | N  | N  |
|          ac_float_cctor_assign_from_n32_31_22_2_AC_TRN_AC_WRAP_qr_6_0_45_lpi_1_dfm_5_reg           | Flip-flop |   1   |  N  | N  | N  | N  | N  | N  | N  |
|          ac_float_cctor_assign_from_n32_31_22_2_AC_TRN_AC_WRAP_qr_6_0_46_lpi_1_dfm_6_reg           | Flip-flop |   1   |  N  | N  | N  | N  | N  | N  | N  |
|          ac_float_cctor_assign_from_n32_31_22_2_AC_TRN_AC_WRAP_qr_6_0_46_lpi_1_dfm_5_reg           | Flip-flop |   1   |  N  | N  | N  | N  | N  | N  | N  |
|          ac_float_cctor_assign_from_n32_31_22_2_AC_TRN_AC_WRAP_qr_6_0_47_lpi_1_dfm_6_reg           | Flip-flop |   1   |  N  | N  | N  | N  | N  | N  | N  |
|          ac_float_cctor_assign_from_n32_31_22_2_AC_TRN_AC_WRAP_qr_6_0_47_lpi_1_dfm_5_reg           | Flip-flop |   1   |  N  | N  | N  | N  | N  | N  | N  |
|          ac_float_cctor_assign_from_n32_31_22_2_AC_TRN_AC_WRAP_qr_6_0_48_lpi_1_dfm_6_reg           | Flip-flop |   1   |  N  | N  | N  | N  | N  | N  | N  |
|          ac_float_cctor_assign_from_n32_31_22_2_AC_TRN_AC_WRAP_qr_6_0_48_lpi_1_dfm_5_reg           | Flip-flop |   1   |  N  | N  | N  | N  | N  | N  | N  |
|          ac_float_cctor_assign_from_n32_31_22_2_AC_TRN_AC_WRAP_qr_6_0_49_lpi_1_dfm_6_reg           | Flip-flop |   1   |  N  | N  | N  | N  | N  | N  | N  |
|          ac_float_cctor_assign_from_n32_31_22_2_AC_TRN_AC_WRAP_qr_6_0_49_lpi_1_dfm_5_reg           | Flip-flop |   1   |  N  | N  | N  | N  | N  | N  | N  |
|          ac_float_cctor_assign_from_n32_31_22_2_AC_TRN_AC_WRAP_qr_6_0_50_lpi_1_dfm_6_reg           | Flip-flop |   1   |  N  | N  | N  | N  | N  | N  | N  |
|          ac_float_cctor_assign_from_n32_31_22_2_AC_TRN_AC_WRAP_qr_6_0_50_lpi_1_dfm_5_reg           | Flip-flop |   1   |  N  | N  | N  | N  | N  | N  | N  |
|          ac_float_cctor_assign_from_n32_31_22_2_AC_TRN_AC_WRAP_qr_6_0_51_lpi_1_dfm_6_reg           | Flip-flop |   1   |  N  | N  | N  | N  | N  | N  | N  |
|          ac_float_cctor_assign_from_n32_31_22_2_AC_TRN_AC_WRAP_qr_6_0_51_lpi_1_dfm_5_reg           | Flip-flop |   1   |  N  | N  | N  | N  | N  | N  | N  |
|          ac_float_cctor_assign_from_n32_31_22_2_AC_TRN_AC_WRAP_qr_6_0_52_lpi_1_dfm_6_reg           | Flip-flop |   1   |  N  | N  | N  | N  | N  | N  | N  |
|          ac_float_cctor_assign_from_n32_31_22_2_AC_TRN_AC_WRAP_qr_6_0_52_lpi_1_dfm_5_reg           | Flip-flop |   1   |  N  | N  | N  | N  | N  | N  | N  |
|          ac_float_cctor_assign_from_n32_31_22_2_AC_TRN_AC_WRAP_qr_6_0_53_lpi_1_dfm_6_reg           | Flip-flop |   1   |  N  | N  | N  | N  | N  | N  | N  |
|          ac_float_cctor_assign_from_n32_31_22_2_AC_TRN_AC_WRAP_qr_6_0_53_lpi_1_dfm_5_reg           | Flip-flop |   1   |  N  | N  | N  | N  | N  | N  | N  |
|          ac_float_cctor_assign_from_n32_31_22_2_AC_TRN_AC_WRAP_qr_6_0_54_lpi_1_dfm_6_reg           | Flip-flop |   1   |  N  | N  | N  | N  | N  | N  | N  |
|          ac_float_cctor_assign_from_n32_31_22_2_AC_TRN_AC_WRAP_qr_6_0_54_lpi_1_dfm_5_reg           | Flip-flop |   1   |  N  | N  | N  | N  | N  | N  | N  |
|          ac_float_cctor_assign_from_n32_31_22_2_AC_TRN_AC_WRAP_qr_6_0_55_lpi_1_dfm_6_reg           | Flip-flop |   1   |  N  | N  | N  | N  | N  | N  | N  |
|          ac_float_cctor_assign_from_n32_31_22_2_AC_TRN_AC_WRAP_qr_6_0_55_lpi_1_dfm_5_reg           | Flip-flop |   1   |  N  | N  | N  | N  | N  | N  | N  |
|          ac_float_cctor_assign_from_n32_31_22_2_AC_TRN_AC_WRAP_qr_6_0_56_lpi_1_dfm_6_reg           | Flip-flop |   1   |  N  | N  | N  | N  | N  | N  | N  |
|          ac_float_cctor_assign_from_n32_31_22_2_AC_TRN_AC_WRAP_qr_6_0_56_lpi_1_dfm_5_reg           | Flip-flop |   1   |  N  | N  | N  | N  | N  | N  | N  |
|          ac_float_cctor_assign_from_n32_31_22_2_AC_TRN_AC_WRAP_qr_6_0_57_lpi_1_dfm_6_reg           | Flip-flop |   1   |  N  | N  | N  | N  | N  | N  | N  |
|          ac_float_cctor_assign_from_n32_31_22_2_AC_TRN_AC_WRAP_qr_6_0_57_lpi_1_dfm_5_reg           | Flip-flop |   1   |  N  | N  | N  | N  | N  | N  | N  |
|          ac_float_cctor_assign_from_n32_31_22_2_AC_TRN_AC_WRAP_qr_6_0_58_lpi_1_dfm_6_reg           | Flip-flop |   1   |  N  | N  | N  | N  | N  | N  | N  |
|          ac_float_cctor_assign_from_n32_31_22_2_AC_TRN_AC_WRAP_qr_6_0_58_lpi_1_dfm_5_reg           | Flip-flop |   1   |  N  | N  | N  | N  | N  | N  | N  |
|          ac_float_cctor_assign_from_n32_31_22_2_AC_TRN_AC_WRAP_qr_6_0_59_lpi_1_dfm_6_reg           | Flip-flop |   1   |  N  | N  | N  | N  | N  | N  | N  |
|          ac_float_cctor_assign_from_n32_31_22_2_AC_TRN_AC_WRAP_qr_6_0_59_lpi_1_dfm_5_reg           | Flip-flop |   1   |  N  | N  | N  | N  | N  | N  | N  |
|          ac_float_cctor_assign_from_n32_31_22_2_AC_TRN_AC_WRAP_qr_6_0_60_lpi_1_dfm_6_reg           | Flip-flop |   1   |  N  | N  | N  | N  | N  | N  | N  |
|          ac_float_cctor_assign_from_n32_31_22_2_AC_TRN_AC_WRAP_qr_6_0_60_lpi_1_dfm_5_reg           | Flip-flop |   1   |  N  | N  | N  | N  | N  | N  | N  |
|          ac_float_cctor_assign_from_n32_31_22_2_AC_TRN_AC_WRAP_qr_6_0_61_lpi_1_dfm_6_reg           | Flip-flop |   1   |  N  | N  | N  | N  | N  | N  | N  |
|          ac_float_cctor_assign_from_n32_31_22_2_AC_TRN_AC_WRAP_qr_6_0_61_lpi_1_dfm_5_reg           | Flip-flop |   1   |  N  | N  | N  | N  | N  | N  | N  |
|          ac_float_cctor_assign_from_n32_31_22_2_AC_TRN_AC_WRAP_qr_6_0_62_lpi_1_dfm_6_reg           | Flip-flop |   1   |  N  | N  | N  | N  | N  | N  | N  |
|          ac_float_cctor_assign_from_n32_31_22_2_AC_TRN_AC_WRAP_qr_6_0_62_lpi_1_dfm_5_reg           | Flip-flop |   1   |  N  | N  | N  | N  | N  | N  | N  |
|          ac_float_cctor_assign_from_n32_31_22_2_AC_TRN_AC_WRAP_qr_6_0_63_lpi_1_dfm_6_reg           | Flip-flop |   1   |  N  | N  | N  | N  | N  | N  | N  |
|          ac_float_cctor_assign_from_n32_31_22_2_AC_TRN_AC_WRAP_qr_6_0_63_lpi_1_dfm_5_reg           | Flip-flop |   1   |  N  | N  | N  | N  | N  | N  | N  |
|           ac_float_cctor_assign_from_n32_31_22_2_AC_TRN_AC_WRAP_qr_6_0_lpi_1_dfm_6_5_reg           | Flip-flop |   2   |  Y  | N  | N  | N  | N  | N  | N  |
|        ac_float_cctor_assign_from_n32_31_22_2_AC_TRN_AC_WRAP_else_1_shift_l_mux_10_itm_reg         | Flip-flop |   4   |  Y  | N  | N  | N  | N  | N  | N  |
| ac_float_cctor_assign_from_n32_31_22_2_AC_TRN_AC_WRAP_actual_max_shift_left_acc_psp_4_sva_2_1_reg  | Flip-flop |   2   |  Y  | N  | N  | N  | N  | N  | N  |
|        ac_float_cctor_assign_from_n32_31_22_2_AC_TRN_AC_WRAP_else_1_shift_l_mux_13_itm_reg         | Flip-flop |   4   |  Y  | N  | N  | N  | N  | N  | N  |
| ac_float_cctor_assign_from_n32_31_22_2_AC_TRN_AC_WRAP_actual_max_shift_left_acc_psp_5_sva_2_1_reg  | Flip-flop |   2   |  Y  | N  | N  | N  | N  | N  | N  |
| ac_float_cctor_assign_from_n32_31_22_2_AC_TRN_AC_WRAP_actual_max_shift_left_acc_psp_6_sva_2_1_reg  | Flip-flop |   2   |  Y  | N  | N  | N  | N  | N  | N  |
| ac_float_cctor_assign_from_n32_31_22_2_AC_TRN_AC_WRAP_actual_max_shift_left_acc_psp_7_sva_2_1_reg  | Flip-flop |   2   |  Y  | N  | N  | N  | N  | N  | N  |
|        ac_float_cctor_assign_from_n32_31_22_2_AC_TRN_AC_WRAP_else_1_shift_l_mux_22_itm_reg         | Flip-flop |   4   |  Y  | N  | N  | N  | N  | N  | N  |
| ac_float_cctor_assign_from_n32_31_22_2_AC_TRN_AC_WRAP_actual_max_shift_left_acc_psp_8_sva_2_1_reg  | Flip-flop |   2   |  Y  | N  | N  | N  | N  | N  | N  |
|        ac_float_cctor_assign_from_n32_31_22_2_AC_TRN_AC_WRAP_else_1_shift_l_mux_25_itm_reg         | Flip-flop |   4   |  Y  | N  | N  | N  | N  | N  | N  |
==============================================================================================================================================================

Inferred memory devices in process
	in routine fir_core line 20909 in file
		'./rtl/fir_core.v'.
==================================================================================================================================
|                             Register Name                              |   Type    | Width | Bus | MB | AR | AS | SR | SS | ST |
==================================================================================================================================
| MAC_40_ac_float_11_1_5_AC_TRN_operator_11_1_5_AC_TRN_acc_1_itm_4_0_reg | Flip-flop |   5   |  Y  | N  | N  | N  | N  | N  | N  |
==================================================================================================================================

Inferred memory devices in process
	in routine fir_core line 20920 in file
		'./rtl/fir_core.v'.
==================================================================================================================================
|                             Register Name                              |   Type    | Width | Bus | MB | AR | AS | SR | SS | ST |
==================================================================================================================================
| MAC_39_ac_float_11_1_5_AC_TRN_operator_11_1_5_AC_TRN_acc_1_itm_4_0_reg | Flip-flop |   5   |  Y  | N  | N  | N  | N  | N  | N  |
==================================================================================================================================

Inferred memory devices in process
	in routine fir_core line 20931 in file
		'./rtl/fir_core.v'.
==================================================================================================================================
|                             Register Name                              |   Type    | Width | Bus | MB | AR | AS | SR | SS | ST |
==================================================================================================================================
| MAC_38_ac_float_11_1_5_AC_TRN_operator_11_1_5_AC_TRN_acc_1_itm_4_0_reg | Flip-flop |   5   |  Y  | N  | N  | N  | N  | N  | N  |
==================================================================================================================================

Inferred memory devices in process
	in routine fir_core line 20942 in file
		'./rtl/fir_core.v'.
==================================================================================================================================
|                             Register Name                              |   Type    | Width | Bus | MB | AR | AS | SR | SS | ST |
==================================================================================================================================
| MAC_37_ac_float_11_1_5_AC_TRN_operator_11_1_5_AC_TRN_acc_1_itm_4_0_reg | Flip-flop |   5   |  Y  | N  | N  | N  | N  | N  | N  |
==================================================================================================================================

Inferred memory devices in process
	in routine fir_core line 20953 in file
		'./rtl/fir_core.v'.
==================================================================================================================================
|                             Register Name                              |   Type    | Width | Bus | MB | AR | AS | SR | SS | ST |
==================================================================================================================================
| MAC_36_ac_float_11_1_5_AC_TRN_operator_11_1_5_AC_TRN_acc_1_itm_4_0_reg | Flip-flop |   5   |  Y  | N  | N  | N  | N  | N  | N  |
==================================================================================================================================

Inferred memory devices in process
	in routine fir_core line 20964 in file
		'./rtl/fir_core.v'.
==================================================================================================================================
|                             Register Name                              |   Type    | Width | Bus | MB | AR | AS | SR | SS | ST |
==================================================================================================================================
| MAC_35_ac_float_11_1_5_AC_TRN_operator_11_1_5_AC_TRN_acc_1_itm_4_0_reg | Flip-flop |   5   |  Y  | N  | N  | N  | N  | N  | N  |
==================================================================================================================================

Inferred memory devices in process
	in routine fir_core line 20975 in file
		'./rtl/fir_core.v'.
==================================================================================================================================
|                             Register Name                              |   Type    | Width | Bus | MB | AR | AS | SR | SS | ST |
==================================================================================================================================
| MAC_34_ac_float_11_1_5_AC_TRN_operator_11_1_5_AC_TRN_acc_1_itm_4_0_reg | Flip-flop |   5   |  Y  | N  | N  | N  | N  | N  | N  |
==================================================================================================================================

Inferred memory devices in process
	in routine fir_core line 20986 in file
		'./rtl/fir_core.v'.
==================================================================================================================================
|                             Register Name                              |   Type    | Width | Bus | MB | AR | AS | SR | SS | ST |
==================================================================================================================================
| MAC_33_ac_float_11_1_5_AC_TRN_operator_11_1_5_AC_TRN_acc_1_itm_4_0_reg | Flip-flop |   5   |  Y  | N  | N  | N  | N  | N  | N  |
==================================================================================================================================

Inferred memory devices in process
	in routine fir_core line 20997 in file
		'./rtl/fir_core.v'.
==================================================================================================================================
|                             Register Name                              |   Type    | Width | Bus | MB | AR | AS | SR | SS | ST |
==================================================================================================================================
| MAC_32_ac_float_11_1_5_AC_TRN_operator_11_1_5_AC_TRN_acc_1_itm_4_0_reg | Flip-flop |   5   |  Y  | N  | N  | N  | N  | N  | N  |
==================================================================================================================================

Inferred memory devices in process
	in routine fir_core line 21008 in file
		'./rtl/fir_core.v'.
==================================================================================================================================
|                             Register Name                              |   Type    | Width | Bus | MB | AR | AS | SR | SS | ST |
==================================================================================================================================
| MAC_31_ac_float_11_1_5_AC_TRN_operator_11_1_5_AC_TRN_acc_1_itm_4_0_reg | Flip-flop |   5   |  Y  | N  | N  | N  | N  | N  | N  |
==================================================================================================================================

Inferred memory devices in process
	in routine fir_core line 21019 in file
		'./rtl/fir_core.v'.
==================================================================================================================================
|                             Register Name                              |   Type    | Width | Bus | MB | AR | AS | SR | SS | ST |
==================================================================================================================================
| MAC_30_ac_float_11_1_5_AC_TRN_operator_11_1_5_AC_TRN_acc_1_itm_4_0_reg | Flip-flop |   5   |  Y  | N  | N  | N  | N  | N  | N  |
==================================================================================================================================

Inferred memory devices in process
	in routine fir_core line 21030 in file
		'./rtl/fir_core.v'.
==================================================================================================================================
|                             Register Name                              |   Type    | Width | Bus | MB | AR | AS | SR | SS | ST |
==================================================================================================================================
| MAC_29_ac_float_11_1_5_AC_TRN_operator_11_1_5_AC_TRN_acc_1_itm_4_0_reg | Flip-flop |   5   |  Y  | N  | N  | N  | N  | N  | N  |
==================================================================================================================================

Inferred memory devices in process
	in routine fir_core line 21041 in file
		'./rtl/fir_core.v'.
==================================================================================================================================
|                             Register Name                              |   Type    | Width | Bus | MB | AR | AS | SR | SS | ST |
==================================================================================================================================
| MAC_28_ac_float_11_1_5_AC_TRN_operator_11_1_5_AC_TRN_acc_1_itm_4_0_reg | Flip-flop |   5   |  Y  | N  | N  | N  | N  | N  | N  |
==================================================================================================================================

Inferred memory devices in process
	in routine fir_core line 21052 in file
		'./rtl/fir_core.v'.
==================================================================================================================================
|                             Register Name                              |   Type    | Width | Bus | MB | AR | AS | SR | SS | ST |
==================================================================================================================================
| MAC_27_ac_float_11_1_5_AC_TRN_operator_11_1_5_AC_TRN_acc_1_itm_4_0_reg | Flip-flop |   5   |  Y  | N  | N  | N  | N  | N  | N  |
==================================================================================================================================

Inferred memory devices in process
	in routine fir_core line 21063 in file
		'./rtl/fir_core.v'.
==================================================================================================================================
|                             Register Name                              |   Type    | Width | Bus | MB | AR | AS | SR | SS | ST |
==================================================================================================================================
| MAC_26_ac_float_11_1_5_AC_TRN_operator_11_1_5_AC_TRN_acc_1_itm_4_0_reg | Flip-flop |   5   |  Y  | N  | N  | N  | N  | N  | N  |
==================================================================================================================================

Inferred memory devices in process
	in routine fir_core line 21074 in file
		'./rtl/fir_core.v'.
==================================================================================================================================
|                             Register Name                              |   Type    | Width | Bus | MB | AR | AS | SR | SS | ST |
==================================================================================================================================
| MAC_25_ac_float_11_1_5_AC_TRN_operator_11_1_5_AC_TRN_acc_1_itm_4_0_reg | Flip-flop |   5   |  Y  | N  | N  | N  | N  | N  | N  |
==================================================================================================================================

Inferred memory devices in process
	in routine fir_core line 21085 in file
		'./rtl/fir_core.v'.
==================================================================================================================================
|                             Register Name                              |   Type    | Width | Bus | MB | AR | AS | SR | SS | ST |
==================================================================================================================================
| MAC_24_ac_float_11_1_5_AC_TRN_operator_11_1_5_AC_TRN_acc_1_itm_4_0_reg | Flip-flop |   5   |  Y  | N  | N  | N  | N  | N  | N  |
==================================================================================================================================

Inferred memory devices in process
	in routine fir_core line 21096 in file
		'./rtl/fir_core.v'.
==================================================================================================================================
|                             Register Name                              |   Type    | Width | Bus | MB | AR | AS | SR | SS | ST |
==================================================================================================================================
| MAC_23_ac_float_11_1_5_AC_TRN_operator_11_1_5_AC_TRN_acc_1_itm_4_0_reg | Flip-flop |   5   |  Y  | N  | N  | N  | N  | N  | N  |
==================================================================================================================================

Inferred memory devices in process
	in routine fir_core line 21107 in file
		'./rtl/fir_core.v'.
==================================================================================================================================
|                             Register Name                              |   Type    | Width | Bus | MB | AR | AS | SR | SS | ST |
==================================================================================================================================
| MAC_22_ac_float_11_1_5_AC_TRN_operator_11_1_5_AC_TRN_acc_1_itm_4_0_reg | Flip-flop |   5   |  Y  | N  | N  | N  | N  | N  | N  |
==================================================================================================================================

Inferred memory devices in process
	in routine fir_core line 21118 in file
		'./rtl/fir_core.v'.
==================================================================================================================================
|                             Register Name                              |   Type    | Width | Bus | MB | AR | AS | SR | SS | ST |
==================================================================================================================================
| MAC_20_ac_float_11_1_5_AC_TRN_operator_11_1_5_AC_TRN_acc_1_itm_4_0_reg | Flip-flop |   5   |  Y  | N  | N  | N  | N  | N  | N  |
==================================================================================================================================

Inferred memory devices in process
	in routine fir_core line 21129 in file
		'./rtl/fir_core.v'.
==================================================================================================================================
|                             Register Name                              |   Type    | Width | Bus | MB | AR | AS | SR | SS | ST |
==================================================================================================================================
| MAC_19_ac_float_11_1_5_AC_TRN_operator_11_1_5_AC_TRN_acc_1_itm_4_0_reg | Flip-flop |   5   |  Y  | N  | N  | N  | N  | N  | N  |
==================================================================================================================================

Inferred memory devices in process
	in routine fir_core line 21140 in file
		'./rtl/fir_core.v'.
==================================================================================================================================
|                             Register Name                              |   Type    | Width | Bus | MB | AR | AS | SR | SS | ST |
==================================================================================================================================
| MAC_18_ac_float_11_1_5_AC_TRN_operator_11_1_5_AC_TRN_acc_1_itm_4_0_reg | Flip-flop |   5   |  Y  | N  | N  | N  | N  | N  | N  |
==================================================================================================================================

Inferred memory devices in process
	in routine fir_core line 21151 in file
		'./rtl/fir_core.v'.
==================================================================================================================================
|                             Register Name                              |   Type    | Width | Bus | MB | AR | AS | SR | SS | ST |
==================================================================================================================================
| MAC_17_ac_float_11_1_5_AC_TRN_operator_11_1_5_AC_TRN_acc_1_itm_4_0_reg | Flip-flop |   5   |  Y  | N  | N  | N  | N  | N  | N  |
==================================================================================================================================

Inferred memory devices in process
	in routine fir_core line 21162 in file
		'./rtl/fir_core.v'.
==================================================================================================================================
|                             Register Name                              |   Type    | Width | Bus | MB | AR | AS | SR | SS | ST |
==================================================================================================================================
| MAC_16_ac_float_11_1_5_AC_TRN_operator_11_1_5_AC_TRN_acc_1_itm_4_0_reg | Flip-flop |   5   |  Y  | N  | N  | N  | N  | N  | N  |
==================================================================================================================================

Inferred memory devices in process
	in routine fir_core line 21173 in file
		'./rtl/fir_core.v'.
==================================================================================================================================
|                             Register Name                              |   Type    | Width | Bus | MB | AR | AS | SR | SS | ST |
==================================================================================================================================
| MAC_15_ac_float_11_1_5_AC_TRN_operator_11_1_5_AC_TRN_acc_1_itm_4_0_reg | Flip-flop |   5   |  Y  | N  | N  | N  | N  | N  | N  |
==================================================================================================================================

Inferred memory devices in process
	in routine fir_core line 21184 in file
		'./rtl/fir_core.v'.
==================================================================================================================================
|                             Register Name                              |   Type    | Width | Bus | MB | AR | AS | SR | SS | ST |
==================================================================================================================================
| MAC_14_ac_float_11_1_5_AC_TRN_operator_11_1_5_AC_TRN_acc_1_itm_4_0_reg | Flip-flop |   5   |  Y  | N  | N  | N  | N  | N  | N  |
==================================================================================================================================

Inferred memory devices in process
	in routine fir_core line 21195 in file
		'./rtl/fir_core.v'.
==================================================================================================================================
|                             Register Name                              |   Type    | Width | Bus | MB | AR | AS | SR | SS | ST |
==================================================================================================================================
| MAC_13_ac_float_11_1_5_AC_TRN_operator_11_1_5_AC_TRN_acc_1_itm_4_0_reg | Flip-flop |   5   |  Y  | N  | N  | N  | N  | N  | N  |
==================================================================================================================================

Inferred memory devices in process
	in routine fir_core line 21206 in file
		'./rtl/fir_core.v'.
==================================================================================================================================
|                             Register Name                              |   Type    | Width | Bus | MB | AR | AS | SR | SS | ST |
==================================================================================================================================
| MAC_12_ac_float_11_1_5_AC_TRN_operator_11_1_5_AC_TRN_acc_1_itm_4_0_reg | Flip-flop |   5   |  Y  | N  | N  | N  | N  | N  | N  |
==================================================================================================================================

Inferred memory devices in process
	in routine fir_core line 21217 in file
		'./rtl/fir_core.v'.
=================================================================================================================================
|                             Register Name                             |   Type    | Width | Bus | MB | AR | AS | SR | SS | ST |
=================================================================================================================================
| MAC_3_ac_float_11_1_5_AC_TRN_operator_11_1_5_AC_TRN_acc_1_itm_4_0_reg | Flip-flop |   5   |  Y  | N  | N  | N  | N  | N  | N  |
=================================================================================================================================

Inferred memory devices in process
	in routine fir_core line 21228 in file
		'./rtl/fir_core.v'.
=================================================================================================================================
|                             Register Name                             |   Type    | Width | Bus | MB | AR | AS | SR | SS | ST |
=================================================================================================================================
| MAC_2_ac_float_11_1_5_AC_TRN_operator_11_1_5_AC_TRN_acc_1_itm_4_0_reg | Flip-flop |   5   |  Y  | N  | N  | N  | N  | N  | N  |
=================================================================================================================================

Inferred memory devices in process
	in routine fir_core line 21239 in file
		'./rtl/fir_core.v'.
=================================================================================================================================
|                             Register Name                             |   Type    | Width | Bus | MB | AR | AS | SR | SS | ST |
=================================================================================================================================
| MAC_1_ac_float_11_1_5_AC_TRN_operator_11_1_5_AC_TRN_acc_1_itm_4_0_reg | Flip-flop |   5   |  Y  | N  | N  | N  | N  | N  | N  |
=================================================================================================================================

Inferred memory devices in process
	in routine fir_core line 21250 in file
		'./rtl/fir_core.v'.
==================================================================================
|     Register Name      |   Type    | Width | Bus | MB | AR | AS | SR | SS | ST |
==================================================================================
| delay_lane_e_1_sva_reg | Flip-flop |   5   |  Y  | N  | N  | N  | N  | N  | N  |
==================================================================================

Inferred memory devices in process
	in routine fir_core line 21258 in file
		'./rtl/fir_core.v'.
==================================================================================
|     Register Name      |   Type    | Width | Bus | MB | AR | AS | SR | SS | ST |
==================================================================================
| delay_lane_m_1_sva_reg | Flip-flop |  11   |  Y  | N  | N  | N  | N  | N  | N  |
==================================================================================

Inferred memory devices in process
	in routine fir_core line 21266 in file
		'./rtl/fir_core.v'.
==================================================================================
|     Register Name      |   Type    | Width | Bus | MB | AR | AS | SR | SS | ST |
==================================================================================
| delay_lane_e_0_sva_reg | Flip-flop |   5   |  Y  | N  | N  | N  | N  | N  | N  |
==================================================================================

Inferred memory devices in process
	in routine fir_core line 21274 in file
		'./rtl/fir_core.v'.
==================================================================================
|     Register Name      |   Type    | Width | Bus | MB | AR | AS | SR | SS | ST |
==================================================================================
| delay_lane_m_0_sva_reg | Flip-flop |  11   |  Y  | N  | N  | N  | N  | N  | N  |
==================================================================================

Inferred memory devices in process
	in routine fir_core line 21282 in file
		'./rtl/fir_core.v'.
===================================================================================
|      Register Name      |   Type    | Width | Bus | MB | AR | AS | SR | SS | ST |
===================================================================================
| delay_lane_e_62_sva_reg | Flip-flop |   5   |  Y  | N  | N  | N  | N  | N  | N  |
===================================================================================

Inferred memory devices in process
	in routine fir_core line 21290 in file
		'./rtl/fir_core.v'.
===================================================================================
|      Register Name      |   Type    | Width | Bus | MB | AR | AS | SR | SS | ST |
===================================================================================
| delay_lane_m_62_sva_reg | Flip-flop |  11   |  Y  | N  | N  | N  | N  | N  | N  |
===================================================================================

Inferred memory devices in process
	in routine fir_core line 21298 in file
		'./rtl/fir_core.v'.
===================================================================================
|      Register Name      |   Type    | Width | Bus | MB | AR | AS | SR | SS | ST |
===================================================================================
| delay_lane_e_61_sva_reg | Flip-flop |   5   |  Y  | N  | N  | N  | N  | N  | N  |
===================================================================================

Inferred memory devices in process
	in routine fir_core line 21306 in file
		'./rtl/fir_core.v'.
===================================================================================
|      Register Name      |   Type    | Width | Bus | MB | AR | AS | SR | SS | ST |
===================================================================================
| delay_lane_m_61_sva_reg | Flip-flop |  11   |  Y  | N  | N  | N  | N  | N  | N  |
===================================================================================

Inferred memory devices in process
	in routine fir_core line 21314 in file
		'./rtl/fir_core.v'.
===================================================================================
|      Register Name      |   Type    | Width | Bus | MB | AR | AS | SR | SS | ST |
===================================================================================
| delay_lane_e_60_sva_reg | Flip-flop |   5   |  Y  | N  | N  | N  | N  | N  | N  |
===================================================================================

Inferred memory devices in process
	in routine fir_core line 21322 in file
		'./rtl/fir_core.v'.
===================================================================================
|      Register Name      |   Type    | Width | Bus | MB | AR | AS | SR | SS | ST |
===================================================================================
| delay_lane_m_60_sva_reg | Flip-flop |  11   |  Y  | N  | N  | N  | N  | N  | N  |
===================================================================================

Inferred memory devices in process
	in routine fir_core line 21330 in file
		'./rtl/fir_core.v'.
===================================================================================
|      Register Name      |   Type    | Width | Bus | MB | AR | AS | SR | SS | ST |
===================================================================================
| delay_lane_e_59_sva_reg | Flip-flop |   5   |  Y  | N  | N  | N  | N  | N  | N  |
===================================================================================

Inferred memory devices in process
	in routine fir_core line 21338 in file
		'./rtl/fir_core.v'.
===================================================================================
|      Register Name      |   Type    | Width | Bus | MB | AR | AS | SR | SS | ST |
===================================================================================
| delay_lane_m_59_sva_reg | Flip-flop |  11   |  Y  | N  | N  | N  | N  | N  | N  |
===================================================================================

Inferred memory devices in process
	in routine fir_core line 21346 in file
		'./rtl/fir_core.v'.
===================================================================================
|      Register Name      |   Type    | Width | Bus | MB | AR | AS | SR | SS | ST |
===================================================================================
| delay_lane_e_58_sva_reg | Flip-flop |   5   |  Y  | N  | N  | N  | N  | N  | N  |
===================================================================================

Inferred memory devices in process
	in routine fir_core line 21354 in file
		'./rtl/fir_core.v'.
===================================================================================
|      Register Name      |   Type    | Width | Bus | MB | AR | AS | SR | SS | ST |
===================================================================================
| delay_lane_m_58_sva_reg | Flip-flop |  11   |  Y  | N  | N  | N  | N  | N  | N  |
===================================================================================

Inferred memory devices in process
	in routine fir_core line 21362 in file
		'./rtl/fir_core.v'.
===================================================================================
|      Register Name      |   Type    | Width | Bus | MB | AR | AS | SR | SS | ST |
===================================================================================
| delay_lane_e_57_sva_reg | Flip-flop |   5   |  Y  | N  | N  | N  | N  | N  | N  |
===================================================================================

Inferred memory devices in process
	in routine fir_core line 21370 in file
		'./rtl/fir_core.v'.
===================================================================================
|      Register Name      |   Type    | Width | Bus | MB | AR | AS | SR | SS | ST |
===================================================================================
| delay_lane_m_57_sva_reg | Flip-flop |  11   |  Y  | N  | N  | N  | N  | N  | N  |
===================================================================================

Inferred memory devices in process
	in routine fir_core line 21378 in file
		'./rtl/fir_core.v'.
===================================================================================
|      Register Name      |   Type    | Width | Bus | MB | AR | AS | SR | SS | ST |
===================================================================================
| delay_lane_e_56_sva_reg | Flip-flop |   5   |  Y  | N  | N  | N  | N  | N  | N  |
===================================================================================

Inferred memory devices in process
	in routine fir_core line 21386 in file
		'./rtl/fir_core.v'.
===================================================================================
|      Register Name      |   Type    | Width | Bus | MB | AR | AS | SR | SS | ST |
===================================================================================
| delay_lane_m_56_sva_reg | Flip-flop |  11   |  Y  | N  | N  | N  | N  | N  | N  |
===================================================================================

Inferred memory devices in process
	in routine fir_core line 21394 in file
		'./rtl/fir_core.v'.
===================================================================================
|      Register Name      |   Type    | Width | Bus | MB | AR | AS | SR | SS | ST |
===================================================================================
| delay_lane_e_55_sva_reg | Flip-flop |   5   |  Y  | N  | N  | N  | N  | N  | N  |
===================================================================================

Inferred memory devices in process
	in routine fir_core line 21402 in file
		'./rtl/fir_core.v'.
===================================================================================
|      Register Name      |   Type    | Width | Bus | MB | AR | AS | SR | SS | ST |
===================================================================================
| delay_lane_m_55_sva_reg | Flip-flop |  11   |  Y  | N  | N  | N  | N  | N  | N  |
===================================================================================

Inferred memory devices in process
	in routine fir_core line 21410 in file
		'./rtl/fir_core.v'.
===================================================================================
|      Register Name      |   Type    | Width | Bus | MB | AR | AS | SR | SS | ST |
===================================================================================
| delay_lane_e_54_sva_reg | Flip-flop |   5   |  Y  | N  | N  | N  | N  | N  | N  |
===================================================================================

Inferred memory devices in process
	in routine fir_core line 21418 in file
		'./rtl/fir_core.v'.
===================================================================================
|      Register Name      |   Type    | Width | Bus | MB | AR | AS | SR | SS | ST |
===================================================================================
| delay_lane_m_54_sva_reg | Flip-flop |  11   |  Y  | N  | N  | N  | N  | N  | N  |
===================================================================================

Inferred memory devices in process
	in routine fir_core line 21426 in file
		'./rtl/fir_core.v'.
===================================================================================
|      Register Name      |   Type    | Width | Bus | MB | AR | AS | SR | SS | ST |
===================================================================================
| delay_lane_e_53_sva_reg | Flip-flop |   5   |  Y  | N  | N  | N  | N  | N  | N  |
===================================================================================

Inferred memory devices in process
	in routine fir_core line 21434 in file
		'./rtl/fir_core.v'.
===================================================================================
|      Register Name      |   Type    | Width | Bus | MB | AR | AS | SR | SS | ST |
===================================================================================
| delay_lane_m_53_sva_reg | Flip-flop |  11   |  Y  | N  | N  | N  | N  | N  | N  |
===================================================================================

Inferred memory devices in process
	in routine fir_core line 21442 in file
		'./rtl/fir_core.v'.
===================================================================================
|      Register Name      |   Type    | Width | Bus | MB | AR | AS | SR | SS | ST |
===================================================================================
| delay_lane_e_52_sva_reg | Flip-flop |   5   |  Y  | N  | N  | N  | N  | N  | N  |
===================================================================================

Inferred memory devices in process
	in routine fir_core line 21450 in file
		'./rtl/fir_core.v'.
===================================================================================
|      Register Name      |   Type    | Width | Bus | MB | AR | AS | SR | SS | ST |
===================================================================================
| delay_lane_m_52_sva_reg | Flip-flop |  11   |  Y  | N  | N  | N  | N  | N  | N  |
===================================================================================

Inferred memory devices in process
	in routine fir_core line 21458 in file
		'./rtl/fir_core.v'.
===================================================================================
|      Register Name      |   Type    | Width | Bus | MB | AR | AS | SR | SS | ST |
===================================================================================
| delay_lane_e_51_sva_reg | Flip-flop |   5   |  Y  | N  | N  | N  | N  | N  | N  |
===================================================================================

Inferred memory devices in process
	in routine fir_core line 21466 in file
		'./rtl/fir_core.v'.
===================================================================================
|      Register Name      |   Type    | Width | Bus | MB | AR | AS | SR | SS | ST |
===================================================================================
| delay_lane_m_51_sva_reg | Flip-flop |  11   |  Y  | N  | N  | N  | N  | N  | N  |
===================================================================================

Inferred memory devices in process
	in routine fir_core line 21474 in file
		'./rtl/fir_core.v'.
===================================================================================
|      Register Name      |   Type    | Width | Bus | MB | AR | AS | SR | SS | ST |
===================================================================================
| delay_lane_e_50_sva_reg | Flip-flop |   5   |  Y  | N  | N  | N  | N  | N  | N  |
===================================================================================

Inferred memory devices in process
	in routine fir_core line 21482 in file
		'./rtl/fir_core.v'.
===================================================================================
|      Register Name      |   Type    | Width | Bus | MB | AR | AS | SR | SS | ST |
===================================================================================
| delay_lane_m_50_sva_reg | Flip-flop |  11   |  Y  | N  | N  | N  | N  | N  | N  |
===================================================================================

Inferred memory devices in process
	in routine fir_core line 21490 in file
		'./rtl/fir_core.v'.
===================================================================================
|      Register Name      |   Type    | Width | Bus | MB | AR | AS | SR | SS | ST |
===================================================================================
| delay_lane_e_49_sva_reg | Flip-flop |   5   |  Y  | N  | N  | N  | N  | N  | N  |
===================================================================================

Inferred memory devices in process
	in routine fir_core line 21498 in file
		'./rtl/fir_core.v'.
===================================================================================
|      Register Name      |   Type    | Width | Bus | MB | AR | AS | SR | SS | ST |
===================================================================================
| delay_lane_m_49_sva_reg | Flip-flop |  11   |  Y  | N  | N  | N  | N  | N  | N  |
===================================================================================

Inferred memory devices in process
	in routine fir_core line 21506 in file
		'./rtl/fir_core.v'.
===================================================================================
|      Register Name      |   Type    | Width | Bus | MB | AR | AS | SR | SS | ST |
===================================================================================
| delay_lane_e_48_sva_reg | Flip-flop |   5   |  Y  | N  | N  | N  | N  | N  | N  |
===================================================================================

Inferred memory devices in process
	in routine fir_core line 21514 in file
		'./rtl/fir_core.v'.
===================================================================================
|      Register Name      |   Type    | Width | Bus | MB | AR | AS | SR | SS | ST |
===================================================================================
| delay_lane_m_48_sva_reg | Flip-flop |  11   |  Y  | N  | N  | N  | N  | N  | N  |
===================================================================================

Inferred memory devices in process
	in routine fir_core line 21522 in file
		'./rtl/fir_core.v'.
===================================================================================
|      Register Name      |   Type    | Width | Bus | MB | AR | AS | SR | SS | ST |
===================================================================================
| delay_lane_e_47_sva_reg | Flip-flop |   5   |  Y  | N  | N  | N  | N  | N  | N  |
===================================================================================

Inferred memory devices in process
	in routine fir_core line 21530 in file
		'./rtl/fir_core.v'.
===================================================================================
|      Register Name      |   Type    | Width | Bus | MB | AR | AS | SR | SS | ST |
===================================================================================
| delay_lane_m_47_sva_reg | Flip-flop |  11   |  Y  | N  | N  | N  | N  | N  | N  |
===================================================================================

Inferred memory devices in process
	in routine fir_core line 21538 in file
		'./rtl/fir_core.v'.
===================================================================================
|      Register Name      |   Type    | Width | Bus | MB | AR | AS | SR | SS | ST |
===================================================================================
| delay_lane_e_46_sva_reg | Flip-flop |   5   |  Y  | N  | N  | N  | N  | N  | N  |
===================================================================================

Inferred memory devices in process
	in routine fir_core line 21546 in file
		'./rtl/fir_core.v'.
===================================================================================
|      Register Name      |   Type    | Width | Bus | MB | AR | AS | SR | SS | ST |
===================================================================================
| delay_lane_m_46_sva_reg | Flip-flop |  11   |  Y  | N  | N  | N  | N  | N  | N  |
===================================================================================

Inferred memory devices in process
	in routine fir_core line 21554 in file
		'./rtl/fir_core.v'.
===================================================================================
|      Register Name      |   Type    | Width | Bus | MB | AR | AS | SR | SS | ST |
===================================================================================
| delay_lane_e_45_sva_reg | Flip-flop |   5   |  Y  | N  | N  | N  | N  | N  | N  |
===================================================================================

Inferred memory devices in process
	in routine fir_core line 21562 in file
		'./rtl/fir_core.v'.
===================================================================================
|      Register Name      |   Type    | Width | Bus | MB | AR | AS | SR | SS | ST |
===================================================================================
| delay_lane_m_45_sva_reg | Flip-flop |  11   |  Y  | N  | N  | N  | N  | N  | N  |
===================================================================================

Inferred memory devices in process
	in routine fir_core line 21570 in file
		'./rtl/fir_core.v'.
===================================================================================
|      Register Name      |   Type    | Width | Bus | MB | AR | AS | SR | SS | ST |
===================================================================================
| delay_lane_e_44_sva_reg | Flip-flop |   5   |  Y  | N  | N  | N  | N  | N  | N  |
===================================================================================

Inferred memory devices in process
	in routine fir_core line 21578 in file
		'./rtl/fir_core.v'.
===================================================================================
|      Register Name      |   Type    | Width | Bus | MB | AR | AS | SR | SS | ST |
===================================================================================
| delay_lane_m_44_sva_reg | Flip-flop |  11   |  Y  | N  | N  | N  | N  | N  | N  |
===================================================================================

Inferred memory devices in process
	in routine fir_core line 21586 in file
		'./rtl/fir_core.v'.
===================================================================================
|      Register Name      |   Type    | Width | Bus | MB | AR | AS | SR | SS | ST |
===================================================================================
| delay_lane_e_43_sva_reg | Flip-flop |   5   |  Y  | N  | N  | N  | N  | N  | N  |
===================================================================================

Inferred memory devices in process
	in routine fir_core line 21594 in file
		'./rtl/fir_core.v'.
===================================================================================
|      Register Name      |   Type    | Width | Bus | MB | AR | AS | SR | SS | ST |
===================================================================================
| delay_lane_m_43_sva_reg | Flip-flop |  11   |  Y  | N  | N  | N  | N  | N  | N  |
===================================================================================

Inferred memory devices in process
	in routine fir_core line 21602 in file
		'./rtl/fir_core.v'.
===================================================================================
|      Register Name      |   Type    | Width | Bus | MB | AR | AS | SR | SS | ST |
===================================================================================
| delay_lane_e_42_sva_reg | Flip-flop |   5   |  Y  | N  | N  | N  | N  | N  | N  |
===================================================================================

Inferred memory devices in process
	in routine fir_core line 21610 in file
		'./rtl/fir_core.v'.
===================================================================================
|      Register Name      |   Type    | Width | Bus | MB | AR | AS | SR | SS | ST |
===================================================================================
| delay_lane_m_42_sva_reg | Flip-flop |  11   |  Y  | N  | N  | N  | N  | N  | N  |
===================================================================================

Inferred memory devices in process
	in routine fir_core line 21618 in file
		'./rtl/fir_core.v'.
===================================================================================
|      Register Name      |   Type    | Width | Bus | MB | AR | AS | SR | SS | ST |
===================================================================================
| delay_lane_e_41_sva_reg | Flip-flop |   5   |  Y  | N  | N  | N  | N  | N  | N  |
===================================================================================

Inferred memory devices in process
	in routine fir_core line 21626 in file
		'./rtl/fir_core.v'.
===================================================================================
|      Register Name      |   Type    | Width | Bus | MB | AR | AS | SR | SS | ST |
===================================================================================
| delay_lane_m_41_sva_reg | Flip-flop |  11   |  Y  | N  | N  | N  | N  | N  | N  |
===================================================================================

Inferred memory devices in process
	in routine fir_core line 21634 in file
		'./rtl/fir_core.v'.
===================================================================================
|      Register Name      |   Type    | Width | Bus | MB | AR | AS | SR | SS | ST |
===================================================================================
| delay_lane_e_40_sva_reg | Flip-flop |   5   |  Y  | N  | N  | N  | N  | N  | N  |
===================================================================================

Inferred memory devices in process
	in routine fir_core line 21642 in file
		'./rtl/fir_core.v'.
===================================================================================
|      Register Name      |   Type    | Width | Bus | MB | AR | AS | SR | SS | ST |
===================================================================================
| delay_lane_m_40_sva_reg | Flip-flop |  11   |  Y  | N  | N  | N  | N  | N  | N  |
===================================================================================

Inferred memory devices in process
	in routine fir_core line 21650 in file
		'./rtl/fir_core.v'.
===================================================================================
|      Register Name      |   Type    | Width | Bus | MB | AR | AS | SR | SS | ST |
===================================================================================
| delay_lane_e_39_sva_reg | Flip-flop |   5   |  Y  | N  | N  | N  | N  | N  | N  |
===================================================================================

Inferred memory devices in process
	in routine fir_core line 21658 in file
		'./rtl/fir_core.v'.
===================================================================================
|      Register Name      |   Type    | Width | Bus | MB | AR | AS | SR | SS | ST |
===================================================================================
| delay_lane_m_39_sva_reg | Flip-flop |  11   |  Y  | N  | N  | N  | N  | N  | N  |
===================================================================================

Inferred memory devices in process
	in routine fir_core line 21666 in file
		'./rtl/fir_core.v'.
===================================================================================
|      Register Name      |   Type    | Width | Bus | MB | AR | AS | SR | SS | ST |
===================================================================================
| delay_lane_e_38_sva_reg | Flip-flop |   5   |  Y  | N  | N  | N  | N  | N  | N  |
===================================================================================

Inferred memory devices in process
	in routine fir_core line 21674 in file
		'./rtl/fir_core.v'.
===================================================================================
|      Register Name      |   Type    | Width | Bus | MB | AR | AS | SR | SS | ST |
===================================================================================
| delay_lane_m_38_sva_reg | Flip-flop |  11   |  Y  | N  | N  | N  | N  | N  | N  |
===================================================================================

Inferred memory devices in process
	in routine fir_core line 21682 in file
		'./rtl/fir_core.v'.
===================================================================================
|      Register Name      |   Type    | Width | Bus | MB | AR | AS | SR | SS | ST |
===================================================================================
| delay_lane_e_37_sva_reg | Flip-flop |   5   |  Y  | N  | N  | N  | N  | N  | N  |
===================================================================================

Inferred memory devices in process
	in routine fir_core line 21690 in file
		'./rtl/fir_core.v'.
===================================================================================
|      Register Name      |   Type    | Width | Bus | MB | AR | AS | SR | SS | ST |
===================================================================================
| delay_lane_m_37_sva_reg | Flip-flop |  11   |  Y  | N  | N  | N  | N  | N  | N  |
===================================================================================

Inferred memory devices in process
	in routine fir_core line 21698 in file
		'./rtl/fir_core.v'.
===================================================================================
|      Register Name      |   Type    | Width | Bus | MB | AR | AS | SR | SS | ST |
===================================================================================
| delay_lane_e_36_sva_reg | Flip-flop |   5   |  Y  | N  | N  | N  | N  | N  | N  |
===================================================================================

Inferred memory devices in process
	in routine fir_core line 21706 in file
		'./rtl/fir_core.v'.
===================================================================================
|      Register Name      |   Type    | Width | Bus | MB | AR | AS | SR | SS | ST |
===================================================================================
| delay_lane_m_36_sva_reg | Flip-flop |  11   |  Y  | N  | N  | N  | N  | N  | N  |
===================================================================================

Inferred memory devices in process
	in routine fir_core line 21714 in file
		'./rtl/fir_core.v'.
===================================================================================
|      Register Name      |   Type    | Width | Bus | MB | AR | AS | SR | SS | ST |
===================================================================================
| delay_lane_e_35_sva_reg | Flip-flop |   5   |  Y  | N  | N  | N  | N  | N  | N  |
===================================================================================

Inferred memory devices in process
	in routine fir_core line 21722 in file
		'./rtl/fir_core.v'.
===================================================================================
|      Register Name      |   Type    | Width | Bus | MB | AR | AS | SR | SS | ST |
===================================================================================
| delay_lane_m_35_sva_reg | Flip-flop |  11   |  Y  | N  | N  | N  | N  | N  | N  |
===================================================================================

Inferred memory devices in process
	in routine fir_core line 21730 in file
		'./rtl/fir_core.v'.
===================================================================================
|      Register Name      |   Type    | Width | Bus | MB | AR | AS | SR | SS | ST |
===================================================================================
| delay_lane_e_34_sva_reg | Flip-flop |   5   |  Y  | N  | N  | N  | N  | N  | N  |
===================================================================================

Inferred memory devices in process
	in routine fir_core line 21738 in file
		'./rtl/fir_core.v'.
===================================================================================
|      Register Name      |   Type    | Width | Bus | MB | AR | AS | SR | SS | ST |
===================================================================================
| delay_lane_m_34_sva_reg | Flip-flop |  11   |  Y  | N  | N  | N  | N  | N  | N  |
===================================================================================

Inferred memory devices in process
	in routine fir_core line 21746 in file
		'./rtl/fir_core.v'.
===================================================================================
|      Register Name      |   Type    | Width | Bus | MB | AR | AS | SR | SS | ST |
===================================================================================
| delay_lane_e_33_sva_reg | Flip-flop |   5   |  Y  | N  | N  | N  | N  | N  | N  |
===================================================================================

Inferred memory devices in process
	in routine fir_core line 21754 in file
		'./rtl/fir_core.v'.
===================================================================================
|      Register Name      |   Type    | Width | Bus | MB | AR | AS | SR | SS | ST |
===================================================================================
| delay_lane_m_33_sva_reg | Flip-flop |  11   |  Y  | N  | N  | N  | N  | N  | N  |
===================================================================================

Inferred memory devices in process
	in routine fir_core line 21762 in file
		'./rtl/fir_core.v'.
===================================================================================
|      Register Name      |   Type    | Width | Bus | MB | AR | AS | SR | SS | ST |
===================================================================================
| delay_lane_e_32_sva_reg | Flip-flop |   5   |  Y  | N  | N  | N  | N  | N  | N  |
===================================================================================

Inferred memory devices in process
	in routine fir_core line 21770 in file
		'./rtl/fir_core.v'.
===================================================================================
|      Register Name      |   Type    | Width | Bus | MB | AR | AS | SR | SS | ST |
===================================================================================
| delay_lane_m_32_sva_reg | Flip-flop |  11   |  Y  | N  | N  | N  | N  | N  | N  |
===================================================================================

Inferred memory devices in process
	in routine fir_core line 21778 in file
		'./rtl/fir_core.v'.
===================================================================================
|      Register Name      |   Type    | Width | Bus | MB | AR | AS | SR | SS | ST |
===================================================================================
| delay_lane_e_31_sva_reg | Flip-flop |   5   |  Y  | N  | N  | N  | N  | N  | N  |
===================================================================================

Inferred memory devices in process
	in routine fir_core line 21786 in file
		'./rtl/fir_core.v'.
===================================================================================
|      Register Name      |   Type    | Width | Bus | MB | AR | AS | SR | SS | ST |
===================================================================================
| delay_lane_m_31_sva_reg | Flip-flop |  11   |  Y  | N  | N  | N  | N  | N  | N  |
===================================================================================

Inferred memory devices in process
	in routine fir_core line 21794 in file
		'./rtl/fir_core.v'.
===================================================================================
|      Register Name      |   Type    | Width | Bus | MB | AR | AS | SR | SS | ST |
===================================================================================
| delay_lane_e_30_sva_reg | Flip-flop |   5   |  Y  | N  | N  | N  | N  | N  | N  |
===================================================================================

Inferred memory devices in process
	in routine fir_core line 21802 in file
		'./rtl/fir_core.v'.
===================================================================================
|      Register Name      |   Type    | Width | Bus | MB | AR | AS | SR | SS | ST |
===================================================================================
| delay_lane_m_30_sva_reg | Flip-flop |  11   |  Y  | N  | N  | N  | N  | N  | N  |
===================================================================================

Inferred memory devices in process
	in routine fir_core line 21810 in file
		'./rtl/fir_core.v'.
===================================================================================
|      Register Name      |   Type    | Width | Bus | MB | AR | AS | SR | SS | ST |
===================================================================================
| delay_lane_e_29_sva_reg | Flip-flop |   5   |  Y  | N  | N  | N  | N  | N  | N  |
===================================================================================

Inferred memory devices in process
	in routine fir_core line 21818 in file
		'./rtl/fir_core.v'.
===================================================================================
|      Register Name      |   Type    | Width | Bus | MB | AR | AS | SR | SS | ST |
===================================================================================
| delay_lane_m_29_sva_reg | Flip-flop |  11   |  Y  | N  | N  | N  | N  | N  | N  |
===================================================================================

Inferred memory devices in process
	in routine fir_core line 21826 in file
		'./rtl/fir_core.v'.
===================================================================================
|      Register Name      |   Type    | Width | Bus | MB | AR | AS | SR | SS | ST |
===================================================================================
| delay_lane_e_28_sva_reg | Flip-flop |   5   |  Y  | N  | N  | N  | N  | N  | N  |
===================================================================================

Inferred memory devices in process
	in routine fir_core line 21834 in file
		'./rtl/fir_core.v'.
===================================================================================
|      Register Name      |   Type    | Width | Bus | MB | AR | AS | SR | SS | ST |
===================================================================================
| delay_lane_m_28_sva_reg | Flip-flop |  11   |  Y  | N  | N  | N  | N  | N  | N  |
===================================================================================

Inferred memory devices in process
	in routine fir_core line 21842 in file
		'./rtl/fir_core.v'.
===================================================================================
|      Register Name      |   Type    | Width | Bus | MB | AR | AS | SR | SS | ST |
===================================================================================
| delay_lane_e_27_sva_reg | Flip-flop |   5   |  Y  | N  | N  | N  | N  | N  | N  |
===================================================================================

Inferred memory devices in process
	in routine fir_core line 21850 in file
		'./rtl/fir_core.v'.
===================================================================================
|      Register Name      |   Type    | Width | Bus | MB | AR | AS | SR | SS | ST |
===================================================================================
| delay_lane_m_27_sva_reg | Flip-flop |  11   |  Y  | N  | N  | N  | N  | N  | N  |
===================================================================================

Inferred memory devices in process
	in routine fir_core line 21858 in file
		'./rtl/fir_core.v'.
===================================================================================
|      Register Name      |   Type    | Width | Bus | MB | AR | AS | SR | SS | ST |
===================================================================================
| delay_lane_e_26_sva_reg | Flip-flop |   5   |  Y  | N  | N  | N  | N  | N  | N  |
===================================================================================

Inferred memory devices in process
	in routine fir_core line 21866 in file
		'./rtl/fir_core.v'.
===================================================================================
|      Register Name      |   Type    | Width | Bus | MB | AR | AS | SR | SS | ST |
===================================================================================
| delay_lane_m_26_sva_reg | Flip-flop |  11   |  Y  | N  | N  | N  | N  | N  | N  |
===================================================================================

Inferred memory devices in process
	in routine fir_core line 21874 in file
		'./rtl/fir_core.v'.
===================================================================================
|      Register Name      |   Type    | Width | Bus | MB | AR | AS | SR | SS | ST |
===================================================================================
| delay_lane_e_25_sva_reg | Flip-flop |   5   |  Y  | N  | N  | N  | N  | N  | N  |
===================================================================================

Inferred memory devices in process
	in routine fir_core line 21882 in file
		'./rtl/fir_core.v'.
===================================================================================
|      Register Name      |   Type    | Width | Bus | MB | AR | AS | SR | SS | ST |
===================================================================================
| delay_lane_m_25_sva_reg | Flip-flop |  11   |  Y  | N  | N  | N  | N  | N  | N  |
===================================================================================

Inferred memory devices in process
	in routine fir_core line 21890 in file
		'./rtl/fir_core.v'.
===================================================================================
|      Register Name      |   Type    | Width | Bus | MB | AR | AS | SR | SS | ST |
===================================================================================
| delay_lane_e_24_sva_reg | Flip-flop |   5   |  Y  | N  | N  | N  | N  | N  | N  |
===================================================================================

Inferred memory devices in process
	in routine fir_core line 21898 in file
		'./rtl/fir_core.v'.
===================================================================================
|      Register Name      |   Type    | Width | Bus | MB | AR | AS | SR | SS | ST |
===================================================================================
| delay_lane_m_24_sva_reg | Flip-flop |  11   |  Y  | N  | N  | N  | N  | N  | N  |
===================================================================================

Inferred memory devices in process
	in routine fir_core line 21906 in file
		'./rtl/fir_core.v'.
===================================================================================
|      Register Name      |   Type    | Width | Bus | MB | AR | AS | SR | SS | ST |
===================================================================================
| delay_lane_e_23_sva_reg | Flip-flop |   5   |  Y  | N  | N  | N  | N  | N  | N  |
===================================================================================

Inferred memory devices in process
	in routine fir_core line 21914 in file
		'./rtl/fir_core.v'.
===================================================================================
|      Register Name      |   Type    | Width | Bus | MB | AR | AS | SR | SS | ST |
===================================================================================
| delay_lane_m_23_sva_reg | Flip-flop |  11   |  Y  | N  | N  | N  | N  | N  | N  |
===================================================================================

Inferred memory devices in process
	in routine fir_core line 21922 in file
		'./rtl/fir_core.v'.
===================================================================================
|      Register Name      |   Type    | Width | Bus | MB | AR | AS | SR | SS | ST |
===================================================================================
| delay_lane_e_22_sva_reg | Flip-flop |   5   |  Y  | N  | N  | N  | N  | N  | N  |
===================================================================================

Inferred memory devices in process
	in routine fir_core line 21930 in file
		'./rtl/fir_core.v'.
===================================================================================
|      Register Name      |   Type    | Width | Bus | MB | AR | AS | SR | SS | ST |
===================================================================================
| delay_lane_m_22_sva_reg | Flip-flop |  11   |  Y  | N  | N  | N  | N  | N  | N  |
===================================================================================

Inferred memory devices in process
	in routine fir_core line 21938 in file
		'./rtl/fir_core.v'.
===================================================================================
|      Register Name      |   Type    | Width | Bus | MB | AR | AS | SR | SS | ST |
===================================================================================
| delay_lane_e_21_sva_reg | Flip-flop |   5   |  Y  | N  | N  | N  | N  | N  | N  |
===================================================================================

Inferred memory devices in process
	in routine fir_core line 21946 in file
		'./rtl/fir_core.v'.
===================================================================================
|      Register Name      |   Type    | Width | Bus | MB | AR | AS | SR | SS | ST |
===================================================================================
| delay_lane_m_21_sva_reg | Flip-flop |  11   |  Y  | N  | N  | N  | N  | N  | N  |
===================================================================================

Inferred memory devices in process
	in routine fir_core line 21954 in file
		'./rtl/fir_core.v'.
===================================================================================
|      Register Name      |   Type    | Width | Bus | MB | AR | AS | SR | SS | ST |
===================================================================================
| delay_lane_e_20_sva_reg | Flip-flop |   5   |  Y  | N  | N  | N  | N  | N  | N  |
===================================================================================

Inferred memory devices in process
	in routine fir_core line 21962 in file
		'./rtl/fir_core.v'.
===================================================================================
|      Register Name      |   Type    | Width | Bus | MB | AR | AS | SR | SS | ST |
===================================================================================
| delay_lane_m_20_sva_reg | Flip-flop |  11   |  Y  | N  | N  | N  | N  | N  | N  |
===================================================================================

Inferred memory devices in process
	in routine fir_core line 21970 in file
		'./rtl/fir_core.v'.
===================================================================================
|      Register Name      |   Type    | Width | Bus | MB | AR | AS | SR | SS | ST |
===================================================================================
| delay_lane_e_19_sva_reg | Flip-flop |   5   |  Y  | N  | N  | N  | N  | N  | N  |
===================================================================================

Inferred memory devices in process
	in routine fir_core line 21978 in file
		'./rtl/fir_core.v'.
===================================================================================
|      Register Name      |   Type    | Width | Bus | MB | AR | AS | SR | SS | ST |
===================================================================================
| delay_lane_m_19_sva_reg | Flip-flop |  11   |  Y  | N  | N  | N  | N  | N  | N  |
===================================================================================

Inferred memory devices in process
	in routine fir_core line 21986 in file
		'./rtl/fir_core.v'.
===================================================================================
|      Register Name      |   Type    | Width | Bus | MB | AR | AS | SR | SS | ST |
===================================================================================
| delay_lane_e_18_sva_reg | Flip-flop |   5   |  Y  | N  | N  | N  | N  | N  | N  |
===================================================================================

Inferred memory devices in process
	in routine fir_core line 21994 in file
		'./rtl/fir_core.v'.
===================================================================================
|      Register Name      |   Type    | Width | Bus | MB | AR | AS | SR | SS | ST |
===================================================================================
| delay_lane_m_18_sva_reg | Flip-flop |  11   |  Y  | N  | N  | N  | N  | N  | N  |
===================================================================================

Inferred memory devices in process
	in routine fir_core line 22002 in file
		'./rtl/fir_core.v'.
===================================================================================
|      Register Name      |   Type    | Width | Bus | MB | AR | AS | SR | SS | ST |
===================================================================================
| delay_lane_e_17_sva_reg | Flip-flop |   5   |  Y  | N  | N  | N  | N  | N  | N  |
===================================================================================

Inferred memory devices in process
	in routine fir_core line 22010 in file
		'./rtl/fir_core.v'.
===================================================================================
|      Register Name      |   Type    | Width | Bus | MB | AR | AS | SR | SS | ST |
===================================================================================
| delay_lane_m_17_sva_reg | Flip-flop |  11   |  Y  | N  | N  | N  | N  | N  | N  |
===================================================================================

Inferred memory devices in process
	in routine fir_core line 22018 in file
		'./rtl/fir_core.v'.
===================================================================================
|      Register Name      |   Type    | Width | Bus | MB | AR | AS | SR | SS | ST |
===================================================================================
| delay_lane_e_16_sva_reg | Flip-flop |   5   |  Y  | N  | N  | N  | N  | N  | N  |
===================================================================================

Inferred memory devices in process
	in routine fir_core line 22026 in file
		'./rtl/fir_core.v'.
===================================================================================
|      Register Name      |   Type    | Width | Bus | MB | AR | AS | SR | SS | ST |
===================================================================================
| delay_lane_m_16_sva_reg | Flip-flop |  11   |  Y  | N  | N  | N  | N  | N  | N  |
===================================================================================

Inferred memory devices in process
	in routine fir_core line 22034 in file
		'./rtl/fir_core.v'.
===================================================================================
|      Register Name      |   Type    | Width | Bus | MB | AR | AS | SR | SS | ST |
===================================================================================
| delay_lane_e_15_sva_reg | Flip-flop |   5   |  Y  | N  | N  | N  | N  | N  | N  |
===================================================================================

Inferred memory devices in process
	in routine fir_core line 22042 in file
		'./rtl/fir_core.v'.
===================================================================================
|      Register Name      |   Type    | Width | Bus | MB | AR | AS | SR | SS | ST |
===================================================================================
| delay_lane_m_15_sva_reg | Flip-flop |  11   |  Y  | N  | N  | N  | N  | N  | N  |
===================================================================================

Inferred memory devices in process
	in routine fir_core line 22050 in file
		'./rtl/fir_core.v'.
===================================================================================
|      Register Name      |   Type    | Width | Bus | MB | AR | AS | SR | SS | ST |
===================================================================================
| delay_lane_e_14_sva_reg | Flip-flop |   5   |  Y  | N  | N  | N  | N  | N  | N  |
===================================================================================

Inferred memory devices in process
	in routine fir_core line 22058 in file
		'./rtl/fir_core.v'.
===================================================================================
|      Register Name      |   Type    | Width | Bus | MB | AR | AS | SR | SS | ST |
===================================================================================
| delay_lane_m_14_sva_reg | Flip-flop |  11   |  Y  | N  | N  | N  | N  | N  | N  |
===================================================================================

Inferred memory devices in process
	in routine fir_core line 22066 in file
		'./rtl/fir_core.v'.
===================================================================================
|      Register Name      |   Type    | Width | Bus | MB | AR | AS | SR | SS | ST |
===================================================================================
| delay_lane_e_13_sva_reg | Flip-flop |   5   |  Y  | N  | N  | N  | N  | N  | N  |
===================================================================================

Inferred memory devices in process
	in routine fir_core line 22074 in file
		'./rtl/fir_core.v'.
===================================================================================
|      Register Name      |   Type    | Width | Bus | MB | AR | AS | SR | SS | ST |
===================================================================================
| delay_lane_m_13_sva_reg | Flip-flop |  11   |  Y  | N  | N  | N  | N  | N  | N  |
===================================================================================

Inferred memory devices in process
	in routine fir_core line 22082 in file
		'./rtl/fir_core.v'.
===================================================================================
|      Register Name      |   Type    | Width | Bus | MB | AR | AS | SR | SS | ST |
===================================================================================
| delay_lane_e_12_sva_reg | Flip-flop |   5   |  Y  | N  | N  | N  | N  | N  | N  |
===================================================================================

Inferred memory devices in process
	in routine fir_core line 22090 in file
		'./rtl/fir_core.v'.
===================================================================================
|      Register Name      |   Type    | Width | Bus | MB | AR | AS | SR | SS | ST |
===================================================================================
| delay_lane_m_12_sva_reg | Flip-flop |  11   |  Y  | N  | N  | N  | N  | N  | N  |
===================================================================================

Inferred memory devices in process
	in routine fir_core line 22098 in file
		'./rtl/fir_core.v'.
===================================================================================
|      Register Name      |   Type    | Width | Bus | MB | AR | AS | SR | SS | ST |
===================================================================================
| delay_lane_e_11_sva_reg | Flip-flop |   5   |  Y  | N  | N  | N  | N  | N  | N  |
===================================================================================

Inferred memory devices in process
	in routine fir_core line 22106 in file
		'./rtl/fir_core.v'.
===================================================================================
|      Register Name      |   Type    | Width | Bus | MB | AR | AS | SR | SS | ST |
===================================================================================
| delay_lane_m_11_sva_reg | Flip-flop |  11   |  Y  | N  | N  | N  | N  | N  | N  |
===================================================================================

Inferred memory devices in process
	in routine fir_core line 22114 in file
		'./rtl/fir_core.v'.
===================================================================================
|      Register Name      |   Type    | Width | Bus | MB | AR | AS | SR | SS | ST |
===================================================================================
| delay_lane_e_10_sva_reg | Flip-flop |   5   |  Y  | N  | N  | N  | N  | N  | N  |
===================================================================================

Inferred memory devices in process
	in routine fir_core line 22122 in file
		'./rtl/fir_core.v'.
===================================================================================
|      Register Name      |   Type    | Width | Bus | MB | AR | AS | SR | SS | ST |
===================================================================================
| delay_lane_m_10_sva_reg | Flip-flop |  11   |  Y  | N  | N  | N  | N  | N  | N  |
===================================================================================

Inferred memory devices in process
	in routine fir_core line 22130 in file
		'./rtl/fir_core.v'.
==================================================================================
|     Register Name      |   Type    | Width | Bus | MB | AR | AS | SR | SS | ST |
==================================================================================
| delay_lane_e_9_sva_reg | Flip-flop |   5   |  Y  | N  | N  | N  | N  | N  | N  |
==================================================================================

Inferred memory devices in process
	in routine fir_core line 22138 in file
		'./rtl/fir_core.v'.
==================================================================================
|     Register Name      |   Type    | Width | Bus | MB | AR | AS | SR | SS | ST |
==================================================================================
| delay_lane_m_9_sva_reg | Flip-flop |  11   |  Y  | N  | N  | N  | N  | N  | N  |
==================================================================================

Inferred memory devices in process
	in routine fir_core line 22146 in file
		'./rtl/fir_core.v'.
==================================================================================
|     Register Name      |   Type    | Width | Bus | MB | AR | AS | SR | SS | ST |
==================================================================================
| delay_lane_e_8_sva_reg | Flip-flop |   5   |  Y  | N  | N  | N  | N  | N  | N  |
==================================================================================

Inferred memory devices in process
	in routine fir_core line 22154 in file
		'./rtl/fir_core.v'.
==================================================================================
|     Register Name      |   Type    | Width | Bus | MB | AR | AS | SR | SS | ST |
==================================================================================
| delay_lane_m_8_sva_reg | Flip-flop |  11   |  Y  | N  | N  | N  | N  | N  | N  |
==================================================================================

Inferred memory devices in process
	in routine fir_core line 22162 in file
		'./rtl/fir_core.v'.
==================================================================================
|     Register Name      |   Type    | Width | Bus | MB | AR | AS | SR | SS | ST |
==================================================================================
| delay_lane_e_7_sva_reg | Flip-flop |   5   |  Y  | N  | N  | N  | N  | N  | N  |
==================================================================================

Inferred memory devices in process
	in routine fir_core line 22170 in file
		'./rtl/fir_core.v'.
==================================================================================
|     Register Name      |   Type    | Width | Bus | MB | AR | AS | SR | SS | ST |
==================================================================================
| delay_lane_m_7_sva_reg | Flip-flop |  11   |  Y  | N  | N  | N  | N  | N  | N  |
==================================================================================

Inferred memory devices in process
	in routine fir_core line 22178 in file
		'./rtl/fir_core.v'.
==================================================================================
|     Register Name      |   Type    | Width | Bus | MB | AR | AS | SR | SS | ST |
==================================================================================
| delay_lane_e_6_sva_reg | Flip-flop |   5   |  Y  | N  | N  | N  | N  | N  | N  |
==================================================================================

Inferred memory devices in process
	in routine fir_core line 22186 in file
		'./rtl/fir_core.v'.
==================================================================================
|     Register Name      |   Type    | Width | Bus | MB | AR | AS | SR | SS | ST |
==================================================================================
| delay_lane_m_6_sva_reg | Flip-flop |  11   |  Y  | N  | N  | N  | N  | N  | N  |
==================================================================================

Inferred memory devices in process
	in routine fir_core line 22194 in file
		'./rtl/fir_core.v'.
==================================================================================
|     Register Name      |   Type    | Width | Bus | MB | AR | AS | SR | SS | ST |
==================================================================================
| delay_lane_e_5_sva_reg | Flip-flop |   5   |  Y  | N  | N  | N  | N  | N  | N  |
==================================================================================

Inferred memory devices in process
	in routine fir_core line 22202 in file
		'./rtl/fir_core.v'.
==================================================================================
|     Register Name      |   Type    | Width | Bus | MB | AR | AS | SR | SS | ST |
==================================================================================
| delay_lane_m_5_sva_reg | Flip-flop |  11   |  Y  | N  | N  | N  | N  | N  | N  |
==================================================================================

Inferred memory devices in process
	in routine fir_core line 22210 in file
		'./rtl/fir_core.v'.
==================================================================================
|     Register Name      |   Type    | Width | Bus | MB | AR | AS | SR | SS | ST |
==================================================================================
| delay_lane_e_4_sva_reg | Flip-flop |   5   |  Y  | N  | N  | N  | N  | N  | N  |
==================================================================================

Inferred memory devices in process
	in routine fir_core line 22218 in file
		'./rtl/fir_core.v'.
==================================================================================
|     Register Name      |   Type    | Width | Bus | MB | AR | AS | SR | SS | ST |
==================================================================================
| delay_lane_m_4_sva_reg | Flip-flop |  11   |  Y  | N  | N  | N  | N  | N  | N  |
==================================================================================

Inferred memory devices in process
	in routine fir_core line 22226 in file
		'./rtl/fir_core.v'.
==================================================================================
|     Register Name      |   Type    | Width | Bus | MB | AR | AS | SR | SS | ST |
==================================================================================
| delay_lane_e_3_sva_reg | Flip-flop |   5   |  Y  | N  | N  | N  | N  | N  | N  |
==================================================================================

Inferred memory devices in process
	in routine fir_core line 22234 in file
		'./rtl/fir_core.v'.
==================================================================================
|     Register Name      |   Type    | Width | Bus | MB | AR | AS | SR | SS | ST |
==================================================================================
| delay_lane_m_3_sva_reg | Flip-flop |  11   |  Y  | N  | N  | N  | N  | N  | N  |
==================================================================================

Inferred memory devices in process
	in routine fir_core line 22242 in file
		'./rtl/fir_core.v'.
==================================================================================
|     Register Name      |   Type    | Width | Bus | MB | AR | AS | SR | SS | ST |
==================================================================================
| delay_lane_e_2_sva_reg | Flip-flop |   5   |  Y  | N  | N  | N  | N  | N  | N  |
==================================================================================

Inferred memory devices in process
	in routine fir_core line 22250 in file
		'./rtl/fir_core.v'.
==================================================================================
|     Register Name      |   Type    | Width | Bus | MB | AR | AS | SR | SS | ST |
==================================================================================
| delay_lane_m_2_sva_reg | Flip-flop |  11   |  Y  | N  | N  | N  | N  | N  | N  |
==================================================================================

Inferred memory devices in process
	in routine fir_core line 22258 in file
		'./rtl/fir_core.v'.
===============================================================================================================================================
|                                    Register Name                                    |   Type    | Width | Bus | MB | AR | AS | SR | SS | ST |
===============================================================================================================================================
| ac_float_cctor_assign_from_n32_31_22_2_AC_TRN_AC_WRAP_else_1_shift_l_mux_12_itm_reg | Flip-flop |   1   |  N  | N  | N  | N  | N  | N  | N  |
===============================================================================================================================================

Inferred memory devices in process
	in routine fir_core line 22275 in file
		'./rtl/fir_core.v'.
========================================================================================================================
|                        Register Name                         |   Type    | Width | Bus | MB | AR | AS | SR | SS | ST |
========================================================================================================================
| operator_13_2_true_AC_TRN_AC_WRAP_rshift_psp_10_sva_10_7_reg | Flip-flop |   4   |  Y  | N  | N  | N  | N  | N  | N  |
========================================================================================================================

Inferred memory devices in process
	in routine fir_core line 22411 in file
		'./rtl/fir_core.v'.
=============================================================================================================================================
|                                   Register Name                                   |   Type    | Width | Bus | MB | AR | AS | SR | SS | ST |
=============================================================================================================================================
| ac_float_cctor_assign_from_n32_31_22_2_AC_TRN_AC_WRAP_qr_6_0_34_lpi_1_dfm_4_0_reg | Flip-flop |   5   |  Y  | N  | N  | N  | N  | N  | N  |
=============================================================================================================================================

Inferred memory devices in process
	in routine fir_core line 22426 in file
		'./rtl/fir_core.v'.
=============================================================================================================================================
|                                   Register Name                                   |   Type    | Width | Bus | MB | AR | AS | SR | SS | ST |
=============================================================================================================================================
| ac_float_cctor_assign_from_n32_31_22_2_AC_TRN_AC_WRAP_qr_6_0_35_lpi_1_dfm_4_0_reg | Flip-flop |   5   |  Y  | N  | N  | N  | N  | N  | N  |
=============================================================================================================================================

Inferred memory devices in process
	in routine fir_core line 22441 in file
		'./rtl/fir_core.v'.
=============================================================================================================================================
|                                   Register Name                                   |   Type    | Width | Bus | MB | AR | AS | SR | SS | ST |
=============================================================================================================================================
| ac_float_cctor_assign_from_n32_31_22_2_AC_TRN_AC_WRAP_qr_6_0_36_lpi_1_dfm_4_0_reg | Flip-flop |   5   |  Y  | N  | N  | N  | N  | N  | N  |
=============================================================================================================================================

Inferred memory devices in process
	in routine fir_core line 22456 in file
		'./rtl/fir_core.v'.
=============================================================================================================================================
|                                   Register Name                                   |   Type    | Width | Bus | MB | AR | AS | SR | SS | ST |
=============================================================================================================================================
| ac_float_cctor_assign_from_n32_31_22_2_AC_TRN_AC_WRAP_qr_6_0_37_lpi_1_dfm_4_0_reg | Flip-flop |   5   |  Y  | N  | N  | N  | N  | N  | N  |
=============================================================================================================================================

Inferred memory devices in process
	in routine fir_core line 22471 in file
		'./rtl/fir_core.v'.
=============================================================================================================================================
|                                   Register Name                                   |   Type    | Width | Bus | MB | AR | AS | SR | SS | ST |
=============================================================================================================================================
| ac_float_cctor_assign_from_n32_31_22_2_AC_TRN_AC_WRAP_qr_6_0_38_lpi_1_dfm_4_0_reg | Flip-flop |   5   |  Y  | N  | N  | N  | N  | N  | N  |
=============================================================================================================================================

Inferred memory devices in process
	in routine fir_core line 22486 in file
		'./rtl/fir_core.v'.
=============================================================================================================================================
|                                   Register Name                                   |   Type    | Width | Bus | MB | AR | AS | SR | SS | ST |
=============================================================================================================================================
| ac_float_cctor_assign_from_n32_31_22_2_AC_TRN_AC_WRAP_qr_6_0_39_lpi_1_dfm_4_0_reg | Flip-flop |   5   |  Y  | N  | N  | N  | N  | N  | N  |
=============================================================================================================================================

Inferred memory devices in process
	in routine fir_core line 22501 in file
		'./rtl/fir_core.v'.
=============================================================================================================================================
|                                   Register Name                                   |   Type    | Width | Bus | MB | AR | AS | SR | SS | ST |
=============================================================================================================================================
| ac_float_cctor_assign_from_n32_31_22_2_AC_TRN_AC_WRAP_qr_6_0_40_lpi_1_dfm_4_0_reg | Flip-flop |   5   |  Y  | N  | N  | N  | N  | N  | N  |
=============================================================================================================================================

Inferred memory devices in process
	in routine fir_core line 22516 in file
		'./rtl/fir_core.v'.
=============================================================================================================================================
|                                   Register Name                                   |   Type    | Width | Bus | MB | AR | AS | SR | SS | ST |
=============================================================================================================================================
| ac_float_cctor_assign_from_n32_31_22_2_AC_TRN_AC_WRAP_qr_6_0_41_lpi_1_dfm_4_0_reg | Flip-flop |   5   |  Y  | N  | N  | N  | N  | N  | N  |
=============================================================================================================================================

Inferred memory devices in process
	in routine fir_core line 22531 in file
		'./rtl/fir_core.v'.
=============================================================================================================================================
|                                   Register Name                                   |   Type    | Width | Bus | MB | AR | AS | SR | SS | ST |
=============================================================================================================================================
| ac_float_cctor_assign_from_n32_31_22_2_AC_TRN_AC_WRAP_qr_6_0_42_lpi_1_dfm_4_0_reg | Flip-flop |   5   |  Y  | N  | N  | N  | N  | N  | N  |
=============================================================================================================================================

Inferred memory devices in process
	in routine fir_core line 22546 in file
		'./rtl/fir_core.v'.
=============================================================================================================================================
|                                   Register Name                                   |   Type    | Width | Bus | MB | AR | AS | SR | SS | ST |
=============================================================================================================================================
| ac_float_cctor_assign_from_n32_31_22_2_AC_TRN_AC_WRAP_qr_6_0_43_lpi_1_dfm_4_0_reg | Flip-flop |   5   |  Y  | N  | N  | N  | N  | N  | N  |
=============================================================================================================================================

Inferred memory devices in process
	in routine fir_core line 22561 in file
		'./rtl/fir_core.v'.
=============================================================================================================================================
|                                   Register Name                                   |   Type    | Width | Bus | MB | AR | AS | SR | SS | ST |
=============================================================================================================================================
| ac_float_cctor_assign_from_n32_31_22_2_AC_TRN_AC_WRAP_qr_6_0_44_lpi_1_dfm_4_0_reg | Flip-flop |   5   |  Y  | N  | N  | N  | N  | N  | N  |
=============================================================================================================================================

Inferred memory devices in process
	in routine fir_core line 22576 in file
		'./rtl/fir_core.v'.
=============================================================================================================================================
|                                   Register Name                                   |   Type    | Width | Bus | MB | AR | AS | SR | SS | ST |
=============================================================================================================================================
| ac_float_cctor_assign_from_n32_31_22_2_AC_TRN_AC_WRAP_qr_6_0_45_lpi_1_dfm_4_0_reg | Flip-flop |   5   |  Y  | N  | N  | N  | N  | N  | N  |
=============================================================================================================================================

Inferred memory devices in process
	in routine fir_core line 22591 in file
		'./rtl/fir_core.v'.
=============================================================================================================================================
|                                   Register Name                                   |   Type    | Width | Bus | MB | AR | AS | SR | SS | ST |
=============================================================================================================================================
| ac_float_cctor_assign_from_n32_31_22_2_AC_TRN_AC_WRAP_qr_6_0_46_lpi_1_dfm_4_0_reg | Flip-flop |   5   |  Y  | N  | N  | N  | N  | N  | N  |
=============================================================================================================================================

Inferred memory devices in process
	in routine fir_core line 22606 in file
		'./rtl/fir_core.v'.
=============================================================================================================================================
|                                   Register Name                                   |   Type    | Width | Bus | MB | AR | AS | SR | SS | ST |
=============================================================================================================================================
| ac_float_cctor_assign_from_n32_31_22_2_AC_TRN_AC_WRAP_qr_6_0_47_lpi_1_dfm_4_0_reg | Flip-flop |   5   |  Y  | N  | N  | N  | N  | N  | N  |
=============================================================================================================================================

Inferred memory devices in process
	in routine fir_core line 22621 in file
		'./rtl/fir_core.v'.
=============================================================================================================================================
|                                   Register Name                                   |   Type    | Width | Bus | MB | AR | AS | SR | SS | ST |
=============================================================================================================================================
| ac_float_cctor_assign_from_n32_31_22_2_AC_TRN_AC_WRAP_qr_6_0_48_lpi_1_dfm_4_0_reg | Flip-flop |   5   |  Y  | N  | N  | N  | N  | N  | N  |
=============================================================================================================================================

Inferred memory devices in process
	in routine fir_core line 22636 in file
		'./rtl/fir_core.v'.
=============================================================================================================================================
|                                   Register Name                                   |   Type    | Width | Bus | MB | AR | AS | SR | SS | ST |
=============================================================================================================================================
| ac_float_cctor_assign_from_n32_31_22_2_AC_TRN_AC_WRAP_qr_6_0_49_lpi_1_dfm_4_0_reg | Flip-flop |   5   |  Y  | N  | N  | N  | N  | N  | N  |
=============================================================================================================================================

Inferred memory devices in process
	in routine fir_core line 22651 in file
		'./rtl/fir_core.v'.
=============================================================================================================================================
|                                   Register Name                                   |   Type    | Width | Bus | MB | AR | AS | SR | SS | ST |
=============================================================================================================================================
| ac_float_cctor_assign_from_n32_31_22_2_AC_TRN_AC_WRAP_qr_6_0_50_lpi_1_dfm_4_0_reg | Flip-flop |   5   |  Y  | N  | N  | N  | N  | N  | N  |
=============================================================================================================================================

Inferred memory devices in process
	in routine fir_core line 22666 in file
		'./rtl/fir_core.v'.
=============================================================================================================================================
|                                   Register Name                                   |   Type    | Width | Bus | MB | AR | AS | SR | SS | ST |
=============================================================================================================================================
| ac_float_cctor_assign_from_n32_31_22_2_AC_TRN_AC_WRAP_qr_6_0_51_lpi_1_dfm_4_0_reg | Flip-flop |   5   |  Y  | N  | N  | N  | N  | N  | N  |
=============================================================================================================================================

Inferred memory devices in process
	in routine fir_core line 22681 in file
		'./rtl/fir_core.v'.
=============================================================================================================================================
|                                   Register Name                                   |   Type    | Width | Bus | MB | AR | AS | SR | SS | ST |
=============================================================================================================================================
| ac_float_cctor_assign_from_n32_31_22_2_AC_TRN_AC_WRAP_qr_6_0_52_lpi_1_dfm_4_0_reg | Flip-flop |   5   |  Y  | N  | N  | N  | N  | N  | N  |
=============================================================================================================================================

Inferred memory devices in process
	in routine fir_core line 22696 in file
		'./rtl/fir_core.v'.
=============================================================================================================================================
|                                   Register Name                                   |   Type    | Width | Bus | MB | AR | AS | SR | SS | ST |
=============================================================================================================================================
| ac_float_cctor_assign_from_n32_31_22_2_AC_TRN_AC_WRAP_qr_6_0_53_lpi_1_dfm_4_0_reg | Flip-flop |   5   |  Y  | N  | N  | N  | N  | N  | N  |
=============================================================================================================================================

Inferred memory devices in process
	in routine fir_core line 22711 in file
		'./rtl/fir_core.v'.
=============================================================================================================================================
|                                   Register Name                                   |   Type    | Width | Bus | MB | AR | AS | SR | SS | ST |
=============================================================================================================================================
| ac_float_cctor_assign_from_n32_31_22_2_AC_TRN_AC_WRAP_qr_6_0_54_lpi_1_dfm_4_0_reg | Flip-flop |   5   |  Y  | N  | N  | N  | N  | N  | N  |
=============================================================================================================================================

Inferred memory devices in process
	in routine fir_core line 22726 in file
		'./rtl/fir_core.v'.
=============================================================================================================================================
|                                   Register Name                                   |   Type    | Width | Bus | MB | AR | AS | SR | SS | ST |
=============================================================================================================================================
| ac_float_cctor_assign_from_n32_31_22_2_AC_TRN_AC_WRAP_qr_6_0_55_lpi_1_dfm_4_0_reg | Flip-flop |   5   |  Y  | N  | N  | N  | N  | N  | N  |
=============================================================================================================================================

Inferred memory devices in process
	in routine fir_core line 22741 in file
		'./rtl/fir_core.v'.
=============================================================================================================================================
|                                   Register Name                                   |   Type    | Width | Bus | MB | AR | AS | SR | SS | ST |
=============================================================================================================================================
| ac_float_cctor_assign_from_n32_31_22_2_AC_TRN_AC_WRAP_qr_6_0_56_lpi_1_dfm_4_0_reg | Flip-flop |   5   |  Y  | N  | N  | N  | N  | N  | N  |
=============================================================================================================================================

Inferred memory devices in process
	in routine fir_core line 22756 in file
		'./rtl/fir_core.v'.
=============================================================================================================================================
|                                   Register Name                                   |   Type    | Width | Bus | MB | AR | AS | SR | SS | ST |
=============================================================================================================================================
| ac_float_cctor_assign_from_n32_31_22_2_AC_TRN_AC_WRAP_qr_6_0_57_lpi_1_dfm_4_0_reg | Flip-flop |   5   |  Y  | N  | N  | N  | N  | N  | N  |
=============================================================================================================================================

Inferred memory devices in process
	in routine fir_core line 22771 in file
		'./rtl/fir_core.v'.
=============================================================================================================================================
|                                   Register Name                                   |   Type    | Width | Bus | MB | AR | AS | SR | SS | ST |
=============================================================================================================================================
| ac_float_cctor_assign_from_n32_31_22_2_AC_TRN_AC_WRAP_qr_6_0_58_lpi_1_dfm_4_0_reg | Flip-flop |   5   |  Y  | N  | N  | N  | N  | N  | N  |
=============================================================================================================================================

Inferred memory devices in process
	in routine fir_core line 22786 in file
		'./rtl/fir_core.v'.
=============================================================================================================================================
|                                   Register Name                                   |   Type    | Width | Bus | MB | AR | AS | SR | SS | ST |
=============================================================================================================================================
| ac_float_cctor_assign_from_n32_31_22_2_AC_TRN_AC_WRAP_qr_6_0_59_lpi_1_dfm_4_0_reg | Flip-flop |   5   |  Y  | N  | N  | N  | N  | N  | N  |
=============================================================================================================================================

Inferred memory devices in process
	in routine fir_core line 22801 in file
		'./rtl/fir_core.v'.
=============================================================================================================================================
|                                   Register Name                                   |   Type    | Width | Bus | MB | AR | AS | SR | SS | ST |
=============================================================================================================================================
| ac_float_cctor_assign_from_n32_31_22_2_AC_TRN_AC_WRAP_qr_6_0_60_lpi_1_dfm_4_0_reg | Flip-flop |   5   |  Y  | N  | N  | N  | N  | N  | N  |
=============================================================================================================================================

Inferred memory devices in process
	in routine fir_core line 22816 in file
		'./rtl/fir_core.v'.
=============================================================================================================================================
|                                   Register Name                                   |   Type    | Width | Bus | MB | AR | AS | SR | SS | ST |
=============================================================================================================================================
| ac_float_cctor_assign_from_n32_31_22_2_AC_TRN_AC_WRAP_qr_6_0_61_lpi_1_dfm_4_0_reg | Flip-flop |   5   |  Y  | N  | N  | N  | N  | N  | N  |
=============================================================================================================================================

Inferred memory devices in process
	in routine fir_core line 22831 in file
		'./rtl/fir_core.v'.
=============================================================================================================================================
|                                   Register Name                                   |   Type    | Width | Bus | MB | AR | AS | SR | SS | ST |
=============================================================================================================================================
| ac_float_cctor_assign_from_n32_31_22_2_AC_TRN_AC_WRAP_qr_6_0_62_lpi_1_dfm_4_0_reg | Flip-flop |   5   |  Y  | N  | N  | N  | N  | N  | N  |
=============================================================================================================================================

Inferred memory devices in process
	in routine fir_core line 22846 in file
		'./rtl/fir_core.v'.
=============================================================================================================================================
|                                   Register Name                                   |   Type    | Width | Bus | MB | AR | AS | SR | SS | ST |
=============================================================================================================================================
| ac_float_cctor_assign_from_n32_31_22_2_AC_TRN_AC_WRAP_qr_6_0_63_lpi_1_dfm_4_0_reg | Flip-flop |   5   |  Y  | N  | N  | N  | N  | N  | N  |
=============================================================================================================================================

Inferred memory devices in process
	in routine fir_core line 22861 in file
		'./rtl/fir_core.v'.
=========================================================================================================================================================
|                                         Register Name                                         |   Type    | Width | Bus | MB | AR | AS | SR | SS | ST |
=========================================================================================================================================================
| ac_float_cctor_assign_from_n32_31_22_2_AC_TRN_AC_WRAP_actual_max_shift_left_acc_psp_1_sva_reg | Flip-flop |   3   |  Y  | N  | N  | N  | N  | N  | N  |
=========================================================================================================================================================

Inferred memory devices in process
	in routine fir_core line 22873 in file
		'./rtl/fir_core.v'.
==========================================================================================================================================================
|                                         Register Name                                          |   Type    | Width | Bus | MB | AR | AS | SR | SS | ST |
==========================================================================================================================================================
| ac_float_cctor_assign_from_n32_31_22_2_AC_TRN_AC_WRAP_actual_max_shift_left_acc_psp_34_sva_reg | Flip-flop |   3   |  Y  | N  | N  | N  | N  | N  | N  |
==========================================================================================================================================================

Inferred memory devices in process
	in routine fir_core line 22883 in file
		'./rtl/fir_core.v'.
==========================================================================================================================================================
|                                         Register Name                                          |   Type    | Width | Bus | MB | AR | AS | SR | SS | ST |
==========================================================================================================================================================
| ac_float_cctor_assign_from_n32_31_22_2_AC_TRN_AC_WRAP_actual_max_shift_left_acc_psp_35_sva_reg | Flip-flop |   3   |  Y  | N  | N  | N  | N  | N  | N  |
==========================================================================================================================================================

Inferred memory devices in process
	in routine fir_core line 22893 in file
		'./rtl/fir_core.v'.
==========================================================================================================================================================
|                                         Register Name                                          |   Type    | Width | Bus | MB | AR | AS | SR | SS | ST |
==========================================================================================================================================================
| ac_float_cctor_assign_from_n32_31_22_2_AC_TRN_AC_WRAP_actual_max_shift_left_acc_psp_36_sva_reg | Flip-flop |   3   |  Y  | N  | N  | N  | N  | N  | N  |
==========================================================================================================================================================

Inferred memory devices in process
	in routine fir_core line 22903 in file
		'./rtl/fir_core.v'.
==========================================================================================================================================================
|                                         Register Name                                          |   Type    | Width | Bus | MB | AR | AS | SR | SS | ST |
==========================================================================================================================================================
| ac_float_cctor_assign_from_n32_31_22_2_AC_TRN_AC_WRAP_actual_max_shift_left_acc_psp_37_sva_reg | Flip-flop |   3   |  Y  | N  | N  | N  | N  | N  | N  |
==========================================================================================================================================================

Inferred memory devices in process
	in routine fir_core line 22913 in file
		'./rtl/fir_core.v'.
==========================================================================================================================================================
|                                         Register Name                                          |   Type    | Width | Bus | MB | AR | AS | SR | SS | ST |
==========================================================================================================================================================
| ac_float_cctor_assign_from_n32_31_22_2_AC_TRN_AC_WRAP_actual_max_shift_left_acc_psp_38_sva_reg | Flip-flop |   3   |  Y  | N  | N  | N  | N  | N  | N  |
==========================================================================================================================================================

Inferred memory devices in process
	in routine fir_core line 22923 in file
		'./rtl/fir_core.v'.
==========================================================================================================================================================
|                                         Register Name                                          |   Type    | Width | Bus | MB | AR | AS | SR | SS | ST |
==========================================================================================================================================================
| ac_float_cctor_assign_from_n32_31_22_2_AC_TRN_AC_WRAP_actual_max_shift_left_acc_psp_39_sva_reg | Flip-flop |   3   |  Y  | N  | N  | N  | N  | N  | N  |
==========================================================================================================================================================

Inferred memory devices in process
	in routine fir_core line 22933 in file
		'./rtl/fir_core.v'.
==========================================================================================================================================================
|                                         Register Name                                          |   Type    | Width | Bus | MB | AR | AS | SR | SS | ST |
==========================================================================================================================================================
| ac_float_cctor_assign_from_n32_31_22_2_AC_TRN_AC_WRAP_actual_max_shift_left_acc_psp_40_sva_reg | Flip-flop |   3   |  Y  | N  | N  | N  | N  | N  | N  |
==========================================================================================================================================================

Inferred memory devices in process
	in routine fir_core line 22943 in file
		'./rtl/fir_core.v'.
==========================================================================================================================================================
|                                         Register Name                                          |   Type    | Width | Bus | MB | AR | AS | SR | SS | ST |
==========================================================================================================================================================
| ac_float_cctor_assign_from_n32_31_22_2_AC_TRN_AC_WRAP_actual_max_shift_left_acc_psp_41_sva_reg | Flip-flop |   3   |  Y  | N  | N  | N  | N  | N  | N  |
==========================================================================================================================================================

Inferred memory devices in process
	in routine fir_core line 22953 in file
		'./rtl/fir_core.v'.
==========================================================================================================================================================
|                                         Register Name                                          |   Type    | Width | Bus | MB | AR | AS | SR | SS | ST |
==========================================================================================================================================================
| ac_float_cctor_assign_from_n32_31_22_2_AC_TRN_AC_WRAP_actual_max_shift_left_acc_psp_42_sva_reg | Flip-flop |   3   |  Y  | N  | N  | N  | N  | N  | N  |
==========================================================================================================================================================

Inferred memory devices in process
	in routine fir_core line 22963 in file
		'./rtl/fir_core.v'.
==========================================================================================================================================================
|                                         Register Name                                          |   Type    | Width | Bus | MB | AR | AS | SR | SS | ST |
==========================================================================================================================================================
| ac_float_cctor_assign_from_n32_31_22_2_AC_TRN_AC_WRAP_actual_max_shift_left_acc_psp_43_sva_reg | Flip-flop |   3   |  Y  | N  | N  | N  | N  | N  | N  |
==========================================================================================================================================================

Inferred memory devices in process
	in routine fir_core line 22973 in file
		'./rtl/fir_core.v'.
==========================================================================================================================================================
|                                         Register Name                                          |   Type    | Width | Bus | MB | AR | AS | SR | SS | ST |
==========================================================================================================================================================
| ac_float_cctor_assign_from_n32_31_22_2_AC_TRN_AC_WRAP_actual_max_shift_left_acc_psp_44_sva_reg | Flip-flop |   3   |  Y  | N  | N  | N  | N  | N  | N  |
==========================================================================================================================================================

Inferred memory devices in process
	in routine fir_core line 22983 in file
		'./rtl/fir_core.v'.
==========================================================================================================================================================
|                                         Register Name                                          |   Type    | Width | Bus | MB | AR | AS | SR | SS | ST |
==========================================================================================================================================================
| ac_float_cctor_assign_from_n32_31_22_2_AC_TRN_AC_WRAP_actual_max_shift_left_acc_psp_45_sva_reg | Flip-flop |   3   |  Y  | N  | N  | N  | N  | N  | N  |
==========================================================================================================================================================

Inferred memory devices in process
	in routine fir_core line 22993 in file
		'./rtl/fir_core.v'.
==========================================================================================================================================================
|                                         Register Name                                          |   Type    | Width | Bus | MB | AR | AS | SR | SS | ST |
==========================================================================================================================================================
| ac_float_cctor_assign_from_n32_31_22_2_AC_TRN_AC_WRAP_actual_max_shift_left_acc_psp_46_sva_reg | Flip-flop |   3   |  Y  | N  | N  | N  | N  | N  | N  |
==========================================================================================================================================================

Inferred memory devices in process
	in routine fir_core line 23003 in file
		'./rtl/fir_core.v'.
==========================================================================================================================================================
|                                         Register Name                                          |   Type    | Width | Bus | MB | AR | AS | SR | SS | ST |
==========================================================================================================================================================
| ac_float_cctor_assign_from_n32_31_22_2_AC_TRN_AC_WRAP_actual_max_shift_left_acc_psp_47_sva_reg | Flip-flop |   3   |  Y  | N  | N  | N  | N  | N  | N  |
==========================================================================================================================================================

Inferred memory devices in process
	in routine fir_core line 23013 in file
		'./rtl/fir_core.v'.
==========================================================================================================================================================
|                                         Register Name                                          |   Type    | Width | Bus | MB | AR | AS | SR | SS | ST |
==========================================================================================================================================================
| ac_float_cctor_assign_from_n32_31_22_2_AC_TRN_AC_WRAP_actual_max_shift_left_acc_psp_48_sva_reg | Flip-flop |   3   |  Y  | N  | N  | N  | N  | N  | N  |
==========================================================================================================================================================

Inferred memory devices in process
	in routine fir_core line 23023 in file
		'./rtl/fir_core.v'.
==========================================================================================================================================================
|                                         Register Name                                          |   Type    | Width | Bus | MB | AR | AS | SR | SS | ST |
==========================================================================================================================================================
| ac_float_cctor_assign_from_n32_31_22_2_AC_TRN_AC_WRAP_actual_max_shift_left_acc_psp_49_sva_reg | Flip-flop |   3   |  Y  | N  | N  | N  | N  | N  | N  |
==========================================================================================================================================================

Inferred memory devices in process
	in routine fir_core line 23033 in file
		'./rtl/fir_core.v'.
==========================================================================================================================================================
|                                         Register Name                                          |   Type    | Width | Bus | MB | AR | AS | SR | SS | ST |
==========================================================================================================================================================
| ac_float_cctor_assign_from_n32_31_22_2_AC_TRN_AC_WRAP_actual_max_shift_left_acc_psp_50_sva_reg | Flip-flop |   3   |  Y  | N  | N  | N  | N  | N  | N  |
==========================================================================================================================================================

Inferred memory devices in process
	in routine fir_core line 23043 in file
		'./rtl/fir_core.v'.
==========================================================================================================================================================
|                                         Register Name                                          |   Type    | Width | Bus | MB | AR | AS | SR | SS | ST |
==========================================================================================================================================================
| ac_float_cctor_assign_from_n32_31_22_2_AC_TRN_AC_WRAP_actual_max_shift_left_acc_psp_51_sva_reg | Flip-flop |   3   |  Y  | N  | N  | N  | N  | N  | N  |
==========================================================================================================================================================

Inferred memory devices in process
	in routine fir_core line 23053 in file
		'./rtl/fir_core.v'.
==========================================================================================================================================================
|                                         Register Name                                          |   Type    | Width | Bus | MB | AR | AS | SR | SS | ST |
==========================================================================================================================================================
| ac_float_cctor_assign_from_n32_31_22_2_AC_TRN_AC_WRAP_actual_max_shift_left_acc_psp_52_sva_reg | Flip-flop |   3   |  Y  | N  | N  | N  | N  | N  | N  |
==========================================================================================================================================================

Inferred memory devices in process
	in routine fir_core line 23063 in file
		'./rtl/fir_core.v'.
==========================================================================================================================================================
|                                         Register Name                                          |   Type    | Width | Bus | MB | AR | AS | SR | SS | ST |
==========================================================================================================================================================
| ac_float_cctor_assign_from_n32_31_22_2_AC_TRN_AC_WRAP_actual_max_shift_left_acc_psp_53_sva_reg | Flip-flop |   3   |  Y  | N  | N  | N  | N  | N  | N  |
==========================================================================================================================================================

Inferred memory devices in process
	in routine fir_core line 23073 in file
		'./rtl/fir_core.v'.
==========================================================================================================================================================
|                                         Register Name                                          |   Type    | Width | Bus | MB | AR | AS | SR | SS | ST |
==========================================================================================================================================================
| ac_float_cctor_assign_from_n32_31_22_2_AC_TRN_AC_WRAP_actual_max_shift_left_acc_psp_54_sva_reg | Flip-flop |   3   |  Y  | N  | N  | N  | N  | N  | N  |
==========================================================================================================================================================

Inferred memory devices in process
	in routine fir_core line 23083 in file
		'./rtl/fir_core.v'.
==========================================================================================================================================================
|                                         Register Name                                          |   Type    | Width | Bus | MB | AR | AS | SR | SS | ST |
==========================================================================================================================================================
| ac_float_cctor_assign_from_n32_31_22_2_AC_TRN_AC_WRAP_actual_max_shift_left_acc_psp_55_sva_reg | Flip-flop |   3   |  Y  | N  | N  | N  | N  | N  | N  |
==========================================================================================================================================================

Inferred memory devices in process
	in routine fir_core line 23093 in file
		'./rtl/fir_core.v'.
==========================================================================================================================================================
|                                         Register Name                                          |   Type    | Width | Bus | MB | AR | AS | SR | SS | ST |
==========================================================================================================================================================
| ac_float_cctor_assign_from_n32_31_22_2_AC_TRN_AC_WRAP_actual_max_shift_left_acc_psp_56_sva_reg | Flip-flop |   3   |  Y  | N  | N  | N  | N  | N  | N  |
==========================================================================================================================================================

Inferred memory devices in process
	in routine fir_core line 23103 in file
		'./rtl/fir_core.v'.
==========================================================================================================================================================
|                                         Register Name                                          |   Type    | Width | Bus | MB | AR | AS | SR | SS | ST |
==========================================================================================================================================================
| ac_float_cctor_assign_from_n32_31_22_2_AC_TRN_AC_WRAP_actual_max_shift_left_acc_psp_57_sva_reg | Flip-flop |   3   |  Y  | N  | N  | N  | N  | N  | N  |
==========================================================================================================================================================

Inferred memory devices in process
	in routine fir_core line 23113 in file
		'./rtl/fir_core.v'.
==========================================================================================================================================================
|                                         Register Name                                          |   Type    | Width | Bus | MB | AR | AS | SR | SS | ST |
==========================================================================================================================================================
| ac_float_cctor_assign_from_n32_31_22_2_AC_TRN_AC_WRAP_actual_max_shift_left_acc_psp_58_sva_reg | Flip-flop |   3   |  Y  | N  | N  | N  | N  | N  | N  |
==========================================================================================================================================================

Inferred memory devices in process
	in routine fir_core line 23123 in file
		'./rtl/fir_core.v'.
==========================================================================================================================================================
|                                         Register Name                                          |   Type    | Width | Bus | MB | AR | AS | SR | SS | ST |
==========================================================================================================================================================
| ac_float_cctor_assign_from_n32_31_22_2_AC_TRN_AC_WRAP_actual_max_shift_left_acc_psp_59_sva_reg | Flip-flop |   3   |  Y  | N  | N  | N  | N  | N  | N  |
==========================================================================================================================================================

Inferred memory devices in process
	in routine fir_core line 23133 in file
		'./rtl/fir_core.v'.
==========================================================================================================================================================
|                                         Register Name                                          |   Type    | Width | Bus | MB | AR | AS | SR | SS | ST |
==========================================================================================================================================================
| ac_float_cctor_assign_from_n32_31_22_2_AC_TRN_AC_WRAP_actual_max_shift_left_acc_psp_60_sva_reg | Flip-flop |   3   |  Y  | N  | N  | N  | N  | N  | N  |
==========================================================================================================================================================

Inferred memory devices in process
	in routine fir_core line 23143 in file
		'./rtl/fir_core.v'.
==========================================================================================================================================================
|                                         Register Name                                          |   Type    | Width | Bus | MB | AR | AS | SR | SS | ST |
==========================================================================================================================================================
| ac_float_cctor_assign_from_n32_31_22_2_AC_TRN_AC_WRAP_actual_max_shift_left_acc_psp_61_sva_reg | Flip-flop |   3   |  Y  | N  | N  | N  | N  | N  | N  |
==========================================================================================================================================================

Inferred memory devices in process
	in routine fir_core line 23153 in file
		'./rtl/fir_core.v'.
==========================================================================================================================================================
|                                         Register Name                                          |   Type    | Width | Bus | MB | AR | AS | SR | SS | ST |
==========================================================================================================================================================
| ac_float_cctor_assign_from_n32_31_22_2_AC_TRN_AC_WRAP_actual_max_shift_left_acc_psp_62_sva_reg | Flip-flop |   3   |  Y  | N  | N  | N  | N  | N  | N  |
==========================================================================================================================================================

Inferred memory devices in process
	in routine fir_core line 23163 in file
		'./rtl/fir_core.v'.
==========================================================================================================================================================
|                                         Register Name                                          |   Type    | Width | Bus | MB | AR | AS | SR | SS | ST |
==========================================================================================================================================================
| ac_float_cctor_assign_from_n32_31_22_2_AC_TRN_AC_WRAP_actual_max_shift_left_acc_psp_63_sva_reg | Flip-flop |   3   |  Y  | N  | N  | N  | N  | N  | N  |
==========================================================================================================================================================

Inferred memory devices in process
	in routine fir_core line 23173 in file
		'./rtl/fir_core.v'.
=======================================================================================================================================================
|                                        Register Name                                        |   Type    | Width | Bus | MB | AR | AS | SR | SS | ST |
=======================================================================================================================================================
| ac_float_cctor_assign_from_n32_31_22_2_AC_TRN_AC_WRAP_actual_max_shift_left_acc_psp_sva_reg | Flip-flop |   3   |  Y  | N  | N  | N  | N  | N  | N  |
=======================================================================================================================================================

Inferred memory devices in process
	in routine fir_core line 23183 in file
		'./rtl/fir_core.v'.
===================================================================================================================================
|                              Register Name                              |   Type    | Width | Bus | MB | AR | AS | SR | SS | ST |
===================================================================================================================================
| ac_float_cctor_assign_from_n32_31_22_2_AC_TRN_AC_WRAP_acc_psp_3_sva_reg | Flip-flop |   7   |  Y  | N  | N  | N  | N  | N  | N  |
===================================================================================================================================

Inferred memory devices in process
	in routine fir_core line 23191 in file
		'./rtl/fir_core.v'.
==========================================================================================================================================
|                                 Register Name                                  |   Type    | Width | Bus | MB | AR | AS | SR | SS | ST |
==========================================================================================================================================
| ac_float_cctor_assign_from_n32_31_22_2_AC_TRN_AC_WRAP_qr_6_0_lpi_1_dfm_4_0_reg | Flip-flop |   5   |  Y  | N  | N  | N  | N  | N  | N  |
==========================================================================================================================================

Inferred memory devices in process
	in routine fir_core line 23204 in file
		'./rtl/fir_core.v'.
======================================================================================================
|               Register Name                |   Type    | Width | Bus | MB | AR | AS | SR | SS | ST |
======================================================================================================
| MAC_ac_float_cctor_m_40_lpi_1_dfm_10_7_reg | Flip-flop |   4   |  Y  | N  | N  | N  | N  | N  | N  |
======================================================================================================

Inferred memory devices in process
	in routine fir_core line 23213 in file
		'./rtl/fir_core.v'.
=====================================================================================================
|               Register Name               |   Type    | Width | Bus | MB | AR | AS | SR | SS | ST |
=====================================================================================================
| MAC_ac_float_cctor_m_40_lpi_1_dfm_6_0_reg | Flip-flop |   7   |  Y  | N  | N  | N  | N  | N  | N  |
=====================================================================================================

Inferred memory devices in process
	in routine fir_core line 23223 in file
		'./rtl/fir_core.v'.
======================================================================================================
|               Register Name                |   Type    | Width | Bus | MB | AR | AS | SR | SS | ST |
======================================================================================================
|  MAC_ac_float_cctor_m_lpi_1_dfm_10_7_reg   | Flip-flop |   4   |  Y  | N  | N  | N  | N  | N  | N  |
| MAC_ac_float_cctor_m_41_lpi_1_dfm_10_7_reg | Flip-flop |   4   |  Y  | N  | N  | N  | N  | N  | N  |
| MAC_ac_float_cctor_m_42_lpi_1_dfm_10_7_reg | Flip-flop |   4   |  Y  | N  | N  | N  | N  | N  | N  |
| MAC_ac_float_cctor_m_43_lpi_1_dfm_10_7_reg | Flip-flop |   4   |  Y  | N  | N  | N  | N  | N  | N  |
| MAC_ac_float_cctor_m_44_lpi_1_dfm_10_7_reg | Flip-flop |   4   |  Y  | N  | N  | N  | N  | N  | N  |
| MAC_ac_float_cctor_m_45_lpi_1_dfm_10_7_reg | Flip-flop |   4   |  Y  | N  | N  | N  | N  | N  | N  |
| MAC_ac_float_cctor_m_46_lpi_1_dfm_10_7_reg | Flip-flop |   4   |  Y  | N  | N  | N  | N  | N  | N  |
| MAC_ac_float_cctor_m_47_lpi_1_dfm_10_7_reg | Flip-flop |   4   |  Y  | N  | N  | N  | N  | N  | N  |
| MAC_ac_float_cctor_m_48_lpi_1_dfm_10_7_reg | Flip-flop |   4   |  Y  | N  | N  | N  | N  | N  | N  |
| MAC_ac_float_cctor_m_49_lpi_1_dfm_10_7_reg | Flip-flop |   4   |  Y  | N  | N  | N  | N  | N  | N  |
| MAC_ac_float_cctor_m_5_lpi_1_dfm_10_7_reg  | Flip-flop |   4   |  Y  | N  | N  | N  | N  | N  | N  |
| MAC_ac_float_cctor_m_50_lpi_1_dfm_10_7_reg | Flip-flop |   4   |  Y  | N  | N  | N  | N  | N  | N  |
| MAC_ac_float_cctor_m_51_lpi_1_dfm_10_7_reg | Flip-flop |   4   |  Y  | N  | N  | N  | N  | N  | N  |
| MAC_ac_float_cctor_m_52_lpi_1_dfm_10_7_reg | Flip-flop |   4   |  Y  | N  | N  | N  | N  | N  | N  |
| MAC_ac_float_cctor_m_53_lpi_1_dfm_10_7_reg | Flip-flop |   4   |  Y  | N  | N  | N  | N  | N  | N  |
| MAC_ac_float_cctor_m_54_lpi_1_dfm_10_7_reg | Flip-flop |   4   |  Y  | N  | N  | N  | N  | N  | N  |
| MAC_ac_float_cctor_m_55_lpi_1_dfm_10_7_reg | Flip-flop |   4   |  Y  | N  | N  | N  | N  | N  | N  |
| MAC_ac_float_cctor_m_56_lpi_1_dfm_10_7_reg | Flip-flop |   4   |  Y  | N  | N  | N  | N  | N  | N  |
| MAC_ac_float_cctor_m_57_lpi_1_dfm_10_7_reg | Flip-flop |   4   |  Y  | N  | N  | N  | N  | N  | N  |
| MAC_ac_float_cctor_m_58_lpi_1_dfm_10_7_reg | Flip-flop |   4   |  Y  | N  | N  | N  | N  | N  | N  |
| MAC_ac_float_cctor_m_59_lpi_1_dfm_10_7_reg | Flip-flop |   4   |  Y  | N  | N  | N  | N  | N  | N  |
| MAC_ac_float_cctor_m_6_lpi_1_dfm_10_7_reg  | Flip-flop |   4   |  Y  | N  | N  | N  | N  | N  | N  |
| MAC_ac_float_cctor_m_60_lpi_1_dfm_10_7_reg | Flip-flop |   4   |  Y  | N  | N  | N  | N  | N  | N  |
| MAC_ac_float_cctor_m_61_lpi_1_dfm_10_7_reg | Flip-flop |   4   |  Y  | N  | N  | N  | N  | N  | N  |
| MAC_ac_float_cctor_m_62_lpi_1_dfm_10_7_reg | Flip-flop |   4   |  Y  | N  | N  | N  | N  | N  | N  |
| MAC_ac_float_cctor_m_63_lpi_1_dfm_10_7_reg | Flip-flop |   4   |  Y  | N  | N  | N  | N  | N  | N  |
| MAC_ac_float_cctor_m_7_lpi_1_dfm_10_7_reg  | Flip-flop |   4   |  Y  | N  | N  | N  | N  | N  | N  |
| MAC_ac_float_cctor_m_8_lpi_1_dfm_10_7_reg  | Flip-flop |   4   |  Y  | N  | N  | N  | N  | N  | N  |
| MAC_ac_float_cctor_m_9_lpi_1_dfm_10_7_reg  | Flip-flop |   4   |  Y  | N  | N  | N  | N  | N  | N  |
======================================================================================================

Inferred memory devices in process
	in routine fir_core line 23287 in file
		'./rtl/fir_core.v'.
=====================================================================================================
|               Register Name               |   Type    | Width | Bus | MB | AR | AS | SR | SS | ST |
=====================================================================================================
|  MAC_ac_float_cctor_m_lpi_1_dfm_6_0_reg   | Flip-flop |   7   |  Y  | N  | N  | N  | N  | N  | N  |
| MAC_ac_float_cctor_m_41_lpi_1_dfm_6_0_reg | Flip-flop |   7   |  Y  | N  | N  | N  | N  | N  | N  |
| MAC_ac_float_cctor_m_42_lpi_1_dfm_6_0_reg | Flip-flop |   7   |  Y  | N  | N  | N  | N  | N  | N  |
| MAC_ac_float_cctor_m_43_lpi_1_dfm_6_0_reg | Flip-flop |   7   |  Y  | N  | N  | N  | N  | N  | N  |
| MAC_ac_float_cctor_m_44_lpi_1_dfm_6_0_reg | Flip-flop |   7   |  Y  | N  | N  | N  | N  | N  | N  |
| MAC_ac_float_cctor_m_45_lpi_1_dfm_6_0_reg | Flip-flop |   7   |  Y  | N  | N  | N  | N  | N  | N  |
| MAC_ac_float_cctor_m_46_lpi_1_dfm_6_0_reg | Flip-flop |   7   |  Y  | N  | N  | N  | N  | N  | N  |
| MAC_ac_float_cctor_m_47_lpi_1_dfm_6_0_reg | Flip-flop |   7   |  Y  | N  | N  | N  | N  | N  | N  |
| MAC_ac_float_cctor_m_48_lpi_1_dfm_6_0_reg | Flip-flop |   7   |  Y  | N  | N  | N  | N  | N  | N  |
| MAC_ac_float_cctor_m_49_lpi_1_dfm_6_0_reg | Flip-flop |   7   |  Y  | N  | N  | N  | N  | N  | N  |
| MAC_ac_float_cctor_m_5_lpi_1_dfm_6_0_reg  | Flip-flop |   7   |  Y  | N  | N  | N  | N  | N  | N  |
| MAC_ac_float_cctor_m_50_lpi_1_dfm_6_0_reg | Flip-flop |   7   |  Y  | N  | N  | N  | N  | N  | N  |
| MAC_ac_float_cctor_m_51_lpi_1_dfm_6_0_reg | Flip-flop |   7   |  Y  | N  | N  | N  | N  | N  | N  |
| MAC_ac_float_cctor_m_52_lpi_1_dfm_6_0_reg | Flip-flop |   7   |  Y  | N  | N  | N  | N  | N  | N  |
| MAC_ac_float_cctor_m_53_lpi_1_dfm_6_0_reg | Flip-flop |   7   |  Y  | N  | N  | N  | N  | N  | N  |
| MAC_ac_float_cctor_m_54_lpi_1_dfm_6_0_reg | Flip-flop |   7   |  Y  | N  | N  | N  | N  | N  | N  |
| MAC_ac_float_cctor_m_55_lpi_1_dfm_6_0_reg | Flip-flop |   7   |  Y  | N  | N  | N  | N  | N  | N  |
| MAC_ac_float_cctor_m_56_lpi_1_dfm_6_0_reg | Flip-flop |   7   |  Y  | N  | N  | N  | N  | N  | N  |
| MAC_ac_float_cctor_m_57_lpi_1_dfm_6_0_reg | Flip-flop |   7   |  Y  | N  | N  | N  | N  | N  | N  |
| MAC_ac_float_cctor_m_58_lpi_1_dfm_6_0_reg | Flip-flop |   7   |  Y  | N  | N  | N  | N  | N  | N  |
| MAC_ac_float_cctor_m_59_lpi_1_dfm_6_0_reg | Flip-flop |   7   |  Y  | N  | N  | N  | N  | N  | N  |
| MAC_ac_float_cctor_m_6_lpi_1_dfm_6_0_reg  | Flip-flop |   7   |  Y  | N  | N  | N  | N  | N  | N  |
| MAC_ac_float_cctor_m_60_lpi_1_dfm_6_0_reg | Flip-flop |   7   |  Y  | N  | N  | N  | N  | N  | N  |
| MAC_ac_float_cctor_m_61_lpi_1_dfm_6_0_reg | Flip-flop |   7   |  Y  | N  | N  | N  | N  | N  | N  |
| MAC_ac_float_cctor_m_62_lpi_1_dfm_6_0_reg | Flip-flop |   7   |  Y  | N  | N  | N  | N  | N  | N  |
| MAC_ac_float_cctor_m_63_lpi_1_dfm_6_0_reg | Flip-flop |   7   |  Y  | N  | N  | N  | N  | N  | N  |
| MAC_ac_float_cctor_m_7_lpi_1_dfm_6_0_reg  | Flip-flop |   7   |  Y  | N  | N  | N  | N  | N  | N  |
| MAC_ac_float_cctor_m_8_lpi_1_dfm_6_0_reg  | Flip-flop |   7   |  Y  | N  | N  | N  | N  | N  | N  |
| MAC_ac_float_cctor_m_9_lpi_1_dfm_6_0_reg  | Flip-flop |   7   |  Y  | N  | N  | N  | N  | N  | N  |
=====================================================================================================

Inferred memory devices in process
	in routine fir_core line 23380 in file
		'./rtl/fir_core.v'.
=====================================================================================================================================
|                               Register Name                               |   Type    | Width | Bus | MB | AR | AS | SR | SS | ST |
=====================================================================================================================================
| ac_float_cctor_assign_from_n32_31_22_2_AC_TRN_AC_WRAP_op2_21_11_1_sva_reg | Flip-flop |  11   |  Y  | N  | N  | N  | N  | N  | N  |
=====================================================================================================================================

Inferred memory devices in process
	in routine fir_core line 23399 in file
		'./rtl/fir_core.v'.
=======================================================================================================================================================================================================
|                                                                Register Name                                                                |   Type    | Width | Bus | MB | AR | AS | SR | SS | ST |
=======================================================================================================================================================================================================
|                              ac_float_cctor_assign_from_n32_31_22_2_AC_TRN_AC_WRAP_else_if_all_sign_4_sva_reg                               | Flip-flop |   1   |  N  | N  | N  | N  | N  | N  | N  |
|                        ac_float_cctor_assign_from_n32_31_22_2_AC_TRN_AC_WRAP_else_1_shift_exponent_limited_2_sva_reg                        | Flip-flop |   1   |  N  | N  | N  | N  | N  | N  | N  |
|                        ac_float_cctor_assign_from_n32_31_22_2_AC_TRN_AC_WRAP_else_1_shift_exponent_limited_4_sva_reg                        | Flip-flop |   1   |  N  | N  | N  | N  | N  | N  | N  |
|                        ac_float_cctor_assign_from_n32_31_22_2_AC_TRN_AC_WRAP_else_1_shift_exponent_limited_5_sva_reg                        | Flip-flop |   1   |  N  | N  | N  | N  | N  | N  | N  |
|                        ac_float_cctor_assign_from_n32_31_22_2_AC_TRN_AC_WRAP_else_1_shift_exponent_limited_6_sva_reg                        | Flip-flop |   1   |  N  | N  | N  | N  | N  | N  | N  |
|                        ac_float_cctor_assign_from_n32_31_22_2_AC_TRN_AC_WRAP_else_1_shift_exponent_limited_7_sva_reg                        | Flip-flop |   1   |  N  | N  | N  | N  | N  | N  | N  |
|                        ac_float_cctor_assign_from_n32_31_22_2_AC_TRN_AC_WRAP_else_1_shift_exponent_limited_8_sva_reg                        | Flip-flop |   1   |  N  | N  | N  | N  | N  | N  | N  |
|                        ac_float_cctor_assign_from_n32_31_22_2_AC_TRN_AC_WRAP_else_1_shift_exponent_limited_9_sva_reg                        | Flip-flop |   1   |  N  | N  | N  | N  | N  | N  | N  |
|                       ac_float_cctor_assign_from_n32_31_22_2_AC_TRN_AC_WRAP_else_1_shift_exponent_limited_12_sva_reg                        | Flip-flop |   1   |  N  | N  | N  | N  | N  | N  | N  |
|                       ac_float_cctor_assign_from_n32_31_22_2_AC_TRN_AC_WRAP_else_1_shift_exponent_limited_13_sva_reg                        | Flip-flop |   1   |  N  | N  | N  | N  | N  | N  | N  |
|                       ac_float_cctor_assign_from_n32_31_22_2_AC_TRN_AC_WRAP_else_1_shift_exponent_limited_14_sva_reg                        | Flip-flop |   1   |  N  | N  | N  | N  | N  | N  | N  |
|                       ac_float_cctor_assign_from_n32_31_22_2_AC_TRN_AC_WRAP_else_1_shift_exponent_limited_15_sva_reg                        | Flip-flop |   1   |  N  | N  | N  | N  | N  | N  | N  |
|                       ac_float_cctor_assign_from_n32_31_22_2_AC_TRN_AC_WRAP_else_1_shift_exponent_limited_16_sva_reg                        | Flip-flop |   1   |  N  | N  | N  | N  | N  | N  | N  |
|                       ac_float_cctor_assign_from_n32_31_22_2_AC_TRN_AC_WRAP_else_1_shift_exponent_limited_17_sva_reg                        | Flip-flop |   1   |  N  | N  | N  | N  | N  | N  | N  |
|                       ac_float_cctor_assign_from_n32_31_22_2_AC_TRN_AC_WRAP_else_1_shift_exponent_limited_18_sva_reg                        | Flip-flop |   1   |  N  | N  | N  | N  | N  | N  | N  |
|                       ac_float_cctor_assign_from_n32_31_22_2_AC_TRN_AC_WRAP_else_1_shift_exponent_limited_19_sva_reg                        | Flip-flop |   1   |  N  | N  | N  | N  | N  | N  | N  |
|                       ac_float_cctor_assign_from_n32_31_22_2_AC_TRN_AC_WRAP_else_1_shift_exponent_limited_20_sva_reg                        | Flip-flop |   1   |  N  | N  | N  | N  | N  | N  | N  |
|                       ac_float_cctor_assign_from_n32_31_22_2_AC_TRN_AC_WRAP_else_1_shift_exponent_limited_21_sva_reg                        | Flip-flop |   1   |  N  | N  | N  | N  | N  | N  | N  |
|                       ac_float_cctor_assign_from_n32_31_22_2_AC_TRN_AC_WRAP_else_1_shift_exponent_limited_22_sva_reg                        | Flip-flop |   1   |  N  | N  | N  | N  | N  | N  | N  |
|                       ac_float_cctor_assign_from_n32_31_22_2_AC_TRN_AC_WRAP_else_1_shift_exponent_limited_23_sva_reg                        | Flip-flop |   1   |  N  | N  | N  | N  | N  | N  | N  |
|                       ac_float_cctor_assign_from_n32_31_22_2_AC_TRN_AC_WRAP_else_1_shift_exponent_limited_24_sva_reg                        | Flip-flop |   1   |  N  | N  | N  | N  | N  | N  | N  |
|                       ac_float_cctor_assign_from_n32_31_22_2_AC_TRN_AC_WRAP_else_1_shift_exponent_limited_25_sva_reg                        | Flip-flop |   1   |  N  | N  | N  | N  | N  | N  | N  |
|                       ac_float_cctor_assign_from_n32_31_22_2_AC_TRN_AC_WRAP_else_1_shift_exponent_limited_26_sva_reg                        | Flip-flop |   1   |  N  | N  | N  | N  | N  | N  | N  |
|                       ac_float_cctor_assign_from_n32_31_22_2_AC_TRN_AC_WRAP_else_1_shift_exponent_limited_27_sva_reg                        | Flip-flop |   1   |  N  | N  | N  | N  | N  | N  | N  |
|                       ac_float_cctor_assign_from_n32_31_22_2_AC_TRN_AC_WRAP_else_1_shift_exponent_limited_28_sva_reg                        | Flip-flop |   1   |  N  | N  | N  | N  | N  | N  | N  |
|                       ac_float_cctor_assign_from_n32_31_22_2_AC_TRN_AC_WRAP_else_1_shift_exponent_limited_29_sva_reg                        | Flip-flop |   1   |  N  | N  | N  | N  | N  | N  | N  |
|                       ac_float_cctor_assign_from_n32_31_22_2_AC_TRN_AC_WRAP_else_1_shift_exponent_limited_30_sva_reg                        | Flip-flop |   1   |  N  | N  | N  | N  | N  | N  | N  |
|                       ac_float_cctor_assign_from_n32_31_22_2_AC_TRN_AC_WRAP_else_1_shift_exponent_limited_31_sva_reg                        | Flip-flop |   1   |  N  | N  | N  | N  | N  | N  | N  |
|                       ac_float_cctor_assign_from_n32_31_22_2_AC_TRN_AC_WRAP_else_1_shift_exponent_limited_32_sva_reg                        | Flip-flop |   1   |  N  | N  | N  | N  | N  | N  | N  |
|                       ac_float_cctor_assign_from_n32_31_22_2_AC_TRN_AC_WRAP_else_1_shift_exponent_limited_33_sva_reg                        | Flip-flop |   1   |  N  | N  | N  | N  | N  | N  | N  |
| ac_float_cctor_assign_from_n32_31_22_2_AC_TRN_AC_WRAP_else_if_ac_float_cctor_assign_from_n32_31_22_2_AC_TRN_AC_WRAP_else_if_nand_32_itm_reg | Flip-flop |   1   |  N  | N  | N  | N  | N  | N  | N  |
| ac_float_cctor_assign_from_n32_31_22_2_AC_TRN_AC_WRAP_else_if_ac_float_cctor_assign_from_n32_31_22_2_AC_TRN_AC_WRAP_else_if_nand_31_itm_reg | Flip-flop |   1   |  N  | N  | N  | N  | N  | N  | N  |
| ac_float_cctor_assign_from_n32_31_22_2_AC_TRN_AC_WRAP_else_if_ac_float_cctor_assign_from_n32_31_22_2_AC_TRN_AC_WRAP_else_if_nand_30_itm_reg | Flip-flop |   1   |  N  | N  | N  | N  | N  | N  | N  |
| ac_float_cctor_assign_from_n32_31_22_2_AC_TRN_AC_WRAP_else_if_ac_float_cctor_assign_from_n32_31_22_2_AC_TRN_AC_WRAP_else_if_nand_29_itm_reg | Flip-flop |   1   |  N  | N  | N  | N  | N  | N  | N  |
| ac_float_cctor_assign_from_n32_31_22_2_AC_TRN_AC_WRAP_else_if_ac_float_cctor_assign_from_n32_31_22_2_AC_TRN_AC_WRAP_else_if_nand_28_itm_reg | Flip-flop |   1   |  N  | N  | N  | N  | N  | N  | N  |
| ac_float_cctor_assign_from_n32_31_22_2_AC_TRN_AC_WRAP_else_if_ac_float_cctor_assign_from_n32_31_22_2_AC_TRN_AC_WRAP_else_if_nand_27_itm_reg | Flip-flop |   1   |  N  | N  | N  | N  | N  | N  | N  |
| ac_float_cctor_assign_from_n32_31_22_2_AC_TRN_AC_WRAP_else_if_ac_float_cctor_assign_from_n32_31_22_2_AC_TRN_AC_WRAP_else_if_nand_26_itm_reg | Flip-flop |   1   |  N  | N  | N  | N  | N  | N  | N  |
| ac_float_cctor_assign_from_n32_31_22_2_AC_TRN_AC_WRAP_else_if_ac_float_cctor_assign_from_n32_31_22_2_AC_TRN_AC_WRAP_else_if_nand_25_itm_reg | Flip-flop |   1   |  N  | N  | N  | N  | N  | N  | N  |
| ac_float_cctor_assign_from_n32_31_22_2_AC_TRN_AC_WRAP_else_if_ac_float_cctor_assign_from_n32_31_22_2_AC_TRN_AC_WRAP_else_if_nand_24_itm_reg | Flip-flop |   1   |  N  | N  | N  | N  | N  | N  | N  |
| ac_float_cctor_assign_from_n32_31_22_2_AC_TRN_AC_WRAP_else_if_ac_float_cctor_assign_from_n32_31_22_2_AC_TRN_AC_WRAP_else_if_nand_23_itm_reg | Flip-flop |   1   |  N  | N  | N  | N  | N  | N  | N  |
| ac_float_cctor_assign_from_n32_31_22_2_AC_TRN_AC_WRAP_else_if_ac_float_cctor_assign_from_n32_31_22_2_AC_TRN_AC_WRAP_else_if_nand_22_itm_reg | Flip-flop |   1   |  N  | N  | N  | N  | N  | N  | N  |
| ac_float_cctor_assign_from_n32_31_22_2_AC_TRN_AC_WRAP_else_if_ac_float_cctor_assign_from_n32_31_22_2_AC_TRN_AC_WRAP_else_if_nand_21_itm_reg | Flip-flop |   1   |  N  | N  | N  | N  | N  | N  | N  |
| ac_float_cctor_assign_from_n32_31_22_2_AC_TRN_AC_WRAP_else_if_ac_float_cctor_assign_from_n32_31_22_2_AC_TRN_AC_WRAP_else_if_nand_20_itm_reg | Flip-flop |   1   |  N  | N  | N  | N  | N  | N  | N  |
| ac_float_cctor_assign_from_n32_31_22_2_AC_TRN_AC_WRAP_else_if_ac_float_cctor_assign_from_n32_31_22_2_AC_TRN_AC_WRAP_else_if_nand_19_itm_reg | Flip-flop |   1   |  N  | N  | N  | N  | N  | N  | N  |
| ac_float_cctor_assign_from_n32_31_22_2_AC_TRN_AC_WRAP_else_if_ac_float_cctor_assign_from_n32_31_22_2_AC_TRN_AC_WRAP_else_if_nand_18_itm_reg | Flip-flop |   1   |  N  | N  | N  | N  | N  | N  | N  |
| ac_float_cctor_assign_from_n32_31_22_2_AC_TRN_AC_WRAP_else_if_ac_float_cctor_assign_from_n32_31_22_2_AC_TRN_AC_WRAP_else_if_nand_17_itm_reg | Flip-flop |   1   |  N  | N  | N  | N  | N  | N  | N  |
| ac_float_cctor_assign_from_n32_31_22_2_AC_TRN_AC_WRAP_else_if_ac_float_cctor_assign_from_n32_31_22_2_AC_TRN_AC_WRAP_else_if_nand_16_itm_reg | Flip-flop |   1   |  N  | N  | N  | N  | N  | N  | N  |
| ac_float_cctor_assign_from_n32_31_22_2_AC_TRN_AC_WRAP_else_if_ac_float_cctor_assign_from_n32_31_22_2_AC_TRN_AC_WRAP_else_if_nand_15_itm_reg | Flip-flop |   1   |  N  | N  | N  | N  | N  | N  | N  |
| ac_float_cctor_assign_from_n32_31_22_2_AC_TRN_AC_WRAP_else_if_ac_float_cctor_assign_from_n32_31_22_2_AC_TRN_AC_WRAP_else_if_nand_14_itm_reg | Flip-flop |   1   |  N  | N  | N  | N  | N  | N  | N  |
| ac_float_cctor_assign_from_n32_31_22_2_AC_TRN_AC_WRAP_else_if_ac_float_cctor_assign_from_n32_31_22_2_AC_TRN_AC_WRAP_else_if_nand_13_itm_reg | Flip-flop |   1   |  N  | N  | N  | N  | N  | N  | N  |
| ac_float_cctor_assign_from_n32_31_22_2_AC_TRN_AC_WRAP_else_if_ac_float_cctor_assign_from_n32_31_22_2_AC_TRN_AC_WRAP_else_if_nand_12_itm_reg | Flip-flop |   1   |  N  | N  | N  | N  | N  | N  | N  |
| ac_float_cctor_assign_from_n32_31_22_2_AC_TRN_AC_WRAP_else_if_ac_float_cctor_assign_from_n32_31_22_2_AC_TRN_AC_WRAP_else_if_nand_11_itm_reg | Flip-flop |   1   |  N  | N  | N  | N  | N  | N  | N  |
| ac_float_cctor_assign_from_n32_31_22_2_AC_TRN_AC_WRAP_else_if_ac_float_cctor_assign_from_n32_31_22_2_AC_TRN_AC_WRAP_else_if_nand_10_itm_reg | Flip-flop |   1   |  N  | N  | N  | N  | N  | N  | N  |
| ac_float_cctor_assign_from_n32_31_22_2_AC_TRN_AC_WRAP_else_if_ac_float_cctor_assign_from_n32_31_22_2_AC_TRN_AC_WRAP_else_if_nand_9_itm_reg  | Flip-flop |   1   |  N  | N  | N  | N  | N  | N  | N  |
| ac_float_cctor_assign_from_n32_31_22_2_AC_TRN_AC_WRAP_else_if_ac_float_cctor_assign_from_n32_31_22_2_AC_TRN_AC_WRAP_else_if_nand_8_itm_reg  | Flip-flop |   1   |  N  | N  | N  | N  | N  | N  | N  |
| ac_float_cctor_assign_from_n32_31_22_2_AC_TRN_AC_WRAP_else_if_ac_float_cctor_assign_from_n32_31_22_2_AC_TRN_AC_WRAP_else_if_nand_7_itm_reg  | Flip-flop |   1   |  N  | N  | N  | N  | N  | N  | N  |
| ac_float_cctor_assign_from_n32_31_22_2_AC_TRN_AC_WRAP_else_if_ac_float_cctor_assign_from_n32_31_22_2_AC_TRN_AC_WRAP_else_if_nand_6_itm_reg  | Flip-flop |   1   |  N  | N  | N  | N  | N  | N  | N  |
| ac_float_cctor_assign_from_n32_31_22_2_AC_TRN_AC_WRAP_else_if_ac_float_cctor_assign_from_n32_31_22_2_AC_TRN_AC_WRAP_else_if_nand_5_itm_reg  | Flip-flop |   1   |  N  | N  | N  | N  | N  | N  | N  |
| ac_float_cctor_assign_from_n32_31_22_2_AC_TRN_AC_WRAP_else_if_ac_float_cctor_assign_from_n32_31_22_2_AC_TRN_AC_WRAP_else_if_nand_4_itm_reg  | Flip-flop |   1   |  N  | N  | N  | N  | N  | N  | N  |
| ac_float_cctor_assign_from_n32_31_22_2_AC_TRN_AC_WRAP_else_if_ac_float_cctor_assign_from_n32_31_22_2_AC_TRN_AC_WRAP_else_if_nand_3_itm_reg  | Flip-flop |   1   |  N  | N  | N  | N  | N  | N  | N  |
=======================================================================================================================================================================================================

Inferred memory devices in process
	in routine fir_core line 23707 in file
		'./rtl/fir_core.v'.
=============================================================================================================================================================
|                                           Register Name                                           |   Type    | Width | Bus | MB | AR | AS | SR | SS | ST |
=============================================================================================================================================================
| ac_float_cctor_assign_from_n32_31_22_2_AC_TRN_AC_WRAP_actual_max_shift_left_acc_psp_2_sva_2_1_reg | Flip-flop |   2   |  Y  | N  | N  | N  | N  | N  | N  |
=============================================================================================================================================================

Inferred memory devices in process
	in routine fir_core line 23717 in file
		'./rtl/fir_core.v'.
==========================================================================================================================================================
|                                         Register Name                                          |   Type    | Width | Bus | MB | AR | AS | SR | SS | ST |
==========================================================================================================================================================
| ac_float_cctor_assign_from_n32_31_22_2_AC_TRN_AC_WRAP_else_1_shift_exponent_limited_10_sva_reg | Flip-flop |   1   |  N  | N  | N  | N  | N  | N  | N  |
==========================================================================================================================================================

Inferred memory devices in process
	in routine fir_core line 23730 in file
		'./rtl/fir_core.v'.
==========================================================================================================================================================
|                                         Register Name                                          |   Type    | Width | Bus | MB | AR | AS | SR | SS | ST |
==========================================================================================================================================================
| ac_float_cctor_assign_from_n32_31_22_2_AC_TRN_AC_WRAP_else_1_shift_exponent_limited_11_sva_reg | Flip-flop |   1   |  N  | N  | N  | N  | N  | N  | N  |
==========================================================================================================================================================

Inferred memory devices in process
	in routine fir_core line 23742 in file
		'./rtl/fir_core.v'.
======================================================================================================================================
|                               Register Name                                |   Type    | Width | Bus | MB | AR | AS | SR | SS | ST |
======================================================================================================================================
| ac_float_cctor_assign_from_n32_31_22_2_AC_TRN_AC_WRAP_op2_21_11_34_sva_reg | Flip-flop |  11   |  Y  | N  | N  | N  | N  | N  | N  |
======================================================================================================================================

Inferred memory devices in process
	in routine fir_core line 23756 in file
		'./rtl/fir_core.v'.
======================================================================================================================================
|                               Register Name                                |   Type    | Width | Bus | MB | AR | AS | SR | SS | ST |
======================================================================================================================================
| ac_float_cctor_assign_from_n32_31_22_2_AC_TRN_AC_WRAP_op2_21_11_35_sva_reg | Flip-flop |  11   |  Y  | N  | N  | N  | N  | N  | N  |
======================================================================================================================================

Inferred memory devices in process
	in routine fir_core line 23770 in file
		'./rtl/fir_core.v'.
======================================================================================================================================
|                               Register Name                                |   Type    | Width | Bus | MB | AR | AS | SR | SS | ST |
======================================================================================================================================
| ac_float_cctor_assign_from_n32_31_22_2_AC_TRN_AC_WRAP_op2_21_11_36_sva_reg | Flip-flop |  11   |  Y  | N  | N  | N  | N  | N  | N  |
======================================================================================================================================

Inferred memory devices in process
	in routine fir_core line 23784 in file
		'./rtl/fir_core.v'.
======================================================================================================================================
|                               Register Name                                |   Type    | Width | Bus | MB | AR | AS | SR | SS | ST |
======================================================================================================================================
| ac_float_cctor_assign_from_n32_31_22_2_AC_TRN_AC_WRAP_op2_21_11_37_sva_reg | Flip-flop |  11   |  Y  | N  | N  | N  | N  | N  | N  |
======================================================================================================================================

Inferred memory devices in process
	in routine fir_core line 23798 in file
		'./rtl/fir_core.v'.
======================================================================================================================================
|                               Register Name                                |   Type    | Width | Bus | MB | AR | AS | SR | SS | ST |
======================================================================================================================================
| ac_float_cctor_assign_from_n32_31_22_2_AC_TRN_AC_WRAP_op2_21_11_38_sva_reg | Flip-flop |  11   |  Y  | N  | N  | N  | N  | N  | N  |
======================================================================================================================================

Inferred memory devices in process
	in routine fir_core line 23812 in file
		'./rtl/fir_core.v'.
======================================================================================================================================
|                               Register Name                                |   Type    | Width | Bus | MB | AR | AS | SR | SS | ST |
======================================================================================================================================
| ac_float_cctor_assign_from_n32_31_22_2_AC_TRN_AC_WRAP_op2_21_11_39_sva_reg | Flip-flop |  11   |  Y  | N  | N  | N  | N  | N  | N  |
======================================================================================================================================

Inferred memory devices in process
	in routine fir_core line 23826 in file
		'./rtl/fir_core.v'.
======================================================================================================================================
|                               Register Name                                |   Type    | Width | Bus | MB | AR | AS | SR | SS | ST |
======================================================================================================================================
| ac_float_cctor_assign_from_n32_31_22_2_AC_TRN_AC_WRAP_op2_21_11_40_sva_reg | Flip-flop |  11   |  Y  | N  | N  | N  | N  | N  | N  |
======================================================================================================================================

Inferred memory devices in process
	in routine fir_core line 23840 in file
		'./rtl/fir_core.v'.
======================================================================================================================================
|                               Register Name                                |   Type    | Width | Bus | MB | AR | AS | SR | SS | ST |
======================================================================================================================================
| ac_float_cctor_assign_from_n32_31_22_2_AC_TRN_AC_WRAP_op2_21_11_41_sva_reg | Flip-flop |  11   |  Y  | N  | N  | N  | N  | N  | N  |
======================================================================================================================================

Inferred memory devices in process
	in routine fir_core line 23854 in file
		'./rtl/fir_core.v'.
======================================================================================================================================
|                               Register Name                                |   Type    | Width | Bus | MB | AR | AS | SR | SS | ST |
======================================================================================================================================
| ac_float_cctor_assign_from_n32_31_22_2_AC_TRN_AC_WRAP_op2_21_11_42_sva_reg | Flip-flop |  11   |  Y  | N  | N  | N  | N  | N  | N  |
======================================================================================================================================

Inferred memory devices in process
	in routine fir_core line 23868 in file
		'./rtl/fir_core.v'.
======================================================================================================================================
|                               Register Name                                |   Type    | Width | Bus | MB | AR | AS | SR | SS | ST |
======================================================================================================================================
| ac_float_cctor_assign_from_n32_31_22_2_AC_TRN_AC_WRAP_op2_21_11_43_sva_reg | Flip-flop |  11   |  Y  | N  | N  | N  | N  | N  | N  |
======================================================================================================================================

Inferred memory devices in process
	in routine fir_core line 23882 in file
		'./rtl/fir_core.v'.
======================================================================================================================================
|                               Register Name                                |   Type    | Width | Bus | MB | AR | AS | SR | SS | ST |
======================================================================================================================================
| ac_float_cctor_assign_from_n32_31_22_2_AC_TRN_AC_WRAP_op2_21_11_44_sva_reg | Flip-flop |  11   |  Y  | N  | N  | N  | N  | N  | N  |
======================================================================================================================================

Inferred memory devices in process
	in routine fir_core line 23896 in file
		'./rtl/fir_core.v'.
======================================================================================================================================
|                               Register Name                                |   Type    | Width | Bus | MB | AR | AS | SR | SS | ST |
======================================================================================================================================
| ac_float_cctor_assign_from_n32_31_22_2_AC_TRN_AC_WRAP_op2_21_11_45_sva_reg | Flip-flop |  11   |  Y  | N  | N  | N  | N  | N  | N  |
======================================================================================================================================

Inferred memory devices in process
	in routine fir_core line 23910 in file
		'./rtl/fir_core.v'.
======================================================================================================================================
|                               Register Name                                |   Type    | Width | Bus | MB | AR | AS | SR | SS | ST |
======================================================================================================================================
| ac_float_cctor_assign_from_n32_31_22_2_AC_TRN_AC_WRAP_op2_21_11_46_sva_reg | Flip-flop |  11   |  Y  | N  | N  | N  | N  | N  | N  |
======================================================================================================================================

Inferred memory devices in process
	in routine fir_core line 23924 in file
		'./rtl/fir_core.v'.
======================================================================================================================================
|                               Register Name                                |   Type    | Width | Bus | MB | AR | AS | SR | SS | ST |
======================================================================================================================================
| ac_float_cctor_assign_from_n32_31_22_2_AC_TRN_AC_WRAP_op2_21_11_47_sva_reg | Flip-flop |  11   |  Y  | N  | N  | N  | N  | N  | N  |
======================================================================================================================================

Inferred memory devices in process
	in routine fir_core line 23938 in file
		'./rtl/fir_core.v'.
======================================================================================================================================
|                               Register Name                                |   Type    | Width | Bus | MB | AR | AS | SR | SS | ST |
======================================================================================================================================
| ac_float_cctor_assign_from_n32_31_22_2_AC_TRN_AC_WRAP_op2_21_11_48_sva_reg | Flip-flop |  11   |  Y  | N  | N  | N  | N  | N  | N  |
======================================================================================================================================

Inferred memory devices in process
	in routine fir_core line 23952 in file
		'./rtl/fir_core.v'.
======================================================================================================================================
|                               Register Name                                |   Type    | Width | Bus | MB | AR | AS | SR | SS | ST |
======================================================================================================================================
| ac_float_cctor_assign_from_n32_31_22_2_AC_TRN_AC_WRAP_op2_21_11_49_sva_reg | Flip-flop |  11   |  Y  | N  | N  | N  | N  | N  | N  |
======================================================================================================================================

Inferred memory devices in process
	in routine fir_core line 23966 in file
		'./rtl/fir_core.v'.
======================================================================================================================================
|                               Register Name                                |   Type    | Width | Bus | MB | AR | AS | SR | SS | ST |
======================================================================================================================================
| ac_float_cctor_assign_from_n32_31_22_2_AC_TRN_AC_WRAP_op2_21_11_50_sva_reg | Flip-flop |  11   |  Y  | N  | N  | N  | N  | N  | N  |
======================================================================================================================================

Inferred memory devices in process
	in routine fir_core line 23980 in file
		'./rtl/fir_core.v'.
======================================================================================================================================
|                               Register Name                                |   Type    | Width | Bus | MB | AR | AS | SR | SS | ST |
======================================================================================================================================
| ac_float_cctor_assign_from_n32_31_22_2_AC_TRN_AC_WRAP_op2_21_11_51_sva_reg | Flip-flop |  11   |  Y  | N  | N  | N  | N  | N  | N  |
======================================================================================================================================

Inferred memory devices in process
	in routine fir_core line 23994 in file
		'./rtl/fir_core.v'.
======================================================================================================================================
|                               Register Name                                |   Type    | Width | Bus | MB | AR | AS | SR | SS | ST |
======================================================================================================================================
| ac_float_cctor_assign_from_n32_31_22_2_AC_TRN_AC_WRAP_op2_21_11_52_sva_reg | Flip-flop |  11   |  Y  | N  | N  | N  | N  | N  | N  |
======================================================================================================================================

Inferred memory devices in process
	in routine fir_core line 24008 in file
		'./rtl/fir_core.v'.
======================================================================================================================================
|                               Register Name                                |   Type    | Width | Bus | MB | AR | AS | SR | SS | ST |
======================================================================================================================================
| ac_float_cctor_assign_from_n32_31_22_2_AC_TRN_AC_WRAP_op2_21_11_53_sva_reg | Flip-flop |  11   |  Y  | N  | N  | N  | N  | N  | N  |
======================================================================================================================================

Inferred memory devices in process
	in routine fir_core line 24022 in file
		'./rtl/fir_core.v'.
======================================================================================================================================
|                               Register Name                                |   Type    | Width | Bus | MB | AR | AS | SR | SS | ST |
======================================================================================================================================
| ac_float_cctor_assign_from_n32_31_22_2_AC_TRN_AC_WRAP_op2_21_11_54_sva_reg | Flip-flop |  11   |  Y  | N  | N  | N  | N  | N  | N  |
======================================================================================================================================

Inferred memory devices in process
	in routine fir_core line 24036 in file
		'./rtl/fir_core.v'.
======================================================================================================================================
|                               Register Name                                |   Type    | Width | Bus | MB | AR | AS | SR | SS | ST |
======================================================================================================================================
| ac_float_cctor_assign_from_n32_31_22_2_AC_TRN_AC_WRAP_op2_21_11_55_sva_reg | Flip-flop |  11   |  Y  | N  | N  | N  | N  | N  | N  |
======================================================================================================================================

Inferred memory devices in process
	in routine fir_core line 24050 in file
		'./rtl/fir_core.v'.
======================================================================================================================================
|                               Register Name                                |   Type    | Width | Bus | MB | AR | AS | SR | SS | ST |
======================================================================================================================================
| ac_float_cctor_assign_from_n32_31_22_2_AC_TRN_AC_WRAP_op2_21_11_56_sva_reg | Flip-flop |  11   |  Y  | N  | N  | N  | N  | N  | N  |
======================================================================================================================================

Inferred memory devices in process
	in routine fir_core line 24064 in file
		'./rtl/fir_core.v'.
======================================================================================================================================
|                               Register Name                                |   Type    | Width | Bus | MB | AR | AS | SR | SS | ST |
======================================================================================================================================
| ac_float_cctor_assign_from_n32_31_22_2_AC_TRN_AC_WRAP_op2_21_11_57_sva_reg | Flip-flop |  11   |  Y  | N  | N  | N  | N  | N  | N  |
======================================================================================================================================

Inferred memory devices in process
	in routine fir_core line 24078 in file
		'./rtl/fir_core.v'.
======================================================================================================================================
|                               Register Name                                |   Type    | Width | Bus | MB | AR | AS | SR | SS | ST |
======================================================================================================================================
| ac_float_cctor_assign_from_n32_31_22_2_AC_TRN_AC_WRAP_op2_21_11_58_sva_reg | Flip-flop |  11   |  Y  | N  | N  | N  | N  | N  | N  |
======================================================================================================================================

Inferred memory devices in process
	in routine fir_core line 24092 in file
		'./rtl/fir_core.v'.
======================================================================================================================================
|                               Register Name                                |   Type    | Width | Bus | MB | AR | AS | SR | SS | ST |
======================================================================================================================================
| ac_float_cctor_assign_from_n32_31_22_2_AC_TRN_AC_WRAP_op2_21_11_59_sva_reg | Flip-flop |  11   |  Y  | N  | N  | N  | N  | N  | N  |
======================================================================================================================================

Inferred memory devices in process
	in routine fir_core line 24106 in file
		'./rtl/fir_core.v'.
======================================================================================================================================
|                               Register Name                                |   Type    | Width | Bus | MB | AR | AS | SR | SS | ST |
======================================================================================================================================
| ac_float_cctor_assign_from_n32_31_22_2_AC_TRN_AC_WRAP_op2_21_11_60_sva_reg | Flip-flop |  11   |  Y  | N  | N  | N  | N  | N  | N  |
======================================================================================================================================

Inferred memory devices in process
	in routine fir_core line 24120 in file
		'./rtl/fir_core.v'.
======================================================================================================================================
|                               Register Name                                |   Type    | Width | Bus | MB | AR | AS | SR | SS | ST |
======================================================================================================================================
| ac_float_cctor_assign_from_n32_31_22_2_AC_TRN_AC_WRAP_op2_21_11_61_sva_reg | Flip-flop |  11   |  Y  | N  | N  | N  | N  | N  | N  |
======================================================================================================================================

Inferred memory devices in process
	in routine fir_core line 24134 in file
		'./rtl/fir_core.v'.
======================================================================================================================================
|                               Register Name                                |   Type    | Width | Bus | MB | AR | AS | SR | SS | ST |
======================================================================================================================================
| ac_float_cctor_assign_from_n32_31_22_2_AC_TRN_AC_WRAP_op2_21_11_62_sva_reg | Flip-flop |  11   |  Y  | N  | N  | N  | N  | N  | N  |
======================================================================================================================================

Inferred memory devices in process
	in routine fir_core line 24148 in file
		'./rtl/fir_core.v'.
======================================================================================================================================
|                               Register Name                                |   Type    | Width | Bus | MB | AR | AS | SR | SS | ST |
======================================================================================================================================
| ac_float_cctor_assign_from_n32_31_22_2_AC_TRN_AC_WRAP_op2_21_11_63_sva_reg | Flip-flop |  11   |  Y  | N  | N  | N  | N  | N  | N  |
======================================================================================================================================

Inferred memory devices in process
	in routine fir_core line 24162 in file
		'./rtl/fir_core.v'.
===================================================================================================================================
|                              Register Name                              |   Type    | Width | Bus | MB | AR | AS | SR | SS | ST |
===================================================================================================================================
| ac_float_cctor_assign_from_n32_31_22_2_AC_TRN_AC_WRAP_op2_21_11_sva_reg | Flip-flop |  11   |  Y  | N  | N  | N  | N  | N  | N  |
===================================================================================================================================

Inferred memory devices in process
	in routine fir_core line 24176 in file
		'./rtl/fir_core.v'.
=========================================================================================================================
|                         Register Name                         |   Type    | Width | Bus | MB | AR | AS | SR | SS | ST |
=========================================================================================================================
| result_assign_from_n16_15_13_2_AC_TRN_AC_WRAP_unequal_tmp_reg | Flip-flop |   1   |  N  | N  | N  | N  | N  | N  | N  |
=========================================================================================================================

Inferred memory devices in process
	in routine fir_core line 24188 in file
		'./rtl/fir_core.v'.
========================================================================================================================================
|                                Register Name                                 |   Type    | Width | Bus | MB | AR | AS | SR | SS | ST |
========================================================================================================================================
| result_plus_minus_11_1_5_AC_TRN_11_1_5_AC_TRN_op_lshift_mux_101_itm_3_0_reg  | Flip-flop |   4   |  Y  | N  | N  | N  | N  | N  | N  |
| result_plus_minus_11_1_5_AC_TRN_11_1_5_AC_TRN_op_lshift_mux_101_itm_10_7_reg | Flip-flop |   4   |  Y  | N  | N  | N  | N  | N  | N  |
|  result_plus_minus_11_1_5_AC_TRN_11_1_5_AC_TRN_op_lshift_mux_101_itm_6_reg   | Flip-flop |   1   |  N  | N  | N  | N  | N  | N  | N  |
| result_plus_minus_11_1_5_AC_TRN_11_1_5_AC_TRN_op_lshift_mux_101_itm_5_4_reg  | Flip-flop |   2   |  Y  | N  | N  | N  | N  | N  | N  |
========================================================================================================================================

Inferred memory devices in process
	in routine fir_core line 24644 in file
		'./rtl/fir_core.v'.
==================================================================================================
|             Register Name              |   Type    | Width | Bus | MB | AR | AS | SR | SS | ST |
==================================================================================================
| ac_float_cctor_operator_return_sva_reg | Flip-flop |   1   |  N  | N  | N  | N  | N  | N  | N  |
==================================================================================================

Inferred memory devices in process
	in routine fir_core line 24652 in file
		'./rtl/fir_core.v'.
====================================================================================================
|              Register Name               |   Type    | Width | Bus | MB | AR | AS | SR | SS | ST |
====================================================================================================
| ac_float_cctor_operator_return_9_sva_reg | Flip-flop |   1   |  N  | N  | N  | N  | N  | N  | N  |
====================================================================================================

Inferred memory devices in process
	in routine fir_core line 24660 in file
		'./rtl/fir_core.v'.
=================================================================================================================================================
|                                     Register Name                                     |   Type    | Width | Bus | MB | AR | AS | SR | SS | ST |
=================================================================================================================================================
| result_assign_from_n16_15_13_2_AC_TRN_AC_WRAP_actual_max_shift_left_acc_psp_1_sva_reg | Flip-flop |   2   |  Y  | N  | N  | N  | N  | N  | N  |
=================================================================================================================================================

Inferred memory devices in process
	in routine fir_core line 24672 in file
		'./rtl/fir_core.v'.
==========================================================================================================================================
|                                 Register Name                                  |   Type    | Width | Bus | MB | AR | AS | SR | SS | ST |
==========================================================================================================================================
| ac_float_cctor_assign_from_n32_31_22_2_AC_TRN_AC_WRAP_acc_psp_10_sva_rsp_0_reg | Flip-flop |   1   |  N  | N  | N  | N  | N  | N  | N  |
==========================================================================================================================================

Inferred memory devices in process
	in routine fir_core line 24682 in file
		'./rtl/fir_core.v'.
==========================================================================================================================================
|                                 Register Name                                  |   Type    | Width | Bus | MB | AR | AS | SR | SS | ST |
==========================================================================================================================================
| ac_float_cctor_assign_from_n32_31_22_2_AC_TRN_AC_WRAP_acc_psp_10_sva_rsp_2_reg | Flip-flop |   5   |  Y  | N  | N  | N  | N  | N  | N  |
| ac_float_cctor_assign_from_n32_31_22_2_AC_TRN_AC_WRAP_acc_psp_10_sva_rsp_1_reg | Flip-flop |   1   |  N  | N  | N  | N  | N  | N  | N  |
==========================================================================================================================================

Inferred memory devices in process
	in routine fir_core line 24703 in file
		'./rtl/fir_core.v'.
=============================================================================================================================
|                           Register Name                           |   Type    | Width | Bus | MB | AR | AS | SR | SS | ST |
=============================================================================================================================
| operator_13_2_true_AC_TRN_AC_WRAP_rshift_psp_10_sva_6_0_rsp_2_reg | Flip-flop |   4   |  Y  | N  | N  | N  | N  | N  | N  |
| operator_13_2_true_AC_TRN_AC_WRAP_rshift_psp_10_sva_6_0_rsp_0_reg | Flip-flop |   1   |  N  | N  | N  | N  | N  | N  | N  |
| operator_13_2_true_AC_TRN_AC_WRAP_rshift_psp_10_sva_6_0_rsp_1_reg | Flip-flop |   2   |  Y  | N  | N  | N  | N  | N  | N  |
=============================================================================================================================

Inferred memory devices in process
	in routine fir_core line 25104 in file
		'./rtl/fir_core.v'.
====================================================================================================================================
|                              Register Name                               |   Type    | Width | Bus | MB | AR | AS | SR | SS | ST |
====================================================================================================================================
| result_plus_minus_11_1_5_AC_TRN_11_1_5_AC_TRN_add_r_12_1_1_sva_rsp_1_reg | Flip-flop |   4   |  Y  | N  | N  | N  | N  | N  | N  |
| result_plus_minus_11_1_5_AC_TRN_11_1_5_AC_TRN_add_r_12_1_1_sva_rsp_0_reg | Flip-flop |   8   |  Y  | N  | N  | N  | N  | N  | N  |
====================================================================================================================================
Presto compilation completed successfully. (fir_core)
Elaborated 1 design.
Current design is now 'fir_core'.
Information: Building the design 'ccs_in_v1' instantiated from design 'fir_core' with
	the parameters "rscid=1,width=11". (HDL-193)
Presto compilation completed successfully. (ccs_in_v1_rscid1_width11)
Information: Building the design 'ccs_in_v1' instantiated from design 'fir_core' with
	the parameters "rscid=2,width=5". (HDL-193)
Presto compilation completed successfully. (ccs_in_v1_rscid2_width5)
Information: Building the design 'ccs_in_v1' instantiated from design 'fir_core' with
	the parameters "rscid=3,width=704". (HDL-193)
Presto compilation completed successfully. (ccs_in_v1_rscid3_width704)
Information: Building the design 'ccs_in_v1' instantiated from design 'fir_core' with
	the parameters "rscid=4,width=320". (HDL-193)
Presto compilation completed successfully. (ccs_in_v1_rscid4_width320)
Information: Building the design 'ccs_out_v1' instantiated from design 'fir_core' with
	the parameters "rscid=5,width=11". (HDL-193)
Presto compilation completed successfully. (ccs_out_v1_rscid5_width11)
Information: Building the design 'ccs_out_v1' instantiated from design 'fir_core' with
	the parameters "rscid=6,width=5". (HDL-193)
Presto compilation completed successfully. (ccs_out_v1_rscid6_width5)
Information: Building the design 'mgc_io_sync_v2' instantiated from design 'fir_core' with
	the parameters "valid=0". (HDL-193)
Presto compilation completed successfully. (mgc_io_sync_v2_valid0)
Information: Building the design 'mgc_shift_l_v5' instantiated from design 'fir_core' with
	the parameters "width_a=13,signd_a=0,width_s=4,width_z=13". (HDL-193)
Presto compilation completed successfully. (mgc_shift_l_v5_width_a13_signd_a0_width_s4_width_z13)
Information: Building the design 'mgc_shift_r_v5' instantiated from design 'fir_core' with
	the parameters "width_a=22,signd_a=1,width_s=4,width_z=22". (HDL-193)
Warning:  ./rtl/fir_core.v:187: signed to unsigned part selection occurs. (VER-318)
Warning:  ./rtl/fir_core.v:189: signed to unsigned part selection occurs. (VER-318)
Presto compilation completed successfully. (mgc_shift_r_v5_width_a22_signd_a1_width_s4_width_z22)
Information: Building the design 'mgc_shift_l_v5' instantiated from design 'fir_core' with
	the parameters "width_a=22,signd_a=0,width_s=5,width_z=22". (HDL-193)
Presto compilation completed successfully. (mgc_shift_l_v5_width_a22_signd_a0_width_s5_width_z22)
Information: Building the design 'mgc_shift_l_v5' instantiated from design 'fir_core' with
	the parameters "width_a=22,signd_a=0,width_s=6,width_z=22". (HDL-193)
Presto compilation completed successfully. (mgc_shift_l_v5_width_a22_signd_a0_width_s6_width_z22)
Information: Building the design 'mgc_shift_r_v5' instantiated from design 'fir_core' with
	the parameters "width_a=12,signd_a=1,width_s=5,width_z=12". (HDL-193)
Warning:  ./rtl/fir_core.v:187: signed to unsigned part selection occurs. (VER-318)
Warning:  ./rtl/fir_core.v:189: signed to unsigned part selection occurs. (VER-318)
Presto compilation completed successfully. (mgc_shift_r_v5_width_a12_signd_a1_width_s5_width_z12)
Information: Building the design 'leading_sign_13_1_1_0'. (HDL-193)

Statistics for case statements in always block at line 273 in file
	'./rtl/fir_core.v'
===============================================
|           Line           |  full/ parallel  |
===============================================
|           285            |    auto/auto     |
===============================================
Presto compilation completed successfully. (leading_sign_13_1_1_0)
Information: Building the design 'mgc_shift_br_v5' instantiated from design 'fir_core' with
	the parameters "width_a=22,signd_a=1,width_s=5,width_z=22". (HDL-193)
Warning:  ./rtl/fir_core.v:362: signed to unsigned part selection occurs. (VER-318)
Warning:  ./rtl/fir_core.v:364: signed to unsigned part selection occurs. (VER-318)
Presto compilation completed successfully. (mgc_shift_br_v5_width_a22_signd_a1_width_s5_width_z22)
Information: Building the design 'fir_core_wait_dp'. (HDL-193)

Inferred memory devices in process
	in routine fir_core_wait_dp line 2442 in file
		'./rtl/fir_core.v'.
=====================================================================================================================
|                       Register Name                       |   Type    | Width | Bus | MB | AR | AS | SR | SS | ST |
=====================================================================================================================
| MAC_1_leading_sign_18_1_1_0_cmp_63_all_same_oreg_rneg_reg | Flip-flop |   1   |  N  | N  | N  | N  | N  | N  | N  |
|      MAC_1_leading_sign_18_1_1_0_cmp_63_rtn_oreg_reg      | Flip-flop |   5   |  Y  | N  | N  | N  | N  | N  | N  |
|  MAC_1_leading_sign_18_1_1_0_cmp_all_same_oreg_rneg_reg   | Flip-flop |   1   |  N  | N  | N  | N  | N  | N  | N  |
|       MAC_1_leading_sign_18_1_1_0_cmp_rtn_oreg_reg        | Flip-flop |   5   |  Y  | N  | N  | N  | N  | N  | N  |
| MAC_1_leading_sign_18_1_1_0_cmp_1_all_same_oreg_rneg_reg  | Flip-flop |   1   |  N  | N  | N  | N  | N  | N  | N  |
|      MAC_1_leading_sign_18_1_1_0_cmp_1_rtn_oreg_reg       | Flip-flop |   5   |  Y  | N  | N  | N  | N  | N  | N  |
| MAC_1_leading_sign_18_1_1_0_cmp_2_all_same_oreg_rneg_reg  | Flip-flop |   1   |  N  | N  | N  | N  | N  | N  | N  |
|      MAC_1_leading_sign_18_1_1_0_cmp_2_rtn_oreg_reg       | Flip-flop |   5   |  Y  | N  | N  | N  | N  | N  | N  |
| MAC_1_leading_sign_18_1_1_0_cmp_3_all_same_oreg_rneg_reg  | Flip-flop |   1   |  N  | N  | N  | N  | N  | N  | N  |
|      MAC_1_leading_sign_18_1_1_0_cmp_3_rtn_oreg_reg       | Flip-flop |   5   |  Y  | N  | N  | N  | N  | N  | N  |
| MAC_1_leading_sign_18_1_1_0_cmp_4_all_same_oreg_rneg_reg  | Flip-flop |   1   |  N  | N  | N  | N  | N  | N  | N  |
|      MAC_1_leading_sign_18_1_1_0_cmp_4_rtn_oreg_reg       | Flip-flop |   5   |  Y  | N  | N  | N  | N  | N  | N  |
| MAC_1_leading_sign_18_1_1_0_cmp_5_all_same_oreg_rneg_reg  | Flip-flop |   1   |  N  | N  | N  | N  | N  | N  | N  |
|      MAC_1_leading_sign_18_1_1_0_cmp_5_rtn_oreg_reg       | Flip-flop |   5   |  Y  | N  | N  | N  | N  | N  | N  |
| MAC_1_leading_sign_18_1_1_0_cmp_6_all_same_oreg_rneg_reg  | Flip-flop |   1   |  N  | N  | N  | N  | N  | N  | N  |
|      MAC_1_leading_sign_18_1_1_0_cmp_6_rtn_oreg_reg       | Flip-flop |   5   |  Y  | N  | N  | N  | N  | N  | N  |
| MAC_1_leading_sign_18_1_1_0_cmp_7_all_same_oreg_rneg_reg  | Flip-flop |   1   |  N  | N  | N  | N  | N  | N  | N  |
|      MAC_1_leading_sign_18_1_1_0_cmp_7_rtn_oreg_reg       | Flip-flop |   5   |  Y  | N  | N  | N  | N  | N  | N  |
| MAC_1_leading_sign_18_1_1_0_cmp_8_all_same_oreg_rneg_reg  | Flip-flop |   1   |  N  | N  | N  | N  | N  | N  | N  |
|      MAC_1_leading_sign_18_1_1_0_cmp_8_rtn_oreg_reg       | Flip-flop |   5   |  Y  | N  | N  | N  | N  | N  | N  |
| MAC_1_leading_sign_18_1_1_0_cmp_9_all_same_oreg_rneg_reg  | Flip-flop |   1   |  N  | N  | N  | N  | N  | N  | N  |
|      MAC_1_leading_sign_18_1_1_0_cmp_9_rtn_oreg_reg       | Flip-flop |   5   |  Y  | N  | N  | N  | N  | N  | N  |
| MAC_1_leading_sign_18_1_1_0_cmp_10_all_same_oreg_rneg_reg | Flip-flop |   1   |  N  | N  | N  | N  | N  | N  | N  |
|      MAC_1_leading_sign_18_1_1_0_cmp_10_rtn_oreg_reg      | Flip-flop |   5   |  Y  | N  | N  | N  | N  | N  | N  |
| MAC_1_leading_sign_18_1_1_0_cmp_11_all_same_oreg_rneg_reg | Flip-flop |   1   |  N  | N  | N  | N  | N  | N  | N  |
|      MAC_1_leading_sign_18_1_1_0_cmp_11_rtn_oreg_reg      | Flip-flop |   5   |  Y  | N  | N  | N  | N  | N  | N  |
| MAC_1_leading_sign_18_1_1_0_cmp_12_all_same_oreg_rneg_reg | Flip-flop |   1   |  N  | N  | N  | N  | N  | N  | N  |
|      MAC_1_leading_sign_18_1_1_0_cmp_12_rtn_oreg_reg      | Flip-flop |   5   |  Y  | N  | N  | N  | N  | N  | N  |
| MAC_1_leading_sign_18_1_1_0_cmp_13_all_same_oreg_rneg_reg | Flip-flop |   1   |  N  | N  | N  | N  | N  | N  | N  |
|      MAC_1_leading_sign_18_1_1_0_cmp_13_rtn_oreg_reg      | Flip-flop |   5   |  Y  | N  | N  | N  | N  | N  | N  |
| MAC_1_leading_sign_18_1_1_0_cmp_14_all_same_oreg_rneg_reg | Flip-flop |   1   |  N  | N  | N  | N  | N  | N  | N  |
|      MAC_1_leading_sign_18_1_1_0_cmp_14_rtn_oreg_reg      | Flip-flop |   5   |  Y  | N  | N  | N  | N  | N  | N  |
| MAC_1_leading_sign_18_1_1_0_cmp_15_all_same_oreg_rneg_reg | Flip-flop |   1   |  N  | N  | N  | N  | N  | N  | N  |
|      MAC_1_leading_sign_18_1_1_0_cmp_15_rtn_oreg_reg      | Flip-flop |   5   |  Y  | N  | N  | N  | N  | N  | N  |
| MAC_1_leading_sign_18_1_1_0_cmp_16_all_same_oreg_rneg_reg | Flip-flop |   1   |  N  | N  | N  | N  | N  | N  | N  |
|      MAC_1_leading_sign_18_1_1_0_cmp_16_rtn_oreg_reg      | Flip-flop |   5   |  Y  | N  | N  | N  | N  | N  | N  |
| MAC_1_leading_sign_18_1_1_0_cmp_17_all_same_oreg_rneg_reg | Flip-flop |   1   |  N  | N  | N  | N  | N  | N  | N  |
|      MAC_1_leading_sign_18_1_1_0_cmp_17_rtn_oreg_reg      | Flip-flop |   5   |  Y  | N  | N  | N  | N  | N  | N  |
| MAC_1_leading_sign_18_1_1_0_cmp_18_all_same_oreg_rneg_reg | Flip-flop |   1   |  N  | N  | N  | N  | N  | N  | N  |
|      MAC_1_leading_sign_18_1_1_0_cmp_18_rtn_oreg_reg      | Flip-flop |   5   |  Y  | N  | N  | N  | N  | N  | N  |
| MAC_1_leading_sign_18_1_1_0_cmp_19_all_same_oreg_rneg_reg | Flip-flop |   1   |  N  | N  | N  | N  | N  | N  | N  |
|      MAC_1_leading_sign_18_1_1_0_cmp_19_rtn_oreg_reg      | Flip-flop |   5   |  Y  | N  | N  | N  | N  | N  | N  |
| MAC_1_leading_sign_18_1_1_0_cmp_20_all_same_oreg_rneg_reg | Flip-flop |   1   |  N  | N  | N  | N  | N  | N  | N  |
|      MAC_1_leading_sign_18_1_1_0_cmp_20_rtn_oreg_reg      | Flip-flop |   5   |  Y  | N  | N  | N  | N  | N  | N  |
| MAC_1_leading_sign_18_1_1_0_cmp_21_all_same_oreg_rneg_reg | Flip-flop |   1   |  N  | N  | N  | N  | N  | N  | N  |
|      MAC_1_leading_sign_18_1_1_0_cmp_21_rtn_oreg_reg      | Flip-flop |   5   |  Y  | N  | N  | N  | N  | N  | N  |
| MAC_1_leading_sign_18_1_1_0_cmp_22_all_same_oreg_rneg_reg | Flip-flop |   1   |  N  | N  | N  | N  | N  | N  | N  |
|      MAC_1_leading_sign_18_1_1_0_cmp_22_rtn_oreg_reg      | Flip-flop |   5   |  Y  | N  | N  | N  | N  | N  | N  |
| MAC_1_leading_sign_18_1_1_0_cmp_23_all_same_oreg_rneg_reg | Flip-flop |   1   |  N  | N  | N  | N  | N  | N  | N  |
|      MAC_1_leading_sign_18_1_1_0_cmp_23_rtn_oreg_reg      | Flip-flop |   5   |  Y  | N  | N  | N  | N  | N  | N  |
| MAC_1_leading_sign_18_1_1_0_cmp_24_all_same_oreg_rneg_reg | Flip-flop |   1   |  N  | N  | N  | N  | N  | N  | N  |
|      MAC_1_leading_sign_18_1_1_0_cmp_24_rtn_oreg_reg      | Flip-flop |   5   |  Y  | N  | N  | N  | N  | N  | N  |
| MAC_1_leading_sign_18_1_1_0_cmp_25_all_same_oreg_rneg_reg | Flip-flop |   1   |  N  | N  | N  | N  | N  | N  | N  |
|      MAC_1_leading_sign_18_1_1_0_cmp_25_rtn_oreg_reg      | Flip-flop |   5   |  Y  | N  | N  | N  | N  | N  | N  |
| MAC_1_leading_sign_18_1_1_0_cmp_26_all_same_oreg_rneg_reg | Flip-flop |   1   |  N  | N  | N  | N  | N  | N  | N  |
|      MAC_1_leading_sign_18_1_1_0_cmp_26_rtn_oreg_reg      | Flip-flop |   5   |  Y  | N  | N  | N  | N  | N  | N  |
| MAC_1_leading_sign_18_1_1_0_cmp_27_all_same_oreg_rneg_reg | Flip-flop |   1   |  N  | N  | N  | N  | N  | N  | N  |
|      MAC_1_leading_sign_18_1_1_0_cmp_27_rtn_oreg_reg      | Flip-flop |   5   |  Y  | N  | N  | N  | N  | N  | N  |
| MAC_1_leading_sign_18_1_1_0_cmp_28_all_same_oreg_rneg_reg | Flip-flop |   1   |  N  | N  | N  | N  | N  | N  | N  |
|      MAC_1_leading_sign_18_1_1_0_cmp_28_rtn_oreg_reg      | Flip-flop |   5   |  Y  | N  | N  | N  | N  | N  | N  |
| MAC_1_leading_sign_18_1_1_0_cmp_29_all_same_oreg_rneg_reg | Flip-flop |   1   |  N  | N  | N  | N  | N  | N  | N  |
|      MAC_1_leading_sign_18_1_1_0_cmp_29_rtn_oreg_reg      | Flip-flop |   5   |  Y  | N  | N  | N  | N  | N  | N  |
| MAC_1_leading_sign_18_1_1_0_cmp_30_all_same_oreg_rneg_reg | Flip-flop |   1   |  N  | N  | N  | N  | N  | N  | N  |
|      MAC_1_leading_sign_18_1_1_0_cmp_30_rtn_oreg_reg      | Flip-flop |   5   |  Y  | N  | N  | N  | N  | N  | N  |
| MAC_1_leading_sign_18_1_1_0_cmp_31_all_same_oreg_rneg_reg | Flip-flop |   1   |  N  | N  | N  | N  | N  | N  | N  |
|      MAC_1_leading_sign_18_1_1_0_cmp_31_rtn_oreg_reg      | Flip-flop |   5   |  Y  | N  | N  | N  | N  | N  | N  |
| MAC_1_leading_sign_18_1_1_0_cmp_32_all_same_oreg_rneg_reg | Flip-flop |   1   |  N  | N  | N  | N  | N  | N  | N  |
|      MAC_1_leading_sign_18_1_1_0_cmp_32_rtn_oreg_reg      | Flip-flop |   5   |  Y  | N  | N  | N  | N  | N  | N  |
| MAC_1_leading_sign_18_1_1_0_cmp_33_all_same_oreg_rneg_reg | Flip-flop |   1   |  N  | N  | N  | N  | N  | N  | N  |
|      MAC_1_leading_sign_18_1_1_0_cmp_33_rtn_oreg_reg      | Flip-flop |   5   |  Y  | N  | N  | N  | N  | N  | N  |
| MAC_1_leading_sign_18_1_1_0_cmp_34_all_same_oreg_rneg_reg | Flip-flop |   1   |  N  | N  | N  | N  | N  | N  | N  |
|      MAC_1_leading_sign_18_1_1_0_cmp_34_rtn_oreg_reg      | Flip-flop |   5   |  Y  | N  | N  | N  | N  | N  | N  |
| MAC_1_leading_sign_18_1_1_0_cmp_35_all_same_oreg_rneg_reg | Flip-flop |   1   |  N  | N  | N  | N  | N  | N  | N  |
|      MAC_1_leading_sign_18_1_1_0_cmp_35_rtn_oreg_reg      | Flip-flop |   5   |  Y  | N  | N  | N  | N  | N  | N  |
| MAC_1_leading_sign_18_1_1_0_cmp_36_all_same_oreg_rneg_reg | Flip-flop |   1   |  N  | N  | N  | N  | N  | N  | N  |
|      MAC_1_leading_sign_18_1_1_0_cmp_36_rtn_oreg_reg      | Flip-flop |   5   |  Y  | N  | N  | N  | N  | N  | N  |
| MAC_1_leading_sign_18_1_1_0_cmp_37_all_same_oreg_rneg_reg | Flip-flop |   1   |  N  | N  | N  | N  | N  | N  | N  |
|      MAC_1_leading_sign_18_1_1_0_cmp_37_rtn_oreg_reg      | Flip-flop |   5   |  Y  | N  | N  | N  | N  | N  | N  |
| MAC_1_leading_sign_18_1_1_0_cmp_38_all_same_oreg_rneg_reg | Flip-flop |   1   |  N  | N  | N  | N  | N  | N  | N  |
|      MAC_1_leading_sign_18_1_1_0_cmp_38_rtn_oreg_reg      | Flip-flop |   5   |  Y  | N  | N  | N  | N  | N  | N  |
| MAC_1_leading_sign_18_1_1_0_cmp_39_all_same_oreg_rneg_reg | Flip-flop |   1   |  N  | N  | N  | N  | N  | N  | N  |
|      MAC_1_leading_sign_18_1_1_0_cmp_39_rtn_oreg_reg      | Flip-flop |   5   |  Y  | N  | N  | N  | N  | N  | N  |
| MAC_1_leading_sign_18_1_1_0_cmp_40_all_same_oreg_rneg_reg | Flip-flop |   1   |  N  | N  | N  | N  | N  | N  | N  |
|      MAC_1_leading_sign_18_1_1_0_cmp_40_rtn_oreg_reg      | Flip-flop |   5   |  Y  | N  | N  | N  | N  | N  | N  |
| MAC_1_leading_sign_18_1_1_0_cmp_41_all_same_oreg_rneg_reg | Flip-flop |   1   |  N  | N  | N  | N  | N  | N  | N  |
|      MAC_1_leading_sign_18_1_1_0_cmp_41_rtn_oreg_reg      | Flip-flop |   5   |  Y  | N  | N  | N  | N  | N  | N  |
| MAC_1_leading_sign_18_1_1_0_cmp_42_all_same_oreg_rneg_reg | Flip-flop |   1   |  N  | N  | N  | N  | N  | N  | N  |
|      MAC_1_leading_sign_18_1_1_0_cmp_42_rtn_oreg_reg      | Flip-flop |   5   |  Y  | N  | N  | N  | N  | N  | N  |
| MAC_1_leading_sign_18_1_1_0_cmp_43_all_same_oreg_rneg_reg | Flip-flop |   1   |  N  | N  | N  | N  | N  | N  | N  |
|      MAC_1_leading_sign_18_1_1_0_cmp_43_rtn_oreg_reg      | Flip-flop |   5   |  Y  | N  | N  | N  | N  | N  | N  |
| MAC_1_leading_sign_18_1_1_0_cmp_44_all_same_oreg_rneg_reg | Flip-flop |   1   |  N  | N  | N  | N  | N  | N  | N  |
|      MAC_1_leading_sign_18_1_1_0_cmp_44_rtn_oreg_reg      | Flip-flop |   5   |  Y  | N  | N  | N  | N  | N  | N  |
| MAC_1_leading_sign_18_1_1_0_cmp_45_all_same_oreg_rneg_reg | Flip-flop |   1   |  N  | N  | N  | N  | N  | N  | N  |
|      MAC_1_leading_sign_18_1_1_0_cmp_45_rtn_oreg_reg      | Flip-flop |   5   |  Y  | N  | N  | N  | N  | N  | N  |
| MAC_1_leading_sign_18_1_1_0_cmp_46_all_same_oreg_rneg_reg | Flip-flop |   1   |  N  | N  | N  | N  | N  | N  | N  |
|      MAC_1_leading_sign_18_1_1_0_cmp_46_rtn_oreg_reg      | Flip-flop |   5   |  Y  | N  | N  | N  | N  | N  | N  |
| MAC_1_leading_sign_18_1_1_0_cmp_47_all_same_oreg_rneg_reg | Flip-flop |   1   |  N  | N  | N  | N  | N  | N  | N  |
|      MAC_1_leading_sign_18_1_1_0_cmp_47_rtn_oreg_reg      | Flip-flop |   5   |  Y  | N  | N  | N  | N  | N  | N  |
| MAC_1_leading_sign_18_1_1_0_cmp_48_all_same_oreg_rneg_reg | Flip-flop |   1   |  N  | N  | N  | N  | N  | N  | N  |
|      MAC_1_leading_sign_18_1_1_0_cmp_48_rtn_oreg_reg      | Flip-flop |   5   |  Y  | N  | N  | N  | N  | N  | N  |
| MAC_1_leading_sign_18_1_1_0_cmp_49_all_same_oreg_rneg_reg | Flip-flop |   1   |  N  | N  | N  | N  | N  | N  | N  |
|      MAC_1_leading_sign_18_1_1_0_cmp_49_rtn_oreg_reg      | Flip-flop |   5   |  Y  | N  | N  | N  | N  | N  | N  |
| MAC_1_leading_sign_18_1_1_0_cmp_50_all_same_oreg_rneg_reg | Flip-flop |   1   |  N  | N  | N  | N  | N  | N  | N  |
|      MAC_1_leading_sign_18_1_1_0_cmp_50_rtn_oreg_reg      | Flip-flop |   5   |  Y  | N  | N  | N  | N  | N  | N  |
| MAC_1_leading_sign_18_1_1_0_cmp_51_all_same_oreg_rneg_reg | Flip-flop |   1   |  N  | N  | N  | N  | N  | N  | N  |
|      MAC_1_leading_sign_18_1_1_0_cmp_51_rtn_oreg_reg      | Flip-flop |   5   |  Y  | N  | N  | N  | N  | N  | N  |
| MAC_1_leading_sign_18_1_1_0_cmp_52_all_same_oreg_rneg_reg | Flip-flop |   1   |  N  | N  | N  | N  | N  | N  | N  |
|      MAC_1_leading_sign_18_1_1_0_cmp_52_rtn_oreg_reg      | Flip-flop |   5   |  Y  | N  | N  | N  | N  | N  | N  |
| MAC_1_leading_sign_18_1_1_0_cmp_53_all_same_oreg_rneg_reg | Flip-flop |   1   |  N  | N  | N  | N  | N  | N  | N  |
|      MAC_1_leading_sign_18_1_1_0_cmp_53_rtn_oreg_reg      | Flip-flop |   5   |  Y  | N  | N  | N  | N  | N  | N  |
| MAC_1_leading_sign_18_1_1_0_cmp_54_all_same_oreg_rneg_reg | Flip-flop |   1   |  N  | N  | N  | N  | N  | N  | N  |
|      MAC_1_leading_sign_18_1_1_0_cmp_54_rtn_oreg_reg      | Flip-flop |   5   |  Y  | N  | N  | N  | N  | N  | N  |
| MAC_1_leading_sign_18_1_1_0_cmp_55_all_same_oreg_rneg_reg | Flip-flop |   1   |  N  | N  | N  | N  | N  | N  | N  |
|      MAC_1_leading_sign_18_1_1_0_cmp_55_rtn_oreg_reg      | Flip-flop |   5   |  Y  | N  | N  | N  | N  | N  | N  |
| MAC_1_leading_sign_18_1_1_0_cmp_56_all_same_oreg_rneg_reg | Flip-flop |   1   |  N  | N  | N  | N  | N  | N  | N  |
|      MAC_1_leading_sign_18_1_1_0_cmp_56_rtn_oreg_reg      | Flip-flop |   5   |  Y  | N  | N  | N  | N  | N  | N  |
| MAC_1_leading_sign_18_1_1_0_cmp_57_all_same_oreg_rneg_reg | Flip-flop |   1   |  N  | N  | N  | N  | N  | N  | N  |
|      MAC_1_leading_sign_18_1_1_0_cmp_57_rtn_oreg_reg      | Flip-flop |   5   |  Y  | N  | N  | N  | N  | N  | N  |
| MAC_1_leading_sign_18_1_1_0_cmp_58_all_same_oreg_rneg_reg | Flip-flop |   1   |  N  | N  | N  | N  | N  | N  | N  |
|      MAC_1_leading_sign_18_1_1_0_cmp_58_rtn_oreg_reg      | Flip-flop |   5   |  Y  | N  | N  | N  | N  | N  | N  |
| MAC_1_leading_sign_18_1_1_0_cmp_59_all_same_oreg_rneg_reg | Flip-flop |   1   |  N  | N  | N  | N  | N  | N  | N  |
|      MAC_1_leading_sign_18_1_1_0_cmp_59_rtn_oreg_reg      | Flip-flop |   5   |  Y  | N  | N  | N  | N  | N  | N  |
| MAC_1_leading_sign_18_1_1_0_cmp_60_all_same_oreg_rneg_reg | Flip-flop |   1   |  N  | N  | N  | N  | N  | N  | N  |
|      MAC_1_leading_sign_18_1_1_0_cmp_60_rtn_oreg_reg      | Flip-flop |   5   |  Y  | N  | N  | N  | N  | N  | N  |
| MAC_1_leading_sign_18_1_1_0_cmp_61_all_same_oreg_rneg_reg | Flip-flop |   1   |  N  | N  | N  | N  | N  | N  | N  |
|      MAC_1_leading_sign_18_1_1_0_cmp_61_rtn_oreg_reg      | Flip-flop |   5   |  Y  | N  | N  | N  | N  | N  | N  |
| MAC_1_leading_sign_18_1_1_0_cmp_62_all_same_oreg_rneg_reg | Flip-flop |   1   |  N  | N  | N  | N  | N  | N  | N  |
|      MAC_1_leading_sign_18_1_1_0_cmp_62_rtn_oreg_reg      | Flip-flop |   5   |  Y  | N  | N  | N  | N  | N  | N  |
=====================================================================================================================
Presto compilation completed successfully. (fir_core_wait_dp)
Information: Building the design 'fir_core_core_fsm'. (HDL-193)

Statistics for case statements in always block at line 797 in file
	'./rtl/fir_core.v'
===============================================
|           Line           |  full/ parallel  |
===============================================
|           799            |    auto/auto     |
===============================================

Inferred memory devices in process
	in routine fir_core_core_fsm line 1840 in file
		'./rtl/fir_core.v'.
===============================================================================
|    Register Name    |   Type    | Width | Bus | MB | AR | AS | SR | SS | ST |
===============================================================================
|    state_var_reg    | Flip-flop |   9   |  Y  | N  | N  | N  | N  | N  | N  |
===============================================================================
Presto compilation completed successfully. (fir_core_core_fsm)
1
list_libs
Logical Libraries:
-------------------------------------------------------------------------
Library		File			Path
-------		----			----
  saed32lvt_ss0p75v125c saed32lvt_ss0p75v125c.db /home/ajh9498/Documents/SALSA_HLS/FIR/syn/ref/DBs
  gtech		gtech.db		/eda/synopsys/syn/T-2022.03-SP5-5/libraries/syn
  standard.sldb	standard.sldb		/eda/synopsys/syn/T-2022.03-SP5-5/libraries/syn
1
list_designs
ccs_in_v1_rscid1_width11
ccs_in_v1_rscid2_width5
ccs_in_v1_rscid3_width704
ccs_in_v1_rscid4_width320
ccs_out_v1_rscid5_width11
ccs_out_v1_rscid6_width5
fir_core (*)
fir_core_core_fsm
fir_core_wait_dp
leading_sign_13_1_1_0
mgc_io_sync_v2_valid0
mgc_shift_br_v5_width_a22_signd_a1_width_s5_width_z22
mgc_shift_l_v5_width_a13_signd_a0_width_s4_width_z13
mgc_shift_l_v5_width_a22_signd_a0_width_s5_width_z22
mgc_shift_l_v5_width_a22_signd_a0_width_s6_width_z22
mgc_shift_r_v5_width_a12_signd_a1_width_s5_width_z12
mgc_shift_r_v5_width_a22_signd_a1_width_s4_width_z22
1
source fir_core.con
Information: Setting sdc_version outside of an SDC file has no effect (SDC-1)
Using operating conditions 'ss0p75v125c' found in library 'saed32lvt_ss0p75v125c'.
1
compile_ultra
Loading db file '/eda/synopsys/syn/T-2022.03-SP5-5/libraries/syn/dw_foundation.sldb'
Warning: DesignWare synthetic library dw_foundation.sldb is added to the synthetic_library in the current command. (UISN-40)
Information: Performing power optimization. (PWR-850)
Analyzing: "/home/ajh9498/Documents/SALSA_HLS/FIR/syn/ref/DBs/saed32lvt_ss0p75v125c.db"
Library analysis succeeded.
Information: linking reference library : /home/ajh9498/Documents/SALSA_HLS/FIR/syn/ref/CLIBs/saed32_lvt.ndm. (PSYN-878)
Warning: Default routing directions were assigned to all the layers. (DCT-306)

  Linking design 'fir_core'
  Using the following designs and libraries:
  --------------------------------------------------------------------------
  * (17 designs)              /home/ajh9498/Documents/SALSA_HLS/FIR/syn/setup/fir_core.db, etc
  saed32lvt_ss0p75v125c (library) /home/ajh9498/Documents/SALSA_HLS/FIR/syn/ref/DBs/saed32lvt_ss0p75v125c.db
  dw_foundation.sldb (library) /eda/synopsys/syn/T-2022.03-SP5-5/libraries/syn/dw_foundation.sldb

Information: No preferred routing direction found for design layer M1. Using reference direction H. (DCT-035)
Information: No preferred routing direction found for design layer M2. Using reference direction V. (DCT-035)
Information: No preferred routing direction found for design layer M3. Using reference direction H. (DCT-035)
Information: No preferred routing direction found for design layer M4. Using reference direction V. (DCT-035)
Information: No preferred routing direction found for design layer M5. Using reference direction H. (DCT-035)
Information: No preferred routing direction found for design layer M6. Using reference direction V. (DCT-035)
Information: No preferred routing direction found for design layer M7. Using reference direction H. (DCT-035)
Information: No preferred routing direction found for design layer M8. Using reference direction V. (DCT-035)
Information: No preferred routing direction found for design layer M9. Using reference direction H. (DCT-035)
Information: No preferred routing direction found for design layer MRDL. Using reference direction V. (DCT-035)

TLU+ File = /home/ajh9498/Documents/SALSA_HLS/FIR/syn/ref/tech/saed32nm_1p9m_Cmax.tluplus

--------- Sanity Check on TLUPlus Files -------------
1. Checking the conducting layer names in ITF and mapping file ... 
[ Passed! ]
2. Checking the via layer names in ITF and mapping file ... 
[ Passed! ]
3. Checking the consistency of Min Width and Min Spacing between MW-tech and ITF ... 
[ Passed! ]
----------------- Check Ends ------------------
Information: Evaluating DesignWare library utilization. (UISN-27)

============================================================================
| DesignWare Building Block Library  |         Version         | Available |
============================================================================
| Basic DW Building Blocks           | T-2022.03-DWBB_202203.4 |     *     |
| Licensed DW Building Blocks        | T-2022.03-DWBB_202203.4 |     *     |
============================================================================

====================================================================================================
| Flow Information                                                                                 |
----------------------------------------------------------------------------------------------------
| Flow         | Design Compiler NXT Topographical                                                 |
| Comand Line  | compile_ultra                                                                     |
====================================================================================================
| Design Information                                      | Value                                  |
====================================================================================================
| Number of Scenarios                                     | 0                                      |
| Leaf Cell Count                                         | 36663                                  |
| Number of User Hierarchies                              | 209                                    |
| Sequential Cell Count                                   | 5583                                   |
| Macro Count                                             | 0                                      |
| Number of Power Domains                                 | 0                                      |
| Number of Path Groups                                   | 2                                      |
| Number of VT Class                                      | 1                                      |
| Number of Voltage Areas                                 | 0                                      |
| Number of Clocks                                        | 1                                      |
| Number of Dont Touch Cells                              | 3413                                   |
| Number of Dont Touch Nets                               | 0                                      |
| Number of Size Only Cells                               | 0                                      |
| Design with UPF Data                                    | false                                  |
====================================================================================================
Information: Sequential output inversion is enabled.  SVF file must be used for formal verification. (OPT-1208)

Information: There are 2648 potential problems in your design. Please run 'check_design' for more information. (LINT-99)

Information: Uniquified 6 instances of design 'mgc_io_sync_v2_valid0'. (OPT-1056)
Information: Uniquified 64 instances of design 'mgc_shift_l_v5_width_a13_signd_a0_width_s4_width_z13'. (OPT-1056)
Information: Uniquified 63 instances of design 'mgc_shift_r_v5_width_a22_signd_a1_width_s4_width_z22'. (OPT-1056)
Information: Uniquified 32 instances of design 'mgc_shift_l_v5_width_a22_signd_a0_width_s5_width_z22'. (OPT-1056)
Information: Uniquified 32 instances of design 'mgc_shift_l_v5_width_a22_signd_a0_width_s6_width_z22'. (OPT-1056)
Information: Uniquified 2 instances of design 'leading_sign_13_1_1_0'. (OPT-1056)
  Simplifying Design 'fir_core'

****************************************************************
Information: TLUPlus based RC computation is enabled. (RCEX-141)
****************************************************************
Information: The distance unit in Capacitance and Resistance is 1 micron. (RCEX-007)
Information: The RC model used is TLU+. (RCEX-015)
Information: Library Derived Cap for layer M1 : 0.16 0.16 (RCEX-011)
Information: Library Derived Res for layer M1 : 2e-06 2e-06 (RCEX-011)
Information: Library Derived Cap for layer M2 : 0.17 0.17 (RCEX-011)
Information: Library Derived Res for layer M2 : 1.8e-06 1.8e-06 (RCEX-011)
Information: Library Derived Cap for layer M3 : 0.11 0.11 (RCEX-011)
Information: Library Derived Res for layer M3 : 1.8e-06 1.8e-06 (RCEX-011)
Information: Library Derived Cap for layer M4 : 0.11 0.11 (RCEX-011)
Information: Library Derived Res for layer M4 : 1.8e-06 1.8e-06 (RCEX-011)
Information: Library Derived Cap for layer M5 : 0.094 0.094 (RCEX-011)
Information: Library Derived Res for layer M5 : 1.8e-06 1.8e-06 (RCEX-011)
Information: Library Derived Cap for layer M6 : 0.094 0.094 (RCEX-011)
Information: Library Derived Res for layer M6 : 1.8e-06 1.8e-06 (RCEX-011)
Information: Library Derived Cap for layer M7 : 0.092 0.092 (RCEX-011)
Information: Library Derived Res for layer M7 : 1.8e-06 1.8e-06 (RCEX-011)
Information: Library Derived Cap for layer M8 : 0.092 0.092 (RCEX-011)
Information: Library Derived Res for layer M8 : 1.8e-06 1.8e-06 (RCEX-011)
Information: Library Derived Cap for layer M9 : 0.11 0.11 (RCEX-011)
Information: Library Derived Res for layer M9 : 1.8e-06 1.8e-06 (RCEX-011)
Information: Library Derived Cap for layer MRDL : 0.11 0.11 (RCEX-011)
Information: Library Derived Res for layer MRDL : 1.8e-07 1.8e-07 (RCEX-011)
Information: Library Derived Horizontal Cap : 0.11 0.11 (RCEX-011)
Information: Library Derived Horizontal Res : 1.8e-06 1.8e-06 (RCEX-011)
Information: Library Derived Vertical Cap : 0.11 0.11 (RCEX-011)
Information: Library Derived Vertical Res : 1.5e-06 1.5e-06 (RCEX-011)
Information: Using derived R and C coefficients. (RCEX-008)
Information: Using region-based R and C coefficients. (RCEX-013)
Information: Library Derived Via Res : 4.6e-07 4.6e-07 (RCEX-011)
Loaded alib file '../alib-52/saed32lvt_ss0p75v125c.db.alib'
  Building model 'DW01_NAND2'
Information: Ungrouping hierarchy input_m_rsci before Pass 1 (OPT-776)
Information: Ungrouping hierarchy input_e_rsci before Pass 1 (OPT-776)
Information: Ungrouping hierarchy taps_m_rsci before Pass 1 (OPT-776)
Information: Ungrouping hierarchy taps_e_rsci before Pass 1 (OPT-776)
Information: Ungrouping hierarchy return_m_rsci before Pass 1 (OPT-776)
Information: Ungrouping hierarchy return_e_rsci before Pass 1 (OPT-776)
Information: Ungrouping hierarchy input_m_triosy_obj before Pass 1 (OPT-776)
Information: Ungrouping hierarchy MAC_1_leading_sign_13_1_1_0_rg before Pass 1 (OPT-776)
Information: Ungrouping hierarchy MAC_3_ac_float_cctor_assign_from_n32_31_22_2_AC_TRN_AC_WRAP_if_1_rshift_rg before Pass 1 (OPT-776)
Information: Ungrouping hierarchy return_e_triosy_obj before Pass 1 (OPT-776)
Information: Ungrouping hierarchy return_m_triosy_obj before Pass 1 (OPT-776)
Information: Ungrouping hierarchy taps_e_triosy_obj before Pass 1 (OPT-776)
Information: Ungrouping hierarchy taps_m_triosy_obj before Pass 1 (OPT-776)
Information: Ungrouping hierarchy input_e_triosy_obj before Pass 1 (OPT-776)
Information: Ungrouping hierarchy MAC_52_leading_sign_13_1_1_0_rg before Pass 1 (OPT-776)
Information: Ungrouping 15 of 210 hierarchies before Pass 1 (OPT-775)
Information: State dependent leakage is now switched from on to off.

  Beginning Pass 1 Mapping
  ------------------------
  Processing 'fir_core'
Information: Added key list 'DesignWare' to design 'fir_core'. (DDB-72)
 Implement Synthetic for 'fir_core'.
  Processing 'fir_core_core_fsm'
 Implement Synthetic for 'fir_core_core_fsm'.
  Processing 'fir_core_wait_dp'
  Processing 'mgc_shift_l_v5_width_a22_signd_a0_width_s6_width_z22_0'
 Implement Synthetic for 'mgc_shift_l_v5_width_a22_signd_a0_width_s6_width_z22_0'.
Information: Added key list 'DesignWare' to design 'mgc_shift_l_v5_width_a22_signd_a0_width_s6_width_z22_0'. (DDB-72)
  Processing 'mgc_shift_l_v5_width_a22_signd_a0_width_s5_width_z22_0'
 Implement Synthetic for 'mgc_shift_l_v5_width_a22_signd_a0_width_s5_width_z22_0'.
Information: Added key list 'DesignWare' to design 'mgc_shift_l_v5_width_a22_signd_a0_width_s5_width_z22_0'. (DDB-72)
  Processing 'mgc_shift_r_v5_width_a22_signd_a1_width_s4_width_z22_0'
 Implement Synthetic for 'mgc_shift_r_v5_width_a22_signd_a1_width_s4_width_z22_0'.
Information: Added key list 'DesignWare' to design 'mgc_shift_r_v5_width_a22_signd_a1_width_s4_width_z22_0'. (DDB-72)
  Processing 'mgc_shift_l_v5_width_a13_signd_a0_width_s4_width_z13_0'
 Implement Synthetic for 'mgc_shift_l_v5_width_a13_signd_a0_width_s4_width_z13_0'.
Information: Added key list 'DesignWare' to design 'mgc_shift_l_v5_width_a13_signd_a0_width_s4_width_z13_0'. (DDB-72)
  Processing 'mgc_shift_l_v5_width_a13_signd_a0_width_s4_width_z13_63'
 Implement Synthetic for 'mgc_shift_l_v5_width_a13_signd_a0_width_s4_width_z13_63'.
Information: Added key list 'DesignWare' to design 'mgc_shift_l_v5_width_a13_signd_a0_width_s4_width_z13_63'. (DDB-72)
  Processing 'mgc_shift_r_v5_width_a12_signd_a1_width_s5_width_z12'
 Implement Synthetic for 'mgc_shift_r_v5_width_a12_signd_a1_width_s5_width_z12'.
Information: Added key list 'DesignWare' to design 'mgc_shift_r_v5_width_a12_signd_a1_width_s5_width_z12'. (DDB-72)

  Updating timing information
Information: Updating design information... (UID-85)
Information: The library cell 'PMT3_LVT' in the library 'saed32lvt_ss0p75v125c' is not characterized for internal power. (PWR-536)
Information: The library cell 'PMT2_LVT' in the library 'saed32lvt_ss0p75v125c' is not characterized for internal power. (PWR-536)
Information: The library cell 'PMT1_LVT' in the library 'saed32lvt_ss0p75v125c' is not characterized for internal power. (PWR-536)
Information: The library cell 'NMT3_LVT' in the library 'saed32lvt_ss0p75v125c' is not characterized for internal power. (PWR-536)
Information: The library cell 'NMT2_LVT' in the library 'saed32lvt_ss0p75v125c' is not characterized for internal power. (PWR-536)
Information: The library cell 'NMT1_LVT' in the library 'saed32lvt_ss0p75v125c' is not characterized for internal power. (PWR-536)
Information: The target library(s) contains cell(s), other than black boxes, that are not characterized for internal power. (PWR-24)

Threshold voltage group cell usage:
>> saed32cell_lvt 100.00%

  Beginning Mapping Optimizations  (Ultra High effort)
  -------------------------------
Information: Ungrouping hierarchy fir_core_wait_dp_inst 'fir_core_wait_dp' #insts = 833. (OPT-777)
Information: Ungrouping hierarchy fir_core_core_fsm_inst 'fir_core_core_fsm' #insts = 58. (OPT-777)
Information: Ungrouping hierarchy MAC_64_operator_13_2_true_AC_TRN_AC_WRAP_lshift_rg 'mgc_shift_l_v5_width_a13_signd_a0_width_s4_width_z13_0' #insts = 37. (OPT-777)
Information: Ungrouping hierarchy MAC_3_operator_22_2_true_AC_TRN_AC_WRAP_lshift_rg 'mgc_shift_l_v5_width_a22_signd_a0_width_s6_width_z22_0' #insts = 72. (OPT-777)
Information: Ungrouping hierarchy MAC_33_ac_float_cctor_assign_from_n32_31_22_2_AC_TRN_AC_WRAP_if_1_rshift_rg 'mgc_shift_r_v5_width_a22_signd_a1_width_s4_width_z22_0' #insts = 43. (OPT-777)
Information: Ungrouping hierarchy MAC_33_operator_22_2_true_AC_TRN_AC_WRAP_lshift_rg 'mgc_shift_l_v5_width_a22_signd_a0_width_s6_width_z22_1' #insts = 72. (OPT-777)
Information: Ungrouping hierarchy MAC_32_ac_float_cctor_assign_from_n32_31_22_2_AC_TRN_AC_WRAP_if_1_rshift_rg 'mgc_shift_r_v5_width_a22_signd_a1_width_s4_width_z22_1' #insts = 43. (OPT-777)
Information: Ungrouping hierarchy MAC_32_operator_22_2_true_AC_TRN_AC_WRAP_lshift_rg 'mgc_shift_l_v5_width_a22_signd_a0_width_s6_width_z22_2' #insts = 72. (OPT-777)
Information: Ungrouping hierarchy MAC_31_ac_float_cctor_assign_from_n32_31_22_2_AC_TRN_AC_WRAP_if_1_rshift_rg 'mgc_shift_r_v5_width_a22_signd_a1_width_s4_width_z22_2' #insts = 43. (OPT-777)
Information: Ungrouping hierarchy MAC_31_operator_22_2_true_AC_TRN_AC_WRAP_lshift_rg 'mgc_shift_l_v5_width_a22_signd_a0_width_s6_width_z22_3' #insts = 72. (OPT-777)
Information: Ungrouping hierarchy MAC_30_ac_float_cctor_assign_from_n32_31_22_2_AC_TRN_AC_WRAP_if_1_rshift_rg 'mgc_shift_r_v5_width_a22_signd_a1_width_s4_width_z22_3' #insts = 43. (OPT-777)
Information: Ungrouping hierarchy MAC_30_operator_22_2_true_AC_TRN_AC_WRAP_lshift_rg 'mgc_shift_l_v5_width_a22_signd_a0_width_s6_width_z22_4' #insts = 72. (OPT-777)
Information: Ungrouping hierarchy MAC_29_ac_float_cctor_assign_from_n32_31_22_2_AC_TRN_AC_WRAP_if_1_rshift_rg 'mgc_shift_r_v5_width_a22_signd_a1_width_s4_width_z22_4' #insts = 43. (OPT-777)
Information: Ungrouping hierarchy MAC_29_operator_22_2_true_AC_TRN_AC_WRAP_lshift_rg 'mgc_shift_l_v5_width_a22_signd_a0_width_s6_width_z22_5' #insts = 72. (OPT-777)
Information: Ungrouping hierarchy MAC_28_ac_float_cctor_assign_from_n32_31_22_2_AC_TRN_AC_WRAP_if_1_rshift_rg 'mgc_shift_r_v5_width_a22_signd_a1_width_s4_width_z22_5' #insts = 43. (OPT-777)
Information: Ungrouping hierarchy MAC_28_operator_22_2_true_AC_TRN_AC_WRAP_lshift_rg 'mgc_shift_l_v5_width_a22_signd_a0_width_s6_width_z22_6' #insts = 72. (OPT-777)
Information: Ungrouping hierarchy MAC_27_ac_float_cctor_assign_from_n32_31_22_2_AC_TRN_AC_WRAP_if_1_rshift_rg 'mgc_shift_r_v5_width_a22_signd_a1_width_s4_width_z22_6' #insts = 43. (OPT-777)
Information: Ungrouping hierarchy MAC_27_operator_22_2_true_AC_TRN_AC_WRAP_lshift_rg 'mgc_shift_l_v5_width_a22_signd_a0_width_s6_width_z22_7' #insts = 72. (OPT-777)
Information: Ungrouping hierarchy MAC_26_ac_float_cctor_assign_from_n32_31_22_2_AC_TRN_AC_WRAP_if_1_rshift_rg 'mgc_shift_r_v5_width_a22_signd_a1_width_s4_width_z22_7' #insts = 43. (OPT-777)
Information: Ungrouping hierarchy MAC_26_operator_22_2_true_AC_TRN_AC_WRAP_lshift_rg 'mgc_shift_l_v5_width_a22_signd_a0_width_s6_width_z22_8' #insts = 72. (OPT-777)
Information: Ungrouping hierarchy MAC_25_ac_float_cctor_assign_from_n32_31_22_2_AC_TRN_AC_WRAP_if_1_rshift_rg 'mgc_shift_r_v5_width_a22_signd_a1_width_s4_width_z22_8' #insts = 43. (OPT-777)
Information: Ungrouping hierarchy MAC_25_operator_22_2_true_AC_TRN_AC_WRAP_lshift_rg 'mgc_shift_l_v5_width_a22_signd_a0_width_s6_width_z22_9' #insts = 72. (OPT-777)
Information: Ungrouping hierarchy MAC_24_ac_float_cctor_assign_from_n32_31_22_2_AC_TRN_AC_WRAP_if_1_rshift_rg 'mgc_shift_r_v5_width_a22_signd_a1_width_s4_width_z22_9' #insts = 43. (OPT-777)
Information: Ungrouping hierarchy MAC_24_operator_22_2_true_AC_TRN_AC_WRAP_lshift_rg 'mgc_shift_l_v5_width_a22_signd_a0_width_s6_width_z22_10' #insts = 72. (OPT-777)
Information: Ungrouping hierarchy MAC_23_ac_float_cctor_assign_from_n32_31_22_2_AC_TRN_AC_WRAP_if_1_rshift_rg 'mgc_shift_r_v5_width_a22_signd_a1_width_s4_width_z22_10' #insts = 43. (OPT-777)
Information: Ungrouping hierarchy MAC_23_operator_22_2_true_AC_TRN_AC_WRAP_lshift_rg 'mgc_shift_l_v5_width_a22_signd_a0_width_s6_width_z22_11' #insts = 72. (OPT-777)
Information: Ungrouping hierarchy MAC_22_ac_float_cctor_assign_from_n32_31_22_2_AC_TRN_AC_WRAP_if_1_rshift_rg 'mgc_shift_r_v5_width_a22_signd_a1_width_s4_width_z22_11' #insts = 43. (OPT-777)
Information: Ungrouping hierarchy MAC_22_operator_22_2_true_AC_TRN_AC_WRAP_lshift_rg 'mgc_shift_l_v5_width_a22_signd_a0_width_s6_width_z22_12' #insts = 72. (OPT-777)
Information: Ungrouping hierarchy MAC_21_ac_float_cctor_assign_from_n32_31_22_2_AC_TRN_AC_WRAP_if_1_rshift_rg 'mgc_shift_r_v5_width_a22_signd_a1_width_s4_width_z22_12' #insts = 43. (OPT-777)
Information: Ungrouping hierarchy MAC_21_operator_22_2_true_AC_TRN_AC_WRAP_lshift_rg 'mgc_shift_l_v5_width_a22_signd_a0_width_s6_width_z22_13' #insts = 72. (OPT-777)
Information: Ungrouping hierarchy MAC_20_ac_float_cctor_assign_from_n32_31_22_2_AC_TRN_AC_WRAP_if_1_rshift_rg 'mgc_shift_r_v5_width_a22_signd_a1_width_s4_width_z22_13' #insts = 43. (OPT-777)
Information: Ungrouping hierarchy MAC_20_operator_22_2_true_AC_TRN_AC_WRAP_lshift_rg 'mgc_shift_l_v5_width_a22_signd_a0_width_s6_width_z22_14' #insts = 72. (OPT-777)
Information: Ungrouping hierarchy MAC_19_ac_float_cctor_assign_from_n32_31_22_2_AC_TRN_AC_WRAP_if_1_rshift_rg 'mgc_shift_r_v5_width_a22_signd_a1_width_s4_width_z22_14' #insts = 43. (OPT-777)
Information: Ungrouping hierarchy MAC_19_operator_22_2_true_AC_TRN_AC_WRAP_lshift_rg 'mgc_shift_l_v5_width_a22_signd_a0_width_s6_width_z22_15' #insts = 72. (OPT-777)
Information: Ungrouping hierarchy MAC_18_ac_float_cctor_assign_from_n32_31_22_2_AC_TRN_AC_WRAP_if_1_rshift_rg 'mgc_shift_r_v5_width_a22_signd_a1_width_s4_width_z22_15' #insts = 43. (OPT-777)
Information: Ungrouping hierarchy MAC_18_operator_22_2_true_AC_TRN_AC_WRAP_lshift_rg 'mgc_shift_l_v5_width_a22_signd_a0_width_s6_width_z22_16' #insts = 72. (OPT-777)
Information: Ungrouping hierarchy MAC_17_ac_float_cctor_assign_from_n32_31_22_2_AC_TRN_AC_WRAP_if_1_rshift_rg 'mgc_shift_r_v5_width_a22_signd_a1_width_s4_width_z22_16' #insts = 43. (OPT-777)
Information: Ungrouping hierarchy MAC_17_operator_22_2_true_AC_TRN_AC_WRAP_lshift_rg 'mgc_shift_l_v5_width_a22_signd_a0_width_s6_width_z22_17' #insts = 72. (OPT-777)
Information: Ungrouping hierarchy MAC_16_ac_float_cctor_assign_from_n32_31_22_2_AC_TRN_AC_WRAP_if_1_rshift_rg 'mgc_shift_r_v5_width_a22_signd_a1_width_s4_width_z22_17' #insts = 43. (OPT-777)
Information: Ungrouping hierarchy MAC_16_operator_22_2_true_AC_TRN_AC_WRAP_lshift_rg 'mgc_shift_l_v5_width_a22_signd_a0_width_s6_width_z22_18' #insts = 72. (OPT-777)
Information: Ungrouping hierarchy MAC_15_ac_float_cctor_assign_from_n32_31_22_2_AC_TRN_AC_WRAP_if_1_rshift_rg 'mgc_shift_r_v5_width_a22_signd_a1_width_s4_width_z22_18' #insts = 43. (OPT-777)
Information: Ungrouping hierarchy MAC_15_operator_22_2_true_AC_TRN_AC_WRAP_lshift_rg 'mgc_shift_l_v5_width_a22_signd_a0_width_s6_width_z22_19' #insts = 72. (OPT-777)
Information: Ungrouping hierarchy MAC_14_ac_float_cctor_assign_from_n32_31_22_2_AC_TRN_AC_WRAP_if_1_rshift_rg 'mgc_shift_r_v5_width_a22_signd_a1_width_s4_width_z22_19' #insts = 43. (OPT-777)
Information: Ungrouping hierarchy MAC_14_operator_22_2_true_AC_TRN_AC_WRAP_lshift_rg 'mgc_shift_l_v5_width_a22_signd_a0_width_s6_width_z22_20' #insts = 72. (OPT-777)
Information: Ungrouping hierarchy MAC_13_ac_float_cctor_assign_from_n32_31_22_2_AC_TRN_AC_WRAP_if_1_rshift_rg 'mgc_shift_r_v5_width_a22_signd_a1_width_s4_width_z22_20' #insts = 43. (OPT-777)
Information: Ungrouping hierarchy MAC_13_operator_22_2_true_AC_TRN_AC_WRAP_lshift_rg 'mgc_shift_l_v5_width_a22_signd_a0_width_s6_width_z22_21' #insts = 72. (OPT-777)
Information: Ungrouping hierarchy MAC_12_ac_float_cctor_assign_from_n32_31_22_2_AC_TRN_AC_WRAP_if_1_rshift_rg 'mgc_shift_r_v5_width_a22_signd_a1_width_s4_width_z22_21' #insts = 43. (OPT-777)
Information: Ungrouping hierarchy MAC_12_operator_22_2_true_AC_TRN_AC_WRAP_lshift_rg 'mgc_shift_l_v5_width_a22_signd_a0_width_s6_width_z22_22' #insts = 72. (OPT-777)
Information: Ungrouping hierarchy MAC_11_ac_float_cctor_assign_from_n32_31_22_2_AC_TRN_AC_WRAP_if_1_rshift_rg 'mgc_shift_r_v5_width_a22_signd_a1_width_s4_width_z22_22' #insts = 43. (OPT-777)
Information: Ungrouping hierarchy MAC_11_operator_22_2_true_AC_TRN_AC_WRAP_lshift_rg 'mgc_shift_l_v5_width_a22_signd_a0_width_s6_width_z22_23' #insts = 72. (OPT-777)
Information: Ungrouping hierarchy MAC_10_ac_float_cctor_assign_from_n32_31_22_2_AC_TRN_AC_WRAP_if_1_rshift_rg 'mgc_shift_r_v5_width_a22_signd_a1_width_s4_width_z22_23' #insts = 43. (OPT-777)
Information: Ungrouping hierarchy MAC_10_operator_22_2_true_AC_TRN_AC_WRAP_lshift_rg 'mgc_shift_l_v5_width_a22_signd_a0_width_s6_width_z22_24' #insts = 72. (OPT-777)
Information: Ungrouping hierarchy MAC_9_ac_float_cctor_assign_from_n32_31_22_2_AC_TRN_AC_WRAP_if_1_rshift_rg 'mgc_shift_r_v5_width_a22_signd_a1_width_s4_width_z22_24' #insts = 43. (OPT-777)
Information: Ungrouping hierarchy MAC_9_operator_22_2_true_AC_TRN_AC_WRAP_lshift_rg 'mgc_shift_l_v5_width_a22_signd_a0_width_s6_width_z22_25' #insts = 72. (OPT-777)
Information: Ungrouping hierarchy MAC_8_ac_float_cctor_assign_from_n32_31_22_2_AC_TRN_AC_WRAP_if_1_rshift_rg 'mgc_shift_r_v5_width_a22_signd_a1_width_s4_width_z22_25' #insts = 43. (OPT-777)
Information: Ungrouping hierarchy MAC_8_operator_22_2_true_AC_TRN_AC_WRAP_lshift_rg 'mgc_shift_l_v5_width_a22_signd_a0_width_s6_width_z22_26' #insts = 72. (OPT-777)
Information: Ungrouping hierarchy MAC_7_ac_float_cctor_assign_from_n32_31_22_2_AC_TRN_AC_WRAP_if_1_rshift_rg 'mgc_shift_r_v5_width_a22_signd_a1_width_s4_width_z22_26' #insts = 48. (OPT-777)
Information: Ungrouping hierarchy MAC_7_operator_22_2_true_AC_TRN_AC_WRAP_lshift_rg 'mgc_shift_l_v5_width_a22_signd_a0_width_s6_width_z22_27' #insts = 85. (OPT-777)
Information: Ungrouping hierarchy MAC_6_ac_float_cctor_assign_from_n32_31_22_2_AC_TRN_AC_WRAP_if_1_rshift_rg 'mgc_shift_r_v5_width_a22_signd_a1_width_s4_width_z22_27' #insts = 43. (OPT-777)
Information: Ungrouping hierarchy MAC_6_operator_22_2_true_AC_TRN_AC_WRAP_lshift_rg 'mgc_shift_l_v5_width_a22_signd_a0_width_s6_width_z22_28' #insts = 72. (OPT-777)
Information: Ungrouping hierarchy MAC_5_ac_float_cctor_assign_from_n32_31_22_2_AC_TRN_AC_WRAP_if_1_rshift_rg 'mgc_shift_r_v5_width_a22_signd_a1_width_s4_width_z22_28' #insts = 43. (OPT-777)
Information: Ungrouping hierarchy MAC_5_operator_22_2_true_AC_TRN_AC_WRAP_lshift_rg 'mgc_shift_l_v5_width_a22_signd_a0_width_s6_width_z22_29' #insts = 72. (OPT-777)
Information: Ungrouping hierarchy MAC_4_ac_float_cctor_assign_from_n32_31_22_2_AC_TRN_AC_WRAP_if_1_rshift_rg 'mgc_shift_r_v5_width_a22_signd_a1_width_s4_width_z22_29' #insts = 43. (OPT-777)
Information: Ungrouping hierarchy MAC_4_operator_22_2_true_AC_TRN_AC_WRAP_lshift_rg 'mgc_shift_l_v5_width_a22_signd_a0_width_s6_width_z22_30' #insts = 72. (OPT-777)
Information: Ungrouping hierarchy MAC_6_operator_13_2_true_AC_TRN_AC_WRAP_rshift_rg 'mgc_shift_r_v5_width_a12_signd_a1_width_s5_width_z12' #insts = 60. (OPT-777)
Information: Ungrouping hierarchy MAC_64_operator_22_2_true_AC_TRN_AC_WRAP_lshift_rg 'mgc_shift_l_v5_width_a22_signd_a0_width_s5_width_z22_0' #insts = 70. (OPT-777)
Information: Ungrouping hierarchy MAC_64_ac_float_cctor_assign_from_n32_31_22_2_AC_TRN_AC_WRAP_if_1_rshift_rg 'mgc_shift_r_v5_width_a22_signd_a1_width_s4_width_z22_30' #insts = 43. (OPT-777)
Information: Ungrouping hierarchy MAC_63_operator_22_2_true_AC_TRN_AC_WRAP_lshift_rg 'mgc_shift_l_v5_width_a22_signd_a0_width_s5_width_z22_1' #insts = 70. (OPT-777)
Information: Ungrouping hierarchy MAC_63_ac_float_cctor_assign_from_n32_31_22_2_AC_TRN_AC_WRAP_if_1_rshift_rg 'mgc_shift_r_v5_width_a22_signd_a1_width_s4_width_z22_31' #insts = 43. (OPT-777)
Information: Ungrouping hierarchy MAC_62_operator_22_2_true_AC_TRN_AC_WRAP_lshift_rg 'mgc_shift_l_v5_width_a22_signd_a0_width_s5_width_z22_2' #insts = 70. (OPT-777)
Information: Ungrouping hierarchy MAC_62_ac_float_cctor_assign_from_n32_31_22_2_AC_TRN_AC_WRAP_if_1_rshift_rg 'mgc_shift_r_v5_width_a22_signd_a1_width_s4_width_z22_32' #insts = 43. (OPT-777)
Information: Ungrouping hierarchy MAC_61_operator_22_2_true_AC_TRN_AC_WRAP_lshift_rg 'mgc_shift_l_v5_width_a22_signd_a0_width_s5_width_z22_3' #insts = 70. (OPT-777)
Information: Ungrouping hierarchy MAC_61_ac_float_cctor_assign_from_n32_31_22_2_AC_TRN_AC_WRAP_if_1_rshift_rg 'mgc_shift_r_v5_width_a22_signd_a1_width_s4_width_z22_33' #insts = 43. (OPT-777)
Information: Ungrouping hierarchy MAC_60_operator_22_2_true_AC_TRN_AC_WRAP_lshift_rg 'mgc_shift_l_v5_width_a22_signd_a0_width_s5_width_z22_4' #insts = 70. (OPT-777)
Information: Ungrouping hierarchy MAC_60_ac_float_cctor_assign_from_n32_31_22_2_AC_TRN_AC_WRAP_if_1_rshift_rg 'mgc_shift_r_v5_width_a22_signd_a1_width_s4_width_z22_34' #insts = 43. (OPT-777)
Information: Ungrouping hierarchy MAC_59_operator_22_2_true_AC_TRN_AC_WRAP_lshift_rg 'mgc_shift_l_v5_width_a22_signd_a0_width_s5_width_z22_5' #insts = 70. (OPT-777)
Information: Ungrouping hierarchy MAC_59_ac_float_cctor_assign_from_n32_31_22_2_AC_TRN_AC_WRAP_if_1_rshift_rg 'mgc_shift_r_v5_width_a22_signd_a1_width_s4_width_z22_35' #insts = 43. (OPT-777)
Information: Ungrouping hierarchy MAC_58_operator_22_2_true_AC_TRN_AC_WRAP_lshift_rg 'mgc_shift_l_v5_width_a22_signd_a0_width_s5_width_z22_6' #insts = 70. (OPT-777)
Information: Ungrouping hierarchy MAC_58_ac_float_cctor_assign_from_n32_31_22_2_AC_TRN_AC_WRAP_if_1_rshift_rg 'mgc_shift_r_v5_width_a22_signd_a1_width_s4_width_z22_36' #insts = 43. (OPT-777)
Information: Ungrouping hierarchy MAC_57_operator_22_2_true_AC_TRN_AC_WRAP_lshift_rg 'mgc_shift_l_v5_width_a22_signd_a0_width_s5_width_z22_7' #insts = 70. (OPT-777)
Information: Ungrouping hierarchy MAC_57_ac_float_cctor_assign_from_n32_31_22_2_AC_TRN_AC_WRAP_if_1_rshift_rg 'mgc_shift_r_v5_width_a22_signd_a1_width_s4_width_z22_37' #insts = 43. (OPT-777)
Information: Ungrouping hierarchy MAC_56_operator_22_2_true_AC_TRN_AC_WRAP_lshift_rg 'mgc_shift_l_v5_width_a22_signd_a0_width_s5_width_z22_8' #insts = 70. (OPT-777)
Information: Ungrouping hierarchy MAC_56_ac_float_cctor_assign_from_n32_31_22_2_AC_TRN_AC_WRAP_if_1_rshift_rg 'mgc_shift_r_v5_width_a22_signd_a1_width_s4_width_z22_38' #insts = 43. (OPT-777)
Information: Ungrouping hierarchy MAC_55_operator_22_2_true_AC_TRN_AC_WRAP_lshift_rg 'mgc_shift_l_v5_width_a22_signd_a0_width_s5_width_z22_9' #insts = 70. (OPT-777)
Information: Ungrouping hierarchy MAC_55_ac_float_cctor_assign_from_n32_31_22_2_AC_TRN_AC_WRAP_if_1_rshift_rg 'mgc_shift_r_v5_width_a22_signd_a1_width_s4_width_z22_39' #insts = 43. (OPT-777)
Information: Ungrouping hierarchy MAC_54_operator_22_2_true_AC_TRN_AC_WRAP_lshift_rg 'mgc_shift_l_v5_width_a22_signd_a0_width_s5_width_z22_10' #insts = 70. (OPT-777)
Information: Ungrouping hierarchy MAC_54_ac_float_cctor_assign_from_n32_31_22_2_AC_TRN_AC_WRAP_if_1_rshift_rg 'mgc_shift_r_v5_width_a22_signd_a1_width_s4_width_z22_40' #insts = 43. (OPT-777)
Information: Ungrouping hierarchy MAC_53_operator_22_2_true_AC_TRN_AC_WRAP_lshift_rg 'mgc_shift_l_v5_width_a22_signd_a0_width_s5_width_z22_11' #insts = 70. (OPT-777)
Information: Ungrouping hierarchy MAC_53_ac_float_cctor_assign_from_n32_31_22_2_AC_TRN_AC_WRAP_if_1_rshift_rg 'mgc_shift_r_v5_width_a22_signd_a1_width_s4_width_z22_41' #insts = 43. (OPT-777)
Information: Ungrouping hierarchy MAC_52_operator_22_2_true_AC_TRN_AC_WRAP_lshift_rg 'mgc_shift_l_v5_width_a22_signd_a0_width_s5_width_z22_12' #insts = 70. (OPT-777)
Information: Ungrouping hierarchy MAC_52_ac_float_cctor_assign_from_n32_31_22_2_AC_TRN_AC_WRAP_if_1_rshift_rg 'mgc_shift_r_v5_width_a22_signd_a1_width_s4_width_z22_42' #insts = 43. (OPT-777)
Information: Ungrouping hierarchy MAC_51_operator_22_2_true_AC_TRN_AC_WRAP_lshift_rg 'mgc_shift_l_v5_width_a22_signd_a0_width_s5_width_z22_13' #insts = 70. (OPT-777)
Information: Ungrouping hierarchy MAC_51_ac_float_cctor_assign_from_n32_31_22_2_AC_TRN_AC_WRAP_if_1_rshift_rg 'mgc_shift_r_v5_width_a22_signd_a1_width_s4_width_z22_43' #insts = 43. (OPT-777)
Information: Ungrouping hierarchy MAC_50_operator_22_2_true_AC_TRN_AC_WRAP_lshift_rg 'mgc_shift_l_v5_width_a22_signd_a0_width_s5_width_z22_14' #insts = 70. (OPT-777)
Information: Ungrouping hierarchy MAC_50_ac_float_cctor_assign_from_n32_31_22_2_AC_TRN_AC_WRAP_if_1_rshift_rg 'mgc_shift_r_v5_width_a22_signd_a1_width_s4_width_z22_44' #insts = 43. (OPT-777)
Information: Ungrouping hierarchy MAC_49_operator_22_2_true_AC_TRN_AC_WRAP_lshift_rg 'mgc_shift_l_v5_width_a22_signd_a0_width_s5_width_z22_15' #insts = 70. (OPT-777)
Information: Ungrouping hierarchy MAC_49_ac_float_cctor_assign_from_n32_31_22_2_AC_TRN_AC_WRAP_if_1_rshift_rg 'mgc_shift_r_v5_width_a22_signd_a1_width_s4_width_z22_45' #insts = 43. (OPT-777)
Information: Ungrouping hierarchy MAC_48_operator_22_2_true_AC_TRN_AC_WRAP_lshift_rg 'mgc_shift_l_v5_width_a22_signd_a0_width_s5_width_z22_16' #insts = 70. (OPT-777)
Information: Ungrouping hierarchy MAC_48_ac_float_cctor_assign_from_n32_31_22_2_AC_TRN_AC_WRAP_if_1_rshift_rg 'mgc_shift_r_v5_width_a22_signd_a1_width_s4_width_z22_46' #insts = 43. (OPT-777)
Information: Ungrouping hierarchy MAC_47_operator_22_2_true_AC_TRN_AC_WRAP_lshift_rg 'mgc_shift_l_v5_width_a22_signd_a0_width_s5_width_z22_17' #insts = 70. (OPT-777)
Information: Ungrouping hierarchy MAC_47_ac_float_cctor_assign_from_n32_31_22_2_AC_TRN_AC_WRAP_if_1_rshift_rg 'mgc_shift_r_v5_width_a22_signd_a1_width_s4_width_z22_47' #insts = 43. (OPT-777)
Information: Ungrouping hierarchy MAC_46_operator_22_2_true_AC_TRN_AC_WRAP_lshift_rg 'mgc_shift_l_v5_width_a22_signd_a0_width_s5_width_z22_18' #insts = 70. (OPT-777)
Information: Ungrouping hierarchy MAC_46_ac_float_cctor_assign_from_n32_31_22_2_AC_TRN_AC_WRAP_if_1_rshift_rg 'mgc_shift_r_v5_width_a22_signd_a1_width_s4_width_z22_48' #insts = 43. (OPT-777)
Information: Ungrouping hierarchy MAC_45_operator_22_2_true_AC_TRN_AC_WRAP_lshift_rg 'mgc_shift_l_v5_width_a22_signd_a0_width_s5_width_z22_19' #insts = 70. (OPT-777)
Information: Ungrouping hierarchy MAC_45_ac_float_cctor_assign_from_n32_31_22_2_AC_TRN_AC_WRAP_if_1_rshift_rg 'mgc_shift_r_v5_width_a22_signd_a1_width_s4_width_z22_49' #insts = 43. (OPT-777)
Information: Ungrouping hierarchy MAC_44_operator_22_2_true_AC_TRN_AC_WRAP_lshift_rg 'mgc_shift_l_v5_width_a22_signd_a0_width_s5_width_z22_20' #insts = 70. (OPT-777)
Information: Ungrouping hierarchy MAC_44_ac_float_cctor_assign_from_n32_31_22_2_AC_TRN_AC_WRAP_if_1_rshift_rg 'mgc_shift_r_v5_width_a22_signd_a1_width_s4_width_z22_50' #insts = 43. (OPT-777)
Information: Ungrouping hierarchy MAC_43_operator_22_2_true_AC_TRN_AC_WRAP_lshift_rg 'mgc_shift_l_v5_width_a22_signd_a0_width_s5_width_z22_21' #insts = 70. (OPT-777)
Information: Ungrouping hierarchy MAC_43_ac_float_cctor_assign_from_n32_31_22_2_AC_TRN_AC_WRAP_if_1_rshift_rg 'mgc_shift_r_v5_width_a22_signd_a1_width_s4_width_z22_51' #insts = 43. (OPT-777)
Information: Ungrouping hierarchy MAC_42_operator_22_2_true_AC_TRN_AC_WRAP_lshift_rg 'mgc_shift_l_v5_width_a22_signd_a0_width_s5_width_z22_22' #insts = 70. (OPT-777)
Information: Ungrouping hierarchy MAC_42_ac_float_cctor_assign_from_n32_31_22_2_AC_TRN_AC_WRAP_if_1_rshift_rg 'mgc_shift_r_v5_width_a22_signd_a1_width_s4_width_z22_52' #insts = 43. (OPT-777)
Information: Ungrouping hierarchy MAC_41_operator_22_2_true_AC_TRN_AC_WRAP_lshift_rg 'mgc_shift_l_v5_width_a22_signd_a0_width_s5_width_z22_23' #insts = 70. (OPT-777)
Information: Ungrouping hierarchy MAC_41_ac_float_cctor_assign_from_n32_31_22_2_AC_TRN_AC_WRAP_if_1_rshift_rg 'mgc_shift_r_v5_width_a22_signd_a1_width_s4_width_z22_53' #insts = 43. (OPT-777)
Information: Ungrouping hierarchy MAC_40_operator_22_2_true_AC_TRN_AC_WRAP_lshift_rg 'mgc_shift_l_v5_width_a22_signd_a0_width_s5_width_z22_24' #insts = 70. (OPT-777)
Information: Ungrouping hierarchy MAC_40_ac_float_cctor_assign_from_n32_31_22_2_AC_TRN_AC_WRAP_if_1_rshift_rg 'mgc_shift_r_v5_width_a22_signd_a1_width_s4_width_z22_54' #insts = 43. (OPT-777)
Information: Ungrouping hierarchy MAC_39_operator_22_2_true_AC_TRN_AC_WRAP_lshift_rg 'mgc_shift_l_v5_width_a22_signd_a0_width_s5_width_z22_25' #insts = 70. (OPT-777)
Information: Ungrouping hierarchy MAC_39_ac_float_cctor_assign_from_n32_31_22_2_AC_TRN_AC_WRAP_if_1_rshift_rg 'mgc_shift_r_v5_width_a22_signd_a1_width_s4_width_z22_55' #insts = 43. (OPT-777)
Information: Ungrouping hierarchy MAC_38_operator_22_2_true_AC_TRN_AC_WRAP_lshift_rg 'mgc_shift_l_v5_width_a22_signd_a0_width_s5_width_z22_26' #insts = 70. (OPT-777)
Information: Ungrouping hierarchy MAC_38_ac_float_cctor_assign_from_n32_31_22_2_AC_TRN_AC_WRAP_if_1_rshift_rg 'mgc_shift_r_v5_width_a22_signd_a1_width_s4_width_z22_56' #insts = 43. (OPT-777)
Information: Ungrouping hierarchy MAC_37_operator_22_2_true_AC_TRN_AC_WRAP_lshift_rg 'mgc_shift_l_v5_width_a22_signd_a0_width_s5_width_z22_27' #insts = 70. (OPT-777)
Information: Ungrouping hierarchy MAC_37_ac_float_cctor_assign_from_n32_31_22_2_AC_TRN_AC_WRAP_if_1_rshift_rg 'mgc_shift_r_v5_width_a22_signd_a1_width_s4_width_z22_57' #insts = 43. (OPT-777)
Information: Ungrouping hierarchy MAC_36_operator_22_2_true_AC_TRN_AC_WRAP_lshift_rg 'mgc_shift_l_v5_width_a22_signd_a0_width_s5_width_z22_28' #insts = 70. (OPT-777)
Information: Ungrouping hierarchy MAC_36_ac_float_cctor_assign_from_n32_31_22_2_AC_TRN_AC_WRAP_if_1_rshift_rg 'mgc_shift_r_v5_width_a22_signd_a1_width_s4_width_z22_58' #insts = 43. (OPT-777)
Information: Ungrouping hierarchy MAC_35_operator_22_2_true_AC_TRN_AC_WRAP_lshift_rg 'mgc_shift_l_v5_width_a22_signd_a0_width_s5_width_z22_29' #insts = 70. (OPT-777)
Information: Ungrouping hierarchy MAC_35_ac_float_cctor_assign_from_n32_31_22_2_AC_TRN_AC_WRAP_if_1_rshift_rg 'mgc_shift_r_v5_width_a22_signd_a1_width_s4_width_z22_59' #insts = 43. (OPT-777)
Information: Ungrouping hierarchy MAC_34_operator_22_2_true_AC_TRN_AC_WRAP_lshift_rg 'mgc_shift_l_v5_width_a22_signd_a0_width_s5_width_z22_30' #insts = 70. (OPT-777)
Information: Ungrouping hierarchy MAC_34_ac_float_cctor_assign_from_n32_31_22_2_AC_TRN_AC_WRAP_if_1_rshift_rg 'mgc_shift_r_v5_width_a22_signd_a1_width_s4_width_z22_60' #insts = 43. (OPT-777)
Information: Ungrouping hierarchy MAC_2_operator_22_2_true_AC_TRN_AC_WRAP_lshift_rg 'mgc_shift_l_v5_width_a22_signd_a0_width_s6_width_z22_31' #insts = 72. (OPT-777)
Information: Ungrouping hierarchy MAC_2_ac_float_cctor_assign_from_n32_31_22_2_AC_TRN_AC_WRAP_if_1_rshift_rg 'mgc_shift_r_v5_width_a22_signd_a1_width_s4_width_z22_61' #insts = 43. (OPT-777)
Information: Ungrouping hierarchy MAC_1_operator_22_2_true_AC_TRN_AC_WRAP_lshift_rg 'mgc_shift_l_v5_width_a22_signd_a0_width_s5_width_z22_31' #insts = 70. (OPT-777)
Information: Ungrouping hierarchy MAC_1_ac_float_cctor_assign_from_n32_31_22_2_AC_TRN_AC_WRAP_if_1_rshift_rg 'mgc_shift_r_v5_width_a22_signd_a1_width_s4_width_z22_62' #insts = 46. (OPT-777)
Information: Ungrouping hierarchy MAC_63_operator_13_2_true_AC_TRN_AC_WRAP_lshift_rg 'mgc_shift_l_v5_width_a13_signd_a0_width_s4_width_z13_1' #insts = 37. (OPT-777)
Information: Ungrouping hierarchy MAC_62_operator_13_2_true_AC_TRN_AC_WRAP_lshift_rg 'mgc_shift_l_v5_width_a13_signd_a0_width_s4_width_z13_2' #insts = 37. (OPT-777)
Information: Ungrouping hierarchy MAC_61_operator_13_2_true_AC_TRN_AC_WRAP_lshift_rg 'mgc_shift_l_v5_width_a13_signd_a0_width_s4_width_z13_3' #insts = 37. (OPT-777)
Information: Ungrouping hierarchy MAC_60_operator_13_2_true_AC_TRN_AC_WRAP_lshift_rg 'mgc_shift_l_v5_width_a13_signd_a0_width_s4_width_z13_4' #insts = 37. (OPT-777)
Information: Ungrouping hierarchy MAC_59_operator_13_2_true_AC_TRN_AC_WRAP_lshift_rg 'mgc_shift_l_v5_width_a13_signd_a0_width_s4_width_z13_5' #insts = 37. (OPT-777)
Information: Ungrouping hierarchy MAC_58_operator_13_2_true_AC_TRN_AC_WRAP_lshift_rg 'mgc_shift_l_v5_width_a13_signd_a0_width_s4_width_z13_6' #insts = 37. (OPT-777)
Information: Ungrouping hierarchy MAC_57_operator_13_2_true_AC_TRN_AC_WRAP_lshift_rg 'mgc_shift_l_v5_width_a13_signd_a0_width_s4_width_z13_7' #insts = 37. (OPT-777)
Information: Ungrouping hierarchy MAC_56_operator_13_2_true_AC_TRN_AC_WRAP_lshift_rg 'mgc_shift_l_v5_width_a13_signd_a0_width_s4_width_z13_8' #insts = 37. (OPT-777)
Information: Ungrouping hierarchy MAC_55_operator_13_2_true_AC_TRN_AC_WRAP_lshift_rg 'mgc_shift_l_v5_width_a13_signd_a0_width_s4_width_z13_9' #insts = 37. (OPT-777)
Information: Ungrouping hierarchy MAC_54_operator_13_2_true_AC_TRN_AC_WRAP_lshift_rg 'mgc_shift_l_v5_width_a13_signd_a0_width_s4_width_z13_10' #insts = 37. (OPT-777)
Information: Ungrouping hierarchy MAC_53_operator_13_2_true_AC_TRN_AC_WRAP_lshift_rg 'mgc_shift_l_v5_width_a13_signd_a0_width_s4_width_z13_11' #insts = 37. (OPT-777)
Information: Ungrouping hierarchy MAC_52_operator_13_2_true_AC_TRN_AC_WRAP_lshift_rg 'mgc_shift_l_v5_width_a13_signd_a0_width_s4_width_z13_12' #insts = 37. (OPT-777)
Information: Ungrouping hierarchy MAC_51_operator_13_2_true_AC_TRN_AC_WRAP_lshift_rg 'mgc_shift_l_v5_width_a13_signd_a0_width_s4_width_z13_13' #insts = 37. (OPT-777)
Information: Ungrouping hierarchy MAC_50_operator_13_2_true_AC_TRN_AC_WRAP_lshift_rg 'mgc_shift_l_v5_width_a13_signd_a0_width_s4_width_z13_14' #insts = 37. (OPT-777)
Information: Ungrouping hierarchy MAC_49_operator_13_2_true_AC_TRN_AC_WRAP_lshift_rg 'mgc_shift_l_v5_width_a13_signd_a0_width_s4_width_z13_15' #insts = 37. (OPT-777)
Information: Ungrouping hierarchy MAC_48_operator_13_2_true_AC_TRN_AC_WRAP_lshift_rg 'mgc_shift_l_v5_width_a13_signd_a0_width_s4_width_z13_16' #insts = 37. (OPT-777)
Information: Ungrouping hierarchy MAC_47_operator_13_2_true_AC_TRN_AC_WRAP_lshift_rg 'mgc_shift_l_v5_width_a13_signd_a0_width_s4_width_z13_17' #insts = 37. (OPT-777)
Information: Ungrouping hierarchy MAC_46_operator_13_2_true_AC_TRN_AC_WRAP_lshift_rg 'mgc_shift_l_v5_width_a13_signd_a0_width_s4_width_z13_18' #insts = 37. (OPT-777)
Information: Ungrouping hierarchy MAC_45_operator_13_2_true_AC_TRN_AC_WRAP_lshift_rg 'mgc_shift_l_v5_width_a13_signd_a0_width_s4_width_z13_19' #insts = 37. (OPT-777)
Information: Ungrouping hierarchy MAC_44_operator_13_2_true_AC_TRN_AC_WRAP_lshift_rg 'mgc_shift_l_v5_width_a13_signd_a0_width_s4_width_z13_20' #insts = 37. (OPT-777)
Information: Ungrouping hierarchy MAC_43_operator_13_2_true_AC_TRN_AC_WRAP_lshift_rg 'mgc_shift_l_v5_width_a13_signd_a0_width_s4_width_z13_21' #insts = 37. (OPT-777)
Information: Ungrouping hierarchy MAC_42_operator_13_2_true_AC_TRN_AC_WRAP_lshift_rg 'mgc_shift_l_v5_width_a13_signd_a0_width_s4_width_z13_22' #insts = 37. (OPT-777)
Information: Ungrouping hierarchy MAC_41_operator_13_2_true_AC_TRN_AC_WRAP_lshift_rg 'mgc_shift_l_v5_width_a13_signd_a0_width_s4_width_z13_23' #insts = 37. (OPT-777)
Information: Ungrouping hierarchy MAC_40_operator_13_2_true_AC_TRN_AC_WRAP_lshift_rg 'mgc_shift_l_v5_width_a13_signd_a0_width_s4_width_z13_24' #insts = 37. (OPT-777)
Information: Ungrouping hierarchy MAC_39_operator_13_2_true_AC_TRN_AC_WRAP_lshift_rg 'mgc_shift_l_v5_width_a13_signd_a0_width_s4_width_z13_25' #insts = 37. (OPT-777)
Information: Ungrouping hierarchy MAC_38_operator_13_2_true_AC_TRN_AC_WRAP_lshift_rg 'mgc_shift_l_v5_width_a13_signd_a0_width_s4_width_z13_26' #insts = 37. (OPT-777)
Information: Ungrouping hierarchy MAC_37_operator_13_2_true_AC_TRN_AC_WRAP_lshift_rg 'mgc_shift_l_v5_width_a13_signd_a0_width_s4_width_z13_27' #insts = 37. (OPT-777)
Information: Ungrouping hierarchy MAC_36_operator_13_2_true_AC_TRN_AC_WRAP_lshift_rg 'mgc_shift_l_v5_width_a13_signd_a0_width_s4_width_z13_28' #insts = 37. (OPT-777)
Information: Ungrouping hierarchy MAC_35_operator_13_2_true_AC_TRN_AC_WRAP_lshift_rg 'mgc_shift_l_v5_width_a13_signd_a0_width_s4_width_z13_29' #insts = 37. (OPT-777)
Information: Ungrouping hierarchy MAC_34_operator_13_2_true_AC_TRN_AC_WRAP_lshift_rg 'mgc_shift_l_v5_width_a13_signd_a0_width_s4_width_z13_30' #insts = 37. (OPT-777)
Information: Ungrouping hierarchy MAC_33_operator_13_2_true_AC_TRN_AC_WRAP_lshift_rg 'mgc_shift_l_v5_width_a13_signd_a0_width_s4_width_z13_31' #insts = 37. (OPT-777)
Information: Ungrouping hierarchy MAC_32_operator_13_2_true_AC_TRN_AC_WRAP_lshift_rg 'mgc_shift_l_v5_width_a13_signd_a0_width_s4_width_z13_32' #insts = 37. (OPT-777)
Information: Ungrouping hierarchy MAC_31_operator_13_2_true_AC_TRN_AC_WRAP_lshift_rg 'mgc_shift_l_v5_width_a13_signd_a0_width_s4_width_z13_33' #insts = 37. (OPT-777)
Information: Ungrouping hierarchy MAC_30_operator_13_2_true_AC_TRN_AC_WRAP_lshift_rg 'mgc_shift_l_v5_width_a13_signd_a0_width_s4_width_z13_34' #insts = 37. (OPT-777)
Information: Ungrouping hierarchy MAC_29_operator_13_2_true_AC_TRN_AC_WRAP_lshift_rg 'mgc_shift_l_v5_width_a13_signd_a0_width_s4_width_z13_35' #insts = 37. (OPT-777)
Information: Ungrouping hierarchy MAC_28_operator_13_2_true_AC_TRN_AC_WRAP_lshift_rg 'mgc_shift_l_v5_width_a13_signd_a0_width_s4_width_z13_36' #insts = 37. (OPT-777)
Information: Ungrouping hierarchy MAC_27_operator_13_2_true_AC_TRN_AC_WRAP_lshift_rg 'mgc_shift_l_v5_width_a13_signd_a0_width_s4_width_z13_37' #insts = 37. (OPT-777)
Information: Ungrouping hierarchy MAC_26_operator_13_2_true_AC_TRN_AC_WRAP_lshift_rg 'mgc_shift_l_v5_width_a13_signd_a0_width_s4_width_z13_38' #insts = 37. (OPT-777)
Information: Ungrouping hierarchy MAC_25_operator_13_2_true_AC_TRN_AC_WRAP_lshift_rg 'mgc_shift_l_v5_width_a13_signd_a0_width_s4_width_z13_39' #insts = 37. (OPT-777)
Information: Ungrouping hierarchy MAC_24_operator_13_2_true_AC_TRN_AC_WRAP_lshift_rg 'mgc_shift_l_v5_width_a13_signd_a0_width_s4_width_z13_40' #insts = 37. (OPT-777)
Information: Ungrouping hierarchy MAC_23_operator_13_2_true_AC_TRN_AC_WRAP_lshift_rg 'mgc_shift_l_v5_width_a13_signd_a0_width_s4_width_z13_41' #insts = 37. (OPT-777)
Information: Ungrouping hierarchy MAC_22_operator_13_2_true_AC_TRN_AC_WRAP_lshift_rg 'mgc_shift_l_v5_width_a13_signd_a0_width_s4_width_z13_42' #insts = 37. (OPT-777)
Information: Ungrouping hierarchy MAC_21_operator_13_2_true_AC_TRN_AC_WRAP_lshift_rg 'mgc_shift_l_v5_width_a13_signd_a0_width_s4_width_z13_43' #insts = 37. (OPT-777)
Information: Ungrouping hierarchy MAC_20_operator_13_2_true_AC_TRN_AC_WRAP_lshift_rg 'mgc_shift_l_v5_width_a13_signd_a0_width_s4_width_z13_44' #insts = 37. (OPT-777)
Information: Ungrouping hierarchy MAC_19_operator_13_2_true_AC_TRN_AC_WRAP_lshift_rg 'mgc_shift_l_v5_width_a13_signd_a0_width_s4_width_z13_45' #insts = 37. (OPT-777)
Information: Ungrouping hierarchy MAC_18_operator_13_2_true_AC_TRN_AC_WRAP_lshift_rg 'mgc_shift_l_v5_width_a13_signd_a0_width_s4_width_z13_46' #insts = 37. (OPT-777)
Information: Ungrouping hierarchy MAC_17_operator_13_2_true_AC_TRN_AC_WRAP_lshift_rg 'mgc_shift_l_v5_width_a13_signd_a0_width_s4_width_z13_47' #insts = 37. (OPT-777)
Information: Ungrouping hierarchy MAC_16_operator_13_2_true_AC_TRN_AC_WRAP_lshift_rg 'mgc_shift_l_v5_width_a13_signd_a0_width_s4_width_z13_48' #insts = 37. (OPT-777)
Information: Ungrouping hierarchy MAC_15_operator_13_2_true_AC_TRN_AC_WRAP_lshift_rg 'mgc_shift_l_v5_width_a13_signd_a0_width_s4_width_z13_49' #insts = 37. (OPT-777)
Information: Ungrouping hierarchy MAC_14_operator_13_2_true_AC_TRN_AC_WRAP_lshift_rg 'mgc_shift_l_v5_width_a13_signd_a0_width_s4_width_z13_50' #insts = 37. (OPT-777)
Information: Ungrouping hierarchy MAC_13_operator_13_2_true_AC_TRN_AC_WRAP_lshift_rg 'mgc_shift_l_v5_width_a13_signd_a0_width_s4_width_z13_51' #insts = 37. (OPT-777)
Information: Ungrouping hierarchy MAC_12_operator_13_2_true_AC_TRN_AC_WRAP_lshift_rg 'mgc_shift_l_v5_width_a13_signd_a0_width_s4_width_z13_52' #insts = 37. (OPT-777)
Information: Ungrouping hierarchy MAC_11_operator_13_2_true_AC_TRN_AC_WRAP_lshift_rg 'mgc_shift_l_v5_width_a13_signd_a0_width_s4_width_z13_53' #insts = 37. (OPT-777)
Information: Ungrouping hierarchy MAC_10_operator_13_2_true_AC_TRN_AC_WRAP_lshift_rg 'mgc_shift_l_v5_width_a13_signd_a0_width_s4_width_z13_54' #insts = 37. (OPT-777)
Information: Ungrouping hierarchy MAC_9_operator_13_2_true_AC_TRN_AC_WRAP_lshift_rg 'mgc_shift_l_v5_width_a13_signd_a0_width_s4_width_z13_55' #insts = 37. (OPT-777)
Information: Ungrouping hierarchy MAC_8_operator_13_2_true_AC_TRN_AC_WRAP_lshift_rg 'mgc_shift_l_v5_width_a13_signd_a0_width_s4_width_z13_56' #insts = 37. (OPT-777)
Information: Ungrouping hierarchy MAC_7_operator_13_2_true_AC_TRN_AC_WRAP_lshift_rg 'mgc_shift_l_v5_width_a13_signd_a0_width_s4_width_z13_57' #insts = 37. (OPT-777)
Information: Ungrouping hierarchy MAC_6_operator_13_2_true_AC_TRN_AC_WRAP_lshift_rg 'mgc_shift_l_v5_width_a13_signd_a0_width_s4_width_z13_58' #insts = 37. (OPT-777)
Information: Ungrouping hierarchy MAC_5_operator_13_2_true_AC_TRN_AC_WRAP_lshift_rg 'mgc_shift_l_v5_width_a13_signd_a0_width_s4_width_z13_59' #insts = 37. (OPT-777)
Information: Ungrouping hierarchy MAC_4_operator_13_2_true_AC_TRN_AC_WRAP_lshift_rg 'mgc_shift_l_v5_width_a13_signd_a0_width_s4_width_z13_60' #insts = 37. (OPT-777)
Information: Ungrouping hierarchy MAC_3_operator_13_2_true_AC_TRN_AC_WRAP_lshift_rg 'mgc_shift_l_v5_width_a13_signd_a0_width_s4_width_z13_61' #insts = 37. (OPT-777)
Information: Ungrouping hierarchy MAC_2_operator_13_2_true_AC_TRN_AC_WRAP_lshift_rg 'mgc_shift_l_v5_width_a13_signd_a0_width_s4_width_z13_62' #insts = 37. (OPT-777)
Information: Ungrouping hierarchy MAC_1_operator_13_2_true_AC_TRN_AC_WRAP_lshift_rg 'mgc_shift_l_v5_width_a13_signd_a0_width_s4_width_z13_63' #insts = 33. (OPT-777)
  Mapping Optimization (Phase 1)
  Mapping Optimization (Phase 2)
  Mapping Optimization (Phase 3)

Threshold voltage group cell usage:
>> saed32cell_lvt 100.00%

  Beginning Global Optimizations
  ------------------------------
  Global Optimization (Phase 1)
  Global Optimization (Phase 2)
  Global Optimization (Phase 3)
  Global Optimization (Phase 4)
  Global Optimization (Phase 5)
  Global Optimization (Phase 6)
  Global Optimization (Phase 7)
  Global Optimization (Phase 8)
  Global Optimization (Phase 9)
  Global Optimization (Phase 10)
  Global Optimization (Phase 11)
  Global Optimization (Phase 12)
  Global Optimization (Phase 13)
  Global Optimization (Phase 14)
  Global Optimization (Phase 15)
  Global Optimization (Phase 16)
  Global Optimization (Phase 17)
  Global Optimization (Phase 18)
  Global Optimization (Phase 19)
  Global Optimization (Phase 20)
  Global Optimization (Phase 21)
  Global Optimization (Phase 22)
  Global Optimization (Phase 23)
  Global Optimization (Phase 24)
  Global Optimization (Phase 25)
  Global Optimization (Phase 26)

Threshold voltage group cell usage:
>> saed32cell_lvt 100.00%

  Beginning Delay Optimization
  ----------------------------

                                  TOTAL                                                
   ELAPSED            WORST NEG   SETUP    DESIGN                              LEAKAGE 
    TIME      AREA      SLACK     COST    RULE COST         ENDPOINT            POWER  
  --------- --------- --------- --------- --------- ------------------------- ---------
    0:05:27  234422.2      1.59    4128.5   12774.1                           34701606912.0000
    0:05:28  234417.9      1.46    4003.3   12773.3                           34700214272.0000
    0:05:28  234417.9      1.46    4003.3   12773.3                           34700214272.0000
    0:08:14  241113.5      1.17    3709.5   12959.9                           35065171968.0000
    0:08:14  241113.5      1.17    3709.5   12959.9                           35065171968.0000
    0:08:44  243749.5      1.04    3476.1   10882.2                           35543339008.0000
    0:08:44  243749.5      1.04    3476.1   10882.2                           35543339008.0000
    0:08:51  239602.4      1.07    3478.0   10892.7                           35255865344.0000

Threshold voltage group cell usage:
>> saed32cell_lvt 100.00%
    0:09:44  239188.4      1.02    3337.4    6122.7                           35342413824.0000
Loading db file '/home/ajh9498/Documents/SALSA_HLS/FIR/syn/ref/DBs/saed32lvt_ss0p75v125c.db'
Warning: Design 'fir_core' contains 1 high-fanout nets. A fanout number of 1000 will be used for delay calculations involving these nets. (TIM-134)
     Net 'clk': 5583 load(s), 1 driver(s)
  Loading design 'fir_core'
Warning: Design 'fir_core' contains 1 high-fanout nets. A fanout number of 1000 will be used for delay calculations involving these nets. (TIM-134)
Information: The library cell 'PMT3_LVT' in the library 'saed32lvt_ss0p75v125c' is not characterized for internal power. (PWR-536)
Information: The library cell 'PMT2_LVT' in the library 'saed32lvt_ss0p75v125c' is not characterized for internal power. (PWR-536)
Information: The library cell 'PMT1_LVT' in the library 'saed32lvt_ss0p75v125c' is not characterized for internal power. (PWR-536)
Information: The library cell 'NMT3_LVT' in the library 'saed32lvt_ss0p75v125c' is not characterized for internal power. (PWR-536)
Information: The library cell 'NMT2_LVT' in the library 'saed32lvt_ss0p75v125c' is not characterized for internal power. (PWR-536)
Information: The library cell 'NMT1_LVT' in the library 'saed32lvt_ss0p75v125c' is not characterized for internal power. (PWR-536)
Information: The target library(s) contains cell(s), other than black boxes, that are not characterized for internal power. (PWR-24)
****************************************************************
Information: TLUPlus based RC computation is enabled. (RCEX-141)
****************************************************************
Information: The distance unit in Capacitance and Resistance is 1 micron. (RCEX-007)
Information: The RC model used is TLU+. (RCEX-015)
Information: Library Derived Cap for layer M1 : 0.16 0.16 (RCEX-011)
Information: Library Derived Res for layer M1 : 2e-06 2e-06 (RCEX-011)
Information: Library Derived Cap for layer M2 : 0.17 0.17 (RCEX-011)
Information: Library Derived Res for layer M2 : 1.8e-06 1.8e-06 (RCEX-011)
Information: Library Derived Cap for layer M3 : 0.11 0.11 (RCEX-011)
Information: Library Derived Res for layer M3 : 1.8e-06 1.8e-06 (RCEX-011)
Information: Library Derived Cap for layer M4 : 0.11 0.11 (RCEX-011)
Information: Library Derived Res for layer M4 : 1.8e-06 1.8e-06 (RCEX-011)
Information: Library Derived Cap for layer M5 : 0.094 0.094 (RCEX-011)
Information: Library Derived Res for layer M5 : 1.8e-06 1.8e-06 (RCEX-011)
Information: Library Derived Cap for layer M6 : 0.094 0.094 (RCEX-011)
Information: Library Derived Res for layer M6 : 1.8e-06 1.8e-06 (RCEX-011)
Information: Library Derived Cap for layer M7 : 0.092 0.092 (RCEX-011)
Information: Library Derived Res for layer M7 : 1.8e-06 1.8e-06 (RCEX-011)
Information: Library Derived Cap for layer M8 : 0.092 0.092 (RCEX-011)
Information: Library Derived Res for layer M8 : 1.8e-06 1.8e-06 (RCEX-011)
Information: Library Derived Cap for layer M9 : 0.11 0.11 (RCEX-011)
Information: Library Derived Res for layer M9 : 1.8e-06 1.8e-06 (RCEX-011)
Information: Library Derived Cap for layer MRDL : 0.11 0.11 (RCEX-011)
Information: Library Derived Res for layer MRDL : 1.8e-07 1.8e-07 (RCEX-011)
Information: Library Derived Horizontal Cap : 0.11 0.11 (RCEX-011)
Information: Library Derived Horizontal Res : 1.8e-06 1.8e-06 (RCEX-011)
Information: Library Derived Vertical Cap : 0.11 0.11 (RCEX-011)
Information: Library Derived Vertical Res : 1.5e-06 1.5e-06 (RCEX-011)
Information: Using derived R and C coefficients. (RCEX-008)
Information: Using region-based R and C coefficients. (RCEX-013)
Information: Library Derived Via Res : 4.6e-07 4.6e-07 (RCEX-011)

Running Main Compile placer.
Placing standard cells from scratch.
...14%...29%...43%...57%...71%...86%...100% done.
Running Main Compile placer - done.


 Collecting Buffer Trees ... Found 6227

 Processing Buffer Trees ... 

    [623]  10% ...
    [1246]  20% ...
    [1869]  30% ...
    [2492]  40% ...
    [3115]  50% ...
    [3738]  60% ...
    [4361]  70% ...
    [4984]  80% ...
    [5607]  90% ...
    [6227] 100% Done ...


Information: Automatic high-fanout synthesis deletes 3407 cells. (HFS-802)
Information: Automatic high-fanout synthesis adds 2694 new cells. (PSYN-864)


Threshold voltage group cell usage:
>> saed32cell_lvt 100.00%


  Beginning Timing Optimizations
  ------------------------------

                                  TOTAL                                                
   ELAPSED            WORST NEG   SETUP    DESIGN                              LEAKAGE 
    TIME      AREA      SLACK     COST    RULE COST         ENDPOINT            POWER  
  --------- --------- --------- --------- --------- ------------------------- ---------
    0:10:57  238548.5      2.70    6511.1  220459.0                           35460513792.0000
  Global Optimization (Phase 27)
  Global Optimization (Phase 28)
  Global Optimization (Phase 29)
  Global Optimization (Phase 30)
    0:11:00  238546.4      2.70    6511.1  220459.0                           35458957312.0000
    0:11:16  232376.8      2.09    5591.6  212373.1                           30488334336.0000


  Beginning Design Rule Fixing  (max_transition)  (max_capacitance)
  ------------------------------------
    0:11:38  247837.4      1.76    4799.2    1671.6                           35704799232.0000
    0:11:38  247837.4      1.76    4799.2    1671.6                           35704799232.0000
Info-lpmode: computing default table with library = lib8
    0:11:39  247837.4      1.76    4799.2    1671.6                           35704799232.0000
    0:11:43  247945.9      1.39    4639.8    2205.8                           35743277056.0000
    0:11:43  247945.9      1.39    4639.8    2205.8                           35743277056.0000
    0:12:07  250037.8      1.11    4089.5    4920.4                           36302766080.0000
    0:12:07  250037.8      1.11    4089.5    4920.4                           36302766080.0000
    0:12:08  250031.7      1.10    4086.1    4982.2                           36303613952.0000
    0:12:08  250031.7      1.10    4086.1    4982.2                           36303613952.0000
    0:12:49  252158.9      1.03    3854.6    7192.2                           36864929792.0000
    0:12:49  252158.9      1.03    3854.6    7192.2                           36864929792.0000
    0:12:56  252272.0      1.02    3856.7    7188.6                           36887281664.0000
    0:12:56  252272.0      1.02    3856.7    7188.6                           36887281664.0000
    0:13:16  252982.3      1.01    3843.5    7752.4                           37075316736.0000
    0:13:17  252982.3      1.01    3843.5    7752.4                           37075316736.0000
    0:13:18  252982.3      1.01    3843.5    7752.4                           37075054592.0000
    0:13:35  252839.5      1.00    3720.9    8163.3                           37142900736.0000
    0:14:25  253902.3      0.97    3707.3    8281.2                           37405659136.0000
    0:14:25  253902.3      0.97    3707.3    8281.2                           37405659136.0000
    0:14:41  244834.2      1.13    3739.4    7298.5                           34825912320.0000

Threshold voltage group cell usage:
>> saed32cell_lvt 100.00%


  Beginning High Effort Optimization Phase
  ----------------------------------------

Threshold voltage group cell usage:
>> saed32cell_lvt 100.00%


  Beginning Timing Optimization
  -----------------------------

                                  TOTAL                                                
   ELAPSED            WORST NEG   SETUP    DESIGN                              LEAKAGE 
    TIME      AREA      SLACK     COST    RULE COST         ENDPOINT            POWER  
  --------- --------- --------- --------- --------- ------------------------- ---------
    0:14:41  244834.2      1.13    3739.4    7298.5                           34825912320.0000
    0:14:41  244834.2      1.13    3739.4    7298.5                           34825912320.0000
    0:14:50  243902.0      1.12    3602.8    4054.5                           35299663872.0000
    0:14:51  243902.0      1.12    3602.8    4054.5                           35299663872.0000
    0:14:51  243902.5      1.12    3602.8    4054.5                           35300057088.0000
    0:14:51  243902.5      1.12    3602.8    4054.5                           35300057088.0000
    0:15:03  245067.0      0.96    3545.0    5339.4                           35514888192.0000

Threshold voltage group cell usage:
>> saed32cell_lvt 100.00%


  High Effort Optimization Phase Complete
  ---------------------------------------

Information: State dependent leakage is now switched from off to on.
Information: Propagating switching activity (low effort zero delay simulation). (PWR-6)
    0:15:11  245066.0      0.96    3545.1    5339.4                           33467994112.0000


Note: Symbol # after min delay cost means estimated hold TNS across all active scenarios 


  Optimization Complete
  ---------------------

Threshold voltage group cell usage:
>> saed32cell_lvt 100.00%
Loading db file '/home/ajh9498/Documents/SALSA_HLS/FIR/syn/ref/DBs/saed32lvt_ss0p75v125c.db'
1
report_area
 
****************************************
Report : area
Design : fir_core
Version: T-2022.03-SP5-5
Date   : Tue May 13 02:43:54 2025
****************************************

Information: Updating design information... (UID-85)
Warning: Design 'fir_core' contains 1 high-fanout nets. A fanout number of 1000 will be used for delay calculations involving these nets. (TIM-134)
Library(s) Used:

    saed32lvt_ss0p75v125c (File: /home/ajh9498/Documents/SALSA_HLS/FIR/syn/ref/DBs/saed32lvt_ss0p75v125c.db)

Number of ports:                         2600
Number of nets:                         91593
Number of cells:                        84733
Number of combinational cells:          78768
Number of sequential cells:              5583
Number of macros/black boxes:               0
Number of buf/inv:                      17341
Number of references:                      76

Combinational area:             206288.939431
Buf/Inv area:                    30184.937299
Noncombinational area:           38777.038235
Macro/Black Box area:                0.000000
Net Interconnect area:      undefined  (Wire load has zero net area)

Total cell area:                245065.977666
Total area:                 undefined
1
report_power
Information: Propagating switching activity (low effort zero delay simulation). (PWR-6)
Warning: Design has unannotated primary inputs. (PWR-414)
Warning: Design has unannotated sequential cell outputs. (PWR-415)
 
****************************************
Report : power
        -analysis_effort low
Design : fir_core
Version: T-2022.03-SP5-5
Date   : Tue May 13 02:44:07 2025
****************************************


Library(s) Used:

    saed32lvt_ss0p75v125c (File: /home/ajh9498/Documents/SALSA_HLS/FIR/syn/ref/DBs/saed32lvt_ss0p75v125c.db)


Operating Conditions: ss0p75v125c   Library: saed32lvt_ss0p75v125c
Wire Load Model Mode: Inactive.


Global Operating Voltage = 0.75 
Power-specific unit information :
    Voltage Units = 1V
    Capacitance Units = 1.000000ff
    Time Units = 1ns
    Dynamic Power Units = 1uW    (derived from V,C,T units)
    Leakage Power Units = 1pW


Attributes
----------
i - Including register clock pin internal power

Warning: Cannot report correlated power unless power prediction mode is set. (PWR-727)
Power Breakdown
---------------

                             Cell        Driven Net  Tot Dynamic      Cell
                             Internal    Switching   Power (uW)       Leakage
Cell                         Power (uW)  Power (uW)  (% Cell/Tot)     Power (pW)
--------------------------------------------------------------------------------
Netlist Power                3.029e+04   6.017e+03   3.631e+04 (83%)  3.345e+10
Estimated Clock Tree Power   N/A         N/A         N/A (N/A)        N/A
--------------------------------------------------------------------------------

                 Internal         Switching           Leakage            Total
Power Group      Power            Power               Power              Power   (   %    )  Attrs
--------------------------------------------------------------------------------------------------
io_pad             0.0000            0.0000            0.0000            0.0000  (   0.00%)
memory             0.0000            0.0000            0.0000            0.0000  (   0.00%)
black_box          0.0000            0.0000            0.0000            0.0000  (   0.00%)
clock_network  1.9265e+04            0.0000            0.0000        1.9265e+04  (  27.62%)  i
register       2.0609e+03          297.1465        8.5003e+09        1.0859e+04  (  15.57%)
sequential         0.0000            0.0000            0.0000            0.0000  (   0.00%)
combinational  8.9625e+03        5.7198e+03        2.4954e+10        3.9636e+04  (  56.82%)
--------------------------------------------------------------------------------------------------
Total          3.0288e+04 uW     6.0169e+03 uW     3.3454e+10 pW     6.9760e+04 uW
1
exit

Memory usage for this session 845 Mbytes.
Memory usage for this session including child processes 845 Mbytes.
CPU usage for this session 975 seconds ( 0.27 hours ).
Elapsed time for this session 1014 seconds ( 0.28 hours ).

Thank you...
